# OBJ file generated by OpenCV reconstruction demo
# Number of 3D points: 13788
# Number of cameras: 69
# Scene points saved: yes
# Loop closure: Frame 0 <-> Frame 66 (colored green)

# 3D points (white)
v -13.7942 -2.59113 40.2522 1 1 1
v -13.6461 -1.71577 40.738 1 1 1
v -13.7858 -2.43256 41.8443 1 1 1
v -13.5051 -2.17329 41.0224 1 1 1
v -13.7348 -2.3216 41.8772 1 1 1
v -13.5514 -2.43964 41.7481 1 1 1
v -13.4362 -2.58311 41.8695 1 1 1
v -13.7187 -3.51287 42.753 1 1 1
v -13.163 -3.2766 41.4466 1 1 1
v -13.2084 -2.30223 42.2435 1 1 1
v -11.7272 1.15081 37.6269 1 1 1
v -13.16 -2.49085 42.8918 1 1 1
v -11.9506 1.09767 39.2198 1 1 1
v -12.8732 -3.16919 42.4062 1 1 1
v -12.7492 -2.58404 42.6934 1 1 1
v -12.7478 -2.47906 42.7586 1 1 1
v -12.6906 -2.71461 42.7552 1 1 1
v -12.3091 -2.79913 41.5111 1 1 1
v -12.3091 -2.79913 41.5111 1 1 1
v -12.1982 -2.58303 41.6242 1 1 1
v -12.5747 -2.77146 43.6147 1 1 1
v -12.0591 -2.32274 43.248 1 1 1
v -10.1501 -1.58645 42.3795 1 1 1
v -6.53558 -0.173479 29.158 1 1 1
v -9.63607 -0.618836 43.9987 1 1 1
v -5.22011 -13.217 24.7889 1 1 1
v -5.22011 -13.217 24.7889 1 1 1
v -4.89463 -13.1271 24.6376 1 1 1
v -6.48315 19.7335 35.1389 1 1 1
v -6.52926 15.5645 35.3882 1 1 1
v -5.19186 12.6049 34.0442 1 1 1
v -4.53069 5.96047 30.4093 1 1 1
v -4.83274 14.905 32.6956 1 1 1
v -4.91993 12.142 33.5313 1 1 1
v -4.43439 6.34408 30.6051 1 1 1
v -4.43439 6.34408 30.6051 1 1 1
v -3.86159 -2.355 27.7957 1 1 1
v -4.32027 5.49169 31.1614 1 1 1
v -3.6692 -2.47399 27.4101 1 1 1
v -3.6692 -2.47399 27.4101 1 1 1
v -4.47722 12.2088 33.4673 1 1 1
v -4.68486 21.3193 35.0212 1 1 1
v -4.00331 5.74496 30.1195 1 1 1
v -3.62573 3.21394 27.3877 1 1 1
v -3.57457 -5.03677 27.242 1 1 1
v -3.50403 -4.41876 27.2196 1 1 1
v -3.50403 -4.41876 27.2196 1 1 1
v -3.93288 7.72797 30.5895 1 1 1
v -3.99515 6.91164 31.2421 1 1 1
v -3.5522 -2.41618 27.9445 1 1 1
v -3.5522 -2.41618 27.9445 1 1 1
v -3.3987 -2.77838 26.8184 1 1 1
v -3.65152 5.18895 28.844 1 1 1
v -3.68702 5.24826 29.3377 1 1 1
v -3.62073 5.89001 29.8685 1 1 1
v -3.77335 7.86702 32.1469 1 1 1
v -3.59266 7.18011 31.0144 1 1 1
v -3.65558 7.07303 31.5775 1 1 1
v -3.33101 5.96187 29.9053 1 1 1
v -3.83731 12.193 35.6236 1 1 1
v -3.55151 22.4091 33.3501 1 1 1
v -3.60339 11.9217 33.951 1 1 1
v -2.55707 -5.31702 25.4903 1 1 1
v -2.44565 -5.0867 25.3285 1 1 1
v -2.51808 -2.20866 26.2849 1 1 1
v -2.71234 6.15032 29.1253 1 1 1
v -2.72749 7.2746 29.4767 1 1 1
v -2.70178 7.1406 29.4121 1 1 1
v -2.42763 3.49315 26.7984 1 1 1
v -2.48978 6.08068 27.9157 1 1 1
v -2.21967 -5.83657 25.8981 1 1 1
v -2.22903 2.01651 26.0724 1 1 1
v -2.03054 2.07443 25.021 1 1 1
v -2.2711 7.90203 29.7434 1 1 1
v -2.2711 7.90203 29.7434 1 1 1
v -1.79528 -5.9426 26.907 1 1 1
v -1.71791 8.69362 30.8246 1 1 1
v -1.98896 19.0582 35.7449 1 1 1
v -1.7346 12.223 32.5398 1 1 1
v -1.55336 12.5062 32.5249 1 1 1
v -1.58327 12.9392 33.4694 1 1 1
v -1.55102 12.7241 33.5511 1 1 1
v -1.03358 5.7684 27.3171 1 1 1
v -1.18791 13.4535 33.1424 1 1 1
v -1.27144 20.0896 36.5284 1 1 1
v -1.04929 13.3464 32.9241 1 1 1
v -1.04929 13.3464 32.9241 1 1 1
v -0.974463 12.1941 32.006 1 1 1
v -0.963172 13.4507 33.024 1 1 1
v -0.652303 -4.17621 25.375 1 1 1
v -0.869215 19.9406 36.2974 1 1 1
v -0.558291 -4.19375 25.3256 1 1 1
v -0.548898 -4.19155 25.0753 1 1 1
v -0.29328 -4.82844 23.9845 1 1 1
v 0.0423769 12.5704 45.1739 1 1 1
v 0.11927 -5.43635 20.7003 1 1 1
v 0.244662 20.9072 36.0819 1 1 1
v 0.389269 13.4228 32.888 1 1 1
v 0.96253 20.397 35.9205 1 1 1
v 0.691302 12.9304 31.5839 1 1 1
v 1.02335 13.5188 33.0219 1 1 1
v 1.10296 14.3714 33.9525 1 1 1
v 1.17242 -7.21286 35.8669 1 1 1
v 1.29348 20.4108 35.6897 1 1 1
v 1.33813 13.7669 32.4889 1 1 1
v 1.47267 13.9569 32.6905 1 1 1
v 1.29805 2.98849 26.3902 1 1 1
v 1.68979 12.0704 31.1106 1 1 1
v 1.71602 12.6219 31.0117 1 1 1
v 2.06596 20.7999 36.4294 1 1 1
v 2.22126 22.0354 38.2003 1 1 1
v 2.14625 21.095 36.7095 1 1 1
v 1.78047 11.7728 30.5242 1 1 1
v 1.96065 12.5956 31.3887 1 1 1
v 2.43232 21.6012 37.78 1 1 1
v 1.89024 6.39659 27.3416 1 1 1
v 2.02216 7.33913 28.3149 1 1 1
v 1.95509 6.25981 27.2643 1 1 1
v 2.07771 7.46296 28.835 1 1 1
v 1.95548 8.08747 26.6455 1 1 1
v 1.81704 -4.15967 24.187 1 1 1
v 1.82515 -4.17243 24.2557 1 1 1
v 2.1641 7.90527 28.3702 1 1 1
v 2.17892 7.93984 28.5029 1 1 1
v 2.81094 21.3094 35.2657 1 1 1
v 2.01713 -4.43673 24.8975 1 1 1
v 2.34224 3.29884 26.9843 1 1 1
v 2.67475 8.17683 28.3596 1 1 1
v 2.72441 8.26932 28.8259 1 1 1
v 2.62174 6.68093 27.4225 1 1 1
v 2.41046 -4.29184 24.5577 1 1 1
v 4.42415 -24.0702 42.5838 1 1 1
v 4.42415 -24.0702 42.5838 1 1 1
v 3.02057 7.89101 27.7553 1 1 1
v 3.21367 8.75359 29.4281 1 1 1
v 3.20928 8.68446 29.3285 1 1 1
v 3.14692 7.88284 27.7797 1 1 1
v 3.27744 8.26172 28.5844 1 1 1
v 3.26527 7.26324 28.3354 1 1 1
v 3.34582 7.52421 28.2569 1 1 1
v 3.39186 7.61039 27.7283 1 1 1
v 4.65269 20.0322 36.9817 1 1 1
v 5.77192 -23.0909 44.6588 1 1 1
v 3.82196 7.16212 29.1055 1 1 1
v 4.43869 22.2738 33.2319 1 1 1
v 6.00853 -22.7325 44.4343 1 1 1
v 3.90428 7.35164 28.7626 1 1 1
v 3.88078 6.92997 28.4017 1 1 1
v 4.8695 19.6169 35.2774 1 1 1
v 5.24687 11.5785 37.7339 1 1 1
v 3.83508 7.02817 27.6928 1 1 1
v 3.86259 6.85686 27.7059 1 1 1
v 4.95975 20.6285 35.2071 1 1 1
v 4.64489 17.529 32.2704 1 1 1
v 4.78389 13.9068 32.9895 1 1 1
v 6.71785 -24.5674 44.7471 1 1 1
v 6.71785 -24.5674 44.7471 1 1 1
v 4.06855 4.99137 26.9399 1 1 1
v 4.2824 7.69003 28.1112 1 1 1
v 4.30767 7.8661 28.2754 1 1 1
v 6.82431 -23.2601 44.6073 1 1 1
v 6.66084 -22.7676 43.5141 1 1 1
v 5.01751 13.6204 31.8816 1 1 1
v 4.36185 5.44328 27.4295 1 1 1
v 4.6217 6.93903 28.5946 1 1 1
v 4.6217 6.93903 28.5946 1 1 1
v 5.08736 13.1535 31.3893 1 1 1
v 4.90687 16.6456 30.2704 1 1 1
v 5.15601 14.2627 31.7452 1 1 1
v 7.48086 -24.6165 44.8374 1 1 1
v 7.51395 -22.5432 44.9919 1 1 1
v 5.32121 14.2259 31.4046 1 1 1
v 4.87231 8.59229 28.7077 1 1 1
v 6.67586 19.3536 38.5369 1 1 1
v 4.89564 2.19406 27.7985 1 1 1
v 5.08446 7.27082 28.8415 1 1 1
v 7.89753 -22.2004 44.3109 1 1 1
v 5.53631 12.4798 30.8712 1 1 1
v 4.82812 0.670834 26.589 1 1 1
v 5.23362 8.40966 28.8727 1 1 1
v 5.47429 6.81432 29.8134 1 1 1
v 5.22266 3.10055 27.6396 1 1 1
v 5.11297 3.26565 27.2538 1 1 1
v 4.91395 -4.38905 25.698 1 1 1
v 6.87507 10.57 34.4559 1 1 1
v 5.4371 0.268643 27.0288 1 1 1
v 7.57482 11.6488 37.1226 1 1 1
v 5.50976 -0.268077 27.0027 1 1 1
v 5.5033 -0.202436 26.7662 1 1 1
v 7.04099 16.5093 34.1168 1 1 1
v 5.95128 0.754213 28.4828 1 1 1
v 7.79537 11.7084 36.4193 1 1 1
v 6.64307 3.17619 29.0379 1 1 1
v 6.67897 3.18889 29.1742 1 1 1
v 6.79374 3.60096 29.5306 1 1 1
v 8.97145 13.9941 38.6758 1 1 1
v 6.81096 2.97325 28.808 1 1 1
v 11.4763 -10.4521 47.8012 1 1 1
v 9.70273 15.1488 39.926 1 1 1
v 10.1765 15.9895 40.0906 1 1 1
v 11.5806 14.965 40.5492 1 1 1
v 12.1984 16.1126 39.4042 1 1 1
v 14.6493 12.9971 42.2792 1 1 1
v -12.3236 -5.69059 35.2433 1 1 1
v -13.1046 -1.11538 36.9673 1 1 1
v -16.9167 17.7673 45.5139 1 1 1
v -12.5503 -2.95845 35.7824 1 1 1
v -12.7426 -3.304 36.5323 1 1 1
v -13.6946 -3.18257 39.8642 1 1 1
v -13.7276 -2.72353 40.4208 1 1 1
v -1.67901 1.42589 1.68974 1 1 1
v -13.9664 -3.03181 41.7882 1 1 1
v -12.7859 21.0857 33.9836 1 1 1
v -1.67744 1.42693 1.69248 1 1 1
v -14.3789 -2.00586 43.0893 1 1 1
v -13.9884 -2.63973 42.0839 1 1 1
v -13.9704 -2.50493 42.1745 1 1 1
v -13.9741 -2.19761 42.5533 1 1 1
v -13.8145 -2.08842 42.5663 1 1 1
v -13.1716 -2.43353 43.3619 1 1 1
v -12.3268 1.39231 39.9274 1 1 1
v -18.2495 -21.2618 65.5154 1 1 1
v -18.2495 -21.2618 65.5154 1 1 1
v -11.133 23.5803 32.0756 1 1 1
v -11.2026 23.7667 32.2934 1 1 1
v -11.133 23.5803 32.0756 1 1 1
v -13.7688 -3.71886 46.8914 1 1 1
v -11.7736 0.716606 40.7806 1 1 1
v -11.5455 19.3187 36.3551 1 1 1
v -18.2259 -11.5118 68.478 1 1 1
v -12.2336 12.7072 43.1326 1 1 1
v -12.1443 12.8327 43.0388 1 1 1
v -13.3016 -30.2915 57.617 1 1 1
v -13.3016 -30.2915 57.617 1 1 1
v -12.0661 12.9788 44.0716 1 1 1
v -12.0661 12.9788 44.0716 1 1 1
v -11.0934 -2.1971 43.2834 1 1 1
v -13.6773 -28.2008 60.1876 1 1 1
v -12.8046 -31.0764 57.3421 1 1 1
v -13.7398 -27.515 60.6669 1 1 1
v -13.7398 -27.515 60.6669 1 1 1
v -12.8483 -30.5677 57.8281 1 1 1
v -12.8483 -30.5677 57.8281 1 1 1
v -13.026 -28.1693 60.1596 1 1 1
v -13.026 -28.1693 60.1596 1 1 1
v -13.1094 -27.7052 60.8473 1 1 1
v -13.1094 -27.7052 60.8473 1 1 1
v -12.0896 -31.1692 57.1324 1 1 1
v -12.0896 -31.1692 57.1324 1 1 1
v -11.1808 12.6663 44.3184 1 1 1
v -12.3351 -27.3906 60.5112 1 1 1
v -6.57057 -16.2363 30.6168 1 1 1
v -6.57057 -16.2363 30.6168 1 1 1
v -14.32 -8.70894 66.8226 1 1 1
v -6.61831 -14.4326 31.7221 1 1 1
v -9.79249 -0.425521 44.4684 1 1 1
v -9.09385 19.1867 37.0638 1 1 1
v -9.09385 19.1867 37.0638 1 1 1
v -10.8921 -27.9839 59.894 1 1 1
v -5.79642 -16.439 30.2284 1 1 1
v -5.79248 -16.0736 30.3484 1 1 1
v -9.1703 -25.483 51.3906 1 1 1
v -9.1703 -25.483 51.3906 1 1 1
v -10.1859 -27.9424 59.875 1 1 1
v -10.1859 -27.9424 59.875 1 1 1
v -5.81325 -14.1955 31.2843 1 1 1
v -5.81325 -14.1955 31.2843 1 1 1
v -12.4717 -9.73024 68.5651 1 1 1
v -9.48948 -27.9634 59.9488 1 1 1
v -9.48948 -27.9634 59.9488 1 1 1
v -5.45476 -13.825 31.3358 1 1 1
v -9.55084 -27.2435 60.6385 1 1 1
v -9.55084 -27.2435 60.6385 1 1 1
v -7.5965 21.7415 34.1667 1 1 1
v -8.70357 -31.3679 57.8508 1 1 1
v -8.70357 -31.3679 57.8508 1 1 1
v -8.72092 -30.7944 58.3187 1 1 1
v -8.72092 -30.7944 58.3187 1 1 1
v -6.77618 10.4377 34.2539 1 1 1
v -7.68259 -1.15367 45.7655 1 1 1
v -6.81618 16.6547 35.5749 1 1 1
v -8.05469 -27.9832 60.1975 1 1 1
v -8.05469 -27.9832 60.1975 1 1 1
v -7.41313 -31.0119 57.7551 1 1 1
v -6.02241 13.672 32.5394 1 1 1
v -6.78978 20.3739 36.3952 1 1 1
v -6.7613 20.3601 36.3191 1 1 1
v -7.20811 -29.1107 58.7384 1 1 1
v -7.43703 -27.2369 60.2274 1 1 1
v -5.93638 14.5205 33.0653 1 1 1
v -6.48789 20.5557 35.5335 1 1 1
v -6.27818 20.2718 35.7499 1 1 1
v -7.46178 7.56772 50.7283 1 1 1
v -6.12212 19.591 35.7337 1 1 1
v -5.89679 21.7809 34.0516 1 1 1
v -5.43034 15.118 33.8969 1 1 1
v -4.59319 6.36622 31.0567 1 1 1
v -5.11579 13.7328 33.5941 1 1 1
v -5.11579 13.7328 33.5941 1 1 1
v -4.48727 6.27285 30.922 1 1 1
v -5.15424 15.0537 33.6334 1 1 1
v -3.7617 -2.21419 27.9812 1 1 1
v -5.22495 15.7568 34.5031 1 1 1
v -3.33562 -4.5175 25.9125 1 1 1
v -3.61653 -2.75464 28.0226 1 1 1
v -3.61777 -2.75562 28.0522 1 1 1
v -5.30825 20.1355 36.263 1 1 1
v -4.05697 4.75229 30.3952 1 1 1
v -3.34304 -4.95644 27.7406 1 1 1
v -4.58577 13.4782 32.8561 1 1 1
v -3.78873 3.55066 28.9747 1 1 1
v -4.57482 12.9109 33.5345 1 1 1
v -3.68489 3.27751 29.0138 1 1 1
v -4.35792 12.4679 34.0039 1 1 1
v -4.21275 14.2655 32.4565 1 1 1
v -4.67003 21.242 34.8687 1 1 1
v -3.51202 5.91592 29.9178 1 1 1
v -3.67117 -31.0448 58.877 1 1 1
v -3.6404 -29.1347 56.0889 1 1 1
v -3.81751 14.1778 31.9287 1 1 1
v -2.94047 3.83924 25.8325 1 1 1
v -2.57559 -5.59421 26.8325 1 1 1
v -3.87378 12.1549 34.9693 1 1 1
v -4.319 18.1332 38.2296 1 1 1
v -2.4775 -5.2871 26.2817 1 1 1
v -4.25358 19.2079 37.2945 1 1 1
v -4.08661 23.1427 33.5347 1 1 1
v -3.89511 17.0798 36.4126 1 1 1
v -2.43042 -2.15447 26.8497 1 1 1
v -2.9769 -28.9748 58.8545 1 1 1
v -2.21009 -5.27033 26.2383 1 1 1
v -2.72337 6.26031 29.2869 1 1 1
v -3.64219 24.2105 32.0349 1 1 1
v -2.67996 6.48302 28.8225 1 1 1
v -2.03848 -5.75148 26.8272 1 1 1
v -2.36191 1.98304 26.7601 1 1 1
v -2.72798 7.37896 29.7821 1 1 1
v -2.42389 3.63504 27.106 1 1 1
v -3.54534 18.4136 38.1155 1 1 1
v -3.60373 19.4009 38.4039 1 1 1
v -2.65334 7.52333 29.8341 1 1 1
v -2.65334 7.52333 29.8341 1 1 1
v -1.89393 -5.34597 26.0086 1 1 1
v -3.12546 19.5074 37.0145 1 1 1
v -1.60742 -30.5409 57.4226 1 1 1
v -1.71002 -6.51613 29.8198 1 1 1
v -1.68887 -28.8114 57.1207 1 1 1
v -2.96908 14.3961 41.0616 1 1 1
v -1.50231 -27.9835 58.7822 1 1 1
v -2.22994 7.89553 30.0246 1 1 1
v -1.46937 -27.9387 58.8273 1 1 1
v -1.33445 -28.7424 57.6645 1 1 1
v -1.22615 -28.7451 58.612 1 1 1
v -0.996234 -28.8058 57.8521 1 1 1
v -0.895069 -30.119 56.4088 1 1 1
v -0.918131 -30.225 56.8619 1 1 1
v -0.94504 -28.5247 57.5775 1 1 1
v -2.46921 14.2356 41.4463 1 1 1
v -0.905897 -28.7947 57.0682 1 1 1
v -1.93245 7.94891 30.6308 1 1 1
v -0.741596 -29.6242 56.2025 1 1 1
v -0.597027 -31.0868 56.3206 1 1 1
v -2.48401 19.5472 37.0849 1 1 1
v -0.696724 -27.9993 56.4641 1 1 1
v -0.576831 -29.64 57.0722 1 1 1
v -0.48691 -31.3486 56.7852 1 1 1
v -1.73471 7.87341 29.5807 1 1 1
v -1.73471 7.87341 29.5807 1 1 1
v -0.418217 -27.4496 58.7593 1 1 1
v -0.538034 -26.9307 57.8501 1 1 1
v -0.149933 -32.5657 57.5223 1 1 1
v -2.16449 18.9155 37.6113 1 1 1
v -0.911618 -5.86143 26.967 1 1 1
v -0.982044 -1.92667 7.89995 1 1 1
v -1.28093 6.80549 27.7452 1 1 1
v -0.717238 -4.38469 24.862 1 1 1
v -1.23442 8.5712 31.3398 1 1 1
v -1.13192 12.9575 32.693 1 1 1
v -0.871408 13.1232 32.6454 1 1 1
v -0.555845 3.42595 27.8351 1 1 1
v -0.555845 3.42595 27.8351 1 1 1
v 0.354358 -6.70766 25.568 1 1 1
v 2.62983 -22.7024 52.3906 1 1 1
v 2.60226 -23.3022 49.6441 1 1 1
v 0.244326 9.10779 29.3409 1 1 1
v 0.278545 14.6073 31.5865 1 1 1
v 3.07362 -23.6676 51.4444 1 1 1
v 3.1712 -24.2071 52.5179 1 1 1
v 2.93661 -23.8055 48.2514 1 1 1
v 3.1802 -24.5188 48.0113 1 1 1
v 3.27758 -24.9222 48.8312 1 1 1
v 3.36676 -25.2234 48.4929 1 1 1
v 3.36676 -25.2234 48.4929 1 1 1
v 3.34211 -20.2013 50.4366 1 1 1
v 3.35398 -29.602 45.4464 1 1 1
v 3.40533 -22.4854 50.3067 1 1 1
v 3.42212 -22.5617 50.3661 1 1 1
v 3.43323 -29.7547 46.1477 1 1 1
v 3.35543 -22.711 49.1355 1 1 1
v 3.4582 -20.935 50.1402 1 1 1
v 3.4991 -23.3375 49.5403 1 1 1
v 1.21785 -6.91178 26.9026 1 1 1
v 3.51357 -27.9087 46.2317 1 1 1
v 3.60853 -25.1837 47.9589 1 1 1
v 3.62682 -25.2804 48.1878 1 1 1
v 3.49716 -19.7735 49.1926 1 1 1
v 3.49716 -19.7735 49.1926 1 1 1
v 3.46061 -28.5552 44.0535 1 1 1
v 0.907623 6.27743 28.4758 1 1 1
v 1.86837 12.8247 44.2527 1 1 1
v 3.63765 -29.1081 45.208 1 1 1
v 3.63765 -29.1081 45.208 1 1 1
v 3.52576 -21.9681 48.5751 1 1 1
v 4.25297 -19.0378 57.7115 1 1 1
v 3.86017 -25.0893 48.3807 1 1 1
v 3.77655 -29.4008 45.1859 1 1 1
v 3.77344 -29.4133 45.2851 1 1 1
v 0.961515 20.9761 35.226 1 1 1
v 3.68944 -16.847 49.9187 1 1 1
v 3.71789 -16.9622 49.7514 1 1 1
v 3.49666 -20.3346 44.9629 1 1 1
v 3.90519 -28.1663 45.8846 1 1 1
v 3.83822 -19.5508 48.9915 1 1 1
v 3.95078 -20.0262 49.7498 1 1 1
v 4.09141 -22.9846 49.9911 1 1 1
v 4.09141 -22.9846 49.9911 1 1 1
v 4.06324 -22.8371 49.3508 1 1 1
v 3.97569 -26.5742 46.3005 1 1 1
v 4.02393 -26.6993 46.2976 1 1 1
v 4.06165 -29.7736 44.9242 1 1 1
v 4.10328 -22.2625 48.8484 1 1 1
v 4.19057 -29.9871 45.5781 1 1 1
v 4.23653 -19.4404 49.027 1 1 1
v 4.24264 -27.3469 45.969 1 1 1
v 4.18802 -19.653 48.5394 1 1 1
v 4.26141 -29.3892 44.932 1 1 1
v 4.29939 -23.2184 47.8391 1 1 1
v 4.29939 -23.2184 47.8391 1 1 1
v 5.09233 -13.0649 60.4928 1 1 1
v 4.30993 -27.5968 45.3543 1 1 1
v 4.56543 -22.8905 48.9149 1 1 1
v 4.39415 -27.1162 45.3236 1 1 1
v 4.36863 -16.0995 49.4216 1 1 1
v 1.47843 -3.42287 24.431 1 1 1
v 4.58228 -27.7427 46.4865 1 1 1
v 1.46838 -5.72603 22.913 1 1 1
v 4.59644 -28.9015 45.1865 1 1 1
v 4.53523 -16.0801 49.336 1 1 1
v 4.63103 -16.0942 50.0977 1 1 1
v 4.64766 -25.5277 46.6568 1 1 1
v 4.63521 -25.481 46.4699 1 1 1
v 4.67151 -17.1137 49.0143 1 1 1
v 4.61866 -16.9295 48.9541 1 1 1
v 4.84303 -14.3276 51.741 1 1 1
v 4.67563 -15.9829 49.401 1 1 1
v 4.74034 -19.0024 48.7285 1 1 1
v 4.67022 -19.0828 47.5097 1 1 1
v 4.65373 -19.0364 47.4175 1 1 1
v 4.92065 -14.1766 51.7499 1 1 1
v 4.83698 -27.0724 45.9457 1 1 1
v 5.02627 -14.4555 52.1174 1 1 1
v 4.96458 -14.2549 51.7406 1 1 1
v 4.87061 -27.3101 45.6333 1 1 1
v 4.82967 -17.7187 49.1031 1 1 1
v 4.82967 -17.7187 49.1031 1 1 1
v 1.761 11.6401 30.5576 1 1 1
v 4.90961 -17.2468 49.1089 1 1 1
v 4.8344 -14.0507 50.3651 1 1 1
v 4.62979 -17.3084 47.5586 1 1 1
v 4.86902 -13.842 50.4493 1 1 1
v 4.63296 -22.9298 44.9896 1 1 1
v 5.00223 -29.3469 44.924 1 1 1
v 5.02397 -27.0425 45.7257 1 1 1
v 5.00262 -26.1119 45.611 1 1 1
v 4.98324 -26.1389 45.3601 1 1 1
v 4.83523 -17.1995 47.8699 1 1 1
v 2.20823 19.8133 36.2845 1 1 1
v 2.20823 19.8133 36.2845 1 1 1
v 1.94838 -4.25924 25.3492 1 1 1
v 4.99447 -21.5448 46.9647 1 1 1
v 5.06255 -16.1721 49.0151 1 1 1
v 5.17945 -17.0869 49.5051 1 1 1
v 4.9399 -17.6509 47.4951 1 1 1
v 4.95982 -17.318 47.6144 1 1 1
v 1.93582 -3.75998 24.846 1 1 1
v 5.23013 -25.9367 45.6447 1 1 1
v 5.35094 -16.7157 49.3131 1 1 1
v 5.29334 -26.6124 45.632 1 1 1
v 5.26704 -27.1565 45.1707 1 1 1
v 5.02787 -20.2032 46.0137 1 1 1
v 5.30362 -26.9357 45.1981 1 1 1
v 2.06203 7.85738 28.8384 1 1 1
v 5.58477 -15.9627 50.5832 1 1 1
v 5.37678 -26.3159 45.7056 1 1 1
v 5.30971 -25.7085 44.7375 1 1 1
v 5.31648 -18.5142 47.5446 1 1 1
v 5.45345 -26.197 45.1529 1 1 1
v 2.15599 7.88606 28.6061 1 1 1
v 5.50075 -26.8571 45.1982 1 1 1
v 2.17907 -4.29964 24.9714 1 1 1
v 5.87069 -16.0611 50.9995 1 1 1
v 2.25078 -3.90914 24.9797 1 1 1
v 2.22676 -4.04653 24.5988 1 1 1
v 5.7558 -19.7835 47.7938 1 1 1
v 5.73991 -15.957 48.9022 1 1 1
v 5.63643 -25.4289 44.5426 1 1 1
v 5.98518 -19.1125 49.1123 1 1 1
v 2.29551 8.06145 28.3558 1 1 1
v 5.97047 -15.9226 49.5275 1 1 1
v 5.91973 -20.1485 47.7489 1 1 1
v 5.71052 -25.8736 44.7586 1 1 1
v 2.31987 3.35812 26.8351 1 1 1
v 2.35547 8.25602 28.4955 1 1 1
v 5.95454 -19.7173 47.8775 1 1 1
v 5.88913 -27.4497 44.9113 1 1 1
v 6.16475 -21.48 48.6814 1 1 1
v 5.76508 -21.3648 45.7056 1 1 1
v 6.03458 -20.5546 47.5295 1 1 1
v 6.00522 -27.6131 44.6677 1 1 1
v 5.86879 -25.3006 44.178 1 1 1
v 6.15631 -15.4093 48.8675 1 1 1
v 6.15631 -15.4093 48.8675 1 1 1
v 6.21313 -15.868 49.1284 1 1 1
v 6.02336 -26.6946 44.5808 1 1 1
v 6.26041 -15.741 49.3308 1 1 1
v 6.09647 -15.429 48.7325 1 1 1
v 2.6987 -4.7158 25.8524 1 1 1
v 6.07825 -23.2292 45.2269 1 1 1
v 6.05879 -24.6751 44.8981 1 1 1
v 6.09585 -28.4215 43.7567 1 1 1
v 6.13426 -23.0132 45.1284 1 1 1
v 6.34656 -21.0403 47.1129 1 1 1
v 6.28617 -15.1764 48.7518 1 1 1
v 6.28501 -29.1514 44.3795 1 1 1
v 6.29648 -29.4283 44.1587 1 1 1
v 6.28009 -28.0292 44.6212 1 1 1
v 6.46237 -20.6809 47.0907 1 1 1
v 6.23597 -23.2121 44.8603 1 1 1
v 6.23597 -23.2121 44.8603 1 1 1
v 6.41896 -26.5041 45.2058 1 1 1
v 6.39236 -24.0816 45.608 1 1 1
v 6.56963 -18.695 48.1428 1 1 1
v 6.31793 -18.2707 47.1488 1 1 1
v 6.36115 -24.6181 44.973 1 1 1
v 6.74027 -31.0876 45.4975 1 1 1
v 6.57775 -19.3141 47.4798 1 1 1
v 6.57775 -19.3141 47.4798 1 1 1
v 6.35059 -23.2858 44.9693 1 1 1
v 6.35093 -18.4832 46.3446 1 1 1
v 3.28064 20.814 34.8056 1 1 1
v 6.7449 -29.7217 45.2018 1 1 1
v 6.47962 -26.394 44.1712 1 1 1
v 6.48553 -21.1081 45.7954 1 1 1
v 6.90869 -15.3152 49.8306 1 1 1
v 6.6555 -20.3778 46.5497 1 1 1
v 6.61138 -24.2994 45.0263 1 1 1
v 6.53424 -18.2546 46.0466 1 1 1
v 7.12853 -15.2675 49.965 1 1 1
v 6.8413 -24.8235 45.216 1 1 1
v 7.15199 -16.1395 49.1992 1 1 1
v 6.75721 -27.1736 43.7512 1 1 1
v 2.79119 -2.14868 24.2536 1 1 1
v 3.44811 9.86019 31.2156 1 1 1
v 6.87701 -23.7877 44.9805 1 1 1
v 6.68164 -19.7096 44.9083 1 1 1
v 3.14871 7.02867 27.9704 1 1 1
v 7.4331 -18.679 48.5419 1 1 1
v 7.05459 -25.3069 44.6024 1 1 1
v 3.11322 7.97379 27.8068 1 1 1
v 3.11322 7.97379 27.8068 1 1 1
v 7.1612 -24.6353 45.198 1 1 1
v 7.09773 -16.79 46.5596 1 1 1
v 7.37607 -17.1834 47.7768 1 1 1
v 7.76063 -15.4781 50.363 1 1 1
v 7.27855 -15.6653 46.9339 1 1 1
v 3.76508 21.8199 34.0264 1 1 1
v 3.43265 6.88491 28.1626 1 1 1
v 7.51465 -17.9043 47.022 1 1 1
v 7.65715 -18.2936 47.3637 1 1 1
v 3.53648 7.653 28.607 1 1 1
v 7.65999 -22.1141 46.2174 1 1 1
v 7.94153 -18.0757 48.3628 1 1 1
v 8.18891 -15.0647 50.4323 1 1 1
v 7.70069 -17.9413 46.8021 1 1 1
v 7.90874 -18.4179 47.8066 1 1 1
v 3.53648 6.6482 27.8103 1 1 1
v 3.60384 6.58582 28.1193 1 1 1
v 3.53045 -4.46953 25.3399 1 1 1
v 7.95933 -17.2351 47.6344 1 1 1
v 3.58756 -4.31822 25.3079 1 1 1
v 7.79922 -24.8304 44.8384 1 1 1
v 8.57317 -15.2506 50.9832 1 1 1
v 7.76638 -25.079 44.2798 1 1 1
v 4.30597 22.1652 34.5673 1 1 1
v 8.43518 -17.3651 48.2759 1 1 1
v 8.37268 -30.5432 44.8837 1 1 1
v 8.0997 -16.1311 46.6404 1 1 1
v 8.98706 -14.8433 50.9441 1 1 1
v 8.80084 -14.9096 50.0011 1 1 1
v 8.7044 -14.7631 49.4925 1 1 1
v 8.22092 -24.999 44.4937 1 1 1
v 4.38631 21.8622 33.06 1 1 1
v 4.70261 19.6601 34.315 1 1 1
v 4.40968 20.7516 32.8039 1 1 1
v 8.70002 -17.549 47.0901 1 1 1
v 9.2396 -14.3808 50.4301 1 1 1
v 4.10305 4.77137 27.1781 1 1 1
v 8.59747 -24.5767 44.7749 1 1 1
v 8.82832 -22.8676 45.9303 1 1 1
v 8.61295 -25.121 44.5182 1 1 1
v 8.64029 -23.7385 44.9405 1 1 1
v 4.65068 22.883 32.8725 1 1 1
v 4.61205 22.8512 32.6639 1 1 1
v 4.74216 22.5015 32.94 1 1 1
v 9.4026 -15.1115 48.8141 1 1 1
v 9.75243 -14.2508 50.7293 1 1 1
v 8.97743 -13.6079 47.4099 1 1 1
v 9.61241 -14.0074 49.6492 1 1 1
v 9.61241 -14.0074 49.6492 1 1 1
v 4.92609 13.1153 31.2818 1 1 1
v 8.89733 -24.7586 44.2272 1 1 1
v 4.65683 8.45424 29.0259 1 1 1
v 4.6791 17.0225 30.3193 1 1 1
v 4.42374 -3.99278 25.2358 1 1 1
v 5.15601 14.2104 31.8002 1 1 1
v 4.48687 24.8561 30.415 1 1 1
v 4.48687 24.8561 30.415 1 1 1
v 9.2853 -25.4495 44.3941 1 1 1
v 5.13471 14.2833 31.4039 1 1 1
v 9.72377 -30.0247 44.7838 1 1 1
v 4.74158 15.5796 29.2559 1 1 1
v 10.0935 -11.5767 49.4897 1 1 1
v 10.3266 -11.6141 50.4427 1 1 1
v 10.0383 -11.8383 48.8921 1 1 1
v 9.63409 -29.4144 43.7386 1 1 1
v 10.3144 -11.7894 49.5547 1 1 1
v 10.3642 -11.8345 49.7454 1 1 1
v 10.2336 -11.9741 48.9156 1 1 1
v 10.6202 -11.5984 50.4422 1 1 1
v 5.41471 6.81457 29.5867 1 1 1
v 10.0461 -28.2394 44.4327 1 1 1
v 10.0461 -28.2394 44.4327 1 1 1
v 9.9121 -25.4771 44.3435 1 1 1
v 5.15153 0.447544 27.0268 1 1 1
v 10.85 -11.2985 49.687 1 1 1
v 10.728 -11.1057 49.245 1 1 1
v 10.112 -27.3185 44.0099 1 1 1
v 5.22035 0.755277 27.0448 1 1 1
v 5.76679 20.5646 32.4163 1 1 1
v 10.4287 -28.2482 44.8958 1 1 1
v 10.9075 -11.4047 49.4218 1 1 1
v 10.7051 -11.5828 48.542 1 1 1
v 5.45128 3.08852 27.8352 1 1 1
v 5.45669 3.44323 27.891 1 1 1
v 10.9286 -11.3533 48.8611 1 1 1
v 5.2271 -2.40266 25.8928 1 1 1
v 5.39759 3.42469 27.466 1 1 1
v 5.36698 0.3603 26.8084 1 1 1
v 5.55522 0.89848 27.6216 1 1 1
v 11.1856 -10.1385 49.3892 1 1 1
v 11.1748 -11.6707 48.9855 1 1 1
v 5.38004 -2.63091 25.8695 1 1 1
v 7.28408 15.7751 35.8033 1 1 1
v 5.56997 -2.99669 26.0753 1 1 1
v 5.56997 -2.99669 26.0753 1 1 1
v 5.49168 -2.34631 25.866 1 1 1
v 12.2596 -10.0777 51.9455 1 1 1
v 11.4944 -10.0577 48.6343 1 1 1
v 11.6709 -10.7609 49.0199 1 1 1
v 11.6709 -10.7609 49.0199 1 1 1
v 11.1163 -28.287 44.3991 1 1 1
v 5.45621 -2.64151 25.474 1 1 1
v 11.9003 -10.9537 49.2291 1 1 1
v 5.67982 -2.35145 25.9622 1 1 1
v 11.7624 -10.5307 48.72 1 1 1
v 12.241 -10.7759 50.4076 1 1 1
v 11.9588 -10.4629 49.3978 1 1 1
v 11.413 -22.3074 45.6045 1 1 1
v 11.626 -17.2847 46.6306 1 1 1
v 13.091 -10.3531 53.0279 1 1 1
v 5.83648 -3.5256 25.9521 1 1 1
v 12.2929 -10.6052 49.8821 1 1 1
v 12.0652 -13.4883 48.5747 1 1 1
v 11.8196 -16.6054 47.0115 1 1 1
v 11.9773 -23.0457 46.5625 1 1 1
v 12.1656 -21.7978 46.7287 1 1 1
v 11.8186 -22.2991 45.3238 1 1 1
v 12.6056 -13.8725 49.1999 1 1 1
v 11.9499 -22.057 45.5967 1 1 1
v 12.7686 -14.7375 48.9686 1 1 1
v 6.78999 3.10335 28.9216 1 1 1
v 12.1849 -24.8708 44.9895 1 1 1
v 13.2982 -11.6047 50.4828 1 1 1
v 12.429 -17.2956 46.7753 1 1 1
v 12.7724 -14.6731 48.1256 1 1 1
v 12.2241 -22.5924 45.2413 1 1 1
v 13.6794 -9.5494 51.9236 1 1 1
v 12.4643 -22.6371 45.9093 1 1 1
v 7.44933 22.0888 32.8507 1 1 1
v 13.9504 -9.3485 52.0318 1 1 1
v 12.499 -22.366 45.3095 1 1 1
v 12.5319 -19.4812 45.478 1 1 1
v 12.5138 -27.8138 44.5597 1 1 1
v 12.7187 -21.5771 45.842 1 1 1
v 12.2043 -20.9342 44.3772 1 1 1
v 13.8207 -9.34592 50.9979 1 1 1
v 12.6702 -27.3551 44.62 1 1 1
v 13.0874 -23.2964 46.1895 1 1 1
v 13.0273 -21.7098 45.799 1 1 1
v 6.73507 25.1857 29.2803 1 1 1
v 13.1435 -29.4636 44.7984 1 1 1
v 13.1435 -29.4636 44.7984 1 1 1
v 13.0336 -26.8722 44.3284 1 1 1
v 13.2699 -28.2354 44.7212 1 1 1
v 13.4985 -23.4681 45.6964 1 1 1
v 13.1306 -29.2377 43.7418 1 1 1
v 9.26027 18.634 36.0895 1 1 1
v 13.4545 -27.9398 44.8273 1 1 1
v 13.429 -29.9158 44.328 1 1 1
v 13.6287 -24.6491 45.5258 1 1 1
v 12.9246 -28.8573 42.4776 1 1 1
v 13.1201 -29.2127 43.0143 1 1 1
v 13.7156 -25.63 45.3309 1 1 1
v 13.6114 -25.4077 45.0446 1 1 1
v 13.7453 -26.7249 45.2418 1 1 1
v 12.6567 -28.357 41.2289 1 1 1
v 12.6567 -28.357 41.2289 1 1 1
v 12.9177 -28.8333 41.9364 1 1 1
v 13.6388 -28.8374 44.1849 1 1 1
v 13.6388 -28.8374 44.1849 1 1 1
v 13.6388 -28.8374 44.1849 1 1 1
v 18.7798 -4.74759 62.5261 1 1 1
v 9.64897 19.4329 35.815 1 1 1
v 9.64897 19.4329 35.815 1 1 1
v 14.1066 -28.1064 44.8945 1 1 1
v 14.862 -26.3425 47.3389 1 1 1
v 15.8591 -27.0499 49.8398 1 1 1
v 16.3503 -27.835 50.8579 1 1 1
v 15.141 -27.9626 47.1148 1 1 1
v 14.1493 -29.3298 43.8897 1 1 1
v 10.4921 18.4346 36.9017 1 1 1
v 16.0488 -27.6299 49.1012 1 1 1
v 10.2281 19.7027 35.33 1 1 1
v 10.3273 19.3499 35.3601 1 1 1
v 10.8297 18.4947 36.7411 1 1 1
v 10.8297 18.4947 36.7411 1 1 1
v 14.0212 11.0705 44.4572 1 1 1
v 14.0212 11.0705 44.4572 1 1 1
v 11.9814 16.3693 38.7371 1 1 1
v 11.9932 16.3123 38.7616 1 1 1
v 10.6375 19.7513 35.1184 1 1 1
v 19.6037 -0.553802 56.9946 1 1 1
v 17.3549 -2.06306 49.1226 1 1 1
v 14.9698 13.2571 43.09 1 1 1
v 18.6333 4.14677 51.9105 1 1 1
v 11.2926 20.8965 33.935 1 1 1
v 20.8041 0.122297 56.4177 1 1 1
v 21.1513 -0.345257 57.2338 1 1 1
v 16.8114 10.7373 44.4057 1 1 1
v 14.0433 16.2556 37.8935 1 1 1
v 14.2722 16.4102 38.4496 1 1 1
v 16.3143 12.3464 43.0415 1 1 1
v 14.5954 15.5911 39.1043 1 1 1
v 14.5954 15.5911 39.1043 1 1 1
v 13.2927 20.0237 33.5315 1 1 1
v 12.7394 21.4896 32.3015 1 1 1
v 20.6935 5.84475 49.1558 1 1 1
v 25.5117 -2.702 58.7954 1 1 1
v 23.0705 -4.77192 53.0605 1 1 1
v 26.6739 -2.72814 60.6575 1 1 1
v 18.6754 11.016 43.7038 1 1 1
v 19.4907 9.10515 45.1709 1 1 1
v 20.0943 -30.2941 44.0682 1 1 1
v 22.6613 -32.9014 48.5885 1 1 1
v 14.8081 20.1283 33.2032 1 1 1
v 19.1799 12.73 40.8962 1 1 1
v 19.4234 12.996 40.5709 1 1 1
v 27.8131 -1.76119 55.0131 1 1 1
v 27.9364 -1.77823 55.2347 1 1 1
v 15.0798 -19.7438 29.0799 1 1 1
v 15.0798 -19.7438 29.0799 1 1 1
v -15.8274 16.5819 42.3081 1 1 1
v -8.76763 -18.1941 28.1215 1 1 1
v -8.76763 -18.1941 28.1215 1 1 1
v -8.69758 -18.1762 28.2053 1 1 1
v -13.7603 -3.232 43.6473 1 1 1
v -13.4515 -2.57751 44.3097 1 1 1
v -12.4338 1.29983 40.1528 1 1 1
v -12.5448 1.35576 40.6697 1 1 1
v -12.9113 13.1144 40.2697 1 1 1
v -12.7139 -2.7533 44.3054 1 1 1
v -12.1305 1.26069 41.0422 1 1 1
v -13.5324 -31.7623 57.6385 1 1 1
v -13.5274 -30.5253 57.9847 1 1 1
v -8.59047 -14.5576 32.6059 1 1 1
v -13.0109 -30.1964 59.0198 1 1 1
v -13.0109 -30.1964 59.0198 1 1 1
v -12.9616 -29.3286 59.065 1 1 1
v -12.9616 -29.3286 59.065 1 1 1
v -10.8156 25.3722 31.4882 1 1 1
v -12.3308 -30.2124 59.0848 1 1 1
v -12.3308 -30.2124 59.0848 1 1 1
v -12.4374 -28.3214 60.717 1 1 1
v -12.4374 -28.3214 60.717 1 1 1
v -11.5237 -31.1711 57.731 1 1 1
v -11.434 -30.74 57.0541 1 1 1
v -12.6925 -27.6626 62.6329 1 1 1
v -11.5966 -30.7789 58.4732 1 1 1
v -11.5966 -30.7789 58.4732 1 1 1
v -11.5764 12.4597 44.6755 1 1 1
v -10.1011 -1.16695 43.9988 1 1 1
v -6.96744 -14.3068 31.6114 1 1 1
v -6.96744 -14.3068 31.6114 1 1 1
v -11.0318 -26.6871 60.6757 1 1 1
v -8.90595 -0.88644 45.2148 1 1 1
v -8.14309 -30.3419 57.9098 1 1 1
v -8.09463 -31.312 58.2298 1 1 1
v -8.1161 -30.6459 58.7517 1 1 1
v -8.1161 -30.6459 58.7517 1 1 1
v -8.2807 -1.40183 50.706 1 1 1
v -8.2807 -1.40183 50.706 1 1 1
v -8.27407 11.5853 45.746 1 1 1
v -7.61485 17.3723 39.1035 1 1 1
v -7.49135 12.257 44.9953 1 1 1
v -6.48382 14.1955 37.0376 1 1 1
v -6.75966 -8.128 59.4832 1 1 1
v -4.8608 -29.3896 59.5721 1 1 1
v -6.46029 -2.01983 61.4543 1 1 1
v -4.43243 0.219617 30.3926 1 1 1
v -5.9066 21.9073 34.2348 1 1 1
v -4.64537 6.24763 30.8402 1 1 1
v -3.71822 -4.22574 27.835 1 1 1
v -4.52285 6.59182 31.3942 1 1 1
v -3.97559 -2.03195 33.3193 1 1 1
v -3.61718 -3.64794 27.92 1 1 1
v -5.05983 15.5744 34.0272 1 1 1
v -4.34906 7.0291 31.3761 1 1 1
v -3.5102 -3.7606 27.8039 1 1 1
v -3.93473 1.5971 30.5893 1 1 1
v -4.18113 5.70531 30.9125 1 1 1
v -3.37785 -4.66521 27.1163 1 1 1
v -4.69835 12.525 34.237 1 1 1
v -3.32777 -5.07237 27.718 1 1 1
v -4.55414 12.5947 34.0086 1 1 1
v -4.55213 12.5945 34.1462 1 1 1
v -3.99721 5.85068 30.3326 1 1 1
v -4.15314 8.58286 33.1043 1 1 1
v -3.55458 1.52329 28.4688 1 1 1
v -3.77336 8.02337 32.4341 1 1 1
v -3.5049 6.37114 30.7407 1 1 1
v -2.57172 -4.41086 22.846 1 1 1
v -2.46536 -5.53379 26.271 1 1 1
v -2.63914 -2.48114 27.9702 1 1 1
v -3.54409 13.0112 36.648 1 1 1
v -3.19869 8.52336 34.3879 1 1 1
v -2.36653 -4.98991 26.0327 1 1 1
v -2.36653 -4.98991 26.0327 1 1 1
v -4.00065 22.2121 33.3447 1 1 1
v -0.610754 -28.2562 58.7883 1 1 1
v -2.64923 3.78335 27.4544 1 1 1
v -2.64923 3.78335 27.4544 1 1 1
v -2.07899 -3.99819 28.2241 1 1 1
v -2.06652 -4.0477 28.1742 1 1 1
v -2.80696 14.5322 41.6072 1 1 1
v -2.45224 15.0895 40.902 1 1 1
v -2.35805 14.6784 41.9969 1 1 1
v -2.05951 14.4731 42.556 1 1 1
v -1.35022 -4.41666 25.4933 1 1 1
v -1.07007 -4.7204 25.7587 1 1 1
v -0.432702 -6.88768 33.3479 1 1 1
v -1.74839 12.4007 31.9174 1 1 1
v -1.39236 12.2089 32.5783 1 1 1
v -1.45302 12.9993 32.574 1 1 1
v -1.54054 12.1168 31.6422 1 1 1
v -1.22223 6.56938 28.4356 1 1 1
v -0.707854 -4.41523 25.5027 1 1 1
v -1.13187 5.99782 27.3857 1 1 1
v -0.697104 -4.09474 25.5065 1 1 1
v -0.355722 -4.82095 24.8594 1 1 1
v 3.4282 -20.6598 51.2601 1 1 1
v 3.42378 -24.6766 47.8162 1 1 1
v 3.42378 -24.6766 47.8162 1 1 1
v 3.65875 -24.7553 48.7517 1 1 1
v 3.60961 -29.1978 45.7658 1 1 1
v 3.66705 -29.4882 45.7596 1 1 1
v -1.2129 -2.51018 12.4162 1 1 1
v 3.75146 -27.6145 47.0374 1 1 1
v 0.673034 -7.11559 27.8981 1 1 1
v 3.82933 -26.7264 47.7903 1 1 1
v 4.01635 -28.2866 46.4618 1 1 1
v 4.5034 -17.1964 56.053 1 1 1
v 0.37249 13.514 32.6952 1 1 1
v 0.267836 14.6524 31.5263 1 1 1
v 0.802292 -6.52626 25.214 1 1 1
v 4.29377 -18.9119 48.1367 1 1 1
v 4.50036 -16.2858 49.1853 1 1 1
v 4.72323 -27.2933 46.1924 1 1 1
v 4.61283 -15.8533 50.6304 1 1 1
v 4.64109 -26.1989 45.6108 1 1 1
v 4.76499 -18.7181 48.7982 1 1 1
v 4.88022 -26.8111 45.9252 1 1 1
v 0.512339 -4.28164 21.8739 1 1 1
v 5.19202 -14.2729 52.7097 1 1 1
v 5.04184 -26.2114 45.853 1 1 1
v 5.24264 -16.1508 50.8443 1 1 1
v 5.24264 -16.1508 50.8443 1 1 1
v 1.26216 13.0989 33.1462 1 1 1
v 5.23481 -27.0162 45.163 1 1 1
v 5.32201 -14.5922 49.9377 1 1 1
v 1.37598 -5.02293 25.9582 1 1 1
v 5.30245 -18.1782 48.092 1 1 1
v 5.36375 -19.6468 47.8069 1 1 1
v 5.41263 -25.8864 44.8284 1 1 1
v 1.83771 -5.41578 28.146 1 1 1
v 5.67662 -19.8798 47.6397 1 1 1
v 5.84726 -15.609 50.1025 1 1 1
v 5.57257 -26.3899 44.4812 1 1 1
v 5.41299 -28.2466 42.1342 1 1 1
v 5.602 -23.4708 44.7952 1 1 1
v 5.8468 -27.0894 44.9396 1 1 1
v 5.71747 -26.6646 44.3138 1 1 1
v 5.7214 -19.8011 46.3867 1 1 1
v 6.09145 -15.8152 49.6766 1 1 1
v 6.06318 -27.7274 44.9993 1 1 1
v 6.78108 -21.9392 51.1989 1 1 1
v 1.7496 8.15654 29.9573 1 1 1
v 1.73525 7.93967 29.704 1 1 1
v 5.95081 -26.4221 44.6041 1 1 1
v 1.66992 12.6647 30.7301 1 1 1
v 1.67518 12.6738 30.7571 1 1 1
v 6.08084 -23.8428 44.9604 1 1 1
v 6.19149 -25.0859 44.9066 1 1 1
v 6.34333 -28.4019 44.3179 1 1 1
v 1.81911 -4.07144 24.6909 1 1 1
v 1.94058 12.5358 30.4665 1 1 1
v 6.41433 -24.3288 44.8702 1 1 1
v 6.67689 -19.036 47.9161 1 1 1
v 6.40009 -26.1756 43.9382 1 1 1
v 6.47272 -25.225 44.5888 1 1 1
v 2.49447 20.6452 35.588 1 1 1
v 6.67993 -29.0024 44.3287 1 1 1
v 2.55897 20.413 35.497 1 1 1
v 6.57467 -28.7817 43.4724 1 1 1
v 6.52117 -23.0704 44.3264 1 1 1
v 6.55992 -23.4234 44.3183 1 1 1
v 2.05761 8.92555 28.6131 1 1 1
v 6.90574 -19.2857 47.0516 1 1 1
v 6.64032 -18.7962 46.1592 1 1 1
v 6.82317 -24.3405 44.9778 1 1 1
v 2.1184 8.9539 28.6371 1 1 1
v 6.93176 -19.2095 46.4782 1 1 1
v 4.69318 -6.9497 37.7569 1 1 1
v 2.54018 11.8807 31.1275 1 1 1
v 2.20837 -4.24141 24.6099 1 1 1
v 2.39473 8.73844 28.9817 1 1 1
v 7.25327 -24.3036 44.4465 1 1 1
v 7.47327 -25.451 45.0556 1 1 1
v 7.49554 -24.8944 44.9607 1 1 1
v 8.41757 -32.2875 47.5618 1 1 1
v 7.84896 -22.4037 46.9849 1 1 1
v 2.56619 6.70449 27.2291 1 1 1
v 7.80486 -14.9225 47.8488 1 1 1
v 7.75437 -14.8835 47.5813 1 1 1
v 7.76176 -25.3346 44.1956 1 1 1
v 7.76176 -25.3346 44.1956 1 1 1
v 8.00494 -25.4016 44.6594 1 1 1
v 4.30273 13.4835 35.9344 1 1 1
v 8.631 -16.6913 48.6628 1 1 1
v 5.25573 15.5529 40.4446 1 1 1
v 8.6427 -15.5617 48.1343 1 1 1
v 3.25886 -4.48563 25.819 1 1 1
v 3.44757 7.54326 28.6033 1 1 1
v 9.14353 -13.954 49.0087 1 1 1
v 3.33889 6.26016 27.6251 1 1 1
v 3.46782 7.8366 28.108 1 1 1
v 8.97036 -13.8536 47.4441 1 1 1
v 8.10433 -27.457 40.381 1 1 1
v 5.17521 11.6689 35.6086 1 1 1
v 9.48289 -14.1311 48.3888 1 1 1
v 3.43124 6.96406 27.2724 1 1 1
v 4.67298 21.0678 34.5975 1 1 1
v 4.81346 20.9322 34.9944 1 1 1
v 3.78741 7.8489 28.0478 1 1 1
v 3.8458 7.84736 28.2664 1 1 1
v 3.69388 7.09006 27.265 1 1 1
v 9.42019 -29.3127 43.0338 1 1 1
v 9.7834 -24.0739 44.8501 1 1 1
v 3.84069 -4.15555 24.8142 1 1 1
v 10.2001 -11.5726 48.5528 1 1 1
v 5.17805 20.0549 34.7641 1 1 1
v 4.0367 6.09112 27.3271 1 1 1
v 10.4264 -11.4063 48.5061 1 1 1
v 9.37501 -27.9222 41.0405 1 1 1
v 10.0166 -25.4527 43.8395 1 1 1
v 9.53929 -28.2557 41.5471 1 1 1
v 10.2751 -28.2138 44.0451 1 1 1
v 10.5805 -11.4732 48.0757 1 1 1
v 4.62351 8.47611 28.9234 1 1 1
v 4.65283 16.5563 29.974 1 1 1
v 4.16651 -3.82849 24.3837 1 1 1
v 4.26248 -3.92635 24.6949 1 1 1
v 11.0006 -12.0918 47.726 1 1 1
v 4.47269 -4.33641 25.1222 1 1 1
v 4.36471 -3.76551 24.524 1 1 1
v 4.70682 0.947899 26.5023 1 1 1
v 11.5297 -9.98846 48.2277 1 1 1
v 5.18133 6.62744 28.6801 1 1 1
v 5.27934 8.51239 29.2921 1 1 1
v 11.7126 -17.4625 46.8714 1 1 1
v 5.1427 2.44118 27.3795 1 1 1
v 11.7998 -16.6104 46.9779 1 1 1
v 5.31157 8.53637 28.7911 1 1 1
v 5.26634 3.53147 27.635 1 1 1
v 11.2505 -13.4271 45.2029 1 1 1
v 11.2505 -13.4271 45.2029 1 1 1
v 5.16277 3.72074 27.1021 1 1 1
v 11.9322 -16.0928 46.4633 1 1 1
v 5.45705 -0.346538 27.0639 1 1 1
v 13.0655 -9.92379 51.004 1 1 1
v 5.73593 6.5031 28.9159 1 1 1
v 13.1089 -13.9166 50.1241 1 1 1
v 13.3966 -9.65528 51.4427 1 1 1
v 12.0585 -18.8429 45.4859 1 1 1
v 5.42619 -1.74943 26.2185 1 1 1
v 13.5132 -10.5928 50.8179 1 1 1
v 12.4374 -22.5607 45.4941 1 1 1
v 13.6571 -9.89265 51.0692 1 1 1
v 12.272 -28.2433 43.1283 1 1 1
v 13.3671 -13.2796 48.9323 1 1 1
v 9.51391 15.2 40.6013 1 1 1
v 8.95139 14.1441 38.5314 1 1 1
v 5.58715 -3.2498 25.3649 1 1 1
v 13.2202 -15.0038 47.4232 1 1 1
v 5.60257 -1.71147 25.4779 1 1 1
v 5.70954 -3.02703 25.5635 1 1 1
v 13.4409 -17.79 47.2255 1 1 1
v 5.93145 -1.47643 26.0409 1 1 1
v 6.39432 3.70354 28.1488 1 1 1
v 6.39432 3.70354 28.1488 1 1 1
v 6.14075 -3.84065 26.1964 1 1 1
v 13.2716 -29.2242 44.0751 1 1 1
v 5.95211 -2.9553 25.5958 1 1 1
v 5.94887 -2.92081 25.6065 1 1 1
v 6.10119 -2.76275 26.0343 1 1 1
v 13.4945 -27.1447 44.5409 1 1 1
v 8.23173 19.8467 34.4769 1 1 1
v 15.2721 -26.0615 48.5972 1 1 1
v 7.85073 22.0894 33.0112 1 1 1
v 18.1126 -13.5024 57.3803 1 1 1
v 18.1126 -13.5024 57.3803 1 1 1
v 18.0838 -12.4751 57.3026 1 1 1
v 18.0907 -12.1959 57.2847 1 1 1
v 16.1947 -26.6915 49.9755 1 1 1
v 11.6835 14.9623 39.8983 1 1 1
v 7.84932 -17.7063 25.7575 1 1 1
v 11.1873 17.1074 37.8194 1 1 1
v 16.613 -30.4539 44.614 1 1 1
v 10.8834 18.9146 35.2596 1 1 1
v 10.8834 18.9146 35.2596 1 1 1
v 11.5901 17.9196 36.4513 1 1 1
v 17.4129 -30.637 44.9859 1 1 1
v 21.9828 -0.56048 56.3028 1 1 1
v 9.25921 23.9696 29.0713 1 1 1
v 16.4348 10.5555 43.6175 1 1 1
v 11.2673 -15.9349 24.2994 1 1 1
v 14.0379 21.0396 31 1 1 1
v 28.1814 -1.35341 54.4285 1 1 1
v 28.3813 -1.34167 54.7707 1 1 1
v 28.6255 -0.74184 53.3448 1 1 1
v -14.6306 -1.86036 43.1917 1 1 1
v -14.7286 -1.31424 43.6011 1 1 1
v -14.4676 -2.07274 42.8305 1 1 1
v -14.31 -2.68098 42.4896 1 1 1
v -14.2416 -3.68108 42.6146 1 1 1
v -14.1425 -3.40292 42.9059 1 1 1
v -14.2525 -2.30711 43.005 1 1 1
v -14.1964 -1.96787 42.7475 1 1 1
v -14.233 -2.36391 43.4952 1 1 1
v -14.138 -2.86939 43.5143 1 1 1
v -13.8439 -3.44887 43.1717 1 1 1
v -13.9475 -2.55625 43.8379 1 1 1
v -13.7177 -2.55661 42.8579 1 1 1
v -13.6386 -3.28403 42.966 1 1 1
v -13.632 -2.2393 43.9037 1 1 1
v -13.0508 -2.63017 43.4476 1 1 1
v -13.1435 -2.50793 44.2588 1 1 1
v -13.2282 -2.81885 44.8488 1 1 1
v -13.2282 -2.81885 44.8488 1 1 1
v -13.0737 -2.42433 44.0728 1 1 1
v -13.0928 -2.66119 44.4104 1 1 1
v -12.9808 -2.58124 44.6243 1 1 1
v -12.4956 1.26415 41.6984 1 1 1
v -7.49405 -12.0711 22.7843 1 1 1
v -8.20688 -16.1604 30.8403 1 1 1
v -8.20688 -16.1604 30.8403 1 1 1
v -11.9699 -0.281669 44.8061 1 1 1
v -12.1536 20.1524 36.3111 1 1 1
v -8.86743 -19.9349 38.2882 1 1 1
v -12.643 13.0892 44.1151 1 1 1
v -7.42253 -15.5547 28.3299 1 1 1
v -10.7151 -30.4841 56.3892 1 1 1
v -11.6112 19.4471 36.5308 1 1 1
v -10.6848 -2.06517 43.0503 1 1 1
v -10.0531 -30.5126 56.7502 1 1 1
v -10.0881 -29.9504 57.1439 1 1 1
v -10.0881 -29.9504 57.1439 1 1 1
v -11.306 19.6663 36.6406 1 1 1
v -7.68862 -3.49813 26.5937 1 1 1
v -9.40605 -30.0478 57.3249 1 1 1
v -9.40605 -30.0478 57.3249 1 1 1
v -11.1892 12.7215 44.3408 1 1 1
v -6.74962 -12.9608 29.1146 1 1 1
v -8.69599 -29.2787 57.614 1 1 1
v -8.69599 -29.2787 57.614 1 1 1
v -7.45418 -31.005 58.0393 1 1 1
v -7.35151 -30.6371 58.8529 1 1 1
v -7.28175 -29.2218 57.5327 1 1 1
v -7.37215 -29.7725 58.7929 1 1 1
v -8.84959 -1.93069 56.5363 1 1 1
v -7.51719 17.4913 40.268 1 1 1
v -3.6326 -29.8755 57.9752 1 1 1
v -6.19686 13.7047 32.3151 1 1 1
v -6.2069 13.8948 32.757 1 1 1
v -6.2367 14.3101 33.2247 1 1 1
v -5.72659 1.17409 58.5305 1 1 1
v -6.12449 14.5756 32.9478 1 1 1
v -5.81258 12.9145 46.3937 1 1 1
v -2.92185 -17.27 54.3769 1 1 1
v -5.2275 15.7872 34.3844 1 1 1
v -4.92627 12.2109 33.4339 1 1 1
v -5.1241 14.7498 32.7932 1 1 1
v -4.44725 5.82088 30.8521 1 1 1
v -3.75364 -2.76786 28.4669 1 1 1
v -3.75363 -2.32237 28.0825 1 1 1
v -3.5509 -4.63808 27.7417 1 1 1
v -3.53464 -3.70794 27.5138 1 1 1
v -3.59503 -2.21998 28.2983 1 1 1
v -3.38631 -4.81778 27.7664 1 1 1
v -3.53704 -2.8325 27.9983 1 1 1
v -4.1081 5.05235 30.4872 1 1 1
v -3.41096 -4.19663 27.6201 1 1 1
v -1.0613 -28.9573 55.5621 1 1 1
v -3.42565 -4.02463 27.45 1 1 1
v -3.38204 -4.31256 27.846 1 1 1
v -3.41481 -3.67414 27.2573 1 1 1
v -3.23366 -5.20023 29.1386 1 1 1
v -3.21907 -3.48315 28.5149 1 1 1
v -0.544856 -27.3559 57.8597 1 1 1
v -3.74704 5.43516 29.275 1 1 1
v -4.48167 19.2374 37.4664 1 1 1
v -3.86913 13.3956 32.6017 1 1 1
v -2.84817 -2.33502 26.6865 1 1 1
v -2.58627 -2.01687 27.0288 1 1 1
v -3.47044 14.5527 32.6042 1 1 1
v -2.74382 9.49843 38.2894 1 1 1
v -3.43741 14.0874 31.2282 1 1 1
v -3.18248 18.6919 37.815 1 1 1
v -2.06175 -5.74459 25.7977 1 1 1
v -2.72209 6.54737 29.8434 1 1 1
v -2.72209 6.54737 29.8434 1 1 1
v -2.69976 6.72431 29.3176 1 1 1
v -2.68182 6.92816 29.2546 1 1 1
v 1.81705 -27.6917 55.1157 1 1 1
v -2.26662 14.6469 41.9226 1 1 1
v -2.26662 14.6469 41.9226 1 1 1
v -2.56984 6.34267 28.383 1 1 1
v -2.55842 6.37587 28.4994 1 1 1
v -2.33238 1.9793 26.5845 1 1 1
v -1.95501 -5.11022 23.7954 1 1 1
v -1.82694 -5.28039 24.6677 1 1 1
v -1.82694 -5.28039 24.6677 1 1 1
v -1.71476 -5.42952 25.4317 1 1 1
v -1.71476 -5.42952 25.4317 1 1 1
v -2.05735 19.5911 36.1947 1 1 1
v 2.95829 -23.2416 50.8474 1 1 1
v 3.10905 -23.6611 51.9017 1 1 1
v -1.32477 12.143 34.283 1 1 1
v 3.85818 -21.5355 59.4542 1 1 1
v -1.45413 7.29036 28.4618 1 1 1
v 3.19657 -24.7058 48.8454 1 1 1
v -1.43126 6.99033 28.0995 1 1 1
v 3.98256 -21.0449 54.9478 1 1 1
v -0.778321 -4.03245 25.5655 1 1 1
v -1.17264 18.8453 36.171 1 1 1
v 3.69017 -29.7324 46.266 1 1 1
v 3.67567 -20.2036 51.8213 1 1 1
v 3.9635 -30.6052 47.6608 1 1 1
v 3.6735 -20.3022 51.2267 1 1 1
v 3.53034 -21.8817 49.2875 1 1 1
v 3.07905 -27.2209 41.3593 1 1 1
v 3.82793 -22.0049 49.168 1 1 1
v 3.99065 -11.0234 56.5401 1 1 1
v 3.80572 -22.0516 48.9859 1 1 1
v 3.99537 -26.7117 47.3786 1 1 1
v 3.95256 -27.7315 46.366 1 1 1
v 3.54332 -25.3131 44.1311 1 1 1
v 3.90281 -23.479 47.2627 1 1 1
v 3.79609 -20.1815 48.0499 1 1 1
v -0.328055 -4.8097 25.1436 1 1 1
v 3.90431 -16.1528 49.7522 1 1 1
v 5.00444 -11.9407 58.3091 1 1 1
v 3.881 -15.8438 48.3454 1 1 1
v 4.69779 -16.7429 51.0023 1 1 1
v 4.63404 -18.5071 48.3023 1 1 1
v 4.89926 -13.9693 52.0379 1 1 1
v 4.75549 -25.3806 45.7769 1 1 1
v 4.62206 -17.0276 47.7488 1 1 1
v 0.068798 7.28604 29.8209 1 1 1
v 0.791605 -7.0315 27.9547 1 1 1
v 0.792594 17.0502 37.1867 1 1 1
v 5.02029 -18.2978 47.2165 1 1 1
v 5.35832 -26.3745 45.1055 1 1 1
v 5.21565 -18.9675 47.1194 1 1 1
v 5.06503 -25.5459 42.8052 1 1 1
v 5.48226 -26.177 44.6635 1 1 1
v 1.11952 1.39597 30.0212 1 1 1
v 5.68072 -25.4903 45.0614 1 1 1
v 5.78813 -27.0418 44.8647 1 1 1
v 5.61114 -24.1981 44.1995 1 1 1
v 5.88991 -23.2709 45.5851 1 1 1
v 5.99212 -20.9854 46.9003 1 1 1
v 5.90743 -19.5539 46.5815 1 1 1
v 6.19583 -19.6875 47.9815 1 1 1
v 5.78592 -19.9768 45.6383 1 1 1
v 6.01369 -28.3349 43.4299 1 1 1
v 1.67381 -6.99031 28.1631 1 1 1
v 6.03604 -20.4193 45.462 1 1 1
v 6.41411 -20.7232 47.2282 1 1 1
v 6.08019 -27.8335 42.6494 1 1 1
v 6.2972 -24.6589 44.8066 1 1 1
v 6.36002 -28.1174 43.5725 1 1 1
v 6.56219 -15.1773 48.6102 1 1 1
v 3.59336 13.278 43.3696 1 1 1
v 6.8144 -15.8431 49.3472 1 1 1
v 3.87607 13.5776 44.5398 1 1 1
v 6.28774 -23.6027 41.9969 1 1 1
v 1.69562 12.7906 31.5619 1 1 1
v 7.01686 -23.447 44.7271 1 1 1
v 7.01686 -23.447 44.7271 1 1 1
v 7.05109 -22.662 44.4949 1 1 1
v 1.78 7.43699 28.2465 1 1 1
v 7.73779 -17.7021 46.789 1 1 1
v 7.81826 -25.0558 44.8472 1 1 1
v 1.84433 -4.15371 24.4446 1 1 1
v 7.84486 -22.0778 44.8431 1 1 1
v 2.42036 10.1524 30.6256 1 1 1
v 2.02165 6.61754 27.8381 1 1 1
v 2.61186 21.0977 34.2161 1 1 1
v 2.06226 -3.6982 24.9244 1 1 1
v 2.12055 -3.70851 24.8726 1 1 1
v 2.12055 -3.70851 24.8726 1 1 1
v 2.09418 -3.65613 24.8081 1 1 1
v 2.05694 -3.53345 24.6897 1 1 1
v 3.38017 20.0939 36.5428 1 1 1
v 8.75225 -24.7882 45.1075 1 1 1
v 3.50537 9.911 33.0737 1 1 1
v 3.31846 21.0187 34.9633 1 1 1
v 9.36189 -14.9063 48.6489 1 1 1
v 9.30599 -12.4487 48.1885 1 1 1
v 8.2252 -26.8051 40.0378 1 1 1
v 9.12816 -27.1689 42.8228 1 1 1
v 9.61055 -11.8121 48.3149 1 1 1
v 4.62794 19.9983 36.5779 1 1 1
v 3.85657 7.7496 30.2265 1 1 1
v 3.52178 7.55527 28.9155 1 1 1
v 10.2103 -27.6594 44.4497 1 1 1
v 9.79274 -14.1384 45.8192 1 1 1
v 10.047 -27.4206 43.2151 1 1 1
v 10.622 -12.0264 48.4838 1 1 1
v 3.41788 8.08384 27.5063 1 1 1
v 3.79665 6.93372 27.7987 1 1 1
v 4.99683 21.2293 34.6639 1 1 1
v 4.05385 8.81431 28.9179 1 1 1
v 5.54593 20.9918 36.1519 1 1 1
v 3.91169 6.83586 27.6685 1 1 1
v 3.9328 8.21138 27.9417 1 1 1
v 11.475 -10.4491 48.0825 1 1 1
v 11.5826 -10.3075 48.2009 1 1 1
v 3.82211 -4.10059 24.3545 1 1 1
v 11.7412 -11.2239 47.8962 1 1 1
v 4.53051 8.20245 28.9325 1 1 1
v 11.8857 -11.8264 48.18 1 1 1
v 11.5427 -21.8957 44.8398 1 1 1
v 12.7707 -11.6659 49.3194 1 1 1
v 12.4806 -20.7363 45.7322 1 1 1
v 5.13399 6.41038 28.6445 1 1 1
v 4.72298 7.17276 27.512 1 1 1
v 12.3171 -19.2383 45.2751 1 1 1
v 12.482 -22.6249 44.9979 1 1 1
v 12.6462 -22.089 45.4224 1 1 1
v 4.81838 -4.18337 25.5116 1 1 1
v 12.9866 -21.2694 46.3794 1 1 1
v 5.8602 14.8666 31.8052 1 1 1
v 5.12161 2.48449 27.342 1 1 1
v 5.75567 21.0798 32.4583 1 1 1
v 13.1108 -16.5767 45.8117 1 1 1
v 5.32329 2.3792 26.9975 1 1 1
v 5.50891 4.05376 27.6645 1 1 1
v 5.54285 1.08986 27.1196 1 1 1
v 5.15873 -2.37926 25.3754 1 1 1
v 15.1367 -16.0354 50.6765 1 1 1
v 5.4746 -1.7962 25.9078 1 1 1
v 5.45773 -2.01166 25.7502 1 1 1
v 14.3433 -26.8153 45.824 1 1 1
v 15.8026 -13.1522 51.9451 1 1 1
v 13.5931 -10.8525 46.0469 1 1 1
v 5.78512 -3.806 25.785 1 1 1
v 9.88976 13.3549 39.2842 1 1 1
v 5.52244 -3.06141 24.9904 1 1 1
v 5.79768 -1.9332 25.3331 1 1 1
v 6.18848 -3.58409 26.0967 1 1 1
v 15.876 -13.4665 49.5848 1 1 1
v 6.06007 -2.87971 25.7135 1 1 1
v 6.06007 -2.87971 25.7135 1 1 1
v 6.2602 -1.98509 26.2901 1 1 1
v 6.40151 -2.35148 26.0054 1 1 1
v 6.73677 -2.42108 26.739 1 1 1
v 10.0329 19.5049 35.6446 1 1 1
v 10.3621 22.3995 32.9322 1 1 1
v 10.1949 25.2497 28.9968 1 1 1
v 1.13198 -0.563529 9.35234 1 1 1
v 19.3341 12.749 40.4833 1 1 1
v -14.0724 -2.00719 43.4528 1 1 1
v -17.9424 -11.3147 68.6612 1 1 1
v -17.4006 -11.0688 69.2771 1 1 1
v -13.5871 -27.5214 59.8096 1 1 1
v -13.7516 -28.1671 61.3105 1 1 1
v -16.8922 -11.0453 70.4817 1 1 1
v -13.2858 -27.8252 61.8405 1 1 1
v -13.2858 -27.8252 61.8405 1 1 1
v -12.8627 -2.71948 45.1844 1 1 1
v -12.5972 -27.7407 62.0907 1 1 1
v -12.5972 -27.7407 62.0907 1 1 1
v -12.7097 -2.37035 46.9766 1 1 1
v -15.2433 -8.55797 69.6768 1 1 1
v -11.8102 -28.1993 61.1078 1 1 1
v -11.9176 0.959721 42.111 1 1 1
v -7.94849 -11.2197 24.1006 1 1 1
v -11.7778 0.715841 41.7926 1 1 1
v -8.62989 -16.6904 34.4468 1 1 1
v -11.2116 -26.8684 61.8511 1 1 1
v -12.5056 12.8816 43.9327 1 1 1
v -13.5903 -10.6594 71.3899 1 1 1
v -12.4773 13.0507 44.0889 1 1 1
v -8.21211 -15.6497 34.3108 1 1 1
v -12.38 13.1573 44.0022 1 1 1
v -9.60041 -31.6203 59.0351 1 1 1
v -9.07627 -25.0457 51.1074 1 1 1
v -11.68 12.2017 41.4711 1 1 1
v -11.68 12.2017 41.4711 1 1 1
v -12.8358 -9.80915 70.6954 1 1 1
v -11.5754 12.0131 45.5716 1 1 1
v -8.86506 -28.6896 60.407 1 1 1
v -11.2011 23.8707 32.2649 1 1 1
v -11.1773 12.6932 44.1511 1 1 1
v -9.7234 -0.453738 44.3282 1 1 1
v -9.07775 -5.23507 42.9785 1 1 1
v -8.10737 -28.9578 59.0752 1 1 1
v -8.10737 -28.9578 59.0752 1 1 1
v -8.13059 -27.6142 60.0461 1 1 1
v -8.13059 -27.6142 60.0461 1 1 1
v -10.1183 10.2579 46.0064 1 1 1
v -7.54102 -27.0357 60.4044 1 1 1
v -7.34821 -27.5374 59.9668 1 1 1
v -10.3005 25.8742 39.9848 1 1 1
v -10.3005 25.8742 39.9848 1 1 1
v -8.47843 19.9193 35.2148 1 1 1
v -3.74546 -29.5586 56.8554 1 1 1
v -6.23094 1.55802 56.9176 1 1 1
v -6.2522 1.60791 57.2583 1 1 1
v -6.07495 12.7409 44.3668 1 1 1
v -6.25416 15.76 42.9478 1 1 1
v -6.74248 20.1212 35.6237 1 1 1
v -5.07391 7.1586 50.7241 1 1 1
v -6.10425 13.7063 31.9859 1 1 1
v -5.54742 12.1457 44.6413 1 1 1
v -6.54394 19.3961 33.9718 1 1 1
v -5.24287 12.0961 45.5833 1 1 1
v -6.34139 19.6712 34.268 1 1 1
v -4.40562 0.450498 36.2374 1 1 1
v -0.976528 -28.6164 58.3806 1 1 1
v -0.534876 -31.5073 57.9192 1 1 1
v -2.63945 -5.31115 64.7167 1 1 1
v -0.781569 -27.9479 57.0051 1 1 1
v -0.367042 -29.7752 57.2426 1 1 1
v -0.119409 -32.1982 57.5408 1 1 1
v -5.26101 12.4839 33.0964 1 1 1
v -5.96376 21.2736 32.8981 1 1 1
v -4.15838 3.404 32.7825 1 1 1
v -3.81881 -2.73394 27.923 1 1 1
v -3.49467 -5.0098 28.8733 1 1 1
v -3.53641 -4.38212 28.2275 1 1 1
v -4.37467 6.11953 30.418 1 1 1
v -3.50853 -4.41601 28.4226 1 1 1
v -4.34126 6.76452 31.455 1 1 1
v -4.41929 7.09485 30.9877 1 1 1
v -5.16329 19.1176 35.9092 1 1 1
v -3.52397 -2.6706 28.1213 1 1 1
v -3.28766 -4.80619 28.4617 1 1 1
v -3.38082 -4.03486 27.805 1 1 1
v -3.40548 -3.93121 27.562 1 1 1
v -4.02502 7.13752 31.4397 1 1 1
v -4.32837 18.5662 38.7223 1 1 1
v -3.72764 5.58282 29.7243 1 1 1
v -3.69129 5.4646 29.6153 1 1 1
v -4.82242 20.5109 33.1469 1 1 1
v -3.6264 6.24046 30.7583 1 1 1
v -4.20736 14.4055 32.4692 1 1 1
v -3.51465 6.11486 29.982 1 1 1
v -3.27826 13.6786 39.5043 1 1 1
v -3.49337 6.00793 28.889 1 1 1
v -3.90902 14.0899 31.2822 1 1 1
v -3.69073 17.9174 36.578 1 1 1
v -2.81382 14.8149 41.9723 1 1 1
v -2.47415 -5.0627 26.8559 1 1 1
v -2.20053 -5.52015 29.0444 1 1 1
v -2.6804 -2.15251 26.7258 1 1 1
v -2.55408 -1.99275 27.2417 1 1 1
v -2.39436 13.8727 40.6708 1 1 1
v -2.20418 -5.08764 26.5592 1 1 1
v -2.73219 6.91432 30.6363 1 1 1
v -2.09473 -5.33045 26.4086 1 1 1
v -3.59906 22.2841 32.8318 1 1 1
v 3.10739 -25.2986 54.407 1 1 1
v -2.48739 3.74543 26.6518 1 1 1
v 3.18205 -23.8038 52.4257 1 1 1
v -2.36971 3.88373 27.3241 1 1 1
v 3.32383 -25.2234 49.4873 1 1 1
v 3.34727 -25.2724 49.4483 1 1 1
v 3.23935 -24.9593 48.0003 1 1 1
v 3.35971 -20.652 50.2523 1 1 1
v -1.74324 12.7888 32.7108 1 1 1
v 3.85137 -29.4086 46.0563 1 1 1
v 3.99296 -25.1639 49.165 1 1 1
v 4.04179 -28.5604 46.6746 1 1 1
v 3.92566 -19.6002 49.3958 1 1 1
v -1.57882 6.95617 28.5668 1 1 1
v 4.06724 -22.0374 48.1885 1 1 1
v 4.06436 -17.904 49.2776 1 1 1
v -1.1987 8.89069 30.6183 1 1 1
v -0.89584 -3.77905 25.4615 1 1 1
v 4.52044 -15.9041 49.9661 1 1 1
v 1.17308 25.107 50.1563 1 1 1
v 4.9157 -27.2535 46.2651 1 1 1
v -0.550469 -3.95145 25.667 1 1 1
v 5.01979 -19.4379 49.512 1 1 1
v -1.20399 5.80773 26.4766 1 1 1
v 4.72857 -15.3434 49.6455 1 1 1
v 4.63593 -15.2293 49.2229 1 1 1
v 5.07165 -26.1996 46.3421 1 1 1
v 4.62084 -16.6193 48.1524 1 1 1
v 4.98256 -17.5438 49.0759 1 1 1
v 5.31024 -27.6885 45.5385 1 1 1
v 4.90246 -16.4139 48.2965 1 1 1
v 5.64775 -15.2051 52.6195 1 1 1
v 5.35967 -15.6329 50.5431 1 1 1
v 5.41939 -18.6387 48.74 1 1 1
v 0.571229 -7.05426 28.3644 1 1 1
v 5.5176 -16.0495 49.2293 1 1 1
v 5.86268 -20.4948 48.5785 1 1 1
v 5.86268 -20.4948 48.5785 1 1 1
v 5.91033 -20.4774 48.1285 1 1 1
v 6.38277 -20.2943 49.4476 1 1 1
v 6.33689 -29.0095 45.2018 1 1 1
v 6.20188 -23.2265 45.8575 1 1 1
v 6.13196 -18.5735 47.2125 1 1 1
v 6.58145 -28.8856 44.6499 1 1 1
v 6.72688 -15.6419 49.674 1 1 1
v 6.73779 -15.2918 49.3813 1 1 1
v 6.79778 -15.7516 49.3621 1 1 1
v 6.83153 -28.4834 44.491 1 1 1
v 6.70568 -20.21 46.8673 1 1 1
v 6.80769 -24.467 45.2612 1 1 1
v 0.857893 13.4245 32.1199 1 1 1
v 0.637251 12.9643 29.809 1 1 1
v 1.28756 13.868 31.6567 1 1 1
v 7.74792 -17.9003 47.0402 1 1 1
v 7.87498 -25.1266 44.8714 1 1 1
v 7.71591 -16.8263 47.0031 1 1 1
v 1.77839 19.1873 34.586 1 1 1
v 6.28256 -12.3092 42.4245 1 1 1
v 1.9392 20.4627 35.1819 1 1 1
v 1.25514 19.3462 32.5624 1 1 1
v 7.93134 -16.5123 46.5706 1 1 1
v 1.92212 19.8789 34.0471 1 1 1
v 1.48038 12.5694 30.0318 1 1 1
v 2.61836 13.7691 34.3461 1 1 1
v 8.85931 -15.6694 48.8116 1 1 1
v 1.64607 12.6426 30.0904 1 1 1
v 1.65269 7.54522 28.1786 1 1 1
v 9.42958 -14.8826 48.8838 1 1 1
v 1.8804 -3.97997 24.9271 1 1 1
v 2.18936 12.3335 30.3755 1 1 1
v 1.81933 7.50926 27.6402 1 1 1
v 1.94961 -3.86514 24.9902 1 1 1
v 1.94961 -3.86514 24.9902 1 1 1
v 9.5418 -13.1816 48.965 1 1 1
v 9.32997 -25.3192 44.7757 1 1 1
v 1.97494 8.05253 27.8395 1 1 1
v 1.70855 13.4598 28.3656 1 1 1
v 2.14826 8.28414 27.9143 1 1 1
v 2.1369 8.10193 27.8232 1 1 1
v 2.33991 -3.77598 25.3431 1 1 1
v 10.3528 -26.0039 44.7037 1 1 1
v 2.96003 9.5263 29.2292 1 1 1
v 10.6395 -10.949 48.6416 1 1 1
v 10.6375 -25.1704 44.7347 1 1 1
v 4.26494 19.4552 34.8035 1 1 1
v 2.8377 8.05953 27.0234 1 1 1
v 2.94531 8.04461 27.2751 1 1 1
v 3.49399 20.7998 31.6297 1 1 1
v 4.44581 19.2928 34.0409 1 1 1
v 3.3485 -4.31584 25.3753 1 1 1
v 3.39621 -4.32969 25.4903 1 1 1
v 3.06166 8.30297 27.2355 1 1 1
v 4.27673 20.52 33.307 1 1 1
v 11.424 -8.43671 48.0986 1 1 1
v 11.7534 -13.5794 46.8995 1 1 1
v 3.70814 6.97661 27.8148 1 1 1
v 3.73679 7.27387 27.1084 1 1 1
v 4.10404 16.5766 29.718 1 1 1
v 12.9139 -20.2396 46.2477 1 1 1
v 3.67102 -3.82222 24.1701 1 1 1
v 13.1752 -21.4317 46.4149 1 1 1
v 13.9473 -9.80767 49.8137 1 1 1
v 4.10929 -4.01432 24.4464 1 1 1
v 4.71577 14.1055 29.2484 1 1 1
v 4.72393 16.7527 29.748 1 1 1
v 4.87006 8.36149 27.9146 1 1 1
v 5.08245 2.48473 27.3823 1 1 1
v 4.78735 0.725381 26.101 1 1 1
v 5.16385 5.49568 27.8026 1 1 1
v 5.12409 8.41038 28.0079 1 1 1
v 5.05148 8.41859 27.8302 1 1 1
v 4.78365 3.66363 26.1462 1 1 1
v 5.18701 -2.61851 25.1554 1 1 1
v 5.42272 -2.24061 25.7361 1 1 1
v 5.43746 -1.96621 25.722 1 1 1
v 6.19874 0.474239 27.6578 1 1 1
v 5.49141 -3.8669 25.1802 1 1 1
v 6.09763 5.02578 27.9013 1 1 1
v 5.83909 -3.57236 25.7023 1 1 1
v 5.74594 -2.54983 25.5656 1 1 1
v 5.90097 -1.84211 25.6074 1 1 1
v 5.9299 -3.05452 25.3799 1 1 1
v 6.17447 -2.95017 25.8719 1 1 1
v 8.75999 18.3985 34.8991 1 1 1
v -0.996183 -0.756126 8.40376 1 1 1
v 13.0951 15.8856 36.1234 1 1 1
v 17.1729 10.9008 41.0539 1 1 1
v 12.5608 19.7114 32.2168 1 1 1
v 28.3345 -0.441691 53.027 1 1 1
v 20.9363 -25.1164 39.1794 1 1 1
v 13.6007 19.3969 31.2175 1 1 1
v 19.6206 -23.0497 35.0206 1 1 1
v 20.2015 -22.2619 35.53 1 1 1
v -14.9574 -8.45895 48.2633 1 1 1
v -15.9327 -4.25858 51.2524 1 1 1
v -14.4632 -2.69512 43.1546 1 1 1
v -14.4498 -3.19241 43.5346 1 1 1
v -14.3728 -2.48788 42.6813 1 1 1
v -14.471 -1.43342 42.6717 1 1 1
v -14.3027 -2.15181 43.0698 1 1 1
v -7.87013 0.954179 2.06011 1 1 1
v -14.3482 -1.61306 43.1496 1 1 1
v -14.2774 -1.89527 42.9788 1 1 1
v -14.1301 -2.34873 43.9323 1 1 1
v -13.765 -2.3225 44.714 1 1 1
v -15.0094 15.67 41.3287 1 1 1
v -9.93158 -19.1273 35.2135 1 1 1
v -9.93158 -19.1273 35.2135 1 1 1
v -14.5426 24.2384 30.5113 1 1 1
v -14.6985 24.8734 31.4142 1 1 1
v -11.1161 -31.1054 60.0372 1 1 1
v -11.1161 -31.1054 60.0372 1 1 1
v -14.6014 -8.50968 66.7533 1 1 1
v -14.697 -8.6473 67.9672 1 1 1
v -14.8904 -8.91021 70.2248 1 1 1
v -11.1737 -29.9647 61.3853 1 1 1
v -10.3491 -31.5865 59.4513 1 1 1
v -10.3491 -31.5865 59.4513 1 1 1
v -12.3071 1.45894 42.4353 1 1 1
v -11.7204 0.678707 42.1467 1 1 1
v -9.65906 -31.2041 60.2423 1 1 1
v -10.3339 -27.1714 62.4443 1 1 1
v -10.3339 -27.1714 62.4443 1 1 1
v -13.1923 -10.7556 73.7846 1 1 1
v -12.9674 21.5018 34.5061 1 1 1
v -8.9618 -28.6957 62.7958 1 1 1
v -8.9618 -28.6957 62.7958 1 1 1
v -8.15794 -26.978 61.0204 1 1 1
v -11.8693 19.6028 36.9549 1 1 1
v -11.8693 19.6028 36.9549 1 1 1
v -9.85047 -0.190059 44.5383 1 1 1
v -7.45263 -29.0712 61.6744 1 1 1
v -7.45263 -29.0712 61.6744 1 1 1
v -7.45263 -29.0712 61.6744 1 1 1
v -9.40157 -5.88926 50.2908 1 1 1
v -9.58274 -0.456011 44.7622 1 1 1
v -11.2564 19.4278 36.1303 1 1 1
v -11.1708 23.7338 31.9351 1 1 1
v -11.1708 23.7338 31.9351 1 1 1
v -8.29792 11.6418 45.3529 1 1 1
v -9.09518 19.37 37.1106 1 1 1
v -3.08448 -28.7011 59.0573 1 1 1
v -7.313 9.82732 46.6281 1 1 1
v -1.29679 -31.4932 60.0972 1 1 1
v -3.20374 -15.9176 51.8775 1 1 1
v -1.63574 -27.3134 58.171 1 1 1
v -1.28731 -28.4968 60.6982 1 1 1
v -6.39752 12.0681 44.8675 1 1 1
v -4.14569 0.227315 57.479 1 1 1
v -0.365804 -29.7101 60.9782 1 1 1
v -7.86922 23.8185 31.5903 1 1 1
v -0.577863 -28.5019 58.8836 1 1 1
v -0.492078 -30.1006 57.7086 1 1 1
v -5.91587 12.0235 42.6814 1 1 1
v -5.22736 12.2117 45.811 1 1 1
v -1.29595 -8.16631 69.0836 1 1 1
v -1.325 -8.13671 68.1784 1 1 1
v -6.77948 19.7417 34.8068 1 1 1
v -2.5773 -0.00160587 57.653 1 1 1
v -2.5773 -0.00160587 57.653 1 1 1
v -6.51569 20.463 35.0331 1 1 1
v -6.1825 19.5839 34.9085 1 1 1
v -5.84715 14.2732 31.8556 1 1 1
v -5.23265 13.3922 32.4867 1 1 1
v -4.91227 12.0342 32.448 1 1 1
v -3.88281 -2.10675 28.3216 1 1 1
v -3.64745 -2.00237 28.6836 1 1 1
v -3.71016 -2.19382 27.9023 1 1 1
v -3.67835 -2.23118 28.0027 1 1 1
v -4.49655 12.2688 33.1163 1 1 1
v -3.26947 -5.29594 28.3707 1 1 1
v -4.18274 4.41012 28.9234 1 1 1
v -3.39436 -4.24318 27.8515 1 1 1
v -3.20305 -5.05783 28.6303 1 1 1
v -3.1577 -5.1189 28.5055 1 1 1
v -3.34364 -3.19745 28.0402 1 1 1
v -4.17276 18.1961 37.4706 1 1 1
v -3.12929 -5.08077 27.5319 1 1 1
v -4.34357 18.8847 36.278 1 1 1
v -4.51922 18.2003 34.867 1 1 1
v -3.15344 -4.82791 27.2517 1 1 1
v -3.05918 -5.05827 27.3241 1 1 1
v -3.84934 17.967 37.8921 1 1 1
v -2.78625 -5.28921 28.4287 1 1 1
v -3.67565 5.81205 29.2754 1 1 1
v -3.66565 17.8198 37.422 1 1 1
v -2.77592 -4.87118 27.063 1 1 1
v -2.46612 -5.47063 28.5517 1 1 1
v -2.71868 -4.8869 26.6549 1 1 1
v 3.02839 -23.4452 51.787 1 1 1
v -1.9349 9.69184 38.7009 1 1 1
v 4.84851 -14.3902 64.8329 1 1 1
v -3.45 18.423 34.4899 1 1 1
v 3.3374 -20.2456 51.2048 1 1 1
v -2.18061 -3.78081 27.9116 1 1 1
v -2.05772 -5.58701 27.2185 1 1 1
v -2.25094 -4.89701 26.2929 1 1 1
v 3.58453 -27.7686 46.3507 1 1 1
v 3.7601 -22.5207 50.0622 1 1 1
v 4.13376 -25.3763 50.4201 1 1 1
v -1.78927 -3.64001 29.0135 1 1 1
v 4.09827 -27.7656 48.2083 1 1 1
v -2.73675 7.63567 29.3264 1 1 1
v -2.73675 7.63567 29.3264 1 1 1
v -2.26725 18.3075 37.4208 1 1 1
v -2.8769 18.4356 34.416 1 1 1
v -2.69154 8.05757 29.5677 1 1 1
v -2.58313 8.01565 30.1039 1 1 1
v 4.18528 -28.887 47.4234 1 1 1
v 4.18394 -28.5051 47.4132 1 1 1
v 4.07582 -23.9492 48.5949 1 1 1
v -2.35015 18.5777 36.2187 1 1 1
v 3.72107 -16.6212 50.348 1 1 1
v 3.96471 -21.7817 48.9227 1 1 1
v -2.8305 6.38578 27.4382 1 1 1
v 4.04005 -19.1953 50.2031 1 1 1
v 3.92215 -24.9052 46.7342 1 1 1
v -2.47471 2.04128 26.4122 1 1 1
v 4.25373 -22.5122 49.163 1 1 1
v 4.10592 -16.888 50.9074 1 1 1
v -2.23925 8.29249 30.4555 1 1 1
v -1.87281 -5.3542 25.8014 1 1 1
v 4.11917 -22.7988 47.8987 1 1 1
v 4.40283 -20.621 49.9756 1 1 1
v -2.45544 2.06626 25.9926 1 1 1
v 4.31409 -15.8767 50.0218 1 1 1
v -2.07352 7.90997 29.5818 1 1 1
v 4.48839 -15.9652 49.3199 1 1 1
v 4.49943 -18.0043 47.8518 1 1 1
v -1.48543 11.7286 32.6274 1 1 1
v 4.91273 -17.4066 49.4397 1 1 1
v 4.78575 -25.7608 45.2868 1 1 1
v 4.97519 -17.7793 49.4128 1 1 1
v 5.06561 -26.5143 45.7368 1 1 1
v -1.48003 -4.10846 25.2902 1 1 1
v 4.85472 -17.6518 48.4941 1 1 1
v -1.36104 12.9785 32.6173 1 1 1
v 5.42206 -19.2058 49.5708 1 1 1
v 5.22675 -27.449 45.3366 1 1 1
v 5.48297 -27.981 46.1399 1 1 1
v 4.91501 -18.1805 47.6196 1 1 1
v 5.22272 -21.0296 47.6499 1 1 1
v 5.26381 -26.6909 45.5455 1 1 1
v 5.10929 -14.5273 49.7529 1 1 1
v -1.51891 8.21338 29.3443 1 1 1
v 5.42035 -26.4789 45.7238 1 1 1
v -1.3839 13.3026 31.9297 1 1 1
v -1.35358 13.4272 32.1434 1 1 1
v 5.65649 -26.3441 46.5168 1 1 1
v 5.36393 -19.1799 47.8159 1 1 1
v -1.52645 7.24763 28.403 1 1 1
v 5.26594 -19.3394 47.0423 1 1 1
v 5.6439 -19.073 48.5743 1 1 1
v -0.895608 20.1322 35.9343 1 1 1
v -1.03026 19.7672 35.2454 1 1 1
v 5.65316 -26.4818 45.2081 1 1 1
v -1.05368 12.8962 32.0368 1 1 1
v 6.00137 -27.2731 45.9268 1 1 1
v 5.68534 -19.8673 47.3811 1 1 1
v -0.981584 13.2365 32.168 1 1 1
v 5.65932 -19.0883 47.7001 1 1 1
v 5.91525 -19.9412 48.0847 1 1 1
v -1.62801 6.28784 26.531 1 1 1
v 5.97715 -27.3658 45.0572 1 1 1
v 5.89231 -15.1505 48.9735 1 1 1
v 5.87209 -15.1151 48.1055 1 1 1
v 6.44915 -15.9207 50.212 1 1 1
v 6.47552 -15.9381 50.3052 1 1 1
v -0.76459 -3.88971 25.3369 1 1 1
v 6.2493 -19.7112 47.6274 1 1 1
v 6.17041 -19.1628 47.3947 1 1 1
v 6.16605 -20.6091 46.596 1 1 1
v 6.33071 -14.8287 49.1496 1 1 1
v 6.30486 -23.5669 45.4079 1 1 1
v 6.37513 -25.0033 44.7954 1 1 1
v 6.25532 -18.7222 46.4259 1 1 1
v 6.25532 -18.7222 46.4259 1 1 1
v 6.15487 -23.8153 44.3585 1 1 1
v 6.16437 -22.7405 44.6441 1 1 1
v 0.855444 -7.19768 29.4503 1 1 1
v -0.05646 -6.31926 26.1374 1 1 1
v 6.55231 -19.9907 46.4709 1 1 1
v 6.97166 -27.5214 44.9856 1 1 1
v 6.28431 -22.9212 43.7829 1 1 1
v 6.76129 -15.4888 47.9808 1 1 1
v -0.508197 19.1997 32.5127 1 1 1
v 6.86439 -24.2443 45.2944 1 1 1
v 6.82308 -24.1642 45.2618 1 1 1
v 0.144287 15.5983 33.5765 1 1 1
v 7.17794 -24.3436 45.4761 1 1 1
v 7.51945 -14.9809 49.782 1 1 1
v 7.55518 -19.034 48.1199 1 1 1
v 6.79355 -17.7473 45.7735 1 1 1
v 7.4654 -24.6679 45.6518 1 1 1
v 7.38311 -21.3905 45.2171 1 1 1
v 7.62093 -17.3359 47.3078 1 1 1
v 0.329096 19.3021 33.2693 1 1 1
v 0.0936958 14.5606 30.7307 1 1 1
v -0.208146 14.1022 29.7049 1 1 1
v 7.70782 -21.8203 46.0418 1 1 1
v 7.97165 -17.0483 47.9061 1 1 1
v 0.703241 20.5812 33.9508 1 1 1
v 1.2773 -6.45086 26.4625 1 1 1
v 0.417644 12.7589 29.3525 1 1 1
v 8.57505 -24.9551 44.5765 1 1 1
v 9.31555 -13.986 49.829 1 1 1
v 9.31555 -13.986 49.829 1 1 1
v 1.66778 19.0663 34.278 1 1 1
v 1.23978 13.873 31.3028 1 1 1
v 9.63836 -13.5682 49.1565 1 1 1
v 0.667226 -14.1879 21.0492 1 1 1
v 2.10545 20.0756 33.9785 1 1 1
v 1.32172 12.5145 29.5998 1 1 1
v 0.521829 24.0788 29.7487 1 1 1
v 1.5219 11.7855 29.5137 1 1 1
v 1.43682 7.1734 27.6396 1 1 1
v 1.43682 7.1734 27.6396 1 1 1
v 2.94965 19.5196 34.9621 1 1 1
v 6.08203 13.5351 41.6656 1 1 1
v 9.56839 -8.1546 46.1518 1 1 1
v 2.86113 19.8972 33.7671 1 1 1
v 10.5934 -25.0607 44.7093 1 1 1
v 1.7304 -3.83142 24.7247 1 1 1
v 2.19029 19.2187 31.4322 1 1 1
v 1.88932 7.99252 27.6895 1 1 1
v 11.5411 -9.43408 50.6209 1 1 1
v 1.75679 -3.99137 24.5256 1 1 1
v 1.78063 6.59697 26.9722 1 1 1
v 11.0443 -11.2278 48.5496 1 1 1
v 1.83318 -3.81495 24.3914 1 1 1
v 10.9493 -21.5603 44.4776 1 1 1
v 2.39565 12.5152 28.8109 1 1 1
v 3.91231 18.8494 34.1578 1 1 1
v 11.5758 -21.7595 45.3999 1 1 1
v 11.8365 -10.8363 48.1519 1 1 1
v 11.4098 -20.6411 44.7023 1 1 1
v 2.4732 19.8453 30.2379 1 1 1
v 2.24436 -3.81028 24.2597 1 1 1
v 12.4056 -12.2006 48.9364 1 1 1
v 12.0637 -22.156 45.7514 1 1 1
v 11.9854 -27.1329 44.2105 1 1 1
v 12.1105 -24.4929 44.9841 1 1 1
v 2.48621 7.55496 26.802 1 1 1
v 12.3919 -14.0132 47.3924 1 1 1
v 12.4308 -22.4697 45.5638 1 1 1
v 2.33522 8.87098 26.3178 1 1 1
v 13.5294 -11.5988 50.0162 1 1 1
v 13.5294 -11.5988 50.0162 1 1 1
v 13.5294 -11.5988 50.0162 1 1 1
v 3.86827 21.4562 32.0349 1 1 1
v 13.0795 -27.4936 44.9661 1 1 1
v 3.31053 17.6526 29.7896 1 1 1
v 4.57271 19.6265 33.2452 1 1 1
v 13.0365 -22.7324 45.6203 1 1 1
v 4.60181 20.7513 33.2533 1 1 1
v 3.11982 7.84745 27.1159 1 1 1
v 3.11982 7.84745 27.1159 1 1 1
v 3.14835 6.64748 26.8772 1 1 1
v 13.7825 -26.9843 46.1085 1 1 1
v 4.00381 21.8419 31.7422 1 1 1
v 4.11961 20.9294 31.7521 1 1 1
v 3.11759 7.2401 26.8085 1 1 1
v 4.56814 13.7873 31.1911 1 1 1
v 2.9523 7.5448 26.159 1 1 1
v 3.98531 21.566 30.7805 1 1 1
v 3.17916 20.6986 28.8735 1 1 1
v 3.68464 6.83276 27.23 1 1 1
v 7.58842 15.0509 37.9101 1 1 1
v 4.12625 13.203 29.4345 1 1 1
v 3.63013 6.77957 26.7264 1 1 1
v 3.09409 4.57959 25.008 1 1 1
v 13.5499 -27.9167 42.9987 1 1 1
v 4.23218 8.26623 27.7227 1 1 1
v 4.29589 13.0678 28.8181 1 1 1
v 4.02291 -3.77477 24.6521 1 1 1
v 2.8008 25.4432 26.835 1 1 1
v 2.8008 25.4432 26.835 1 1 1
v 7.71314 -19.7919 29.9174 1 1 1
v 4.29019 -4.2943 24.9748 1 1 1
v 3.4539 14.3583 26.2712 1 1 1
v 14.9001 -28.3372 44.0121 1 1 1
v 7.44664 -19.3481 29.0574 1 1 1
v 4.30373 8.15373 26.7891 1 1 1
v 4.92977 2.67749 27.0731 1 1 1
v 4.36417 -3.54945 24.5771 1 1 1
v 4.95117 1.10892 26.3883 1 1 1
v 4.98215 0.716056 25.9664 1 1 1
v 5.43037 2.53152 27.1162 1 1 1
v 5.78773 -3.04577 26.3745 1 1 1
v 5.24547 -1.80652 25.4084 1 1 1
v 6.80505 15.9848 31.3711 1 1 1
v 5.92281 2.00039 27.0184 1 1 1
v 5.57486 -1.61745 25.1571 1 1 1
v 6.50591 3.17921 27.5663 1 1 1
v 6.7131 20.9 30.4411 1 1 1
v 8.48696 18.5764 33.2773 1 1 1
v 8.24581 16.5736 32.3016 1 1 1
v 11.1408 15.8271 37.0588 1 1 1
v 8.266 17.8547 32.0352 1 1 1
v 7.65452 -2.35512 27.9157 1 1 1
v 13.6795 12.984 40.2869 1 1 1
v 2.15606 -1.25063 17.1273 1 1 1
v 9.81721 19.2929 33.3511 1 1 1
v 10.1928 18.9639 32.7792 1 1 1
v 8.1109 19.9141 28.704 1 1 1
v 17.0064 9.9941 42.4336 1 1 1
v 11.8964 14.1184 34.3269 1 1 1
v 13.5125 15.272 37.0655 1 1 1
v 13.0563 16.054 36.0891 1 1 1
v 27.5947 -1.73998 58.5476 1 1 1
v 10.0775 20.0755 31.4821 1 1 1
v 9.95885 20.4346 31.0647 1 1 1
v 24.3393 4.81063 48.2581 1 1 1
v 8.48725 23.2258 26.0238 1 1 1
v 27.674 -28.3046 46.3269 1 1 1
v 12.383 20.0829 28.5888 1 1 1
v 19.0492 -22.5777 34.3568 1 1 1
v -14.868 -1.39672 40.342 1 1 1
v -14.827 -1.06237 40.0548 1 1 1
v -14.0251 -3.21824 36.3338 1 1 1
v -14.7214 -1.71541 40.2827 1 1 1
v -14.6466 -2.56938 40.7739 1 1 1
v -14.4289 -3.32266 40.4233 1 1 1
v -14.5226 -1.48666 40.7839 1 1 1
v -14.4081 -1.95928 42.2685 1 1 1
v -14.4806 -1.42161 42.5763 1 1 1
v -14.3075 -1.7722 42.4841 1 1 1
v -10.4348 -17.2598 28.3117 1 1 1
v -10.4282 -18.438 30.4961 1 1 1
v -14.0138 -2.79961 43.3018 1 1 1
v -16.0365 16.3317 38.1833 1 1 1
v -13.8755 -3.20503 43.4913 1 1 1
v -13.4237 -2.57635 43.1676 1 1 1
v -13.422 -2.46664 43.7825 1 1 1
v -12.8032 -2.59238 44.0591 1 1 1
v -9.69167 -28.9458 55.9695 1 1 1
v -12.4258 -2.19879 44.7263 1 1 1
v -12.3935 -2.22176 44.2588 1 1 1
v -12.5 1.41303 40.2135 1 1 1
v -12.2824 1.26643 39.8199 1 1 1
v -9.72692 -27.6776 60.4899 1 1 1
v -9.72692 -27.6776 60.4899 1 1 1
v -9.68656 -27.2522 61.637 1 1 1
v -9.68656 -27.2522 61.637 1 1 1
v -9.81618 -26.8577 62.1873 1 1 1
v -8.94598 -30.0907 58.1801 1 1 1
v -8.94598 -30.0907 58.1801 1 1 1
v -11.9205 -0.248268 41.8261 1 1 1
v -9.00977 -26.9742 60.796 1 1 1
v -9.0493 -26.569 59.9506 1 1 1
v -8.23052 -29.444 58.6724 1 1 1
v -8.23052 -29.444 58.6724 1 1 1
v -7.61252 -30.5358 57.6963 1 1 1
v -7.38324 -29.022 59.6163 1 1 1
v -10.1834 -0.896169 43.163 1 1 1
v -11.9894 12.9993 43.831 1 1 1
v -11.7314 12.1074 44.7854 1 1 1
v -9.74118 -0.182115 43.5476 1 1 1
v -9.62034 -0.457057 43.7106 1 1 1
v -9.42337 -1.74367 67.4866 1 1 1
v -8.70269 -1.95724 53.3547 1 1 1
v -8.76454 -1.50605 44.5164 1 1 1
v -9.85379 9.99794 46.4946 1 1 1
v -10.266 26.2022 40.0041 1 1 1
v -10.266 26.2022 40.0041 1 1 1
v -6.14582 1.12899 53.8513 1 1 1
v -5.73248 1.29239 58.2054 1 1 1
v -1.24087 -29.1169 56.8038 1 1 1
v -1.35613 -28.3036 55.8916 1 1 1
v -1.14925 -28.9688 57.1936 1 1 1
v -1.23428 -28.7944 55.9326 1 1 1
v -0.732984 -29.4985 56.4937 1 1 1
v -0.692672 -27.7574 58.5115 1 1 1
v -0.968889 -7.9582 67.8987 1 1 1
v -9.1364 24.7232 28.6665 1 1 1
v -2.37844 0.296896 58.0935 1 1 1
v 1.31911 -13.3933 64.6257 1 1 1
v -4.28404 0.565554 36.5812 1 1 1
v 1.23191 -7.94777 67.216 1 1 1
v -6.39604 13.654 31.4024 1 1 1
v -6.25557 13.7334 31.9834 1 1 1
v -5.17098 12.1985 33.0396 1 1 1
v -5.23383 12.2023 32.6603 1 1 1
v -4.73942 6.58483 30.3075 1 1 1
v 2.42554 -22.2112 51.84 1 1 1
v 3.20049 -28.8919 51.6306 1 1 1
v -4.87106 5.49859 28.7055 1 1 1
v -4.01236 1.78725 30.6252 1 1 1
v -4.37694 5.57219 30.838 1 1 1
v -4.77575 -4.13674 22.5676 1 1 1
v -3.84842 -2.57992 28.3007 1 1 1
v -4.42411 5.67513 29.8823 1 1 1
v -4.07998 -2.10642 26.9558 1 1 1
v -3.56069 -4.81178 27.8954 1 1 1
v 4.57137 -12.4765 64.4608 1 1 1
v 4.62636 -13.1345 64.0102 1 1 1
v -3.51017 -4.59478 27.3859 1 1 1
v -3.51017 -4.59478 27.3859 1 1 1
v -3.39073 -4.64294 27.8265 1 1 1
v -3.39073 -4.64294 27.8265 1 1 1
v 4.69718 -12.7911 63.9206 1 1 1
v -3.87488 -2.46128 26.7193 1 1 1
v -3.42117 -4.58169 27.7148 1 1 1
v -3.55074 -4.11442 27.3452 1 1 1
v 4.74601 -13.0675 63.6907 1 1 1
v -3.55229 12.9458 36.5488 1 1 1
v 4.11828 -21.1925 55.7105 1 1 1
v 4.84016 -13.2021 63.0204 1 1 1
v -3.57951 -3.79524 26.8877 1 1 1
v 4.7346 -12.0338 62.1768 1 1 1
v -3.85189 7.15609 30.8648 1 1 1
v 3.27412 -24.4991 47.9734 1 1 1
v 3.3671 -24.6141 48.1019 1 1 1
v -3.92407 11.8875 32.9329 1 1 1
v -3.3125 -4.71168 26.7769 1 1 1
v -3.80902 3.4999 28.8344 1 1 1
v 3.04142 -27.2347 45.3918 1 1 1
v 3.61971 -26.9886 48.1548 1 1 1
v -3.24168 -4.87044 27.0341 1 1 1
v 3.50222 -26.5328 47.8164 1 1 1
v 3.18746 -27.132 45.4595 1 1 1
v -3.17668 -4.71008 26.9626 1 1 1
v -3.24897 -4.55624 26.5955 1 1 1
v -3.30008 -4.53956 26.3684 1 1 1
v -3.15909 -4.90105 26.5148 1 1 1
v -3.15909 -4.90105 26.5148 1 1 1
v 3.60681 -21.6824 48.9555 1 1 1
v -2.92567 -5.03142 27.2236 1 1 1
v -2.92567 -5.03142 27.2236 1 1 1
v 3.53266 -19.9142 48.8777 1 1 1
v 3.7279 -27.7354 46.0583 1 1 1
v -3.14526 -4.5549 26.2577 1 1 1
v 3.75266 -17.025 51.3168 1 1 1
v -2.81003 -5.43755 27.3113 1 1 1
v 3.41662 -16.5128 49.4241 1 1 1
v -3.16353 17.6824 36.4737 1 1 1
v 3.56325 -26.9098 44.6994 1 1 1
v 3.95819 -21.9568 48.714 1 1 1
v -2.97289 -4.80031 26.29 1 1 1
v -2.73062 -5.39324 27.0686 1 1 1
v -3.21447 -4.84775 24.8503 1 1 1
v 3.97578 -21.8597 47.9124 1 1 1
v -4.16792 -2.04202 22.123 1 1 1
v -2.51872 -5.01127 27.7115 1 1 1
v 4.17539 -22.3494 48.0056 1 1 1
v -3.72889 -2.0202 23.6536 1 1 1
v -2.64988 -5.41405 26.4183 1 1 1
v 4.16169 -26.803 45.611 1 1 1
v 4.33193 -22.1074 47.8505 1 1 1
v 4.3224 -24.913 46.1468 1 1 1
v -2.36922 10.1732 34.0141 1 1 1
v 4.07051 -15.6241 49.1714 1 1 1
v -3.15973 6.48339 29.1188 1 1 1
v -3.11416 6.69899 28.9408 1 1 1
v 4.67402 -24.0909 47.0753 1 1 1
v 4.50907 -13.8491 50.6907 1 1 1
v 4.73669 -13.847 51.2323 1 1 1
v 4.39225 -18.1713 47.82 1 1 1
v 4.5068 -18.8194 47.8575 1 1 1
v -2.58868 -1.84501 26.5819 1 1 1
v -2.96198 7.43473 28.8855 1 1 1
v 4.75804 -17.2284 48.988 1 1 1
v 4.54001 -20.2562 46.6138 1 1 1
v 4.67824 -18.5479 47.635 1 1 1
v -2.48538 -5.02747 25.2005 1 1 1
v 4.47569 -18.0872 46.8612 1 1 1
v -2.58395 7.33191 29.764 1 1 1
v -2.12186 -5.54291 26.2194 1 1 1
v 4.6302 -15.8324 48.0488 1 1 1
v 4.49668 -15.6972 47.728 1 1 1
v 4.90163 -17.8997 47.9049 1 1 1
v 5.1279 -14.5114 50.1923 1 1 1
v 4.92876 -26.1907 44.656 1 1 1
v 4.85527 -17.1702 47.7911 1 1 1
v 4.68262 -18.3923 46.0475 1 1 1
v 5.30526 -15.3266 49.8731 1 1 1
v 5.30526 -15.3266 49.8731 1 1 1
v 5.31052 -14.4965 50.0928 1 1 1
v -2.58492 -5.04752 23.8722 1 1 1
v -2.27944 4.28218 28.3453 1 1 1
v 5.56272 -18.3111 47.7203 1 1 1
v 5.50625 -26.3647 44.315 1 1 1
v 5.42066 -26.1407 43.847 1 1 1
v 5.57108 -20.2285 46.4627 1 1 1
v 6.34347 -20.6458 49.1741 1 1 1
v 5.55789 -26.6374 43.7848 1 1 1
v 5.94759 -26.9636 44.8842 1 1 1
v 5.46576 -20.8199 45.3092 1 1 1
v 5.8729 -26.8954 44.3715 1 1 1
v 6.06045 -20.1925 47.392 1 1 1
v 5.72953 -25.0578 44.4348 1 1 1
v -1.82165 12.3092 31.2869 1 1 1
v 5.81698 -23.4287 44.6575 1 1 1
v 5.79943 -22.3532 44.5932 1 1 1
v 6.19636 -20.3038 46.1258 1 1 1
v 6.57416 -14.5571 48.665 1 1 1
v -1.25983 13.294 31.5785 1 1 1
v -1.61127 11.6238 29.727 1 1 1
v -1.24339 12.1505 30.9577 1 1 1
v 5.80978 -17.1245 44.1253 1 1 1
v 6.51315 -22.6537 44.2732 1 1 1
v 7.10636 -19.3858 47.141 1 1 1
v 7.12329 -23.9571 44.1838 1 1 1
v -0.828584 -4.68789 25.3587 1 1 1
v 6.97703 -23.6524 43.2167 1 1 1
v 7.15108 -17.0953 45.7384 1 1 1
v -0.721093 -6.10878 24.8627 1 1 1
v 7.64509 -24.4787 44.7901 1 1 1
v 0.331963 -6.59164 27.3729 1 1 1
v -0.138475 13.0252 30.9905 1 1 1
v 8.67437 -13.1854 47.968 1 1 1
v 9.61808 -13.5362 50.0813 1 1 1
v 0.810918 1.52384 29.3793 1 1 1
v 9.17928 -13.7692 47.8834 1 1 1
v 9.20975 -12.8997 48.1215 1 1 1
v 0.295223 12.2442 29.2817 1 1 1
v 9.66075 -24.6714 43.0987 1 1 1
v 11.504 -9.35835 50.9262 1 1 1
v 0.944978 11.6023 28.633 1 1 1
v 1.17736 12.4272 29.2792 1 1 1
v 11.3808 -9.26273 49.3393 1 1 1
v 1.26028 12.4616 29.1969 1 1 1
v 1.3224 11.4523 29.0678 1 1 1
v 10.8465 -20.9127 44.8924 1 1 1
v 1.54252 19.5499 31.2286 1 1 1
v 1.22263 11.5524 28.5534 1 1 1
v 1.50374 3.76791 27.0303 1 1 1
v 11.5034 -16.2188 46.3019 1 1 1
v 11.5994 -16.2968 46.6823 1 1 1
v 11.3132 -19.1579 45.2306 1 1 1
v 1.77827 7.80402 28.3086 1 1 1
v 1.11166 7.14921 26.5241 1 1 1
v 12.081 -20.7022 45.5353 1 1 1
v 13.2233 -8.6618 50.419 1 1 1
v 13.6039 -9.20518 51.1126 1 1 1
v 13.1953 -8.76022 49.8892 1 1 1
v 1.2105 6.32448 25.7287 1 1 1
v 13.4338 -9.41635 50.2529 1 1 1
v 1.59095 -3.28414 24.416 1 1 1
v 13.3862 -27.5512 45.9187 1 1 1
v 13.0108 -22.8711 45.9416 1 1 1
v 14.2004 -9.30058 51.2244 1 1 1
v 13.1871 -28.059 44.9601 1 1 1
v 13.7241 -27.5779 46.0399 1 1 1
v 13.1874 -17.4172 46.7898 1 1 1
v 13.171 -27.1146 44.7596 1 1 1
v 1.84121 -3.48004 24.3421 1 1 1
v 1.84121 -3.48004 24.3421 1 1 1
v 12.9529 -17.7515 46.1291 1 1 1
v 2.9376 20.2803 31.1783 1 1 1
v 12.1877 -22.8879 42.8309 1 1 1
v 3.27158 9.35671 29.342 1 1 1
v 3.27158 9.35671 29.342 1 1 1
v 13.4055 -8.96364 47.5999 1 1 1
v 2.74656 -4.24723 25.4469 1 1 1
v 3.15765 18.7433 30.708 1 1 1
v 2.90844 18.7758 30.1215 1 1 1
v 11.6007 -7.03022 43.6688 1 1 1
v 2.20203 7.49364 26.2387 1 1 1
v 2.20203 7.49364 26.2387 1 1 1
v 4.41876 19.5109 32.9347 1 1 1
v 2.78045 12.203 27.6882 1 1 1
v 2.63525 7.91311 26.5408 1 1 1
v 3.8052 13.1421 29.9424 1 1 1
v 2.40512 6.79813 25.6648 1 1 1
v 4.32362 13.8874 30.8686 1 1 1
v 6.45039 11.9887 34.6408 1 1 1
v 3.03128 15.1509 28.2006 1 1 1
v 2.99159 17.9027 28.6988 1 1 1
v 3.39903 18.7919 29.1048 1 1 1
v 3.67894 6.97818 27.3412 1 1 1
v 3.41785 16.41 28.5576 1 1 1
v 3.29528 -4.11441 24.5961 1 1 1
v 3.80201 -4.15268 25.5635 1 1 1
v 2.67532 15.0556 26.6871 1 1 1
v 2.51104 6.98661 24.7377 1 1 1
v 3.22246 7.5519 26.1115 1 1 1
v 3.06166 7.45224 25.6435 1 1 1
v 3.22548 8.08043 26.0483 1 1 1
v 2.63688 4.39143 24.2198 1 1 1
v 4.61568 11.0592 29.1405 1 1 1
v 2.94757 6.9897 25.0032 1 1 1
v 3.19351 4.992 25.1821 1 1 1
v 3.70448 -4.23757 24.578 1 1 1
v 3.76074 -4.15915 24.5686 1 1 1
v 4.26136 8.59653 27.4642 1 1 1
v 3.83013 18.8873 28.1835 1 1 1
v 5.61829 8.2587 29.6241 1 1 1
v 3.00392 13.9818 25.5876 1 1 1
v 1.51295 23.2375 24.2286 1 1 1
v 4.40604 13.7003 28.0865 1 1 1
v 3.66627 -3.66686 23.7111 1 1 1
v 4.34886 6.46698 26.4765 1 1 1
v 4.26139 -4.12101 24.3492 1 1 1
v 4.35689 3.41059 25.5968 1 1 1
v 4.68169 -0.318323 25.5053 1 1 1
v 4.57679 3.97051 25.8912 1 1 1
v 4.93022 0.666918 25.8935 1 1 1
v 4.88423 -3.99101 25.122 1 1 1
v 5.06574 -4.00184 25.177 1 1 1
v 7.55186 -3.18399 29.5029 1 1 1
v 4.95274 -2.04279 24.9858 1 1 1
v 4.87389 0.175957 25.0789 1 1 1
v 6.01405 20.6919 29.7782 1 1 1
v 5.75377 1.05844 26.4227 1 1 1
v 5.25006 -2.8634 24.8456 1 1 1
v 9.8293 16.638 35.1791 1 1 1
v 5.38281 -2.83295 24.475 1 1 1
v 5.43424 -2.86936 24.3759 1 1 1
v 8.48652 17.0155 31.6584 1 1 1
v 29.1698 -0.328138 54.1096 1 1 1
v 10.0932 17.7302 28.6421 1 1 1
v 11.1013 17.5571 27.9086 1 1 1
v 11.8302 -17.0596 25.364 1 1 1
v -16.1428 -10.7406 69.5149 1 1 1
v -16.1376 -10.7354 69.4518 1 1 1
v -12.6046 -26.5865 61.2238 1 1 1
v -12.441 -27.425 62.6218 1 1 1
v -11.5806 -30.5498 59.9675 1 1 1
v -11.2522 -21.3992 42.4131 1 1 1
v -11.2522 -21.3992 42.4131 1 1 1
v -14.1542 -2.83268 43.9163 1 1 1
v -14.1648 -1.79234 43.3357 1 1 1
v -13.8933 -2.50823 43.6798 1 1 1
v -11.2093 -27.9674 63.5114 1 1 1
v -13.5572 -2.17244 43.0855 1 1 1
v -10.2092 -21.9508 41.9872 1 1 1
v -13.3597 -2.48907 43.4759 1 1 1
v -9.56919 -32.0161 60.4764 1 1 1
v -9.58942 -31.9506 60.3721 1 1 1
v -9.58942 -31.9506 60.3721 1 1 1
v -12.9221 -2.50624 44.292 1 1 1
v -9.39958 -30.7838 61.0749 1 1 1
v -9.39958 -30.7838 61.0749 1 1 1
v -13.0534 -10.611 72.7191 1 1 1
v -9.3439 -30.5476 61.9795 1 1 1
v -9.3439 -30.5476 61.9795 1 1 1
v -8.83125 -31.9183 60.5687 1 1 1
v -8.83125 -31.9183 60.5687 1 1 1
v -12.9817 2.97458 40.4387 1 1 1
v -8.8574 -28.8986 61.4726 1 1 1
v -8.8574 -28.8986 61.4726 1 1 1
v -8.06144 -31.5189 59.4334 1 1 1
v -8.0787 -30.876 59.991 1 1 1
v -8.0787 -30.876 59.991 1 1 1
v -7.2997 -30.753 59.7252 1 1 1
v -7.38737 -28.6905 61.1028 1 1 1
v -12.3915 12.3642 41.8816 1 1 1
v -8.83588 -0.749005 45.1411 1 1 1
v -6.54994 -1.82225 60.4935 1 1 1
v -1.19207 -28.6831 59.5272 1 1 1
v -0.806198 -28.7474 58.6929 1 1 1
v -0.806198 -28.7474 58.6929 1 1 1
v -0.50893 -31.331 58.0735 1 1 1
v -0.619878 -30.6976 56.8796 1 1 1
v -0.619878 -30.6976 56.8796 1 1 1
v -0.533145 -29.9361 57.5442 1 1 1
v -0.109889 -30.6509 59.0732 1 1 1
v -6.35129 11.9801 41.7178 1 1 1
v 1.75545 -15.3696 66.1732 1 1 1
v 1.75545 -15.3696 66.1732 1 1 1
v 1.59366 -7.88286 69.0744 1 1 1
v 1.65306 -7.99049 67.8731 1 1 1
v -4.71909 10.5224 44.0691 1 1 1
v -2.05481 5.73441 50.9619 1 1 1
v -6.9011 19.3878 34.1458 1 1 1
v -6.53109 16.7295 33.1234 1 1 1
v -0.687409 4.10626 51.7319 1 1 1
v -6.11002 13.7033 30.6303 1 1 1
v 3.34996 -23.2806 50.5076 1 1 1
v 3.23089 -22.0579 49.9029 1 1 1
v 3.3723 -23.0463 49.6272 1 1 1
v 5.02846 -6.97605 64.6058 1 1 1
v 3.47958 -24.7537 48.5092 1 1 1
v 3.99599 -27.3011 49.5087 1 1 1
v -5.75799 11.8786 28.6634 1 1 1
v -5.37153 15.4392 32.3502 1 1 1
v -5.1254 11.5118 31.0429 1 1 1
v -5.02077 12.0864 31.2234 1 1 1
v 3.54116 -26.5821 46.352 1 1 1
v -4.22826 8.88045 32.432 1 1 1
v -4.08745 -2.37541 27.2151 1 1 1
v -4.46242 4.95635 29.2749 1 1 1
v 3.67998 -27.6902 45.6421 1 1 1
v 3.68862 -27.1022 45.7154 1 1 1
v 3.75592 -25.9467 45.5724 1 1 1
v -3.63481 -4.07419 27.0342 1 1 1
v -3.57005 1.0057 29.5828 1 1 1
v -3.78512 -3.1191 26.705 1 1 1
v -3.65178 11.9888 34.4844 1 1 1
v -3.14236 -5.1696 27.8558 1 1 1
v -4.37463 12.8509 31.3558 1 1 1
v -3.16377 -5.10414 27.336 1 1 1
v -4.03835 5.85798 28.6146 1 1 1
v 4.96327 -27.0601 46.9407 1 1 1
v 4.51545 -15.5647 50.5069 1 1 1
v -4.08556 5.35466 28.1669 1 1 1
v 4.49713 -18.2755 48.2186 1 1 1
v -3.07439 -5.08478 26.5823 1 1 1
v 5.11323 -27.2719 46.298 1 1 1
v 4.91673 -25.9323 45.8112 1 1 1
v 4.88058 -15.5202 49.6645 1 1 1
v -3.14663 -4.60158 25.8887 1 1 1
v -3.76427 16.511 32.8394 1 1 1
v -3.76427 16.511 32.8394 1 1 1
v 4.92691 -26.8674 44.4608 1 1 1
v 4.97538 -18.8651 48.1887 1 1 1
v 5.01327 -25.9103 44.9714 1 1 1
v 5.18692 -18.731 48.6355 1 1 1
v 5.08867 -25.6493 45.0628 1 1 1
v 5.02988 -15.3617 48.4747 1 1 1
v 5.6006 -26.8201 45.8513 1 1 1
v 5.59866 -26.1942 45.8908 1 1 1
v -2.86834 -4.71133 25.645 1 1 1
v 5.37405 -23.7544 45.3973 1 1 1
v 5.37405 -23.7544 45.3973 1 1 1
v 7.75034 -26.5641 51.9539 1 1 1
v 7.75034 -26.5641 51.9539 1 1 1
v -2.50766 -3.61291 27.0366 1 1 1
v 5.86296 -19.698 48.4441 1 1 1
v 5.36996 -19.1488 46.6808 1 1 1
v -3.03722 -1.79381 25.6344 1 1 1
v 5.88447 -23.8615 46.1236 1 1 1
v 5.71019 -19.9567 46.9905 1 1 1
v 6.31681 -25.1681 46.7449 1 1 1
v -2.20097 9.31722 32.3053 1 1 1
v 6.58526 -21.4681 48.6671 1 1 1
v 5.7683 -20.5651 46.4244 1 1 1
v -2.49655 -4.91903 25.703 1 1 1
v -2.49655 -4.91903 25.703 1 1 1
v 5.7041 -22.8886 45.2298 1 1 1
v -2.22512 -5.55104 26.1314 1 1 1
v -1.98074 8.63663 31.9599 1 1 1
v 6.45657 -25.2492 45.8328 1 1 1
v 6.29596 -24.9929 45.3598 1 1 1
v -2.98189 6.22403 27.555 1 1 1
v 6.02443 -20.4186 45.77 1 1 1
v 6.38046 -18.2348 47.8733 1 1 1
v 5.85418 -23.4887 44.3726 1 1 1
v 6.61749 -14.8706 49.0729 1 1 1
v 6.57716 -20.4547 46.84 1 1 1
v 6.64956 -20.5166 47.008 1 1 1
v -1.81154 11.3393 31.3012 1 1 1
v 6.70884 -24.6087 44.1537 1 1 1
v 7.21445 -24.3696 45.0969 1 1 1
v 7.22468 -16.7948 47.3386 1 1 1
v 6.81714 -22.2734 44.0455 1 1 1
v -1.54405 -4.99135 25.5753 1 1 1
v 7.16784 -17.3156 46.2057 1 1 1
v 6.64246 -23.6987 42.9562 1 1 1
v 7.68937 -21.5859 45.9487 1 1 1
v -1.72478 12.5453 30.4908 1 1 1
v -1.81499 -4.06257 24.7461 1 1 1
v -1.95682 11.8749 29.0201 1 1 1
v 9.22105 -14.1718 51.1102 1 1 1
v -1.62103 -4.24647 24.3256 1 1 1
v -1.62964 6.91543 27.1573 1 1 1
v 12.4529 -19.7889 56.352 1 1 1
v 9.63773 -13.7472 50.0103 1 1 1
v 9.37824 -11.3227 48.2241 1 1 1
v 9.18177 -11.4918 47.6003 1 1 1
v 9.85737 -11.1302 48.8947 1 1 1
v 9.91789 -11.1762 48.6145 1 1 1
v 10.5059 -27.4088 45.3917 1 1 1
v 10.155 -11.6184 48.6015 1 1 1
v -0.611221 18.2526 30.1968 1 1 1
v 2.82655 11.9123 36.6422 1 1 1
v 10.0666 -10.9824 47.8 1 1 1
v -0.0705785 12.4926 29.6647 1 1 1
v 10.0902 -10.5137 47.6898 1 1 1
v 20.7594 -40.2699 65.4629 1 1 1
v 10.3838 -11.7292 47.968 1 1 1
v 10.1976 -10.6355 47.5954 1 1 1
v 10.5822 -11.2882 48.4137 1 1 1
v 10.2468 -11.1327 47.4553 1 1 1
v -0.013745 12.8622 29.3773 1 1 1
v 0.306888 9.46108 29.1141 1 1 1
v 12.0078 -9.25381 51.1043 1 1 1
v 11.6703 -9.12882 50.2995 1 1 1
v 0.249323 11.7413 28.9799 1 1 1
v 11.1025 -26.2778 44.3975 1 1 1
v 11.4522 -22.0647 45.8466 1 1 1
v 3.58971 11.7097 36.1779 1 1 1
v 1.06904 18.4992 31.3185 1 1 1
v 11.9104 -11.1392 48.4765 1 1 1
v 11.6434 -10.6755 47.773 1 1 1
v 12.3797 -8.94837 49.7117 1 1 1
v 12.627 -11.6963 49.5768 1 1 1
v 13.0944 -11.3313 50.4588 1 1 1
v 3.58154 11.5048 34.6761 1 1 1
v 12.1071 -21.05 45.1213 1 1 1
v 12.5581 -21.2337 45.6777 1 1 1
v 12.5117 -22.4933 45.1211 1 1 1
v 12.8234 -20.1007 46.1183 1 1 1
v 14.0476 -27.9059 46.6714 1 1 1
v 14.1457 -28.4953 46.4538 1 1 1
v 13.9379 -28.2509 46.0328 1 1 1
v 22.2846 -37.1574 59.732 1 1 1
v 1.30524 -3.36334 23.5973 1 1 1
v 1.36225 -3.81789 23.377 1 1 1
v 3.38121 18.4672 31.5922 1 1 1
v 2.61257 17.7258 29.6107 1 1 1
v 4.76399 11.0307 32.1012 1 1 1
v 1.67713 6.5078 25.4038 1 1 1
v 27.3656 -40.0527 64.3258 1 1 1
v 27.1614 -39.8417 63.926 1 1 1
v 5.46708 14.4851 33.2025 1 1 1
v 2.99405 12.2122 28.3209 1 1 1
v 26.14 -38.4227 61.6701 1 1 1
v 3.12595 12.4416 28.3512 1 1 1
v 2.92622 7.07018 26.6259 1 1 1
v 3.59274 12.5622 28.8008 1 1 1
v 3.15533 8.7675 27.3599 1 1 1
v 3.17083 18.7809 29.0241 1 1 1
v 3.02383 8.66187 26.8374 1 1 1
v 2.66473 7.49346 25.7707 1 1 1
v 3.00778 -4.76894 24.3594 1 1 1
v 3.19931 11.7103 27.4089 1 1 1
v 4.68353 11.9615 30.0698 1 1 1
v 3.3883 6.7175 26.8288 1 1 1
v 3.43018 6.69734 26.6866 1 1 1
v 3.84253 13.2795 28.4241 1 1 1
v 2.60773 11.8076 25.9586 1 1 1
v 2.41668 4.53395 24.2457 1 1 1
v 3.24938 6.63046 26.0995 1 1 1
v 3.22653 6.61243 26.056 1 1 1
v 2.49792 14.8593 25.9101 1 1 1
v 6.20085 11.8072 31.6299 1 1 1
v 2.64907 14.5168 25.6344 1 1 1
v 30.4008 -39.5709 64.1084 1 1 1
v 3.67407 13.8139 26.8098 1 1 1
v 3.7866 13.2095 26.7572 1 1 1
v 3.7366 -4.21808 23.9864 1 1 1
v 3.74215 5.51657 25.1481 1 1 1
v 4.44575 5.65007 26.1821 1 1 1
v 4.47444 2.49792 25.6658 1 1 1
v 4.1183 2.36159 24.9619 1 1 1
v 6.57686 17.1988 30.9853 1 1 1
v 4.52859 4.38745 25.6551 1 1 1
v 4.59704 14.1639 27.0879 1 1 1
v 4.01112 1.94206 24.3966 1 1 1
v 5.33688 0.846049 26.0169 1 1 1
v 4.41812 -2.11366 23.9717 1 1 1
v 5.46771 0.735659 26.0673 1 1 1
v 0.995167 21.9272 21.813 1 1 1
v 4.8869 -3.14907 24.146 1 1 1
v 6.51541 16.3592 28.7495 1 1 1
v 7.63169 16.6222 28.8274 1 1 1
v 37.4449 -37.6121 60.0131 1 1 1
v 40.6704 -38.7521 61.7728 1 1 1
v 33.032 -0.146754 54.7103 1 1 1
v -15.0504 -2.56265 41.5993 1 1 1
v -14.8099 -3.54743 42.088 1 1 1
v -14.8383 -3.1833 42.139 1 1 1
v -15.0286 -1.58422 41.6166 1 1 1
v -15.0286 -1.58422 41.6166 1 1 1
v -14.9813 -1.48437 41.4256 1 1 1
v -18.3387 20.6401 33.9398 1 1 1
v -14.6773 -2.70678 41.6593 1 1 1
v -14.7517 -1.83391 41.5037 1 1 1
v -14.6794 -2.103 41.4907 1 1 1
v -14.6781 -2.22599 42.3401 1 1 1
v -10.7826 -31.2513 61.9356 1 1 1
v -14.5915 -1.83143 42.0558 1 1 1
v -11.2228 -27.4898 63.6633 1 1 1
v -14.4102 -1.85108 41.9452 1 1 1
v -14.2136 -3.06702 43.1837 1 1 1
v -14.1534 -2.00386 42.2068 1 1 1
v -14.2176 -1.70678 41.8267 1 1 1
v -14.0683 -2.17856 42.2495 1 1 1
v -14.0367 -2.68303 43.4435 1 1 1
v -13.6301 -10.7898 71.7173 1 1 1
v -9.57381 -31.2629 60.7387 1 1 1
v -9.57381 -31.2629 60.7387 1 1 1
v -9.60493 -29.8251 61.4621 1 1 1
v -9.60493 -29.8251 61.4621 1 1 1
v -12.8636 -9.86587 71.684 1 1 1
v -8.83926 -30.1356 60.1274 1 1 1
v -8.83926 -30.1356 60.1274 1 1 1
v -13.1012 -2.49406 43.9055 1 1 1
v -13.0508 -2.39207 43.8808 1 1 1
v -7.37385 -29.9865 59.845 1 1 1
v -7.37385 -29.9865 59.845 1 1 1
v -7.38646 -28.5907 60.7567 1 1 1
v -7.38646 -28.5907 60.7567 1 1 1
v -9.8085 -9.96725 70.9064 1 1 1
v -12.6422 12.5983 42.0718 1 1 1
v -12.569 12.4616 41.5748 1 1 1
v -12.5301 12.2728 41.6679 1 1 1
v -7.54589 -9.20851 66.3573 1 1 1
v -11.9061 12.9554 43.5763 1 1 1
v -11.3656 11.273 43.2791 1 1 1
v -3.61749 -29.4642 57.5748 1 1 1
v -11.2136 11.8095 41.5264 1 1 1
v -9.91112 4.82597 40.6368 1 1 1
v -7.98404 0.300789 45.9681 1 1 1
v -1.52421 -30.5441 58.2085 1 1 1
v -11.5728 17.963 33.8313 1 1 1
v -11.562 18.1501 34.1111 1 1 1
v -1.43916 -27.7307 59.1097 1 1 1
v -1.51261 -28.471 57.4891 1 1 1
v -7.70879 7.01738 47.0883 1 1 1
v -0.872815 -28.0432 57.3594 1 1 1
v -0.733717 -27.9287 57.6993 1 1 1
v -0.450154 -27.2667 59.3809 1 1 1
v -0.270079 -27.9711 59.8757 1 1 1
v -1.71277 -8.01702 66.319 1 1 1
v -11.2045 21.9073 29.4151 1 1 1
v -7.85422 15.3948 35.5993 1 1 1
v -7.85422 15.3948 35.5993 1 1 1
v -6.39048 11.6695 40.1095 1 1 1
v -5.80029 10.817 41.3075 1 1 1
v -5.80029 10.817 41.3075 1 1 1
v -6.8057 13.4748 37.2254 1 1 1
v -2.27187 5.2486 49.1268 1 1 1
v -2.27187 5.2486 49.1268 1 1 1
v -0.801377 2.05111 53.1742 1 1 1
v -4.92633 0.0383425 32.3383 1 1 1
v 3.66718 -6.8765 62.753 1 1 1
v 2.87838 -29.2044 46.1654 1 1 1
v 3.64733 -20.5722 54.0337 1 1 1
v -6.69779 12.9269 30.1232 1 1 1
v 5.03137 -12.8997 63.4473 1 1 1
v -6.89227 18.8962 32.3934 1 1 1
v 3.45881 -29.3621 46.2665 1 1 1
v 3.47463 -29.1632 46.3053 1 1 1
v 3.20266 -26.7658 46.0961 1 1 1
v 3.20266 -26.7658 46.0961 1 1 1
v 4.36824 -17.0246 55.6343 1 1 1
v 3.5035 -24.3651 48.44 1 1 1
v 3.02815 -19.4301 48.9291 1 1 1
v 3.44042 -26.0001 46.6801 1 1 1
v 3.44042 -26.0001 46.6801 1 1 1
v -6.11588 13.7516 30.8147 1 1 1
v 3.66374 -28.9923 45.8087 1 1 1
v 5.32611 -12.4524 60.0512 1 1 1
v 4.96194 -5.38718 62.1168 1 1 1
v 4.28127 -27.0379 48.4679 1 1 1
v 3.6679 -16.7975 51.1994 1 1 1
v 3.77026 -22.082 48.8718 1 1 1
v 4.80932 -5.71561 60.4091 1 1 1
v 3.50454 -25.7885 45.3517 1 1 1
v -5.95565 17.8792 32.0644 1 1 1
v 4.25808 -29.2475 46.0853 1 1 1
v 3.97916 -21.9863 48.8322 1 1 1
v 3.26657 -18.6643 46.9585 1 1 1
v -4.20393 1.7164 29.8707 1 1 1
v -4.68391 5.26788 29.6561 1 1 1
v -5.09032 15.5108 32.9345 1 1 1
v 4.26227 -28.3714 45.1091 1 1 1
v 4.08992 -21.9021 47.3047 1 1 1
v -4.87854 5.75935 28.636 1 1 1
v -4.60935 8.12708 30.5771 1 1 1
v 3.70953 -18.9189 47.1043 1 1 1
v -4.52339 5.44285 29.5973 1 1 1
v 3.89867 -19.3484 47.4331 1 1 1
v -4.11106 -2.09926 27.1744 1 1 1
v 4.33677 -23.208 46.3431 1 1 1
v -4.88877 5.33688 27.772 1 1 1
v -4.62713 15.8842 33.3274 1 1 1
v 3.8383 -18.8177 46.6155 1 1 1
v 4.07457 -15.6689 48.6149 1 1 1
v 4.01737 -15.2773 48.3105 1 1 1
v 4.39509 -26.0141 44.6693 1 1 1
v -4.55796 4.90983 28.2473 1 1 1
v 4.40595 -15.27 49.2041 1 1 1
v -4.75463 4.06787 26.713 1 1 1
v 4.33531 -15.5066 48.414 1 1 1
v -3.74518 -2.94735 27.05 1 1 1
v 4.74852 -17.8291 48.7994 1 1 1
v 4.33408 -16.8765 47.6438 1 1 1
v 4.56677 -17.3353 48.1452 1 1 1
v -3.71181 -3.63948 26.6126 1 1 1
v -3.87987 -3.73843 25.9312 1 1 1
v -3.32672 -4.9135 26.9696 1 1 1
v -4.35073 3.25939 26.9467 1 1 1
v 4.68476 -18.2238 47.2894 1 1 1
v 4.98775 -26.5858 44.7203 1 1 1
v 4.98775 -26.5858 44.7203 1 1 1
v 4.86482 -25.4471 44.5298 1 1 1
v 4.79547 -17.494 47.6052 1 1 1
v -4.09998 15.8692 32.8963 1 1 1
v 4.80184 -15.9347 48.3471 1 1 1
v 5.0842 -14.3012 49.5371 1 1 1
v 5.10062 -25.9647 44.8436 1 1 1
v 4.943 -17.7282 47.5544 1 1 1
v 4.6447 -18.8075 46.0391 1 1 1
v 5.0666 -18.8529 47.4214 1 1 1
v 5.49316 -28.3732 44.7923 1 1 1
v -3.13561 -5.1435 26.6702 1 1 1
v 5.08362 -15.6443 47.8584 1 1 1
v 5.22561 -15.7183 48.1326 1 1 1
v 5.35402 -25.9199 44.5276 1 1 1
v 5.22925 -14.9146 48.4884 1 1 1
v -3.31404 -4.90946 26.0336 1 1 1
v -3.31404 -4.90946 26.0336 1 1 1
v 4.4543 -18.023 45.0106 1 1 1
v -3.28909 -4.78608 26.0601 1 1 1
v -3.44931 -4.6093 25.6063 1 1 1
v -4.89438 12.2675 27.6877 1 1 1
v -2.9191 -5.37471 26.691 1 1 1
v 5.33801 -26.327 43.7573 1 1 1
v 5.14544 -24.6182 43.6665 1 1 1
v 5.90385 -20.1419 47.8438 1 1 1
v 5.25426 -25.0971 43.709 1 1 1
v 5.44152 -26.5665 43.6401 1 1 1
v 5.28041 -15.1162 47.5368 1 1 1
v -2.68858 9.4511 32.5431 1 1 1
v 5.64022 -27.9263 43.683 1 1 1
v 5.92161 -28.4445 44.2683 1 1 1
v 5.86576 -26.2038 44.5539 1 1 1
v 5.86576 -26.2038 44.5539 1 1 1
v 6.89898 -20.7701 49.5521 1 1 1
v 5.48783 -24.7016 43.7003 1 1 1
v 5.98876 -27.4412 44.1184 1 1 1
v 5.68144 -19.9288 45.7875 1 1 1
v 6.15724 -28.0604 44.2662 1 1 1
v -2.77368 -5.3652 26.1525 1 1 1
v 5.61719 -23.9502 43.8522 1 1 1
v 5.488 -22.305 44.1582 1 1 1
v 6.27762 -14.8077 48.9736 1 1 1
v 5.77175 -24.179 44.1407 1 1 1
v 6.439 -28.2569 44.3438 1 1 1
v 5.70624 -22.8035 43.7894 1 1 1
v 6.06208 -24.0778 44.3601 1 1 1
v 6.44772 -20.3835 46.8024 1 1 1
v -3.43266 6.1757 27.537 1 1 1
v 5.90689 -22.5891 43.9215 1 1 1
v -3.41492 6.4223 27.3291 1 1 1
v -2.44583 -5.29557 25.9873 1 1 1
v 6.62782 -26.9402 44.0609 1 1 1
v 6.62782 -26.9402 44.0609 1 1 1
v 6.87021 -28.3429 44.0953 1 1 1
v 6.36087 -23.6086 44.1462 1 1 1
v -2.33486 -5.44095 25.8859 1 1 1
v -3.33025 7.22511 27.0051 1 1 1
v -3.46825 3.40792 25.2395 1 1 1
v -3.20012 3.65928 26.1002 1 1 1
v 6.79464 -23.7865 44.0931 1 1 1
v -2.92073 11.2145 28.9371 1 1 1
v 8.15647 -14.3704 49.7307 1 1 1
v -2.86342 7.22853 27.2511 1 1 1
v -2.70411 4.02428 26.684 1 1 1
v 7.06827 -21.8527 43.9646 1 1 1
v 7.23486 -23.9827 43.7026 1 1 1
v 7.45891 -24.4879 43.9805 1 1 1
v 7.40349 -17.548 46.2419 1 1 1
v 5.19253 -15.6937 40.582 1 1 1
v -2.67053 11.0788 28.4639 1 1 1
v -2.24203 11.312 29.4678 1 1 1
v -2.29582 12.0642 29.2481 1 1 1
v -2.22063 12.1804 29.4542 1 1 1
v -2.32634 11.4606 28.789 1 1 1
v 8.2247 -23.9347 43.9204 1 1 1
v 8.06444 -24.3143 43.3869 1 1 1
v -2.08434 10.9941 28.5264 1 1 1
v -1.52107 8.64335 29.1235 1 1 1
v 8.46116 -14.1976 46.5061 1 1 1
v 9.01447 -12.2508 47.7449 1 1 1
v -2.24428 5.70527 25.2827 1 1 1
v -1.41592 -4.20177 24.3816 1 1 1
v -1.31907 13.5938 29.5034 1 1 1
v 9.87541 -28.527 44.2924 1 1 1
v -2.01823 5.86596 25.438 1 1 1
v -1.3429 -3.79339 24.4061 1 1 1
v 8.83774 -23.0397 42.8796 1 1 1
v 9.78964 -28.3914 43.7144 1 1 1
v 10.1018 -28.4542 44.4412 1 1 1
v 9.78199 -28.3594 43.6736 1 1 1
v 9.56702 -10.7343 47.6458 1 1 1
v -1.38167 -3.84664 24.0407 1 1 1
v 9.19742 -24.5503 42.9247 1 1 1
v -1.32327 -3.75017 24.123 1 1 1
v 9.8703 -27.656 43.5729 1 1 1
v -1.02533 -3.86547 24.7464 1 1 1
v 9.59316 -14.1209 46.0888 1 1 1
v 9.59316 -14.1209 46.0888 1 1 1
v 9.50947 -9.39294 46.9471 1 1 1
v -0.904668 6.69674 27.2378 1 1 1
v 10.2443 -10.7769 47.2585 1 1 1
v 11.3338 -28.5771 45.0633 1 1 1
v 10.2909 -9.42748 47.1888 1 1 1
v 9.17401 -21.7638 41.663 1 1 1
v 10.2783 -9.88711 46.5504 1 1 1
v 0.533425 12.2876 30.7226 1 1 1
v 10.521 -9.31146 47.1925 1 1 1
v 3.16227 11.6396 36.1363 1 1 1
v 10.3541 -9.62741 46.1523 1 1 1
v 10.3541 -9.62741 46.1523 1 1 1
v -0.334699 16.0047 29.1645 1 1 1
v 10.7981 -24.4564 43.2638 1 1 1
v 10.8398 -9.32442 46.8258 1 1 1
v 11.0174 -9.969 47.0155 1 1 1
v 10.8885 -9.92836 46.6561 1 1 1
v 10.816 -9.70966 46.5023 1 1 1
v 11.0331 -9.10255 46.9629 1 1 1
v -0.122692 11.1783 27.7804 1 1 1
v 11.8331 -9.03827 48.0381 1 1 1
v 12.5255 -24.8479 45.7876 1 1 1
v -0.0887534 11.7896 27.7487 1 1 1
v -0.387676 11.3884 27.0318 1 1 1
v 12.586 -8.83359 49.3345 1 1 1
v 12.5444 -29.0225 44.7099 1 1 1
v 12.1529 -9.06916 48.2065 1 1 1
v 12.0188 -9.75904 47.813 1 1 1
v 11.8748 -22.2084 44.7992 1 1 1
v 11.6036 -26.7334 43.0617 1 1 1
v 0.000816066 10.6538 27.3828 1 1 1
v 16.7252 -15.4982 55.7505 1 1 1
v 11.7951 -28.2638 43.0155 1 1 1
v 12.4011 -8.69628 48.2415 1 1 1
v 12.6743 -8.73316 48.7755 1 1 1
v 12.6811 -27.1486 44.6936 1 1 1
v 13.915 -11.6063 50.5498 1 1 1
v 12.5744 -28.5979 43.968 1 1 1
v 13.3439 -9.02855 49.4614 1 1 1
v 13.6793 -26.7496 45.8627 1 1 1
v 0.232168 10.2886 26.6015 1 1 1
v 14.4567 -27.08 46.4363 1 1 1
v 13.7422 -28.9454 44.4395 1 1 1
v 0.96881 7.54035 26.9517 1 1 1
v 13.2476 -27.1344 43.4891 1 1 1
v 1.05835 8.21581 26.8856 1 1 1
v 13.1448 -28.0103 42.7079 1 1 1
v 1.04166 15.299 28.0234 1 1 1
v 1.10686 10.0343 26.8604 1 1 1
v 14.3255 -27.0198 44.7804 1 1 1
v -0.240862 -5.34458 21.0124 1 1 1
v 0.073577 6.4982 23.8105 1 1 1
v 0.60975 7.10199 24.7619 1 1 1
v 1.60135 15.7874 28.1489 1 1 1
v 1.32019 -3.86248 23.8561 1 1 1
v 1.21086 -3.44585 23.6655 1 1 1
v 2.03928 -5.39964 24.8012 1 1 1
v 1.1529 -3.42579 23.1425 1 1 1
v 1.33548 -3.40998 23.5557 1 1 1
v 1.1529 -3.42579 23.1425 1 1 1
v 1.52952 6.40932 25.1668 1 1 1
v 2.17337 -4.08783 24.4901 1 1 1
v 1.18391 6.71845 24.4939 1 1 1
v 15.5487 -28.5988 43.7123 1 1 1
v 2.00493 -3.65327 23.8977 1 1 1
v 1.31009 17.7954 26.2335 1 1 1
v 0.48404 15.6107 24.4249 1 1 1
v 3.01303 12.3228 28.1543 1 1 1
v 3.23211 12.5628 28.5517 1 1 1
v 3.23211 12.5628 28.5517 1 1 1
v 0.813872 6.58395 23.1981 1 1 1
v 1.80787 -3.07744 23.0558 1 1 1
v 2.18117 17.1123 26.9492 1 1 1
v 1.49648 6.95131 23.9757 1 1 1
v 2.64277 12.1135 26.486 1 1 1
v 2.68392 12.1598 26.5588 1 1 1
v 1.98854 7.4197 24.5019 1 1 1
v 3.00784 7.52399 25.4981 1 1 1
v 2.68173 3.75502 24.3152 1 1 1
v 4.55183 13.4489 28.1159 1 1 1
v 3.70442 2.50715 25.173 1 1 1
v 3.67409 2.49078 25.1215 1 1 1
v 3.3453 2.19176 24.421 1 1 1
v 3.59153 2.20197 24.867 1 1 1
v 1.08136 19.517 23.376 1 1 1
v 4.03563 13.4815 26.9175 1 1 1
v 2.69911 -3.56244 22.3052 1 1 1
v 3.78489 5.2435 25.0773 1 1 1
v 3.79439 5.23915 25.077 1 1 1
v 4.87935 -2.95355 25.3984 1 1 1
v 3.62297 4.00946 24.104 1 1 1
v 4.05029 -1.63786 23.8841 1 1 1
v 4.27326 -2.06595 24.0648 1 1 1
v 5.57566 -1.70773 25.8959 1 1 1
v 4.85984 0.524508 25.0273 1 1 1
v 4.57958 5.20735 25.0884 1 1 1
v 4.4703 -2.58939 23.6217 1 1 1
v 4.65763 -2.89917 23.8332 1 1 1
v 6.02182 -2.18957 25.3549 1 1 1
v 29.4506 -0.656677 54.0812 1 1 1
v 21.6018 -26.7955 40.912 1 1 1
v 27.5739 -27.9121 45.505 1 1 1
v 26.3044 -26.1861 43.1337 1 1 1
v 26.1314 5.30135 42.689 1 1 1
v -17.0919 0.0772362 42.3916 1 1 1
v -17.004 -0.0647082 41.5948 1 1 1
v -17.0684 0.316279 41.527 1 1 1
v -16.7413 -1.36512 42.2212 1 1 1
v -12.4034 -16.9814 27.0516 1 1 1
v -15.7751 -2.68671 42.1689 1 1 1
v -15.4663 -0.70304 41.0211 1 1 1
v -14.9555 -3.39721 40.691 1 1 1
v -14.8824 -3.77381 40.9501 1 1 1
v -15.0714 -8.62785 69.1041 1 1 1
v -15.0714 -8.62785 69.1041 1 1 1
v -14.9974 -3.11488 42.358 1 1 1
v -14.9974 -3.11488 42.358 1 1 1
v -14.9327 -1.42795 41.0462 1 1 1
v -14.9461 -1.22952 41.7725 1 1 1
v -14.9538 -1.18094 42.1637 1 1 1
v -14.7761 -1.55892 42.3834 1 1 1
v -14.6897 -1.60911 40.9946 1 1 1
v -14.3411 -3.49581 41.2441 1 1 1
v -14.4045 -3.24082 42.5826 1 1 1
v -14.4027 -3.23696 42.6492 1 1 1
v -14.4027 -3.23696 42.6492 1 1 1
v -14.3307 -2.80637 41.4264 1 1 1
v -14.3307 -2.80637 41.4264 1 1 1
v -13.8722 -8.40984 67.3086 1 1 1
v -14.2908 -2.557 41.8048 1 1 1
v -14.0949 -3.454 43.2251 1 1 1
v -14.1738 -3.3754 44.8757 1 1 1
v -9.61368 -28.7015 60.7181 1 1 1
v -9.61368 -28.7015 60.7181 1 1 1
v -9.61116 -28.1524 61.5021 1 1 1
v -9.61116 -28.1524 61.5021 1 1 1
v -13.7942 -3.3683 42.758 1 1 1
v -9.63663 -27.3809 61.9364 1 1 1
v -13.8494 -2.94925 48.5696 1 1 1
v -8.86065 -30.5338 59.0006 1 1 1
v -8.86704 -29.2756 60.0771 1 1 1
v -8.86704 -29.2756 60.0771 1 1 1
v -11.0376 -16.3906 25.9855 1 1 1
v -11.0376 -16.3906 25.9855 1 1 1
v -13.343 -2.61478 42.5688 1 1 1
v -8.08171 -30.5157 58.5936 1 1 1
v -8.08171 -30.5157 58.5936 1 1 1
v -8.12076 -29.8635 59.4708 1 1 1
v -8.12076 -29.8635 59.4708 1 1 1
v -13.0125 -2.63353 44.5548 1 1 1
v -8.19444 -26.7225 61.8218 1 1 1
v -7.88549 -28.225 60.5273 1 1 1
v -12.3509 -2.29478 44.5217 1 1 1
v -7.54973 -27.2126 61.1146 1 1 1
v -7.31932 -27.8389 61.0346 1 1 1
v -12.577 0.10102 43.2168 1 1 1
v -12.577 0.10102 43.2168 1 1 1
v -12.4738 1.10234 38.3463 1 1 1
v -9.88555 -0.264311 43.1984 1 1 1
v -9.76744 -0.490134 43.4824 1 1 1
v -8.5208 -1.13271 55.364 1 1 1
v -11.5723 10.8958 42.0187 1 1 1
v -8.03724 -1.05753 44.7307 1 1 1
v -1.27727 -28.8414 58.4468 1 1 1
v -0.975093 -28.994 58.7071 1 1 1
v -1.27315 -28.9502 56.2349 1 1 1
v -0.561825 -29.3768 60.5826 1 1 1
v -6.3531 0.708339 52.4662 1 1 1
v -0.939675 -30.294 55.6376 1 1 1
v -0.887759 -28.4067 57.7336 1 1 1
v -0.887759 -28.4067 57.7336 1 1 1
v -0.936188 -29.3296 56.4904 1 1 1
v -8.69053 5.85841 41.1385 1 1 1
v -1.18329 -28.2633 55.0261 1 1 1
v -7.82846 7.13545 46.9915 1 1 1
v -0.419738 -31.2813 56.1793 1 1 1
v -0.405187 -31.3017 56.2046 1 1 1
v -2.90998 -5.30152 63.0563 1 1 1
v -7.82632 8.46923 42.2513 1 1 1
v -6.78632 10.4107 40.3077 1 1 1
v -6.17898 10.7972 40.4926 1 1 1
v -8.07697 14.6423 34.1812 1 1 1
v 2.74825 -8.51638 65.3546 1 1 1
v 4.55877 -12.7907 62.9274 1 1 1
v 2.83355 -19.7991 51.7121 1 1 1
v 4.98147 -13.3024 63.0552 1 1 1
v 2.71276 -23.8836 48.3652 1 1 1
v 5.35537 -13.3072 63.338 1 1 1
v 4.02657 -10.9511 59.1018 1 1 1
v 5.53265 -12.6869 63.4223 1 1 1
v 3.107 -21.937 49.4357 1 1 1
v 2.98119 -24.0296 47.4852 1 1 1
v 2.98119 -24.0296 47.4852 1 1 1
v -7.13221 14.9146 30.1434 1 1 1
v 3.17418 -20.4451 49.7189 1 1 1
v 3.47737 -24.7354 48.409 1 1 1
v 3.32174 -27.7078 46.2124 1 1 1
v 4.89539 -4.85572 62.8544 1 1 1
v 4.25486 -6.3377 59.8678 1 1 1
v 3.38189 -21.7225 49.0875 1 1 1
v -7.17303 16.4878 29.9265 1 1 1
v 3.18748 -25.9894 45.9326 1 1 1
v -7.27888 16.8824 29.5353 1 1 1
v 3.09826 -26.3478 44.9368 1 1 1
v 4.15895 -6.16333 58.1169 1 1 1
v 4.71964 -4.57038 60.821 1 1 1
v 3.60527 -21.6773 48.7973 1 1 1
v 3.43656 -27.418 44.9649 1 1 1
v 3.41478 -27.0554 44.9025 1 1 1
v 3.7098 -2.07533 57.4215 1 1 1
v 3.80468 -2.56989 57.4812 1 1 1
v 5.10921 -4.33676 60.3484 1 1 1
v -9.639 19.2737 21.3516 1 1 1
v 4.14687 -22.2141 48.3713 1 1 1
v -6.50282 15.6591 29.6124 1 1 1
v 5.10785 -4.91884 58.5863 1 1 1
v 5.21625 -3.81755 59.2273 1 1 1
v 3.53059 -15.7234 48.456 1 1 1
v 3.97344 -25.2758 45.5388 1 1 1
v 3.97344 -25.2758 45.5388 1 1 1
v 5.21585 -5.4063 58.1896 1 1 1
v -6.21722 12.6943 28.6303 1 1 1
v -6.21722 12.6943 28.6303 1 1 1
v -5.83086 15.4437 30.5913 1 1 1
v -5.97598 11.685 28.4275 1 1 1
v 4.05789 -21.3737 46.02 1 1 1
v 4.38743 -13.5321 50.2407 1 1 1
v -5.03254 6.43988 28.7943 1 1 1
v 4.56936 -23.885 46.4357 1 1 1
v 4.35163 -26.2512 44.6454 1 1 1
v -4.66999 7.997 30.3224 1 1 1
v 4.50878 -13.4921 50.1961 1 1 1
v 4.23594 -15.5502 48.4654 1 1 1
v 4.21071 -16.435 47.7486 1 1 1
v 4.42121 -24.8325 44.765 1 1 1
v 4.32343 -17.0776 47.4392 1 1 1
v 4.32343 -17.0776 47.4392 1 1 1
v 4.42449 -25.1946 44.4409 1 1 1
v -4.54118 -2.50383 25.9974 1 1 1
v -4.37749 -2.4474 26.3676 1 1 1
v -3.96789 -4.13953 27.0415 1 1 1
v -3.96789 -4.13953 27.0415 1 1 1
v -5.48599 13.8818 29.5358 1 1 1
v -4.50148 -2.04656 25.9418 1 1 1
v -4.73706 10.0455 30.0332 1 1 1
v 4.58335 -26.5224 43.5954 1 1 1
v 4.75263 -25.9594 44.1343 1 1 1
v 5.06549 -25.4208 45.2359 1 1 1
v 5.66574 -25.7714 46.7578 1 1 1
v -4.0149 -2.089 26.9449 1 1 1
v 4.75374 -25.5257 43.8434 1 1 1
v -3.66081 -4.07231 27.0043 1 1 1
v -3.62257 7.86346 31.5613 1 1 1
v 5.01182 -14.9927 48.3411 1 1 1
v 4.8663 -25.8346 43.7257 1 1 1
v -3.81229 10.9963 32.0885 1 1 1
v -4.05843 1.19766 27.5948 1 1 1
v 5.42149 -26.5236 44.9594 1 1 1
v 5.24722 -26.0459 44.2597 1 1 1
v -3.95176 0.813458 27.4349 1 1 1
v 5.79126 -19.1411 47.8192 1 1 1
v 5.34586 -15.4541 47.5565 1 1 1
v -4.48741 4.91131 26.8743 1 1 1
v 5.05635 -22.5257 44.1371 1 1 1
v 5.99912 -27.7225 44.9085 1 1 1
v 5.65967 -19.0773 46.3898 1 1 1
v 4.98858 -20.4673 44.027 1 1 1
v -3.51668 -4.76501 25.615 1 1 1
v 5.62636 -22.1893 44.6024 1 1 1
v 6.08166 -15.6441 47.9049 1 1 1
v -3.39244 -4.53195 25.5287 1 1 1
v 6.50606 -18.6422 47.3682 1 1 1
v 6.23631 -14.8707 47.8598 1 1 1
v 5.85452 -20.37 44.3056 1 1 1
v 6.15987 -19.4394 45.1758 1 1 1
v 6.15144 -18.5547 44.532 1 1 1
v -3.29751 -2.13577 25.1208 1 1 1
v 6.35629 -22.4414 43.7417 1 1 1
v -4.09748 6.30893 25.2418 1 1 1
v -3.67391 6.66089 26.459 1 1 1
v -3.67391 6.66089 26.459 1 1 1
v 6.993 -24.0677 44.0062 1 1 1
v -3.88538 13.8513 27.8699 1 1 1
v 6.95597 -24.1423 43.4726 1 1 1
v -2.92942 -1.49785 25.2843 1 1 1
v -3.48317 5.61885 25.9198 1 1 1
v -2.21956 -4.67171 25.5552 1 1 1
v -2.21956 -4.67171 25.5552 1 1 1
v 7.79725 -16.6348 46.5054 1 1 1
v 8.49615 -13.9362 48.4491 1 1 1
v 9.27954 -13.9423 49.5239 1 1 1
v 9.27954 -13.9423 49.5239 1 1 1
v 8.19689 -21.7446 44.3601 1 1 1
v -3.11665 6.38487 25.2292 1 1 1
v -2.78739 10.9706 27.1998 1 1 1
v 9.19464 -13.2624 48.6815 1 1 1
v 8.38071 -12.9497 46.4409 1 1 1
v 8.59672 -24.4801 43.1225 1 1 1
v 8.92634 -12.7308 46.9309 1 1 1
v -2.05255 -4.12652 24.1134 1 1 1
v 9.08214 -27.2203 43.2037 1 1 1
v -2.69325 15.1272 26.6862 1 1 1
v 11.767 -29.931 46.8851 1 1 1
v -1.60923 -3.6442 23.9038 1 1 1
v -1.98915 10.5254 26.3917 1 1 1
v 9.89455 -9.86995 47.0124 1 1 1
v 11.1069 -9.0079 49.5501 1 1 1
v 11.1069 -9.0079 49.5501 1 1 1
v 17.144 -26.9237 57.7698 1 1 1
v -1.84589 15.1535 26.9537 1 1 1
v 12.3317 -29.8181 46.4487 1 1 1
v 11.0516 -13.1656 47.4077 1 1 1
v 14.3855 -5.96971 55.7966 1 1 1
v 9.91802 -21.3375 43.0639 1 1 1
v 15.2191 -8.43099 56.696 1 1 1
v 10.5626 -9.15032 46.7449 1 1 1
v 15.2013 -6.1578 56.9616 1 1 1
v 15.2013 -6.1578 56.9616 1 1 1
v 10.129 -22.3593 42.8747 1 1 1
v 15.1345 -6.12891 56.4515 1 1 1
v 10.7349 -20.6663 44.2072 1 1 1
v 10.9384 -9.34274 46.9909 1 1 1
v -1.47798 10.8282 25.9442 1 1 1
v 12.863 -29.779 46.3236 1 1 1
v 7.28088 -9.0562 39.4252 1 1 1
v 9.08783 -9.24391 42.9686 1 1 1
v -2.29147 11.5517 24.1476 1 1 1
v 11.8322 -27.6277 44.2029 1 1 1
v 11.8916 -9.05575 48.1282 1 1 1
v 20.0323 -10.3833 64.244 1 1 1
v -0.949044 11.1222 26.2663 1 1 1
v 13.4053 -8.70181 50.4248 1 1 1
v 11.8785 -20.4841 45.0256 1 1 1
v 11.8785 -20.4841 45.0256 1 1 1
v 12.0059 -21.8821 44.9612 1 1 1
v 11.674 -16.7219 45.2289 1 1 1
v 8.21426 -6.03035 40.7486 1 1 1
v 13.3725 -8.4962 49.9393 1 1 1
v 12.5426 -12.6558 47.2562 1 1 1
v 11.5842 -17.5351 43.9006 1 1 1
v 13.3471 -8.25954 48.933 1 1 1
v 17.469 -11.622 55.5219 1 1 1
v 11.0133 -10.6344 43.495 1 1 1
v -0.716418 14.4491 25.7881 1 1 1
v 16.2275 -26.8163 49.734 1 1 1
v 14.6685 -29.4835 45.9397 1 1 1
v 24.2032 -21.1983 64.7025 1 1 1
v 20.4162 -33.358 53.5498 1 1 1
v 0.671833 14.3373 25.4993 1 1 1
v 0.516431 7.19334 23.9875 1 1 1
v 0.516431 7.19334 23.9875 1 1 1
v 1.11942 -3.44037 23.1021 1 1 1
v 1.09703 -3.37093 23.0474 1 1 1
v 0.329604 6.98035 23.2596 1 1 1
v 1.23694 -3.60597 22.8615 1 1 1
v 0.130329 14.628 23.6147 1 1 1
v 0.787126 6.9285 23.5159 1 1 1
v 1.0808 6.96625 23.8421 1 1 1
v 1.18057 5.86773 23.6482 1 1 1
v 1.42714 5.90586 23.8982 1 1 1
v 1.77477 -3.14365 23.1229 1 1 1
v -0.23937 14.301 22.1418 1 1 1
v 2.09009 5.77063 24.4874 1 1 1
v 1.9474 5.64816 24.1545 1 1 1
v 22.8492 -32.7365 52.4358 1 1 1
v 2.0724 6.16047 24.3637 1 1 1
v 2.0262 6.57474 23.6867 1 1 1
v 2.54601 6.10676 24.3844 1 1 1
v 2.54601 6.10676 24.3844 1 1 1
v 2.12696 6.99844 23.755 1 1 1
v 4.49607 14.4056 27.371 1 1 1
v 3.52772 3.02435 24.6019 1 1 1
v 4.00015 14.1841 26.5704 1 1 1
v 2.6225 4.85742 23.3896 1 1 1
v 2.6225 4.85742 23.3896 1 1 1
v 5.32145 13.9404 27.7121 1 1 1
v 5.32145 13.9404 27.7121 1 1 1
v 3.29893 1.23552 23.0752 1 1 1
v 4.70226 0.301652 24.9065 1 1 1
v 4.8657 0.172133 24.976 1 1 1
v 4.28855 -2.37048 23.6131 1 1 1
v 4.39271 -2.35307 23.8309 1 1 1
v 4.62404 -2.42212 23.6507 1 1 1
v 4.70203 -2.85326 23.4756 1 1 1
v 4.76768 -2.89317 23.4338 1 1 1
v 4.69647 -2.91024 23.3238 1 1 1
v 27.4705 -1.32783 54.2419 1 1 1
v 3.30946 14.4427 21.932 1 1 1
v 23.6084 -27.9734 43.4379 1 1 1
v 29.6855 -0.533504 52.1362 1 1 1
v -15.5147 -3.72358 38.6552 1 1 1
v -15.112 -2.31457 37.9336 1 1 1
v -14.3394 -2.23866 38.8932 1 1 1
v -14.3183 -2.3702 39.0767 1 1 1
v -13.9521 -3.02578 40.1463 1 1 1
v -13.7946 -3.54716 40.9908 1 1 1
v -14.0348 -2.24096 39.7947 1 1 1
v -13.7604 -2.52926 39.4865 1 1 1
v -6.1771 -1.13707 27.07 1 1 1
v 2.75672 -26.4102 44.2436 1 1 1
v 2.8299 -25.6849 44.0724 1 1 1
v 2.5828 -24.4654 43.6319 1 1 1
v 2.61133 -26.2945 42.7407 1 1 1
v 3.48826 -25.9203 45.8982 1 1 1
v 2.6333 -18.2664 45.049 1 1 1
v 3.68346 -25.796 43.6037 1 1 1
v 3.78631 -25.114 43.3223 1 1 1
v 4.09619 -24.8141 43.8917 1 1 1
v 4.01565 -18.4061 46.1132 1 1 1
v 3.72019 -25.3065 42.2676 1 1 1
v 3.97488 -17.2186 45.9944 1 1 1
v 3.88754 -18.0069 45.1768 1 1 1
v -5.03156 0.893455 26.9022 1 1 1
v -4.55644 1.22873 27.9781 1 1 1
v 4.47801 -24.8626 42.7011 1 1 1
v -5.7502 -1.39367 22.8658 1 1 1
v -3.83001 -4.9722 26.6563 1 1 1
v 5.02306 -19.5817 45.4366 1 1 1
v 4.82161 -25.5925 42.4393 1 1 1
v -4.45302 -2.92867 25.4446 1 1 1
v -3.88109 -4.78733 26.3149 1 1 1
v -3.88109 -4.78733 26.3149 1 1 1
v 3.18455 -17.6645 40.6908 1 1 1
v -3.86903 -4.52575 25.9455 1 1 1
v -3.74279 -4.64255 26.4064 1 1 1
v 5.63443 -20.4543 45.6913 1 1 1
v -4.25877 -4.00389 24.9034 1 1 1
v -4.65724 0.00524096 25.3416 1 1 1
v 3.64976 -21.4429 39.7703 1 1 1
v -3.85601 -4.94887 25.5445 1 1 1
v -4.39843 -3.85975 24.47 1 1 1
v 5.38204 -23.9938 42.9037 1 1 1
v -4.53837 3.02741 26.3844 1 1 1
v -3.89193 -4.70661 25.0488 1 1 1
v 5.44908 -25.1398 42.0804 1 1 1
v 5.44908 -25.1398 42.0804 1 1 1
v 5.26876 -14.7476 45.3551 1 1 1
v -3.36344 -5.25147 25.9334 1 1 1
v 5.99328 -19.9613 45.0423 1 1 1
v 6.15431 -20.0571 45.4138 1 1 1
v 5.67705 -23.1829 42.7695 1 1 1
v -3.31236 -4.85236 25.696 1 1 1
v -3.24103 -5.29236 25.7351 1 1 1
v 5.83376 -18.2039 44.2096 1 1 1
v -4.40241 -5.16922 22.5964 1 1 1
v -3.28553 -4.62779 25.2958 1 1 1
v 6.21988 -23.3678 42.5746 1 1 1
v -4.26843 5.13971 25.7351 1 1 1
v 6.02698 -16.9438 43.2837 1 1 1
v -3.06337 -5.03223 24.7989 1 1 1
v -2.94721 -4.97648 24.5899 1 1 1
v -2.94721 -4.97648 24.5899 1 1 1
v -4.3895 5.64258 24.3273 1 1 1
v -2.78092 -5.13755 24.763 1 1 1
v -4.0673 5.29999 24.9473 1 1 1
v 6.13643 -16.3118 42.3758 1 1 1
v 7.83146 -22.8089 43.1161 1 1 1
v 8.18662 -23.9687 42.8005 1 1 1
v 0.768247 -20.3967 26.8338 1 1 1
v -3.65994 6.07846 23.6658 1 1 1
v 9.04194 -25.9747 42.2276 1 1 1
v -2.52771 5.17208 24.2368 1 1 1
v -1.67874 -4.25324 23.4145 1 1 1
v -2.10766 5.56578 24.8134 1 1 1
v -1.61652 -4.08072 23.4387 1 1 1
v 10.7463 -21.4791 44.1362 1 1 1
v -0.795118 -5.98902 24.5037 1 1 1
v -0.216998 -6.43266 25.001 1 1 1
v 0.0464216 -6.29282 24.6023 1 1 1
v 12.1457 -26.6423 43.1706 1 1 1
v 11.2162 -25.4251 41.3256 1 1 1
v 11.2162 -25.4251 41.3256 1 1 1
v 11.7495 -26.3671 41.9625 1 1 1
v 12.2062 -24.9165 42.9582 1 1 1
v 8.8988 -10.6582 39.6357 1 1 1
v 12.9046 -26.5672 43.4969 1 1 1
v -0.890124 5.07389 24.1323 1 1 1
v -1.3856 -13.066 19.0231 1 1 1
v -6.84389 -10.7296 9.66361 1 1 1
v -0.325655 5.65902 23.6414 1 1 1
v 2.7719 -19.132 24.1735 1 1 1
v 2.7719 -19.132 24.1735 1 1 1
v -0.286822 6.35827 23.1847 1 1 1
v -0.286822 6.35827 23.1847 1 1 1
v 3.26099 -19.3847 24.5276 1 1 1
v 1.27952 -3.84277 23.641 1 1 1
v 0.138128 6.55967 23.0895 1 1 1
v 0.496571 6.03797 23.1373 1 1 1
v 1.24353 -3.74492 22.3775 1 1 1
v 2.41904 -4.45102 23.994 1 1 1
v 1.63027 6.83345 24.2944 1 1 1
v 0.961171 5.30077 22.89 1 1 1
v 1.62079 6.57262 23.7204 1 1 1
v 1.62079 6.57262 23.7204 1 1 1
v 2.19389 4.34639 23.4178 1 1 1
v 2.50482 6.86589 23.7344 1 1 1
v 3.16627 -4.20528 23.3463 1 1 1
v 3.02132 2.05546 23.8153 1 1 1
v 3.22242 1.95403 24.0796 1 1 1
v 1.50771 5.94014 21.8864 1 1 1
v 1.54166 5.96989 21.9363 1 1 1
v 3.75196 0.797438 24.1982 1 1 1
v 4.20561 5.39732 25.2564 1 1 1
v 4.33102 0.51114 24.7402 1 1 1
v 4.3597 0.26984 24.4456 1 1 1
v 4.72638 -2.72483 24.6705 1 1 1
v 4.48324 3.3004 24.7808 1 1 1
v -12.8123 -11.4917 8.20709 1 1 1
v -13.3423 -9.43655 2.18141 1 1 1
v -4.68602 -14.0184 12.1256 1 1 1
v -4.48407 -14.1437 12.4317 1 1 1
v -13.0654 -14.372 14.7209 1 1 1
v -15.2041 -2.67303 2.70583 1 1 1
v -15.2041 -2.67303 2.70583 1 1 1
v -15.1855 -2.69106 2.69935 1 1 1
v -15.1855 -2.69106 2.69935 1 1 1
v -13.9913 -3.28585 39.948 1 1 1
v -14.0309 -2.16276 38.2174 1 1 1
v -12.3245 1.45731 39.2471 1 1 1
v 2.81223 -24.8838 43.4212 1 1 1
v 2.65942 -24.5874 42.3757 1 1 1
v 5.35059 -22.1874 50.2262 1 1 1
v 4.00723 -24.8876 44.8714 1 1 1
v 3.19775 -24.2233 42.8715 1 1 1
v 5.58911 -18.9512 51.5897 1 1 1
v 4.30701 -22.807 45.3125 1 1 1
v -5.20078 12.9367 32.3225 1 1 1
v 3.50961 -24.0606 41.5544 1 1 1
v 5.24934 -25.4068 45.7127 1 1 1
v 5.22706 -18.7042 48.5159 1 1 1
v 5.40506 -18.7273 48.9991 1 1 1
v 3.96702 -16.7004 45.4033 1 1 1
v -4.63767 6.63053 29.9646 1 1 1
v -3.90293 5.26533 31.31 1 1 1
v -4.38472 6.38494 30.2024 1 1 1
v -4.08591 -4.48417 26.7484 1 1 1
v -4.34134 7.4982 30.4762 1 1 1
v -3.58347 1.53475 30.3246 1 1 1
v -4.39536 8.35702 30.6006 1 1 1
v -3.62913 -4.66892 27.398 1 1 1
v -3.04027 -4.42785 29.0186 1 1 1
v -3.49862 -3.81827 27.8776 1 1 1
v 6.46966 -18.4513 49.7241 1 1 1
v -4.14436 6.45479 29.8014 1 1 1
v -3.32882 -4.76186 27.7684 1 1 1
v 6.04122 -19.1599 47.5273 1 1 1
v -2.81989 -4.33015 28.9535 1 1 1
v -2.81989 -4.33015 28.9535 1 1 1
v -3.25986 -2.84231 28.4247 1 1 1
v -3.86164 -2.58941 26.8428 1 1 1
v -3.21242 -4.85757 27.7633 1 1 1
v -3.43205 -3.53807 27.6498 1 1 1
v 5.77323 -24.6325 44.3569 1 1 1
v -3.53476 -3.91904 26.9271 1 1 1
v -3.89357 -2.38676 26.5166 1 1 1
v 6.41583 -19.9143 47.6093 1 1 1
v -4.21213 7.0375 29.0019 1 1 1
v -3.35678 -2.66912 27.6893 1 1 1
v -4.08889 5.03602 28.4657 1 1 1
v -3.64168 7.58951 30.4371 1 1 1
v -3.80031 1.47353 27.9011 1 1 1
v -3.94525 0.597045 27.1135 1 1 1
v 6.10665 -22.5745 45.1419 1 1 1
v 5.92887 -19.7861 45.6078 1 1 1
v 7.5321 -20.421 49.5084 1 1 1
v -3.79706 0.972396 27.4377 1 1 1
v 5.73817 -23.6643 43.4134 1 1 1
v 4.63821 -21.1847 41.5179 1 1 1
v -3.15992 -3.27758 27.048 1 1 1
v 6.29392 -22.1703 44.7868 1 1 1
v 7.95659 -18.261 50.446 1 1 1
v -3.69053 6.00301 28.739 1 1 1
v 6.43254 -22.8878 44.6515 1 1 1
v 4.68254 -21.8008 40.7688 1 1 1
v 5.9226 -23.4996 43.1866 1 1 1
v 6.7666 -22.7493 45.1506 1 1 1
v -3.016 -4.98124 26.2382 1 1 1
v 6.83238 -23.6002 44.7392 1 1 1
v 7.44961 -20.7709 47.1157 1 1 1
v 7.92191 -19.8599 48.6055 1 1 1
v 5.3595 -22.0363 41.3082 1 1 1
v -3.40916 7.71893 28.9358 1 1 1
v -3.40916 7.71893 28.9358 1 1 1
v -3.31549 -4.70366 25.0008 1 1 1
v -3.22388 6.40057 28.6733 1 1 1
v 7.87619 -18.9243 47.7501 1 1 1
v 6.86125 -22.345 44.0943 1 1 1
v 7.30227 -19.6161 46.0799 1 1 1
v -2.36492 -5.03471 26.5998 1 1 1
v 7.21871 -22.1027 44.1822 1 1 1
v 4.4185 -18.8859 38.4943 1 1 1
v 4.4185 -18.8859 38.4943 1 1 1
v 4.70161 -16.2499 39.6271 1 1 1
v -2.77525 -1.59128 26.0779 1 1 1
v -2.25375 -5.06237 26.2134 1 1 1
v -3.55715 6.77194 26.6155 1 1 1
v 7.90205 -21.0264 45.3078 1 1 1
v 7.68442 -21.811 44.5441 1 1 1
v -1.83966 -4.55551 26.9498 1 1 1
v -2.70097 8.33052 28.7407 1 1 1
v -1.88919 12.7232 31.2006 1 1 1
v -1.88919 12.7232 31.2006 1 1 1
v -2.19114 11.5116 29.5974 1 1 1
v -2.68936 7.42899 27.224 1 1 1
v -2.19355 8.15349 28.4658 1 1 1
v 8.56647 -23.6686 43.9292 1 1 1
v 8.22944 -21.4484 43.7392 1 1 1
v 8.42609 -22.7801 43.6499 1 1 1
v -1.67393 12.7611 30.6331 1 1 1
v -1.26405 14.114 31.5853 1 1 1
v 8.85185 -23.9689 43.5085 1 1 1
v -1.49813 12.843 30.3751 1 1 1
v 7.46935 -23.3964 40.3606 1 1 1
v -1.64454 8.45953 28.5777 1 1 1
v -0.977633 13.6519 31.1204 1 1 1
v -1.99081 -4.05892 24.0355 1 1 1
v -2.07366 6.98447 26.5132 1 1 1
v 9.56221 -23.0777 43.6278 1 1 1
v 9.56803 -24.3125 42.9578 1 1 1
v -0.818585 -3.87792 25.7729 1 1 1
v 8.95779 -23.4855 41.2715 1 1 1
v -1.35133 -3.50113 24.2161 1 1 1
v -0.371675 7.57136 28.3865 1 1 1
v -0.472805 -3.77332 25.6275 1 1 1
v 0.327707 12.596 30.7304 1 1 1
v 11.2404 -21.3565 44.4741 1 1 1
v -0.00965089 14.9175 29.5447 1 1 1
v -1.08568 13.0283 27.0448 1 1 1
v 0.393264 13.6236 29.7421 1 1 1
v 10.7646 -20.1695 43.0775 1 1 1
v -0.128704 12.7786 28.5062 1 1 1
v 1.34123 10.6819 30.5628 1 1 1
v 12.0152 -16.3299 45.6586 1 1 1
v 0.00928368 12.4728 28.1771 1 1 1
v 0.939647 13.9006 30.1746 1 1 1
v 0.0945459 12.6063 28.3654 1 1 1
v 11.8142 -21.6781 43.7666 1 1 1
v 12.2163 -16.611 45.3545 1 1 1
v 10.4135 -20.6443 41.1044 1 1 1
v 10.2162 -20.5474 40.7432 1 1 1
v 1.6562 13.6466 31.013 1 1 1
v 0.543391 12.6753 28.5461 1 1 1
v 10.0185 -16.8642 40.5243 1 1 1
v 0.975325 6.98577 27.5796 1 1 1
v 0.834504 11.6828 27.7926 1 1 1
v 10.504 -9.10204 41.6778 1 1 1
v 3.3159 13.6466 31.1877 1 1 1
v 2.08934 9.11635 28.0895 1 1 1
v 1.79855 8.43579 27.195 1 1 1
v 0.513063 7.20681 24.4307 1 1 1
v 2.01414 8.51521 27.0961 1 1 1
v 2.16262 -3.47623 24.9047 1 1 1
v 1.35415 7.80024 24.9907 1 1 1
v 2.84919 7.93129 26.8616 1 1 1
v 2.97031 8.44703 27.135 1 1 1
v 2.36445 7.82519 26.0745 1 1 1
v 2.34971 -3.19039 24.4139 1 1 1
v 3.28555 12.688 27.9871 1 1 1
v 3.28555 12.688 27.9871 1 1 1
v 3.99148 13.16 28.9395 1 1 1
v 1.38233 -3.64394 22.4472 1 1 1
v 3.47216 7.77793 26.9759 1 1 1
v 3.72133 8.86147 27.5483 1 1 1
v 2.28413 8.03211 25.1308 1 1 1
v 5.15537 13.9762 30.2458 1 1 1
v 3.75692 9.10498 27.3265 1 1 1
v 4.01914 17.3136 28.5155 1 1 1
v 5.63222 11.0552 30.1666 1 1 1
v 3.6451 8.52614 26.7816 1 1 1
v 3.6451 8.52614 26.7816 1 1 1
v 3.60307 7.06685 26.507 1 1 1
v 4.95035 14.2745 29.2823 1 1 1
v 4.17433 17.4476 28.3377 1 1 1
v 3.20868 4.85899 24.9632 1 1 1
v 3.96975 8.33883 26.4305 1 1 1
v 5.02485 12.8838 28.4426 1 1 1
v 4.44358 17.179 28.0682 1 1 1
v 5.42551 15.2606 29.1142 1 1 1
v 5.42551 15.2606 29.1142 1 1 1
v 3.9036 5.71989 25.7935 1 1 1
v 4.54036 14.1996 27.425 1 1 1
v 4.44915 16.1617 27.4415 1 1 1
v 4.44915 16.1617 27.4415 1 1 1
v 4.91417 9.12245 27.1844 1 1 1
v 4.91417 9.12245 27.1844 1 1 1
v 5.1931 14.6084 28.16 1 1 1
v 5.01916 3.22343 26.6542 1 1 1
v 4.13003 -3.88893 24.5847 1 1 1
v 5.61489 16.0261 28.5845 1 1 1
v 4.818 7.26713 26.5587 1 1 1
v 5.08278 4.07447 26.5436 1 1 1
v 3.74332 5.72009 24.6973 1 1 1
v 5.72223 15.3665 28.1082 1 1 1
v 7.28546 17.2775 30.5441 1 1 1
v 3.63358 -3.35285 23.3313 1 1 1
v 5.66125 2.9605 26.6258 1 1 1
v 5.18482 0.933937 25.7381 1 1 1
v 4.7976 -2.64706 24.758 1 1 1
v 4.1772 -3.88138 23.7644 1 1 1
v 5.22078 -1.13479 25.2843 1 1 1
v 4.90156 -3.73973 24.6131 1 1 1
v 5.77737 1.79138 26.1963 1 1 1
v 6.16316 1.20948 26.4944 1 1 1
v 5.38164 -1.7138 25.1007 1 1 1
v 11.2383 9.85691 34.1965 1 1 1
v 5.11986 -3.59275 24.4812 1 1 1
v 5.0599 -3.35479 24.3738 1 1 1
v 5.57607 -2.54254 24.9173 1 1 1
v 5.71982 -2.14602 25.0754 1 1 1
v 5.1946 -3.19705 24.126 1 1 1
v 5.65586 -2.29224 24.5879 1 1 1
v 5.83539 -2.45011 24.7489 1 1 1
v 5.42536 -16.4832 18.512 1 1 1
v 5.42536 -16.4832 18.512 1 1 1
v -19.7675 11.5041 20.8368 1 1 1
v -12.4661 -18.6948 26.542 1 1 1
v -20.1758 13.7588 23.5849 1 1 1
v -20.1758 13.7588 23.5849 1 1 1
v -20.5588 16.0244 25.723 1 1 1
v -20.477 15.8483 25.6761 1 1 1
v -17.2453 0.195508 39.2746 1 1 1
v -11.5435 -23.1602 37.0989 1 1 1
v -18.6464 8.14927 31.7202 1 1 1
v -11.6004 -22.3348 37.4124 1 1 1
v -16.1582 -3.72477 44.0759 1 1 1
v -11.6176 -21.9463 37.7658 1 1 1
v -11.6176 -21.9463 37.7658 1 1 1
v -15.8844 -4.35209 43.6584 1 1 1
v -20.3169 16.4337 27.9936 1 1 1
v -15.8953 -3.6653 42.0632 1 1 1
v -15.9738 -2.22414 43.6402 1 1 1
v -14.7328 -8.21655 75.3455 1 1 1
v -15.4568 -3.13659 42.2199 1 1 1
v -20.3478 18.6856 28.335 1 1 1
v -10.6733 -22.8723 36.2702 1 1 1
v -10.6733 -22.8723 36.2702 1 1 1
v -9.78995 -27.8076 63.4242 1 1 1
v -15.3705 -2.65898 41.3821 1 1 1
v -9.56447 -28.0881 62.7825 1 1 1
v -15.138 -2.97636 43.4241 1 1 1
v -15.138 -2.97636 43.4241 1 1 1
v -15.3681 -1.57891 40.7221 1 1 1
v -14.7031 -3.52901 41.9087 1 1 1
v -14.8835 -2.5717 44.5693 1 1 1
v -8.79254 -28.2879 66.2329 1 1 1
v -8.98749 -27.741 63.946 1 1 1
v -15.3613 0.252346 43.8373 1 1 1
v -14.583 -2.9759 42.0386 1 1 1
v -12.4176 -10.4191 77.3279 1 1 1
v -8.15327 -29.7796 62.4441 1 1 1
v -8.15327 -29.7796 62.4441 1 1 1
v -14.8279 -1.0867 42.9659 1 1 1
v -14.7788 -1.52133 41.0654 1 1 1
v -14.7898 -1.32239 41.5604 1 1 1
v -14.5362 -2.11311 44.0134 1 1 1
v -14.6584 -0.900936 44.9837 1 1 1
v -14.5902 -1.16341 45.2535 1 1 1
v -12.3013 -9.57624 71.8527 1 1 1
v -14.15 -3.23524 42.0942 1 1 1
v -14.6238 -1.03222 43.3395 1 1 1
v -14.1718 -2.58668 44.5452 1 1 1
v -14.2837 -1.93611 40.2592 1 1 1
v -14.0833 -2.38687 42.0275 1 1 1
v -14.2299 -1.35742 44.1384 1 1 1
v -14.2125 -1.5184 43.4449 1 1 1
v -14.3876 -0.869649 43.0077 1 1 1
v -6.95345 -30.9302 66.7125 1 1 1
v -6.95345 -30.9302 66.7125 1 1 1
v -14.0934 -1.47107 43.8549 1 1 1
v -13.7216 -3.18355 44.053 1 1 1
v -13.7216 -3.18355 44.053 1 1 1
v -13.9582 -1.46338 44.0721 1 1 1
v -13.7654 -2.62027 42.2535 1 1 1
v -13.8917 -1.44737 45.1042 1 1 1
v -6.99093 -29.3814 67.5263 1 1 1
v -7.45286 -28.177 62.8132 1 1 1
v -13.8751 -1.27495 44.5398 1 1 1
v -7.22651 -27.9334 65.4734 1 1 1
v -6.34197 -30.072 63.9454 1 1 1
v -6.19274 -30.014 66.8009 1 1 1
v -6.19274 -30.014 66.8009 1 1 1
v -6.37712 -28.6102 67.4345 1 1 1
v -13.1109 -2.11032 44.7208 1 1 1
v -12.8744 -3.27229 44.4734 1 1 1
v -6.65063 -28.0495 62.5691 1 1 1
v -6.14482 -29.2146 67.1509 1 1 1
v -13.036 -2.02167 44.7459 1 1 1
v -12.811 -1.77772 46.232 1 1 1
v -13.0248 -1.15836 34.5338 1 1 1
v -12.1503 -2.11261 44.2644 1 1 1
v -16.1827 13.8822 31.5938 1 1 1
v -11.7336 -1.91972 48.354 1 1 1
v -11.9701 2.6232 43.6559 1 1 1
v -10.3266 -0.962761 45.1909 1 1 1
v -1.69806 -31.8081 66.2488 1 1 1
v -1.69806 -31.8081 66.2488 1 1 1
v -10.5083 -1.79925 40.5192 1 1 1
v -1.03056 -30.8355 67.811 1 1 1
v -9.37961 0.596037 45.813 1 1 1
v -9.32112 0.275132 45.6234 1 1 1
v -11.7974 13.0793 42.2686 1 1 1
v -5.55854 -0.794067 65.2006 1 1 1
v -0.344243 -29.6762 61.5946 1 1 1
v -11.071 11.7016 40.4084 1 1 1
v 0.159035 -29.2132 62.6525 1 1 1
v 0.793069 -31.2998 63.6998 1 1 1
v -9.24611 6.41018 45.0893 1 1 1
v -0.148056 -28.5424 59.6381 1 1 1
v -7.61764 -0.891591 44.4443 1 1 1
v -14.533 21.0761 25.7678 1 1 1
v -8.1477 1.00387 42.0717 1 1 1
v 1.2081 -29.418 63.8603 1 1 1
v 1.68285 -28.8413 66.5187 1 1 1
v 1.68285 -28.8413 66.5187 1 1 1
v -9.08076 7.59796 42.3072 1 1 1
v -9.7465 4.16382 33.4759 1 1 1
v -1.2332 -7.86636 66.2273 1 1 1
v -3.26448 1.17429 60.5439 1 1 1
v -7.10871 10.0923 45.5806 1 1 1
v -1.63232 0.906089 60.6125 1 1 1
v -1.63232 0.906089 60.6125 1 1 1
v -4.78126 7.69747 49.8505 1 1 1
v 2.93834 -7.41735 72.4778 1 1 1
v -11.2756 21.5978 28.0126 1 1 1
v -11.2756 21.5978 28.0126 1 1 1
v 4.17368 -22.79 56.097 1 1 1
v 2.86345 -22.0031 51.8251 1 1 1
v -4.28519 11.1948 44.3878 1 1 1
v -6.85523 13.1656 35.7868 1 1 1
v -0.560843 2.17202 52.4171 1 1 1
v 6.3501 -12.3015 68.7768 1 1 1
v 6.06335 -12.6911 66.3006 1 1 1
v -1.73629 3.87327 47.0492 1 1 1
v 5.339 -6.50204 66.5696 1 1 1
v 5.04268 -12.668 61.8968 1 1 1
v 6.98622 -13.1257 68.0794 1 1 1
v 3.07927 -19.4431 50.4819 1 1 1
v 5.17816 -12.6123 61.8619 1 1 1
v 3.6488 -22.925 49.8698 1 1 1
v 5.48447 -11.9323 62.1286 1 1 1
v 4.08277 -20.129 52.1333 1 1 1
v 3.78562 -24.246 48.809 1 1 1
v 3.78562 -24.246 48.809 1 1 1
v 5.35095 -6.16205 63.9421 1 1 1
v 4.01201 -24.9815 49.1407 1 1 1
v 4.86598 -23.3198 52.5467 1 1 1
v 3.40984 -19.4845 49.5891 1 1 1
v 3.83994 -26.2607 47.3933 1 1 1
v 3.83994 -26.2607 47.3933 1 1 1
v 4.14704 -24.582 48.9603 1 1 1
v 5.17913 -25.3095 52.0502 1 1 1
v 4.14704 -24.582 48.9603 1 1 1
v 4.03929 -24.2247 48.716 1 1 1
v 3.96176 -21.5741 49.4176 1 1 1
v 4.31842 -26.1111 48.0046 1 1 1
v 5.39872 -22.5373 53.4793 1 1 1
v 5.80721 -4.40378 64.0101 1 1 1
v 6.31173 -5.65314 65.0663 1 1 1
v 5.57729 -12.212 59.2283 1 1 1
v 5.95855 -3.72786 64.4605 1 1 1
v 6.18896 -4.8774 64.3538 1 1 1
v 3.85063 -25.1966 46.1716 1 1 1
v 4.10598 -21.6635 48.7751 1 1 1
v -6.80901 19.93 33.4628 1 1 1
v 6.72559 -3.7869 65.8076 1 1 1
v 7.05247 -4.95831 65.9018 1 1 1
v -4.03946 15.6985 40.0706 1 1 1
v 5.7898 -22.1959 52.8643 1 1 1
v 5.29089 -22.1883 51.1991 1 1 1
v 5.60605 -1.24101 62.1715 1 1 1
v 4.35298 -2.36199 57.6796 1 1 1
v 6.11215 -1.5704 63.5651 1 1 1
v -6.53322 20.6181 33.3884 1 1 1
v -6.13142 14.9139 31.9887 1 1 1
v 5.14939 -4.20951 58.7611 1 1 1
v 3.94956 -18.7715 47.9505 1 1 1
v 4.51163 -16.2028 50.5044 1 1 1
v -6.11557 20.2069 33.9368 1 1 1
v -6.05761 14.0856 31.1378 1 1 1
v 4.01025 -17.3413 47.9378 1 1 1
v 5.56067 -15.9182 53.3262 1 1 1
v -4.62236 13.1931 34.8602 1 1 1
v 7.45962 -4.77025 63.7925 1 1 1
v 6.95516 -3.21149 63.0117 1 1 1
v 4.21027 -21.2915 46.2911 1 1 1
v 4.84025 -21.8836 47.8871 1 1 1
v 5.69823 -19.378 51.4768 1 1 1
v 4.96183 -4.25587 56.1873 1 1 1
v 5.39251 -19.5214 50.2811 1 1 1
v -5.86182 14.6836 31.1689 1 1 1
v 4.37548 -15.6524 48.8923 1 1 1
v 5.51764 -15.5378 51.9126 1 1 1
v 4.54284 -25.749 44.5012 1 1 1
v -4.99066 12.5036 32.0852 1 1 1
v 4.67396 -25.7295 44.444 1 1 1
v 4.5256 -15.4424 48.5731 1 1 1
v -5.27229 20.5919 34.4775 1 1 1
v 6.27945 -13.6372 54.0531 1 1 1
v 6.55653 -13.6435 54.8688 1 1 1
v -4.99416 11.9369 31.3947 1 1 1
v 8.36345 -4.00463 64.3185 1 1 1
v 5.0541 -15.0924 49.8051 1 1 1
v 6.33504 -18.7156 51.8027 1 1 1
v 5.41335 -18.176 49.248 1 1 1
v 5.41335 -18.176 49.248 1 1 1
v -4.92217 17.3944 33.679 1 1 1
v 5.15533 -13.664 50.4414 1 1 1
v 6.03647 -15.1064 52.226 1 1 1
v 5.9747 -17.2823 50.8464 1 1 1
v -3.63913 2.33876 30.8582 1 1 1
v -4.51218 13.0517 32.6755 1 1 1
v 5.57483 -16.5223 49.8082 1 1 1
v 6.67414 -3.70687 58.3701 1 1 1
v -4.11108 2.85614 29.3859 1 1 1
v -4.99224 14.2438 31.5591 1 1 1
v 5.84859 -14.3247 51.2351 1 1 1
v 6.25792 -17.1212 51.0207 1 1 1
v 5.69016 -25.8218 45.6952 1 1 1
v 4.93843 -20.6994 45.6693 1 1 1
v 5.71345 -25.5318 45.6654 1 1 1
v 5.71345 -25.5318 45.6654 1 1 1
v 4.96834 -14.7256 47.9752 1 1 1
v 4.96834 -14.7256 47.9752 1 1 1
v 5.92889 -14.3151 50.8029 1 1 1
v 6.7474 -17.7011 51.6272 1 1 1
v 6.71472 -17.3176 51.6444 1 1 1
v 6.71472 -17.3176 51.6444 1 1 1
v 5.75827 -25.7805 45.3895 1 1 1
v 5.6991 -19.0505 47.9463 1 1 1
v 6.65405 -3.7567 56.8668 1 1 1
v -3.11455 -1.5719 29.7615 1 1 1
v 6.79994 -20.55 50.2461 1 1 1
v -3.29814 -1.42046 28.9944 1 1 1
v -2.93084 -4.12996 28.9523 1 1 1
v 6.17269 -15.247 50.1602 1 1 1
v -4.40673 16.7778 32.8413 1 1 1
v 6.942 -15.024 52.0965 1 1 1
v 9.53004 -2.36348 64.2721 1 1 1
v -2.63617 14.045 36.5045 1 1 1
v -3.80586 12.3685 32.4793 1 1 1
v -2.55207 -4.40715 29.5196 1 1 1
v -4.27062 18.1156 33.2478 1 1 1
v 5.81485 -25.6497 44.5571 1 1 1
v 6.80622 -15.7503 51.0286 1 1 1
v -2.60749 -4.07702 29.1914 1 1 1
v -4.68876 21.591 33.0162 1 1 1
v 6.11146 -15.3402 48.4029 1 1 1
v 5.62182 -22.7986 44.309 1 1 1
v 6.53643 -19.3661 48.0484 1 1 1
v -1.66509 -4.20245 31.1061 1 1 1
v -3.09396 12.9291 33.3857 1 1 1
v 7.39831 -19.7645 49.642 1 1 1
v 5.74754 -24.4128 43.4657 1 1 1
v -1.28677 15.4893 39.0043 1 1 1
v -1.26124 -4.08416 31.841 1 1 1
v 6.18797 -19.8355 46.0788 1 1 1
v 8.02331 -18.8132 51.037 1 1 1
v -3.65339 17.4584 32.7507 1 1 1
v -3.65339 17.4584 32.7507 1 1 1
v 6.40129 -20.1451 45.947 1 1 1
v 6.52236 -24.3043 44.7447 1 1 1
v 6.71513 -20.4592 46.533 1 1 1
v -1.72475 14.6765 36.2838 1 1 1
v -3.89141 14.7541 30.5422 1 1 1
v 7.43555 -18.8187 48.4722 1 1 1
v 7.43555 -18.8187 48.4722 1 1 1
v 8.07455 -18.7484 50.0643 1 1 1
v 7.20271 -14.5945 49.1538 1 1 1
v 7.09862 -14.7649 48.6947 1 1 1
v 8.30961 -18.4031 49.9388 1 1 1
v -2.93636 18.7237 33.4537 1 1 1
v 7.44695 -15.3701 48.5774 1 1 1
v -1.44298 -4.57322 29.2388 1 1 1
v -2.6281 7.46236 30.0528 1 1 1
v -2.31084 -4.99097 26.6145 1 1 1
v 6.65211 -17.1665 45.017 1 1 1
v 6.65211 -17.1665 45.017 1 1 1
v 8.12797 -14.268 49.1387 1 1 1
v 3.06217 -22.1872 33.8186 1 1 1
v -2.26649 13.3336 31.7192 1 1 1
v -1.71672 -4.84447 27.3957 1 1 1
v 7.57034 -23.6337 44.1995 1 1 1
v 8.7099 -17.4061 48.8575 1 1 1
v -2.56205 8.30454 28.9534 1 1 1
v -2.56205 8.30454 28.9534 1 1 1
v 8.52573 -16.9771 48.1421 1 1 1
v 8.28082 -14.6493 48.1025 1 1 1
v 7.90952 -23.8832 44.2616 1 1 1
v -1.81795 -0.717387 27.6324 1 1 1
v -2.46721 8.52815 28.7207 1 1 1
v 9.90866 -13.9121 51.5936 1 1 1
v -2.51769 7.07553 27.8905 1 1 1
v -2.02291 7.54786 29.2198 1 1 1
v 8.07078 -16.1804 46.044 1 1 1
v 9.29521 -15.9131 48.72 1 1 1
v -1.38279 20.5348 34.0566 1 1 1
v -1.35582 13.7706 31.8348 1 1 1
v 9.60238 -10.6864 50.0697 1 1 1
v 10.4614 -13.639 51.1512 1 1 1
v 8.94195 -13.5185 47.7639 1 1 1
v 11.885 -17.697 53.3634 1 1 1
v 9.24372 -13.1919 47.8202 1 1 1
v 10.2974 -3.94524 52.6066 1 1 1
v 10.0991 -13.5256 49.1518 1 1 1
v 9.27386 -13.2294 47.4036 1 1 1
v 9.72387 -12.9409 48.3962 1 1 1
v -0.876558 10.0347 30.2692 1 1 1
v 9.26046 -12.553 47.071 1 1 1
v 10.6659 -13.5129 49.861 1 1 1
v 14.6063 -4.82209 60.6046 1 1 1
v 10.8013 -12.604 49.9265 1 1 1
v 9.85046 -10.9442 48.1256 1 1 1
v 10.089 -10.6699 48.4208 1 1 1
v 9.71012 -10.6315 47.187 1 1 1
v 11.2499 -10.7757 50.1115 1 1 1
v 11.5686 -10.9263 50.7093 1 1 1
v 11.5062 -10.4546 50.6412 1 1 1
v 13.2021 -3.54456 56.0548 1 1 1
v 10.8114 -11.1675 48.6068 1 1 1
v 0.280508 16.4065 32.552 1 1 1
v -0.349751 19.6284 31.6239 1 1 1
v 14.3605 -3.37888 57.5566 1 1 1
v 10.8881 -10.7254 48.3967 1 1 1
v 10.5733 -14.1734 46.9403 1 1 1
v 10.4797 -10.2696 47.4716 1 1 1
v 10.2448 -10.3417 46.8856 1 1 1
v 10.7226 -9.67025 47.7126 1 1 1
v 10.883 -8.79749 47.988 1 1 1
v 10.883 -8.79749 47.988 1 1 1
v -0.179885 -3.23048 25.9708 1 1 1
v 12.8865 -8.56692 51.754 1 1 1
v 16.3211 -5.69039 59.3622 1 1 1
v 16.9266 -3.71807 61.0194 1 1 1
v 11.4846 -10.7001 48.2089 1 1 1
v 11.5135 -9.18588 48.6211 1 1 1
v -0.450074 7.53325 27.5872 1 1 1
v 14.6411 -7.86504 55.256 1 1 1
v 15.6054 -5.37646 57.6477 1 1 1
v 0.453257 20.6411 32.0835 1 1 1
v 16.8163 -6.7055 59.648 1 1 1
v 17.1824 -5.97023 60.2273 1 1 1
v 12.4539 -11.4828 49.3575 1 1 1
v 11.8912 -9.31909 48.6957 1 1 1
v 17.5329 -5.32842 60.9244 1 1 1
v 3.32611 16.3692 36.6173 1 1 1
v 18.0573 -5.02844 61.6116 1 1 1
v 11.8086 -9.85142 47.5462 1 1 1
v 11.5937 -9.6793 47.0452 1 1 1
v 16.7001 -4.59224 58.2084 1 1 1
v 11.3966 -9.50167 46.4037 1 1 1
v 1.80479 20.1191 33.1983 1 1 1
v 16.6814 -3.9319 57.9243 1 1 1
v 0.697186 16.6605 30.2655 1 1 1
v 12.8463 -10.5893 48.8665 1 1 1
v 14.2194 -7.71915 52.1843 1 1 1
v 12.2052 -21.7017 45.4038 1 1 1
v 3.32591 11.9088 34.1987 1 1 1
v 12.1743 -13.2933 46.795 1 1 1
v 16.9702 -4.23325 57.8859 1 1 1
v 14.1662 -7.98869 51.3248 1 1 1
v 11.4193 -9.5151 45.6369 1 1 1
v 12.9409 -8.89697 48.5081 1 1 1
v 15.0257 -8.22941 52.5307 1 1 1
v 3.55944 15.1759 34.6869 1 1 1
v 3.55944 15.1759 34.6869 1 1 1
v 10.6416 -17.8927 42.1143 1 1 1
v 14.2857 -7.59271 51.0859 1 1 1
v 17.4515 -4.06632 57.8537 1 1 1
v 16.721 -4.20342 56.3376 1 1 1
v 14.6531 -8.45791 51.3698 1 1 1
v 16.4835 -7.36793 54.9182 1 1 1
v 12.1368 -12.356 45.5098 1 1 1
v 12.7485 -20.754 45.0048 1 1 1
v 13.1291 -19.6585 45.6928 1 1 1
v 14.3085 -8.0851 49.7721 1 1 1
v 12.9525 -20.8269 44.8249 1 1 1
v 2.3666 21.544 32.2461 1 1 1
v 13.3182 -9.77257 47.367 1 1 1
v 2.3465 9.4499 30.0547 1 1 1
v 2.93835 21.2377 32.4621 1 1 1
v 18.4638 -5.36749 56.6356 1 1 1
v 3.68315 19.9372 32.5588 1 1 1
v 1.66424 7.7231 27.0966 1 1 1
v 3.16177 21.6991 30.9959 1 1 1
v 1.90375 12.2252 27.058 1 1 1
v 3.7975 22.1425 31.413 1 1 1
v 4.25183 20.9525 32.0815 1 1 1
v 4.41333 20.8239 32.315 1 1 1
v 6.21013 16.1989 34.6463 1 1 1
v 3.60652 21.8562 30.9085 1 1 1
v 4.41514 19.9732 31.8466 1 1 1
v 2.49443 -2.75956 25.2851 1 1 1
v 4.3907 21.1123 31.6506 1 1 1
v 2.30557 -3.21505 24.809 1 1 1
v 2.45534 -2.85675 25.0375 1 1 1
v 2.45534 -2.85675 25.0375 1 1 1
v 2.45534 -2.85675 25.0375 1 1 1
v 6.493 15.6005 34.0743 1 1 1
v 3.75097 22.1453 30.0891 1 1 1
v 4.04423 21.5107 30.4001 1 1 1
v 6.00194 14.4759 32.6477 1 1 1
v 4.53435 20.6785 30.8058 1 1 1
v 4.62685 21.3212 30.9148 1 1 1
v 4.01214 22.3172 29.7742 1 1 1
v 3.87549 22.6185 29.541 1 1 1
v 4.63446 14.2437 29.5807 1 1 1
v 4.33359 18.2894 29.4604 1 1 1
v 4.22141 18.1114 29.2308 1 1 1
v 4.00363 13.9432 28.3719 1 1 1
v 4.12507 8.03303 27.233 1 1 1
v 4.12507 8.03303 27.233 1 1 1
v 4.22801 17.5742 28.302 1 1 1
v 3.24193 -1.70052 24.4941 1 1 1
v 3.95878 5.78875 26.3725 1 1 1
v 5.22503 21.4938 29.8389 1 1 1
v 24.3696 -2.89992 56.7079 1 1 1
v 3.74755 24.7232 27.1571 1 1 1
v 3.74755 24.7232 27.1571 1 1 1
v 4.861 7.93403 27.013 1 1 1
v 4.52669 16.2393 27.2204 1 1 1
v 5.32743 3.4776 27.1109 1 1 1
v 4.60748 5.97124 26.1507 1 1 1
v 4.5833 5.95251 26.1023 1 1 1
v 5.14834 3.18529 26.6929 1 1 1
v 4.6691 6.15838 25.964 1 1 1
v 9.78143 18.801 33.9539 1 1 1
v 10.0406 19.1604 34.3556 1 1 1
v 4.71156 -2.83919 24.6007 1 1 1
v 3.35419 27.5523 24.8429 1 1 1
v 4.96056 -2.55689 24.8048 1 1 1
v 9.4354 19.7605 32.9504 1 1 1
v 5.06415 -0.936502 24.8267 1 1 1
v 2.59764 29.5758 23.522 1 1 1
v 6.51807 1.25831 27.0108 1 1 1
v 6.08132 -1.14287 26.1484 1 1 1
v 6.81858 -1.56411 26.2217 1 1 1
v 27.7847 -1.05823 53.5343 1 1 1
v 27.1134 -1.21207 52.588 1 1 1
v 27.8034 -1.25979 53.2878 1 1 1
v 9.37992 22.1901 29.6074 1 1 1
v 27.9922 -0.376796 51.0558 1 1 1
v 26.2042 -0.815366 48.6581 1 1 1
v 29.4794 -0.772964 50.3244 1 1 1
v 9.48115 25.5443 26.0937 1 1 1
v 16.2243 20.4307 30.2482 1 1 1
v -18.9292 1.0573 40.3656 1 1 1
v -18.4591 -1.11556 41.2781 1 1 1
v -18.9461 1.47336 41.0496 1 1 1
v -18.7994 1.163 40.6894 1 1 1
v -18.9446 1.7638 41.637 1 1 1
v -18.1996 -0.927697 42.2727 1 1 1
v -18.6139 -12.3681 84.4152 1 1 1
v -18.7553 1.40623 42.2761 1 1 1
v -18.7425 1.53266 42.1941 1 1 1
v -18.1646 -2.02306 46.9676 1 1 1
v -18.0655 -1.18504 44.1615 1 1 1
v -18.1886 0.679515 40.044 1 1 1
v -17.8972 -1.81706 46.0801 1 1 1
v -17.7217 -0.915216 43.5351 1 1 1
v -17.3837 -11.3676 84.6007 1 1 1
v -11.0269 -26.9222 50.4423 1 1 1
v -10.2667 -30.0711 69.0949 1 1 1
v -10.2667 -30.0711 69.0949 1 1 1
v -10.3463 -29.322 72.1987 1 1 1
v -8.59193 -31.2715 67.5976 1 1 1
v -8.59193 -31.2715 67.5976 1 1 1
v -8.64723 -29.8078 68.6022 1 1 1
v -8.64723 -29.8078 68.6022 1 1 1
v -13.1752 -10.5053 82.0285 1 1 1
v -14.1861 -2.698 44.0172 1 1 1
v -7.67709 -30.998 70.0971 1 1 1
v -14.4832 -1.04807 44.179 1 1 1
v -14.1009 -2.00805 46.63 1 1 1
v -14.264 -1.10269 44.2928 1 1 1
v -13.6604 -1.82198 45.6993 1 1 1
v -13.6401 -1.95292 45.223 1 1 1
v -10.7088 -15.9862 16.5286 1 1 1
v -5.93565 -32.7705 67.6555 1 1 1
v -13.12 -1.99868 45.2021 1 1 1
v -12.9563 -1.86186 47.7028 1 1 1
v -12.9563 -1.86186 47.7028 1 1 1
v -9.89301 -9.78384 80.332 1 1 1
v -12.6577 -1.66406 47.0124 1 1 1
v -17.9336 24.2486 25.9719 1 1 1
v -12.4292 14.4692 44.4814 1 1 1
v -12.4199 13.9332 43.3537 1 1 1
v -11.7725 14.4311 44.611 1 1 1
v -0.19192 -31.6262 63.0304 1 1 1
v -0.0290803 -30.0893 63.2155 1 1 1
v 0.819107 -29.9465 68.8161 1 1 1
v -7.58672 1.2577 47.4268 1 1 1
v 0.525574 -31.0927 61.5937 1 1 1
v 0.893126 -31.0178 64.4191 1 1 1
v 0.536662 -30.356 61.7255 1 1 1
v -1.1215 -7.91452 80.1376 1 1 1
v 1.17805 -31.2991 64.2382 1 1 1
v 0.760805 -29.171 61.2847 1 1 1
v -7.88615 8.67265 47.8287 1 1 1
v -6.96605 9.29821 51.9178 1 1 1
v -1.02931 -4.19319 72.7137 1 1 1
v -4.59835 8.29076 51.4057 1 1 1
v -9.72107 30.7728 43.1171 1 1 1
v -5.78256 13.829 44.0043 1 1 1
v -5.65309 12.8779 42.9525 1 1 1
v 4.90198 -7.9986 72.4934 1 1 1
v 6.69862 -12.3186 70.6154 1 1 1
v 7.24691 -14.1698 71.2652 1 1 1
v 3.74439 -27.0118 48.5243 1 1 1
v 0.209815 5.0421 53.6899 1 1 1
v 5.08061 -20.9951 54.4782 1 1 1
v 5.52542 -22.7919 54.0055 1 1 1
v 5.09648 -25.1245 50.9116 1 1 1
v 7.50765 -3.00049 70.5708 1 1 1
v 5.59878 -22.3394 52.1854 1 1 1
v -5.74144 15.1446 31.5006 1 1 1
v -4.39261 7.59811 30.8725 1 1 1
v 8.87279 -2.79982 69.5742 1 1 1
v 5.66404 -15.3283 52.4114 1 1 1
v -4.50258 13.5104 32.2606 1 1 1
v -4.17566 8.8519 30.9934 1 1 1
v -3.55879 -4.12684 27.1329 1 1 1
v 5.77632 -15.3763 52.0937 1 1 1
v -4.44826 18.8808 34.2701 1 1 1
v -4.24383 5.20886 28.8255 1 1 1
v 5.72537 -16.5554 50.8824 1 1 1
v 5.72537 -16.5554 50.8824 1 1 1
v 6.79617 -26.0059 50.158 1 1 1
v 6.78479 -13.5815 55.3863 1 1 1
v 5.5385 -25.5021 46.0159 1 1 1
v 6.46384 -25.0493 48.9491 1 1 1
v -2.92708 -4.68816 28.0956 1 1 1
v -3.16187 -4.21733 27.5744 1 1 1
v -3.22627 -3.71011 27.3593 1 1 1
v -3.42454 -2.04593 27.3969 1 1 1
v 6.67533 -14.2534 53.2491 1 1 1
v -3.13355 -2.37112 27.8297 1 1 1
v 6.99112 -14.4244 54.0114 1 1 1
v 6.73599 -18.5404 51.1664 1 1 1
v -3.97281 6.02592 28.2939 1 1 1
v -3.4446 18.4531 34.7748 1 1 1
v -3.33159 18.8164 35.2517 1 1 1
v -3.74723 4.02475 28.0083 1 1 1
v -2.7941 -4.13807 27.7015 1 1 1
v 6.71464 -26.0477 47.4191 1 1 1
v 6.29857 -26.1642 45.8542 1 1 1
v -3.06226 -4.76338 26.1908 1 1 1
v -3.1979 19.8367 34.7389 1 1 1
v 6.3236 -25.2621 45.3529 1 1 1
v 6.81529 -19.8171 48.7682 1 1 1
v 6.82907 -19.2727 48.9516 1 1 1
v 7.45962 -20.814 49.4766 1 1 1
v 6.83664 -19.7884 47.9879 1 1 1
v 6.04567 -25.3905 43.6176 1 1 1
v 7.38223 -15.3114 50.9799 1 1 1
v 7.92108 -15.6709 51.6452 1 1 1
v 7.19915 -22.9827 46.6756 1 1 1
v 7.46657 -18.0584 49.1196 1 1 1
v 7.13739 -14.943 49.0704 1 1 1
v 8.61556 -15.4099 52.7667 1 1 1
v 8.15604 -15.3273 51.5313 1 1 1
v 6.71396 -23.4947 44.6499 1 1 1
v -3.44668 -4.93836 22.6917 1 1 1
v -2.63063 -1.53221 25.979 1 1 1
v -2.55403 7.73266 29.0564 1 1 1
v 8.40242 -14.7885 51.4177 1 1 1
v 8.91437 -14.8648 52.7835 1 1 1
v -2.46506 -1.5417 26.0502 1 1 1
v -2.0598 -4.55547 26.0453 1 1 1
v -2.00728 -5.35257 25.9061 1 1 1
v 8.14566 -18.7347 48.9335 1 1 1
v -1.84343 18.9603 33.8522 1 1 1
v -1.70328 19.2723 34.1604 1 1 1
v 8.07066 -22.8261 46.9051 1 1 1
v 7.82092 -16.599 47.7171 1 1 1
v 8.25914 -16.6744 48.7814 1 1 1
v 7.68643 -16.5502 47.3232 1 1 1
v -1.82044 11.3593 30.7451 1 1 1
v -1.43598 -4.92733 26.2583 1 1 1
v 8.97835 -17.6238 49.3491 1 1 1
v -1.57609 12.5861 31.0224 1 1 1
v 9.96648 -14.8442 52.2094 1 1 1
v -1.33153 12.9542 31.1333 1 1 1
v -1.3691 -5.07826 25.4793 1 1 1
v 8.83336 -21.8045 45.9987 1 1 1
v -1.51477 10.2469 28.5434 1 1 1
v 0.446312 21.0973 33.3623 1 1 1
v -0.771424 -3.48531 24.7269 1 1 1
v -0.682465 -3.53376 24.7609 1 1 1
v 0.590113 20.5021 33.0006 1 1 1
v 11.219 -10.781 50.1771 1 1 1
v 9.84793 -25.288 43.6203 1 1 1
v -0.593539 -4.40995 24.584 1 1 1
v 10.5332 -24.8361 44.1619 1 1 1
v 12.016 -10.3269 50.4336 1 1 1
v 13.0295 -8.57422 52.8807 1 1 1
v 12.7353 -10.3534 51.4955 1 1 1
v 10.4122 -25.0605 43.108 1 1 1
v 17.4178 -4.1468 62.5871 1 1 1
v 12.2134 -12.7985 48.882 1 1 1
v 16.6139 -6.09881 59.738 1 1 1
v 12.3689 -9.42132 49.5954 1 1 1
v 12.2004 -9.45674 49.2249 1 1 1
v 17.6579 -6.74923 61.0112 1 1 1
v 11.5905 -20.7252 45.2888 1 1 1
v 12.6652 -10.1751 49.5199 1 1 1
v 12.7833 -9.35572 49.5088 1 1 1
v 11.1194 -24.9904 42.8985 1 1 1
v 20.0994 -4.08606 65.4683 1 1 1
v 14.2347 -8.72758 51.58 1 1 1
v 15.6973 -8.27818 54.5726 1 1 1
v 12.9282 -21.8836 45.6265 1 1 1
v 14.3392 -11.0496 50.1473 1 1 1
v 13.4963 -21.6478 46.2239 1 1 1
v 2.10449 12.8106 28.9524 1 1 1
v 4.88885 16.408 34.3557 1 1 1
v 1.71856 8.5266 26.3166 1 1 1
v 1.65198 8.39839 26.1824 1 1 1
v 2.40875 14.5199 28.4206 1 1 1
v 1.35554 6.57816 25.2202 1 1 1
v 1.35554 6.57816 25.2202 1 1 1
v 4.08068 20.1916 32.225 1 1 1
v 1.43248 -3.04607 23.5135 1 1 1
v 4.32312 21.1472 32.2513 1 1 1
v 1.50724 -3.24626 23.4782 1 1 1
v 2.186 -3.30406 24.3763 1 1 1
v 5.49192 14.8827 31.9837 1 1 1
v 2.84376 8.02362 25.8083 1 1 1
v 5.63294 14.0135 31.3566 1 1 1
v 3.8208 16.4508 27.1438 1 1 1
v 4.73084 14.7892 28.3291 1 1 1
v 3.61116 5.17306 25.3322 1 1 1
v 4.35446 3.01691 25.4172 1 1 1
v 3.36129 -3.46528 22.9902 1 1 1
v 3.9488 -3.66412 23.6654 1 1 1
v 1.2963 26.0578 21.2109 1 1 1
v 3.68848 -3.27026 22.907 1 1 1
v 4.13295 -3.61736 23.5542 1 1 1
v 4.943 0.710563 25.1362 1 1 1
v 19.6822 -4.02201 48.4213 1 1 1
v 5.50638 2.68613 26.0354 1 1 1
v 5.10974 -1.52156 24.8518 1 1 1
v 5.38674 2.27265 25.4709 1 1 1
v 5.64581 4.01245 26.0014 1 1 1
v 5.03021 -2.12188 24.2188 1 1 1
v 5.20639 -1.94467 24.4618 1 1 1
v 5.52059 -2.44991 24.4402 1 1 1
v 28.7555 -0.811618 59.1869 1 1 1
v 11.0337 3.63165 31.1485 1 1 1
v 2.55676 30.2153 18.0661 1 1 1
v 19.8033 13.7751 39.5562 1 1 1
v 7.35343 28.6919 20.0067 1 1 1
v 14.043 -19.7912 28.8608 1 1 1
v 14.043 -19.7912 28.8608 1 1 1
v 14.0969 -19.8936 28.5697 1 1 1
v 14.0969 -19.8936 28.5697 1 1 1
v -19.0017 1.34016 41.764 1 1 1
v -18.0656 -0.924486 43.8494 1 1 1
v -18.3184 1.45304 42.3924 1 1 1
v -18.3184 1.45304 42.3924 1 1 1
v -19.129 -12.2564 85.8994 1 1 1
v -21.0603 21.0539 30.2477 1 1 1
v -17.3312 -0.19309 45.0113 1 1 1
v -16.8714 -3.15734 49.1971 1 1 1
v -12.8341 -30.8028 74.4687 1 1 1
v -18.232 -11.5586 84.6477 1 1 1
v -16.557 -3.02292 47.9339 1 1 1
v -11.8671 -32.9064 72.8467 1 1 1
v -11.8671 -32.9064 72.8467 1 1 1
v -16.3148 -2.88241 46.1322 1 1 1
v -16.7105 -0.305316 44.7376 1 1 1
v -11.9183 -32.268 73.8331 1 1 1
v -17.4806 -11.2943 85.6987 1 1 1
v -15.9431 -2.20623 45.0521 1 1 1
v -11.0006 -33.6345 72.4707 1 1 1
v -15.008 -2.7814 45.5502 1 1 1
v -15.1133 -1.9916 46.1089 1 1 1
v -15.1133 -1.9916 46.1089 1 1 1
v -10.1686 -19.9422 33.3375 1 1 1
v -10.1686 -19.9422 33.3375 1 1 1
v -15.0295 -0.645398 45.1128 1 1 1
v -15.0341 -0.430398 45.0492 1 1 1
v -15.0494 -0.430712 45.2555 1 1 1
v -15.1306 -0.0518103 46.1609 1 1 1
v -15.022 -0.370097 46.6068 1 1 1
v -14.795 -0.462306 45.6884 1 1 1
v -9.36669 -31.9442 73.3576 1 1 1
v -14.4732 -1.50042 47.2951 1 1 1
v -9.47448 -30.4273 74.357 1 1 1
v -9.47448 -30.4273 74.357 1 1 1
v -14.4345 -1.21766 47.3131 1 1 1
v -18.7253 22.2569 34.2052 1 1 1
v -14.1768 -1.55297 48.3204 1 1 1
v -14.2989 -0.29708 47.3811 1 1 1
v -13.7242 -2.4125 47.1858 1 1 1
v -9.57811 -16.5025 20.0086 1 1 1
v -13.8001 -1.12351 47.6717 1 1 1
v -7.58213 -33.2528 71.9105 1 1 1
v -13.5422 -0.927205 48.0109 1 1 1
v -7.60962 -31.7925 73.4109 1 1 1
v -8.94714 -19.5497 31.9946 1 1 1
v -6.64661 -34.2482 72.123 1 1 1
v -12.9501 -1.49403 48.2827 1 1 1
v -12.9665 -1.53344 50.5089 1 1 1
v -12.8243 -1.81472 48.7887 1 1 1
v -6.7711 -31.4264 72.356 1 1 1
v -9.29159 -14.8302 13.5331 1 1 1
v -5.89343 -32.9607 71.2677 1 1 1
v -5.85143 -33.1779 72.0529 1 1 1
v -12.068 0.908234 62.9152 1 1 1
v -5.10894 -33.5435 69.4587 1 1 1
v -12.4539 3.19576 44.7199 1 1 1
v -10.891 1.24289 62.6728 1 1 1
v -12.5725 15.2732 45.886 1 1 1
v -12.3374 14.7425 45.088 1 1 1
v -14.8482 25.1287 29.2804 1 1 1
v -13.5638 23.4328 31.7044 1 1 1
v -9.07035 7.5179 49.2074 1 1 1
v -12.0752 20.8241 35.0005 1 1 1
v -11.2593 20.5249 35.6476 1 1 1
v -5.25066 3.95676 64.6413 1 1 1
v -4.75123 3.37606 64.4815 1 1 1
v -4.70394 3.27601 63.7465 1 1 1
v 2.10954 -32.6804 68.4558 1 1 1
v 2.29857 -33.0082 69.0535 1 1 1
v 1.81445 -29.9991 67.3672 1 1 1
v 3.30563 -32.9135 68.2612 1 1 1
v 1.3012 -7.1123 83.0036 1 1 1
v -5.91932 16.5436 41.6024 1 1 1
v -9.30741 25.5133 27.4923 1 1 1
v -9.30741 25.5133 27.4923 1 1 1
v -4.00238 1.77499 35.6425 1 1 1
v -8.824 26.226 26.1753 1 1 1
v -6.44507 20.919 34.3537 1 1 1
v -4.40887 7.45083 31.164 1 1 1
v -3.4824 -4.05595 28.3761 1 1 1
v -4.60632 13.4892 33.3719 1 1 1
v -4.25145 6.82143 30.9344 1 1 1
v 5.6484 -26.2508 55.3421 1 1 1
v -4.17617 8.23305 31.4472 1 1 1
v -2.92467 -4.17983 29.5936 1 1 1
v -3.5019 -1.42805 28.4961 1 1 1
v -3.5019 -1.42805 28.4961 1 1 1
v -4.43411 20.0968 35.9488 1 1 1
v -4.59063 17.2243 33.5667 1 1 1
v -3.41582 -1.15209 28.643 1 1 1
v -4.51626 14.3821 31.8375 1 1 1
v -3.87548 8.11641 31.1208 1 1 1
v -3.14939 1.56739 30.74 1 1 1
v -3.01854 -3.45045 28.5627 1 1 1
v -2.93887 -4.11387 28.4785 1 1 1
v -3.57062 2.37463 28.8817 1 1 1
v -3.30788 -2.70009 27.3732 1 1 1
v 7.58317 -12.3452 67.1443 1 1 1
v 6.35196 -27.89 54.2133 1 1 1
v -3.29452 14.3271 35.685 1 1 1
v -3.17147 9.61362 33.5291 1 1 1
v -3.69651 19.7837 36.3424 1 1 1
v -3.78993 19.2821 35.6911 1 1 1
v 5.89414 -20.88 55.1612 1 1 1
v -3.8993 16.9627 33.8211 1 1 1
v -3.59526 4.08882 28.6091 1 1 1
v -3.57321 4.16463 28.733 1 1 1
v -2.36885 -4.75715 28.9018 1 1 1
v 6.24869 -27.4787 52.1953 1 1 1
v -3.03323 -4.40923 26.2473 1 1 1
v -3.70674 6.06546 28.5269 1 1 1
v 6.62382 -26.3361 54.1498 1 1 1
v -3.03162 -3.81273 26.4887 1 1 1
v 6.13099 -22.7912 53.3595 1 1 1
v -2.90646 -4.93892 26.1704 1 1 1
v -2.36051 -4.90507 28.1223 1 1 1
v -2.18466 -4.38947 28.9621 1 1 1
v 8.66675 -2.74043 71.5877 1 1 1
v 5.6767 -19.9634 52.0915 1 1 1
v 5.33895 -15.6827 52.5108 1 1 1
v -2.45534 -3.93521 27.6637 1 1 1
v 6.26484 -22.5102 52.8293 1 1 1
v 6.23584 -22.451 52.6633 1 1 1
v -3.43433 6.20906 28.1138 1 1 1
v -1.86034 -4.73219 29.2638 1 1 1
v 6.45318 -15.4267 55.3249 1 1 1
v -2.2207 -4.48278 27.1468 1 1 1
v 6.88741 -13.7814 56.9859 1 1 1
v 6.94245 -15.392 56.3645 1 1 1
v 6.39734 -15.9592 53.9809 1 1 1
v -1.8103 -2.68099 29.1408 1 1 1
v -2.81117 7.29875 29.5025 1 1 1
v -0.430092 -2.9437 33.9928 1 1 1
v 7.25069 -13.8922 57.364 1 1 1
v 7.21324 -17.6631 55.4666 1 1 1
v 6.89227 -17.9552 54.0374 1 1 1
v 7.44666 -27.1668 52.1486 1 1 1
v 6.79679 -23.7293 51.0064 1 1 1
v -1.13122 16.0571 37.9177 1 1 1
v -1.43186 -4.25871 28.7661 1 1 1
v -2.03656 -4.39123 26.368 1 1 1
v -1.82707 -4.31086 27.1307 1 1 1
v 6.79777 -15.6535 52.9692 1 1 1
v 6.90945 -17.7312 52.4925 1 1 1
v -2.66251 8.29118 28.7374 1 1 1
v -2.66251 8.29118 28.7374 1 1 1
v -2.67856 8.42287 28.6017 1 1 1
v 6.7913 -25.9389 48.7415 1 1 1
v -1.74353 -4.98645 26.7236 1 1 1
v -2.14884 13.7287 32.4415 1 1 1
v -1.51096 -4.78844 27.2819 1 1 1
v 8.1012 -27.9041 51.9748 1 1 1
v -2.41621 18.6651 32.6312 1 1 1
v -1.72015 -4.24667 26.5436 1 1 1
v -1.80258 -4.4537 25.9436 1 1 1
v 10.2382 -2.35797 67.7038 1 1 1
v -1.71444 10.5125 31.3349 1 1 1
v -6.8945 29.3145 20.383 1 1 1
v 7.90707 -18.7107 53.0449 1 1 1
v -1.59818 13.4406 32.0003 1 1 1
v -1.59818 13.4406 32.0003 1 1 1
v -1.67522 13.5718 31.748 1 1 1
v 8.3343 -19.1967 53.324 1 1 1
v 8.38599 -19.8305 52.9516 1 1 1
v 8.42641 -20.448 52.8528 1 1 1
v 11.9199 -1.46559 69.9966 1 1 1
v 8.74009 -19.7224 53.4788 1 1 1
v 8.35281 -25.2328 50.3111 1 1 1
v -1.62467 9.29461 29.2487 1 1 1
v -1.54119 -5.22011 24.7408 1 1 1
v 8.92421 -15.0389 55.1722 1 1 1
v 8.37085 -20.6969 51.4411 1 1 1
v 8.22155 -23.2112 50.1164 1 1 1
v -1.09373 12.5158 31.3655 1 1 1
v -1.09373 12.5158 31.3655 1 1 1
v 8.27408 -21.5154 50.1324 1 1 1
v -1.11692 14.1369 31.4729 1 1 1
v -1.23174 -3.4975 25.479 1 1 1
v -1.27782 -3.52237 25.3159 1 1 1
v -1.21783 11.4074 29.9564 1 1 1
v -1.67584 7.61048 27.3401 1 1 1
v -1.61285 7.9451 27.6392 1 1 1
v 9.26079 -15.197 54.2839 1 1 1
v -0.745446 13.2527 31.5083 1 1 1
v 8.42899 -19.4971 50.0153 1 1 1
v 9.04344 -19.0001 51.706 1 1 1
v 0.235498 14.7007 34.5255 1 1 1
v 9.73536 -26.0157 51.5218 1 1 1
v -0.304796 -2.73564 27.2339 1 1 1
v 9.06618 -23.6922 49.2777 1 1 1
v 9.06618 -23.6922 49.2777 1 1 1
v 9.46963 -26.8055 49.6185 1 1 1
v -1.40601 6.57693 26.1733 1 1 1
v 9.79372 -21.8985 50.5106 1 1 1
v 10.4085 -15.6955 53.7029 1 1 1
v 10.4651 -14.9289 53.9395 1 1 1
v 10.185 -16.6178 52.4756 1 1 1
v 0.0779738 13.765 30.6304 1 1 1
v 0.0766098 13.7686 30.6256 1 1 1
v 11.1411 -14.4186 54.865 1 1 1
v 10.599 -14.9191 52.7437 1 1 1
v 4.17985 -1.40894 37.9061 1 1 1
v 11.2806 -13.7998 54.4816 1 1 1
v 13.0037 -13.2526 59.3074 1 1 1
v 13.0247 -13.3163 59.3476 1 1 1
v 2.93792 17.0196 37.9214 1 1 1
v 11.7129 -13.6582 54.7781 1 1 1
v 0.751615 14.016 30.7822 1 1 1
v 0.953989 2.20091 28.5857 1 1 1
v 11.1591 -22.6888 50.7296 1 1 1
v 3.40947 17.5559 38.2284 1 1 1
v 14.915 -10.2901 63.2421 1 1 1
v 4.7104 16.1946 41.436 1 1 1
v -0.436443 7.60959 25.4383 1 1 1
v 2.99053 16.9801 36.7038 1 1 1
v 11.7073 -13.2843 53.4499 1 1 1
v 12.0262 0.157806 56.7373 1 1 1
v 15.2476 -2.45146 64.6799 1 1 1
v 1.05171 14.2142 30.3486 1 1 1
v 1.05171 14.2142 30.3486 1 1 1
v 11.6353 -12.6261 52.8264 1 1 1
v 14.1187 -2.83465 61.3869 1 1 1
v 1.1056 14.1948 30.0275 1 1 1
v 1.14818 14.278 30.1396 1 1 1
v 11.544 -25.6896 49.0913 1 1 1
v 1.87828 20.8174 32.9175 1 1 1
v 11.3751 -10.5014 51.2933 1 1 1
v 12.4466 -10.9644 53.8889 1 1 1
v 1.83423 20.0938 31.917 1 1 1
v 11.715 -26.3876 47.9318 1 1 1
v 1.40628 12.2293 28.3551 1 1 1
v 12.7355 -10.1748 52.6078 1 1 1
v 2.42097 21.8121 32.37 1 1 1
v 2.34089 21.4846 32.0474 1 1 1
v 2.29832 21.3585 31.9289 1 1 1
v 12.2421 -25.7368 48.3087 1 1 1
v 12.7715 -10.0654 52.2953 1 1 1
v 13.0114 -10.6875 52.7366 1 1 1
v 12.6303 -10.7135 51.778 1 1 1
v 1.72983 12.0386 28.471 1 1 1
v 12.5661 -25.4424 48.719 1 1 1
v 1.00835 3.71777 25.1594 1 1 1
v 13.916 -8.40614 54.7796 1 1 1
v 19.3689 -3.5779 68.1633 1 1 1
v 12.9876 -10.1295 51.4053 1 1 1
v 15.18 -8.14051 56.6961 1 1 1
v 15.18 -8.14051 56.6961 1 1 1
v 19.376 -3.43462 67.5181 1 1 1
v 17.4356 -4.23643 62.5571 1 1 1
v 13.7653 -8.86496 52.6249 1 1 1
v 17.9747 -7.16624 62.6873 1 1 1
v 1.82846 8.36888 26.6546 1 1 1
v 13.7903 -9.05881 52.1764 1 1 1
v 17.9403 -7.51082 62.1537 1 1 1
v 16.0243 -0.773916 58.4401 1 1 1
v 13.7591 -8.56983 51.8782 1 1 1
v 1.5854 -3.40401 23.8976 1 1 1
v 13.8981 -17.0642 50.579 1 1 1
v 13.5879 -17.038 49.8635 1 1 1
v 14.2969 1.71269 54.2303 1 1 1
v 19.9214 -4.96594 66.33 1 1 1
v 14.342 -11.1189 52.3858 1 1 1
v 14.198 -16.1498 51.2263 1 1 1
v 1.97758 -3.35901 24.5368 1 1 1
v 1.90622 -2.94763 24.2713 1 1 1
v 13.8249 -21.1316 49.091 1 1 1
v 22.3123 -2.88938 71.0873 1 1 1
v 15.2097 -8.62751 53.8985 1 1 1
v 1.97441 -2.98282 24.2241 1 1 1
v 1.97441 -2.98282 24.2241 1 1 1
v 20.7505 -6.42792 66.8411 1 1 1
v 20.7505 -6.42792 66.8411 1 1 1
v 14.6383 -22.089 50.6453 1 1 1
v 15.3336 -11.0448 53.6465 1 1 1
v 15.0084 -9.33087 53.1188 1 1 1
v 15.6254 -10.5033 54.208 1 1 1
v 15.7266 -8.68508 54.6561 1 1 1
v 3.30948 7.80865 28.2589 1 1 1
v 16.1864 -8.44501 55.2637 1 1 1
v 4.07151 21.1079 31.5919 1 1 1
v 15.0561 -19.0985 51.0923 1 1 1
v 3.01848 8.67276 27.4024 1 1 1
v 15.8803 -7.9177 54.0775 1 1 1
v 2.61516 7.63877 26.293 1 1 1
v 3.02618 8.14941 27.1089 1 1 1
v 2.50604 -2.96667 24.5557 1 1 1
v 2.67018 8.4531 25.9652 1 1 1
v 2.64704 8.40185 25.9093 1 1 1
v 2.61094 8.44939 25.7871 1 1 1
v 2.76279 8.44791 26.109 1 1 1
v 22.8702 -2.72472 69.0975 1 1 1
v 3.83414 21.0698 29.9725 1 1 1
v 3.83414 21.0698 29.9725 1 1 1
v 4.6241 15.0037 30.9516 1 1 1
v 15.8045 -11.2369 52.4728 1 1 1
v 15.9503 -27.0682 50.7228 1 1 1
v 2.40088 -2.70975 23.7733 1 1 1
v 16.4352 -10.7933 53.4408 1 1 1
v 16.4352 -10.7933 53.4408 1 1 1
v 3.20008 8.59612 26.6754 1 1 1
v 3.43011 7.69371 26.6825 1 1 1
v 3.42967 8.4261 26.4755 1 1 1
v 20.7985 -4.79292 62.2055 1 1 1
v 4.51003 14.1395 29.3648 1 1 1
v 4.95988 14.3705 30.2704 1 1 1
v 3.30329 7.63285 25.785 1 1 1
v 19.1743 -13.6626 57.2511 1 1 1
v 3.55351 7.56579 26.2936 1 1 1
v 3.35921 7.22619 25.8225 1 1 1
v 3.4617 8.08549 25.689 1 1 1
v 4.38282 13.425 28.04 1 1 1
v 3.33046 6.68519 24.9412 1 1 1
v 3.33046 6.68519 24.9412 1 1 1
v 3.56141 5.39387 25.1419 1 1 1
v 4.8124 20.503 28.9921 1 1 1
v 17.7645 -27.2479 51.3887 1 1 1
v 4.07998 15.4513 26.5871 1 1 1
v 4.07998 15.4513 26.5871 1 1 1
v 4.40841 7.90656 26.3685 1 1 1
v 4.8573 9.15948 27.0995 1 1 1
v 4.08282 5.98693 25.0339 1 1 1
v 5.25685 3.62821 27.1752 1 1 1
v 1.66029 27.0971 21.7369 1 1 1
v 22.2361 -29.1441 58.4137 1 1 1
v 2.6604 25.8272 23.4944 1 1 1
v 4.15303 5.73377 24.907 1 1 1
v 23.2555 1.77961 62.1421 1 1 1
v 3.762 -3.75288 23.2324 1 1 1
v 5.03707 1.42156 26.0765 1 1 1
v 17.5106 1.24654 50.4126 1 1 1
v 5.05655 4.12758 26.198 1 1 1
v 5.21336 4.40927 26.4954 1 1 1
v 4.29684 -3.56941 23.9953 1 1 1
v 5.29919 5.11858 26.5172 1 1 1
v 21.7203 -28.2663 55.8141 1 1 1
v 21.7203 -28.2663 55.8141 1 1 1
v 5.67988 3.01365 26.7338 1 1 1
v 4.92051 0.87248 25.1202 1 1 1
v 4.92698 -1.17738 24.7679 1 1 1
v 21.9771 -28.386 55.5423 1 1 1
v 5.57416 5.3422 26.1997 1 1 1
v 20.8683 -27.6467 53.2601 1 1 1
v 5.03291 -1.70809 24.5537 1 1 1
v 5.93249 4.26477 26.5775 1 1 1
v 5.80028 1.27366 26.1582 1 1 1
v 5.11095 -1.5297 24.6865 1 1 1
v 6.02313 2.2276 26.5991 1 1 1
v 24.676 2.06027 61.6729 1 1 1
v 24.0997 2.42243 60.5443 1 1 1
v 5.99162 2.22838 26.3801 1 1 1
v 5.90013 1.09517 25.9979 1 1 1
v 5.55052 -3.14727 24.9709 1 1 1
v 9.51104 18.5916 33.3071 1 1 1
v 9.51104 18.5916 33.3071 1 1 1
v 5.785 1.05834 25.5211 1 1 1
v 6.75985 2.40255 27.0381 1 1 1
v 27.297 -1.07412 64.1443 1 1 1
v 5.48606 -2.48529 24.2228 1 1 1
v 25.9318 1.25835 61.2483 1 1 1
v 9.10826 21.7645 29.1542 1 1 1
v 14.2055 16.5163 36.797 1 1 1
v 14.3555 16.6937 37.0513 1 1 1
v 8.61251 24.0186 24.8344 1 1 1
v 32.7927 0.82893 57.4927 1 1 1
v 33.7791 0.619219 58.6717 1 1 1
v 15.8113 19.8885 29.7038 1 1 1
v -17.5071 -4.06998 38.952 1 1 1
v -18.3963 -1.02079 40.2279 1 1 1
v -19.0563 1.64274 40.6775 1 1 1
v -19.1526 2.07642 43.1782 1 1 1
v -19.1087 -2.09515 49.1741 1 1 1
v -18.4447 -0.888918 43.9156 1 1 1
v -18.7717 1.68984 42.3261 1 1 1
v -18.2277 -0.649277 42.4327 1 1 1
v -24.4008 28.882 39.0209 1 1 1
v -18.9649 1.82486 43.7688 1 1 1
v -18.6494 -0.251583 45.0088 1 1 1
v -20.2007 -2.75738 59.405 1 1 1
v -12.5817 -25.1927 44.7548 1 1 1
v -18.1057 -2.78988 51.3183 1 1 1
v -17.0911 -0.551267 46.3133 1 1 1
v -12.8677 -31.8716 75.5863 1 1 1
v -15.8542 -1.5727 45.556 1 1 1
v -12.9336 -31.188 76.0913 1 1 1
v -15.9605 -0.277239 45.9714 1 1 1
v -15.9605 -0.277239 45.9714 1 1 1
v -15.339 -1.21517 46.5953 1 1 1
v -14.6719 -2.66218 45.1812 1 1 1
v -18.3963 26.7026 22.3664 1 1 1
v -14.7554 -1.04477 46.2344 1 1 1
v -14.5718 -2.15557 47.4848 1 1 1
v -14.7682 -0.452808 46.9394 1 1 1
v -14.4513 -1.47585 46.0289 1 1 1
v -18.3773 26.2858 27.6424 1 1 1
v -15.0247 -7.82112 79.6018 1 1 1
v -14.2143 -0.54279 48.5584 1 1 1
v -8.55083 -31.3389 75.0917 1 1 1
v -8.55083 -31.3389 75.0917 1 1 1
v -12.8699 -1.55785 48.9606 1 1 1
v -12.8996 -1.45591 49.4756 1 1 1
v -12.6465 -9.17184 86.3549 1 1 1
v -7.65816 -31.0833 74.5153 1 1 1
v -7.65816 -31.0833 74.5153 1 1 1
v -12.3957 -0.841147 50.6758 1 1 1
v -6.76407 -31.0061 74.5584 1 1 1
v -5.79051 -32.5139 73.2765 1 1 1
v -6.12832 -29.8431 73.1529 1 1 1
v -5.8121 -31.0003 74.8502 1 1 1
v -5.51638 -32.5224 74.6257 1 1 1
v -5.51638 -32.5224 74.6257 1 1 1
v -12.1452 14.2802 45.0873 1 1 1
v -12.9078 21.771 32.7769 1 1 1
v -7.56292 0.926068 45.8218 1 1 1
v -11.2321 23.8421 29.9402 1 1 1
v -7.97689 13.7974 47.5413 1 1 1
v 1.30134 -31.7308 70.6194 1 1 1
v -6.81205 12.3759 50.6917 1 1 1
v 1.87704 -31.453 70.5593 1 1 1
v 2.11586 -30.9932 70.4547 1 1 1
v 1.88362 -29.5504 68.5301 1 1 1
v -2.70584 2.6078 67.1356 1 1 1
v -5.7391 14.0866 46.82 1 1 1
v -6.693 21.0858 34.7223 1 1 1
v -5.76347 14.8217 30.9639 1 1 1
v -5.12055 19.9396 34.8109 1 1 1
v -4.99684 14.231 31.3632 1 1 1
v -3.73934 -1.50778 27.6609 1 1 1
v -3.60111 -1.94535 27.8895 1 1 1
v -3.37476 -3.56613 27.9378 1 1 1
v 5.19267 -23.5867 61.059 1 1 1
v -3.87831 6.40166 30.4092 1 1 1
v -3.04833 -3.99774 28.156 1 1 1
v -3.26128 -2.96647 27.2298 1 1 1
v -3.29779 -2.87688 26.9899 1 1 1
v -3.43447 11.9149 34.7693 1 1 1
v -2.89434 15.3351 38.9098 1 1 1
v -3.48383 8.42022 31.6638 1 1 1
v -2.69838 -4.44595 28.3241 1 1 1
v -3.01323 -3.42946 27.1022 1 1 1
v -3.82243 19.8399 35.1908 1 1 1
v -2.67442 -3.88602 27.8508 1 1 1
v -2.47183 -4.60358 28.2906 1 1 1
v -1.81165 15.7347 41.6977 1 1 1
v 5.58149 -25.8187 55.1139 1 1 1
v -3.04602 7.44957 30.2102 1 1 1
v 5.5369 -23.3717 55.5976 1 1 1
v -2.31559 -4.68133 27.4795 1 1 1
v 5.8505 -20.5588 58.1704 1 1 1
v 6.97468 -6.30428 70.2948 1 1 1
v 6.06082 -25.5883 55.4541 1 1 1
v 6.10372 -27.5967 54.1151 1 1 1
v -3.80032 16.971 29.467 1 1 1
v -3.80032 16.971 29.467 1 1 1
v -2.30581 -5.25067 25.7863 1 1 1
v -2.26173 -0.85469 27.9339 1 1 1
v 6.76087 -17.0299 60.5422 1 1 1
v -2.12474 -4.53373 26.4414 1 1 1
v 6.63452 -27.977 54.5711 1 1 1
v -2.58505 20.0679 34.8932 1 1 1
v 8.58468 -2.74322 74.0983 1 1 1
v -2.12409 19.9336 35.8969 1 1 1
v -2.36246 18.8558 34.4085 1 1 1
v -2.61077 7.02805 27.5848 1 1 1
v -2.42891 8.94101 29.0886 1 1 1
v 6.36753 -22.7649 53.2121 1 1 1
v -2.13638 9.4161 30.0711 1 1 1
v -2.1349 9.69611 30.022 1 1 1
v -1.55015 -4.48611 26.7522 1 1 1
v 9.68954 -2.29826 73.3045 1 1 1
v -1.43561 12.7456 33.2395 1 1 1
v 7.20699 -13.4848 58.1452 1 1 1
v -1.79566 11.1513 30.0244 1 1 1
v 6.92196 -26.4481 50.4506 1 1 1
v -1.40223 13.9365 31.914 1 1 1
v 7.20798 -26.8166 51.2603 1 1 1
v 7.61647 -19.6433 55.1982 1 1 1
v 7.17196 -18.9162 53.6588 1 1 1
v 6.9791 -18.0117 52.8609 1 1 1
v 7.60763 -14.4769 56.5025 1 1 1
v 7.4076 -26.713 50.7101 1 1 1
v 7.4076 -26.713 50.7101 1 1 1
v -1.12793 13.8951 31.6223 1 1 1
v 10.651 -1.29686 71.2406 1 1 1
v 7.82057 -18.3472 54.7678 1 1 1
v -1.1494 14.0716 31.3367 1 1 1
v -1.34147 10.5281 29.1168 1 1 1
v 7.64574 -19.6149 52.1467 1 1 1
v 8.44421 -15.3619 56.3475 1 1 1
v 8.55374 -19.9463 54.7884 1 1 1
v 8.13044 -26.2116 51.2936 1 1 1
v 8.35638 -15.2774 55.2007 1 1 1
v 6.71189 -18.925 47.81 1 1 1
v 8.41913 -23.8573 51.9402 1 1 1
v 8.52663 -20.4876 53.2604 1 1 1
v -1.37095 6.07635 25.631 1 1 1
v 8.16514 -26.0182 50.1611 1 1 1
v -0.655043 -3.25436 25.1723 1 1 1
v 8.18459 -23.2071 50.7045 1 1 1
v 7.86446 -22.7913 49.6437 1 1 1
v 8.85958 -21.2241 53.4792 1 1 1
v -0.594883 -3.28374 25.0244 1 1 1
v 8.72959 -25.8504 51.2353 1 1 1
v 8.82646 -24.2426 51.4213 1 1 1
v 8.9163 -25.3063 51.2248 1 1 1
v 8.88091 -24.9036 51.0376 1 1 1
v 8.99853 -23.9846 51.5393 1 1 1
v 1.52467 25.8944 39.0656 1 1 1
v 9.08737 -24.9709 50.4663 1 1 1
v 8.94897 -24.0441 50.232 1 1 1
v 9.51143 -20.3331 52.3223 1 1 1
v 8.59725 -23.0854 48.5943 1 1 1
v 10.6484 -17.4247 56.015 1 1 1
v 10.8561 -14.538 56.8168 1 1 1
v 9.21955 -25.043 49.0501 1 1 1
v 9.87389 -23.4613 51.4765 1 1 1
v 0.9598 14.8127 31.0693 1 1 1
v 0.885387 14.5644 30.7485 1 1 1
v 9.92809 -25.069 50.586 1 1 1
v 10.594 -14.4147 54.8309 1 1 1
v 9.58637 -25.1275 49.0001 1 1 1
v 10.1999 -22.9971 51.3314 1 1 1
v 10.0335 -16.8139 52.0768 1 1 1
v 10.0833 -25.1453 49.9519 1 1 1
v 10.0387 -25.4633 49.5577 1 1 1
v 1.75683 21.3415 33.281 1 1 1
v 1.7815 14.5547 31.6146 1 1 1
v 1.7815 14.5547 31.6146 1 1 1
v 1.59399 13.2328 30.02 1 1 1
v 13.6372 -17.693 59.4653 1 1 1
v 1.31629 13.0751 28.7118 1 1 1
v 11.6732 -25.4308 51.9198 1 1 1
v 13.3405 2.30046 61.3727 1 1 1
v 11.3231 -24.2247 50.8161 1 1 1
v 12.9964 2.44077 60.2853 1 1 1
v 1.70803 8.47628 27.2215 1 1 1
v 12.9315 -12.0808 54.8796 1 1 1
v 1.98281 8.66907 26.8025 1 1 1
v 12.721 -24.6359 51.1072 1 1 1
v 12.9098 -10.5138 53.4313 1 1 1
v 12.352 -11.197 51.0749 1 1 1
v 1.75363 -3.42663 23.7988 1 1 1
v 12.7488 -10.0228 52.2425 1 1 1
v 2.26777 8.53151 26.52 1 1 1
v 2.26777 8.53151 26.52 1 1 1
v 18.1862 -1.43234 67.4449 1 1 1
v 2.00926 -2.87741 24.3334 1 1 1
v 13.6716 -8.82863 54.0051 1 1 1
v 2.2397 8.8746 26.0717 1 1 1
v 18.7284 0.955984 67.7305 1 1 1
v 18.0485 1.4534 64.9223 1 1 1
v 16.3452 -7.80676 59.3296 1 1 1
v 2.52288 8.62656 25.8401 1 1 1
v 13.4051 -9.48434 51.4684 1 1 1
v 17.8517 0.575509 63.6151 1 1 1
v 2.92987 7.87519 26.4818 1 1 1
v 13.6886 -9.39645 51.74 1 1 1
v 13.6886 -9.39645 51.74 1 1 1
v 19.6965 -4.1386 67.1279 1 1 1
v 14.2301 -22.4332 51.1391 1 1 1
v 4.35227 21.2376 30.3787 1 1 1
v 22.881 -2.51505 73.7688 1 1 1
v 20.9793 -6.50044 68.4625 1 1 1
v 2.71334 -1.56313 23.8984 1 1 1
v 21.565 -4.98992 69.503 1 1 1
v 21.3165 -3.84725 68.5063 1 1 1
v 3.61155 7.23929 26.4172 1 1 1
v 16.5561 -8.70305 56.1547 1 1 1
v 22.3212 -3.06589 70.3328 1 1 1
v 3.60757 8.10315 26.2228 1 1 1
v 17.1265 -8.45327 57.2105 1 1 1
v 16.8629 -7.74427 56.4353 1 1 1
v 14.4133 -24.6616 48.9959 1 1 1
v 14.426 -22.5732 49.1134 1 1 1
v 3.04709 -3.55346 23.5094 1 1 1
v 3.78592 8.20906 26.1472 1 1 1
v 16.423 -12.4312 54.3225 1 1 1
v 4.11742 8.9103 26.8639 1 1 1
v 14.9142 -20.8166 49.8539 1 1 1
v 3.69173 7.18066 25.498 1 1 1
v 15.5023 -23.0828 50.7331 1 1 1
v 4.30994 9.05757 26.9448 1 1 1
v 15.5965 -22.426 50.8774 1 1 1
v 15.7642 -21.7867 50.742 1 1 1
v 16.9371 -14.1446 52.9702 1 1 1
v 19.3587 -11.4145 58.5293 1 1 1
v 4.97027 4.15248 26.4386 1 1 1
v 5.25381 0.101427 25.9255 1 1 1
v 5.08524 1.0392 25.4836 1 1 1
v 5.24172 -0.0684611 25.7108 1 1 1
v 4.68693 -1.87541 24.0223 1 1 1
v 5.0874 -1.51115 24.6346 1 1 1
v 5.60037 0.635012 25.754 1 1 1
v 11.5192 16.2507 38.7849 1 1 1
v 5.50139 0.29834 25.2904 1 1 1
v 5.5283 -2.58645 25.0612 1 1 1
v 5.70166 -1.99243 25.3129 1 1 1
v 5.45129 -2.74107 24.6648 1 1 1
v 5.93351 1.67341 25.7854 1 1 1
v 22.7614 -1.02634 59.5664 1 1 1
v 28.644 -0.741327 66.7282 1 1 1
v 30.8474 -0.12033 65.0757 1 1 1
v -18.4801 1.01556 38.0239 1 1 1
v -14.3774 -11.0171 31.1252 1 1 1
v -17.9179 0.229829 36.4891 1 1 1
v -14.4575 -10.7591 31.3421 1 1 1
v -19.7123 2.16132 44.4853 1 1 1
v -18.9272 -2.02808 49.8943 1 1 1
v -15.2703 -1.69342 48.2113 1 1 1
v -17.342 -1.19738 65.2209 1 1 1
v -15.5642 0.709824 48.8636 1 1 1
v -15.1922 -1.07335 48.6535 1 1 1
v -14.6599 0.137314 49.337 1 1 1
v -14.2572 -0.379168 47.8226 1 1 1
v -13.4905 -1.05087 49.464 1 1 1
v -8.2201 -7.71061 4.23616 1 1 1
v -7.85736 -19.3268 28.8888 1 1 1
v -7.8392 -19.2476 28.5894 1 1 1
v -7.8392 -19.2476 28.5894 1 1 1
v -14.8611 25.0928 29.222 1 1 1
v -13.2116 2.09323 69.7014 1 1 1
v -7.64455 -32.7983 77.276 1 1 1
v -12.4097 2.32851 70.1281 1 1 1
v -6.70418 -33.4254 76.237 1 1 1
v -6.70418 -33.4254 76.237 1 1 1
v -12.7016 15.6133 46.0499 1 1 1
v -12.7016 15.6133 46.0499 1 1 1
v -11.2045 2.52608 68.6043 1 1 1
v -12.133 16.0208 47.538 1 1 1
v -11.9691 15.1456 45.7495 1 1 1
v -2.45903 -19.8245 67.1772 1 1 1
v -2.45903 -19.8245 67.1772 1 1 1
v -5.22957 4.76007 68.212 1 1 1
v 1.4145 -32.9929 74.2198 1 1 1
v -2.65725 2.8687 68.3407 1 1 1
v -4.29195 10.0018 55.8152 1 1 1
v -5.38898 15.0238 46.9184 1 1 1
v -5.93959 17.7417 36.206 1 1 1
v -4.06803 2.78024 37.5019 1 1 1
v -6.49687 21.0843 33.7143 1 1 1
v -5.93155 15.6818 33.1913 1 1 1
v -6.08228 20.6084 34.2909 1 1 1
v -5.05896 13.8609 33.3615 1 1 1
v -4.17275 6.99814 31.6106 1 1 1
v -3.27057 -3.60484 28.8122 1 1 1
v -3.27057 -3.60484 28.8122 1 1 1
v -3.38874 -0.955611 29.8815 1 1 1
v -3.2117 -3.14534 29.5404 1 1 1
v -3.34654 -1.05104 28.9871 1 1 1
v -3.22298 -0.759871 30.077 1 1 1
v -2.87922 -3.90298 30.2357 1 1 1
v -3.08148 -2.94835 29.1034 1 1 1
v -3.32043 2.18037 30.5099 1 1 1
v -3.73812 13.7521 34.8832 1 1 1
v -4.1974 20.5273 36.3405 1 1 1
v -4.1974 20.5273 36.3405 1 1 1
v -3.65215 4.83259 29.1361 1 1 1
v -2.71208 -3.74739 28.7841 1 1 1
v -3.65571 6.30765 28.8812 1 1 1
v -2.69912 -4.11993 27.478 1 1 1
v -2.51072 -3.73732 28.1606 1 1 1
v -2.41972 -3.84902 28.4728 1 1 1
v -2.93935 -4.8287 23.3982 1 1 1
v -2.24824 -4.78339 27.1147 1 1 1
v -2.58726 -5.30893 24.0825 1 1 1
v 7.38453 -21.4894 72.2588 1 1 1
v -3.7796 22.4114 30.7597 1 1 1
v -2.19331 -1.00483 27.2862 1 1 1
v 6.3667 -6.01886 70.8538 1 1 1
v 6.3667 -6.01886 70.8538 1 1 1
v -2.03942 15.1479 35.1951 1 1 1
v 6.16029 -21.2071 60.7288 1 1 1
v 8.98091 -22.8049 74.7966 1 1 1
v -2.36118 4.69311 27.4298 1 1 1
v 8.38337 -22.2996 71.5847 1 1 1
v 8.38337 -22.2996 71.5847 1 1 1
v 6.32148 -26.3972 57.3465 1 1 1
v 6.92397 -29.616 58.7519 1 1 1
v 6.92397 -29.616 58.7519 1 1 1
v -2.12856 8.05152 28.1659 1 1 1
v -1.41576 14.9362 33.856 1 1 1
v -1.49157 14.5613 33.2569 1 1 1
v -1.6807 12.3999 31.427 1 1 1
v -1.68495 10.032 30.1623 1 1 1
v -1.70497 10.0297 30.1028 1 1 1
v -1.66713 11.0993 30.4426 1 1 1
v -1.42506 12.4758 31.6842 1 1 1
v -1.42506 12.4758 31.6842 1 1 1
v -0.680281 -3.56937 27.7018 1 1 1
v -1.11247 -5.03908 24.9961 1 1 1
v 7.57493 -27.9467 56.8331 1 1 1
v -0.880867 -3.59596 25.9603 1 1 1
v 6.97966 -17.909 54.4821 1 1 1
v -1.33512 6.19726 25.8333 1 1 1
v 7.52236 -15.4382 56.9484 1 1 1
v 0.284769 14.9134 34.8507 1 1 1
v 7.1993 -15.9248 54.6981 1 1 1
v 6.83151 1.7447 54.981 1 1 1
v 7.98406 -27.087 51.7123 1 1 1
v 8.92346 -15.9357 58.1831 1 1 1
v 11.2733 -1.33446 70.4719 1 1 1
v 7.9633 -21.0703 52.1906 1 1 1
v 8.59494 -27.1116 52.6823 1 1 1
v -0.00554569 15.0587 29.4756 1 1 1
v 0.618194 13.5831 30.9659 1 1 1
v 0.573668 20.9835 32.3131 1 1 1
v 8.83484 -19.9725 53.9982 1 1 1
v 9.16405 -19.9056 55.202 1 1 1
v 1.09577 2.58334 29.2911 1 1 1
v 0.728031 7.12316 27.541 1 1 1
v 1.0668 14.0103 29.7442 1 1 1
v 10.879 -14.9955 55.4393 1 1 1
v 2.20013 12.8051 30.7732 1 1 1
v 1.77531 12.2249 28.7264 1 1 1
v 11.3484 -14.3627 55.6191 1 1 1
v 10.8922 -26.5429 51.9927 1 1 1
v 10.8922 -26.5429 51.9927 1 1 1
v 2.05443 12.626 28.8989 1 1 1
v 2.05467 12.6147 28.8672 1 1 1
v 2.23546 12.4865 29.3005 1 1 1
v 11.2027 -23.076 52.969 1 1 1
v 11.3498 -25.7655 50.8047 1 1 1
v 12.7662 -14.5099 56.6544 1 1 1
v 11.9048 -21.5947 53.0165 1 1 1
v 11.5764 -25.307 51.481 1 1 1
v 12.4857 -12.9087 55.7442 1 1 1
v 2.08183 -2.7869 24.6024 1 1 1
v 16.9451 -4.03072 67.013 1 1 1
v 2.23714 -2.77576 23.2262 1 1 1
v 3.28442 7.80156 27.0222 1 1 1
v 18.3461 -1.75034 68.9005 1 1 1
v 18.3461 -1.75034 68.9005 1 1 1
v 13.094 -26.296 51.3191 1 1 1
v 3.20247 8.65086 26.2489 1 1 1
v 19.0299 -2.08541 69.3765 1 1 1
v -4.15539 -8.22199 3.74873 1 1 1
v 17.9778 -7.0559 64.8463 1 1 1
v 3.61055 8.80116 26.4155 1 1 1
v 18.2252 1.68248 65.7588 1 1 1
v 14.1218 -26.4026 52.2359 1 1 1
v 16.4987 0.818537 60.6876 1 1 1
v 15.9825 -9.96444 58.1064 1 1 1
v 3.2979 23.5269 26.0469 1 1 1
v 17.9261 -7.76958 63.2108 1 1 1
v 18.978 -4.38859 65.8032 1 1 1
v 4.27791 17.0366 27.6925 1 1 1
v 18.4159 0.265218 64.2745 1 1 1
v 19.6288 -6.13547 66.7248 1 1 1
v 4.81986 20.2474 28.9922 1 1 1
v 19.6382 -5.27645 66.1643 1 1 1
v 5.01866 13.1585 28.5617 1 1 1
v 16.8042 -10.9382 57.5661 1 1 1
v 15.7703 -13.5326 54.435 1 1 1
v 17.3862 -8.54945 57.8194 1 1 1
v 15.4768 -21.7419 51.489 1 1 1
v 18.1325 -7.46468 58.1828 1 1 1
v 16.1194 -22.9727 52.521 1 1 1
v 5.07007 3.03883 26.0027 1 1 1
v 17.1278 -9.00312 55.3282 1 1 1
v 5.11417 4.86008 26.1173 1 1 1
v 16.7195 -23.6104 53.2628 1 1 1
v 6.24896 6.4295 28.4897 1 1 1
v 16.4976 -23.2757 52.2481 1 1 1
v 4.58916 -2.59547 23.3939 1 1 1
v 17.1267 -24.0681 52.6621 1 1 1
v 5.43544 -1.81309 25.2856 1 1 1
v 22.8871 -4.38917 66.313 1 1 1
v 23.5972 -13.6735 67.6986 1 1 1
v 5.70889 -1.78849 25.177 1 1 1
v 6.13044 -2.69174 25.9009 1 1 1
v 6.27035 -1.82797 26.0665 1 1 1
v 6.21316 -1.55859 25.8714 1 1 1
v 6.4113 -2.40423 26.0194 1 1 1
v 6.08588 -2.24172 25.113 1 1 1
v 10.9027 17.9409 35.0079 1 1 1
v -20.2206 2.55333 45.3379 1 1 1
v -19.5466 2.16745 42.9176 1 1 1
v -20.0537 -0.168671 48.2702 1 1 1
v -17.1398 1.40822 44.3362 1 1 1
v -15.9286 -2.05593 48.2028 1 1 1
v -15.5363 -2.17816 48.7526 1 1 1
v -15.3765 0.455243 49.2899 1 1 1
v -14.8918 -0.236052 48.8097 1 1 1
v -14.9018 -1.12843 51.1274 1 1 1
v -12.0995 -4.31548 34.3455 1 1 1
v -14.8117 -0.0842988 50.2081 1 1 1
v -14.6321 -0.297989 50.3235 1 1 1
v -14.4316 -0.252789 49.8042 1 1 1
v -11.9177 -1.25346 47.133 1 1 1
v -6.53064 -17.091 22.244 1 1 1
v -8.51103 19.8669 32.6048 1 1 1
v -5.73771 15.7275 32.3912 1 1 1
v -4.86987 14.3533 30.4527 1 1 1
v -3.11579 -3.48341 30.9867 1 1 1
v -3.11563 -3.5104 30.8987 1 1 1
v -3.53675 3.40192 33.1326 1 1 1
v -3.99022 7.54937 32.3853 1 1 1
v -3.21104 -3.0143 30.0257 1 1 1
v -3.45375 -0.871688 29.4794 1 1 1
v -3.20887 -3.06562 29.8388 1 1 1
v -4.03107 9.90242 32.8277 1 1 1
v -3.04962 -2.62147 29.6167 1 1 1
v -2.76763 -3.25236 31.8545 1 1 1
v -3.61915 5.04973 29.7075 1 1 1
v -2.73209 -3.51206 30.6762 1 1 1
v -3.57049 6.98135 30.244 1 1 1
v -2.91454 -4.12058 26.9802 1 1 1
v -2.27744 -4.08418 31.3195 1 1 1
v -3.09718 15.535 37.8968 1 1 1
v -3.87253 14.6809 30.2323 1 1 1
v -2.38328 -4.14456 28.6501 1 1 1
v -3.06871 7.79255 29.2725 1 1 1
v -3.06871 7.79255 29.2725 1 1 1
v -3.205 23.2002 37.1562 1 1 1
v -3.205 23.2002 37.1562 1 1 1
v -2.85062 6.78148 28.2817 1 1 1
v -2.37453 5.92646 30.1888 1 1 1
v -2.61052 7.92652 29.3684 1 1 1
v -1.75409 -4.09438 27.9552 1 1 1
v -2.09514 13.8146 32.6405 1 1 1
v -0.77649 -4.49357 31.7685 1 1 1
v -0.787857 -4.5119 31.6602 1 1 1
v 0.653252 -2.92533 38.4653 1 1 1
v -1.17665 14.3842 34.5834 1 1 1
v -1.37587 13.5553 32.6632 1 1 1
v -1.33936 13.6128 31.6239 1 1 1
v -1.42279 8.63177 29.0919 1 1 1
v -1.03947 -4.92991 25.5715 1 1 1
v -1.07709 11.9792 31.5738 1 1 1
v -0.926874 12.5597 31.4256 1 1 1
v 0.390027 -3.64145 31.8524 1 1 1
v -0.0363031 15.3827 31.0602 1 1 1
v 1.02825 -5.17459 27.2844 1 1 1
v 2.32536 16.1712 35.6457 1 1 1
v 1.25944 13.6058 29.8325 1 1 1
v 3.88236 -1.63847 36.1479 1 1 1
v 1.60077 12.8543 29.2137 1 1 1
v 1.74908 8.92768 28.9091 1 1 1
v 1.7674 13.3105 29.6672 1 1 1
v 2.37385 -2.47419 25.722 1 1 1
v 3.54291 11.6083 30.5875 1 1 1
v 2.45078 -2.63271 25.1795 1 1 1
v 2.64409 8.94486 26.6903 1 1 1
v 2.98319 7.40432 27.3973 1 1 1
v 2.97465 8.06213 27.4027 1 1 1
v 3.79855 22.333 30.2955 1 1 1
v 3.59789 20.1036 29.18 1 1 1
v 3.59789 20.1036 29.18 1 1 1
v 3.65254 18.9022 29.0175 1 1 1
v 3.8545 22.6089 29.4686 1 1 1
v 5.97596 17.067 34.3116 1 1 1
v 3.64079 6.63526 25.7736 1 1 1
v 4.62542 -3.16973 28.1841 1 1 1
v 4.03197 5.91818 26.7106 1 1 1
v 3.93019 8.48175 26.5229 1 1 1
v 4.34552 9.38247 27.6159 1 1 1
v 4.42842 7.81732 26.4624 1 1 1
v 4.69204 6.88512 26.9031 1 1 1
v 5.00747 9.66307 27.8325 1 1 1
v 7.16485 18.1237 33.8364 1 1 1
v 5.44522 3.93578 27.8938 1 1 1
v 5.62219 7.51256 28.1547 1 1 1
v 4.16697 -2.76459 23.3889 1 1 1
v 5.83014 5.07486 28.0451 1 1 1
v 5.55941 1.39003 26.7041 1 1 1
v 5.49538 0.186061 26.4667 1 1 1
v 6.1103 -1.63913 26.1266 1 1 1
v 6.86883 -2.19813 27.5584 1 1 1
v 6.75062 -2.18235 26.9054 1 1 1
v 9.72331 20.5125 33.7648 1 1 1
v 10.4053 20.023 35.4886 1 1 1
v 9.36293 22.342 29.8049 1 1 1
v 10.1351 23.3351 19.5806 1 1 1
v 15.56 19.4741 29.3024 1 1 1
v -15.6713 -3.32358 29.8879 1 1 1
v -12.7711 -7.02752 21.8364 1 1 1
v -19.5304 -0.585282 44.0976 1 1 1
v -19.822 2.46377 44.2885 1 1 1
v -10.0393 -0.412389 46.4844 1 1 1
v -5.73679 -16.831 24.2899 1 1 1
v -7.70445 -9.4326 47.7195 1 1 1
v -5.13973 -11.3193 1.43259 1 1 1
v -9.36032 22.6134 34.4142 1 1 1
v -5.38362 9.06407 43.3353 1 1 1
v -5.59579 15.4728 31.7111 1 1 1
v -4.97706 12.6464 29.1808 1 1 1
v -5.10086 18.9068 36.3062 1 1 1
v -4.33493 8.52042 32.6009 1 1 1
v -3.6056 -1.0085 29.2881 1 1 1
v -4.4549 14.1671 33.2443 1 1 1
v -3.11847 -2.82466 28.5437 1 1 1
v -3.60142 9.65693 33.0471 1 1 1
v -3.68502 14.1946 36.1055 1 1 1
v -3.66159 14.2884 36.3454 1 1 1
v -2.19021 -3.27989 31.7081 1 1 1
v -2.63375 -4.09143 26.5478 1 1 1
v -2.15401 -4.47586 28.3622 1 1 1
v -2.0526 -4.60941 28.9043 1 1 1
v -2.64131 4.48479 26.8563 1 1 1
v -1.59104 -4.65071 27.7146 1 1 1
v -2.23837 9.22702 29.6911 1 1 1
v -2.11523 20.4034 36.5575 1 1 1
v -1.58159 -4.01477 27.5115 1 1 1
v -1.48174 -4.52707 27.8692 1 1 1
v -2.04155 20.0392 34.3388 1 1 1
v -2.07232 19.8329 34.0412 1 1 1
v -1.53086 20.2551 35.3954 1 1 1
v -1.19003 12.6932 31.2174 1 1 1
v -0.95846 12.8471 32.4204 1 1 1
v -1.10185 14.3636 31.7206 1 1 1
v -1.29435 6.34334 25.9781 1 1 1
v 0.0700677 16.6594 38.4447 1 1 1
v -1.36523 5.32261 24.2656 1 1 1
v 0.898195 17.2874 38.629 1 1 1
v 1.1072 18.152 40.0758 1 1 1
v 0.090129 15.5545 30.1593 1 1 1
v -0.103171 17.2887 28.578 1 1 1
v 1.20209 2.99399 30.1116 1 1 1
v 1.32429 14.8166 33.0229 1 1 1
v 2.43797 18.287 39.0395 1 1 1
v 1.39653 15.5685 32.3277 1 1 1
v 1.9026 20.5856 33.564 1 1 1
v 1.68337 13.4824 30.4721 1 1 1
v 1.54505 13.2476 29.7364 1 1 1
v 1.40543 13.3049 29.0337 1 1 1
v 1.53813 10.8705 27.7428 1 1 1
v 2.01473 12.7915 29.7588 1 1 1
v 3.23078 15.5834 33.689 1 1 1
v 1.99355 8.90512 27.4515 1 1 1
v 2.73196 9.64367 28.3948 1 1 1
v 3.11877 10.5858 30.0453 1 1 1
v 2.95702 9.19295 26.9316 1 1 1
v 5.60368 18.4651 37.4264 1 1 1
v 4.2458 21.6138 32.1875 1 1 1
v 4.6248 21.6324 33.2103 1 1 1
v 4.5635 20.9646 31.6245 1 1 1
v 4.03499 9.0775 28.6208 1 1 1
v 4.61865 20.652 31.1844 1 1 1
v 3.30903 23.4457 26.0108 1 1 1
v 5.44031 15.3697 32.8108 1 1 1
v 3.76269 7.16585 26.1465 1 1 1
v 1.47627 -4.76968 17.5283 1 1 1
v 4.58786 10.2659 28.6983 1 1 1
v 8.42053 0.379961 41.3621 1 1 1
v 4.03605 6.27534 26.5899 1 1 1
v 4.3697 9.45003 27.7191 1 1 1
v 3.87288 7.2365 25.8278 1 1 1
v 5.40199 21.7257 30.902 1 1 1
v 4.98375 20.2933 29.2983 1 1 1
v 5.5538 15.9895 30.505 1 1 1
v 5.40407 15.6391 29.9774 1 1 1
v 5.4686 5.10907 27.2578 1 1 1
v 5.75821 2.32227 27.3028 1 1 1
v 6.48391 -0.937928 28.9283 1 1 1
v 5.7524 -0.817614 26.6222 1 1 1
v 6.01022 -0.425384 27.2627 1 1 1
v 6.60691 5.21238 28.5543 1 1 1
v 6.50126 5.12835 28.289 1 1 1
v 6.20473 1.24155 27.4019 1 1 1
v 8.41249 4.11488 32.4671 1 1 1
v 6.56059 -1.22505 27.0778 1 1 1
v 1.18218 -7.85911 5.72678 1 1 1
v -21.9995 1.79201 48.2508 1 1 1
v -22.5697 4.61352 48.6737 1 1 1
v -22.255 2.39637 48.9762 1 1 1
v -21.5752 1.26125 47.418 1 1 1
v -21.7573 1.16399 48.2348 1 1 1
v -21.6798 1.89612 47.7361 1 1 1
v -21.4431 3.6093 46.133 1 1 1
v -21.4431 3.6093 46.133 1 1 1
v -23.6186 -1.71908 57.0466 1 1 1
v -20.9278 0.504655 46.5387 1 1 1
v -21.1712 1.8307 46.8245 1 1 1
v -26.3018 -2.87094 67.832 1 1 1
v -21.0485 0.35835 47.5994 1 1 1
v -21.0878 0.582532 47.8854 1 1 1
v -20.8536 3.29155 45.5792 1 1 1
v -21.1374 1.67074 48.4364 1 1 1
v -23.1555 -2.31832 59.366 1 1 1
v -23.386 -2.54222 60.4858 1 1 1
v -22.6206 -2.02697 57.4737 1 1 1
v -20.0708 2.40403 45.8053 1 1 1
v -20.6882 3.2898 47.6054 1 1 1
v -20.7054 0.240657 49.476 1 1 1
v -20.7054 0.240657 49.476 1 1 1
v -20.7892 3.7223 48.0889 1 1 1
v -22.6966 -2.03754 58.5724 1 1 1
v -23.5329 -2.65028 62.3323 1 1 1
v -23.9699 -2.71034 64.1859 1 1 1
v -19.9179 2.46066 46.3855 1 1 1
v -22.2495 -2.17527 58.0154 1 1 1
v -22.9952 -2.31672 61.752 1 1 1
v -22.1626 -2.01377 58.4044 1 1 1
v -19.7191 2.44779 46.6439 1 1 1
v -19.8546 0.419616 48.8352 1 1 1
v -20.2931 0.887116 50.5329 1 1 1
v -21.3068 -2.35146 56.6553 1 1 1
v -19.5085 0.407145 48.2245 1 1 1
v -19.557 2.66447 47.4509 1 1 1
v -22.1177 -2.31897 60.7671 1 1 1
v -21.0632 -1.02845 57.0563 1 1 1
v -21.0632 -1.02845 57.0563 1 1 1
v -18.8268 0.00913795 48.2361 1 1 1
v -20.1034 -1.08753 55.2118 1 1 1
v -19.7768 -0.535338 53.9714 1 1 1
v -19.7768 -0.535338 53.9714 1 1 1
v -17.8619 0.0191577 49.8246 1 1 1
v -22.3842 -0.690334 71.4214 1 1 1
v -18.012 -1.72804 54.3498 1 1 1
v -18.5873 -2.0561 57.6732 1 1 1
v -17.2354 -1.42587 52.3361 1 1 1
v -16.8355 0.495304 50.2257 1 1 1
v -16.7174 -1.5664 52.189 1 1 1
v -16.4887 1.55589 49.4206 1 1 1
v -16.3831 -1.23808 52.4904 1 1 1
v -16.3441 1.15186 50.673 1 1 1
v -16.3441 1.15186 50.673 1 1 1
v -16.1576 -1.81569 52.001 1 1 1
v -16.5401 -0.149259 52.9049 1 1 1
v -16.3453 -0.934426 52.6306 1 1 1
v -16.3862 0.959653 51.5715 1 1 1
v -16.4518 0.42616 52.8244 1 1 1
v -16.4518 0.42616 52.8244 1 1 1
v -16.2248 0.719952 51.4538 1 1 1
v -16.2464 0.935665 51.829 1 1 1
v -16.2464 0.935665 51.829 1 1 1
v -16.2083 1.10769 52.0191 1 1 1
v -16.2545 -1.36555 54.1538 1 1 1
v -15.8972 0.466297 51.7116 1 1 1
v -15.9214 0.254322 52.547 1 1 1
v -15.8555 0.785589 52.1648 1 1 1
v -15.4937 -1.40076 52.8287 1 1 1
v -15.8111 -0.172175 54.0934 1 1 1
v -15.1378 -1.97332 52.1536 1 1 1
v -15.3652 0.248316 51.9407 1 1 1
v -15.2093 -0.868351 53.1992 1 1 1
v -15.1867 -0.883935 53.0912 1 1 1
v -15.4996 0.185387 54.4654 1 1 1
v -15.3104 0.406928 53.3217 1 1 1
v -15.2104 0.65985 52.693 1 1 1
v -15.3339 0.357792 54.6343 1 1 1
v -15.1143 0.549451 53.4039 1 1 1
v -15.2668 0.0720187 56.5293 1 1 1
v -14.9424 -1.0702 55.75 1 1 1
v -14.636 0.307861 53.4504 1 1 1
v -14.6003 0.253391 54.9631 1 1 1
v -14.2868 -0.0293306 54.9813 1 1 1
v -14.3127 -0.153349 55.3219 1 1 1
v -14.3127 -0.153349 55.3219 1 1 1
v -14.058 -0.17445 54.5815 1 1 1
v -14.0392 -0.0307541 55.9613 1 1 1
v -14.0425 -0.160698 56.4361 1 1 1
v -13.1586 4.42025 47.5159 1 1 1
v -12.8134 3.93165 46.0186 1 1 1
v -12.0882 3.17473 48.1085 1 1 1
v -12.8046 16.1429 47.2801 1 1 1
v -10.5688 1.22491 41.7264 1 1 1
v -12.8173 16.162 47.7566 1 1 1
v -11.5053 14.8758 49.0513 1 1 1
v -9.83168 2.46929 54.0038 1 1 1
v -9.75413 2.28494 54.3705 1 1 1
v -5.82412 -22.3866 34.0916 1 1 1
v -10.0283 13.7274 51.9866 1 1 1
v -5.55038 -20.4245 34.8398 1 1 1
v -8.56458 1.69462 54.5557 1 1 1
v -8.56458 1.69462 54.5557 1 1 1
v -8.46309 20.9294 34.321 1 1 1
v -6.08891 14.4082 31.2438 1 1 1
v -6.06022 15.6571 32.3786 1 1 1
v -5.78244 13.4407 29.7796 1 1 1
v -5.6084 14.7403 30.7679 1 1 1
v -5.03395 19.3156 34.1915 1 1 1
v -4.58969 13.7554 33.7438 1 1 1
v -4.45764 14.2202 34.4152 1 1 1
v -3.45973 -1.06683 29.3164 1 1 1
v -3.91597 7.24763 30.8822 1 1 1
v -3.47971 3.89416 37.0097 1 1 1
v -4.45733 19.4837 36.2091 1 1 1
v -3.14404 -3.05803 31.4875 1 1 1
v -3.17489 -2.84894 30.9018 1 1 1
v -3.1889 -2.95683 30.3347 1 1 1
v -3.12344 -3.44562 30.2896 1 1 1
v -3.60684 6.52314 29.2779 1 1 1
v -2.99628 -2.90421 28.8187 1 1 1
v -3.35952 7.63232 30.6057 1 1 1
v -2.39054 -4.25055 30.3128 1 1 1
v -2.2933 -4.35533 30.8484 1 1 1
v -2.44459 -4.13912 28.3993 1 1 1
v -2.22399 -4.21843 29.5554 1 1 1
v -2.54377 17.0505 42.7684 1 1 1
v -2.86133 4.66398 27.7085 1 1 1
v -3.15435 19.6748 34.4213 1 1 1
v -2.40011 17.4859 41.2623 1 1 1
v -2.02965 -4.39379 28.5849 1 1 1
v -2.02965 -4.39379 28.5849 1 1 1
v -2.67129 7.89992 27.7692 1 1 1
v -1.73846 -2.34834 30.66 1 1 1
v -1.85848 -3.95725 27.9174 1 1 1
v -1.60426 -4.06147 28.4215 1 1 1
v -2.12946 19.9805 35.9483 1 1 1
v -2.12946 19.9805 35.9483 1 1 1
v 2.36186 -6.75349 70.1324 1 1 1
v -1.54055 13.4028 31.8749 1 1 1
v -1.37923 14.6223 32.4982 1 1 1
v -1.21655 14.4268 31.7599 1 1 1
v -0.820985 -3.38967 26.6518 1 1 1
v -0.820985 -3.38967 26.6518 1 1 1
v -1.01775 12.1562 30.6927 1 1 1
v -0.505193 10.3456 32.1539 1 1 1
v -0.781811 6.84828 27.6169 1 1 1
v -0.459479 -2.94896 26.366 1 1 1
v 0.727386 19.1558 42.1163 1 1 1
v 0.792673 18.9502 42.0301 1 1 1
v -0.354265 -2.84932 26.3339 1 1 1
v -0.354265 -2.84932 26.3339 1 1 1
v 0.567165 23.0168 35.7743 1 1 1
v 0.130432 13.5249 30.0913 1 1 1
v 0.0146648 15.1325 29.5545 1 1 1
v 9.09475 -24.1168 77.6336 1 1 1
v 0.700255 13.9889 31.585 1 1 1
v 9.30551 -31.0376 75.0937 1 1 1
v -0.158041 -4.69914 21.5321 1 1 1
v 9.5976 -28.5615 77.1054 1 1 1
v 0.845975 19.8533 31.9088 1 1 1
v 9.25888 -30.5193 73.168 1 1 1
v 9.25888 -30.5193 73.168 1 1 1
v 9.20159 -26.2446 72.6686 1 1 1
v 0.563597 -3.66568 24.9608 1 1 1
v 8.85641 -18.1526 71.7541 1 1 1
v 9.69609 -30.2675 74.1898 1 1 1
v 9.07135 -22.0264 71.1193 1 1 1
v 9.57726 -34.1494 70.9936 1 1 1
v 10.1264 -26.6709 74.0572 1 1 1
v -0.547033 -5.24646 16.6793 1 1 1
v 9.79191 -32.8806 70.5382 1 1 1
v 1.44933 19.5617 31.3973 1 1 1
v 9.99008 -34.8007 70.987 1 1 1
v 9.67732 -26.135 70.5855 1 1 1
v 10.0584 -22.5984 73.1776 1 1 1
v 1.30789 13.5551 29.3811 1 1 1
v 1.79227 19.9641 32.728 1 1 1
v 9.70251 -17.161 71.0404 1 1 1
v 9.89075 -30.6232 70.098 1 1 1
v 9.53441 -16.7085 69.7703 1 1 1
v 9.72651 -16.4465 70.4124 1 1 1
v 9.39729 -20.9595 67.9492 1 1 1
v 9.36382 -20.9324 67.7143 1 1 1
v 10.2993 -14.5524 73.6773 1 1 1
v 9.9065 -17.269 70.9228 1 1 1
v 10.2087 -20.7906 70.1709 1 1 1
v 10.6303 -34.1479 70.6237 1 1 1
v 10.1821 -21.1027 69.9089 1 1 1
v 1.37723 12.3895 27.5409 1 1 1
v 10.2866 -19.3994 70.2682 1 1 1
v 9.81573 -32.6516 66.0761 1 1 1
v 10.5195 -18.5201 71.1329 1 1 1
v 1.67038 8.38661 28.1397 1 1 1
v 10.4333 -16.4821 70.8003 1 1 1
v 11.1492 -19.5371 73.2388 1 1 1
v 10.8782 -15.447 71.5644 1 1 1
v 10.8782 -15.447 71.5644 1 1 1
v 11.0061 -16.378 72.0561 1 1 1
v 2.21553 20.8364 31.217 1 1 1
v 9.98452 -31.1164 64.769 1 1 1
v 11.49 -21.6377 73.0285 1 1 1
v 2.18863 13.2416 29.4837 1 1 1
v 2.40309 13.978 30.717 1 1 1
v 10.8201 -32.6341 67.7602 1 1 1
v 10.2085 -30.0031 64.7281 1 1 1
v 11.0802 -31.7811 68.5261 1 1 1
v 10.4533 -21.6082 66.4803 1 1 1
v 10.434 -23.0855 65.7007 1 1 1
v 1.89294 8.91555 26.6163 1 1 1
v 1.89294 8.91555 26.6163 1 1 1
v 2.17894 9.22784 27.5615 1 1 1
v 11.4063 -16.9189 69.4448 1 1 1
v 11.1798 -31.1301 66.8165 1 1 1
v 11.5932 -32.5339 68.6728 1 1 1
v 1.98285 -2.86678 25.2572 1 1 1
v 11.3394 -33.0636 67.0737 1 1 1
v 2.0432 8.52698 26.0057 1 1 1
v 11.5805 -32.2506 67.5508 1 1 1
v 2.25534 4.48301 26.5072 1 1 1
v 11.3082 -22.1713 66.3736 1 1 1
v 11.9022 -22.1903 69.0044 1 1 1
v 11.8157 -32.8146 67.7586 1 1 1
v 12.1331 -23.2684 69.9618 1 1 1
v 11.1754 -31.126 64.8906 1 1 1
v 11.4387 -23.3119 66.6875 1 1 1
v 11.9508 -16.3142 69.4852 1 1 1
v 2.50424 -2.33445 26.5643 1 1 1
v 2.22651 -2.54273 25.1941 1 1 1
v 2.30039 -2.45196 25.5612 1 1 1
v 11.6862 -22.9555 67.0997 1 1 1
v 2.22449 -2.88938 25.0675 1 1 1
v 11.7851 -30.6239 66.5229 1 1 1
v 12.583 -23.0555 70.5463 1 1 1
v 11.6653 -30.8881 65.3591 1 1 1
v 2.33337 -2.78114 25.0613 1 1 1
v 11.4623 -26.8192 64.7109 1 1 1
v 12.083 -23.3478 67.5006 1 1 1
v 12.2489 -33.3054 67.182 1 1 1
v 12.7174 -22.1981 69.9255 1 1 1
v 12.3468 -21.1368 68.314 1 1 1
v 11.3104 -25.7988 63.3182 1 1 1
v 2.64486 7.98504 26.6468 1 1 1
v 12.5984 -20.5685 68.7896 1 1 1
v 12.5467 -23.6627 68.3828 1 1 1
v 12.3845 -23.9902 67.6499 1 1 1
v 11.8529 -26.7066 65.0523 1 1 1
v 12.8926 -16.7264 70.0742 1 1 1
v 12.5017 -33.7627 67.2466 1 1 1
v 12.5491 -32.4778 67.1964 1 1 1
v 11.6183 -26.1303 63.4762 1 1 1
v 4.7975 14.6827 35.5214 1 1 1
v 12.566 -34.4185 66.7027 1 1 1
v 12.5438 -16.1453 67.5663 1 1 1
v 12.7622 -21.1439 68.055 1 1 1
v 12.7622 -21.1439 68.055 1 1 1
v 2.68215 8.2849 25.6906 1 1 1
v 12.2077 -27.5421 64.8336 1 1 1
v 11.982 -33.5051 63.2419 1 1 1
v 4.24277 20.5576 32.5587 1 1 1
v 12.4267 -23.9729 65.5538 1 1 1
v 13.3897 -16.9355 69.8206 1 1 1
v 13.1158 -20.8897 68.4616 1 1 1
v 12.5937 -34.0094 65.4181 1 1 1
v 12.1118 -26.8605 63.7417 1 1 1
v 12.5495 -28.6566 65.3439 1 1 1
v 12.5495 -28.6566 65.3439 1 1 1
v 12.7052 -34.7279 65.2291 1 1 1
v 12.412 -20.8522 64.6265 1 1 1
v 3.19967 7.72344 26.7527 1 1 1
v 13.1091 -32.1996 66.523 1 1 1
v 13.1091 -32.1996 66.523 1 1 1
v 12.3898 -21.0336 63.8521 1 1 1
v 13.0624 -28.9053 66.2991 1 1 1
v 13.9028 -21.0945 69.8724 1 1 1
v 4.08997 22.1643 30.7541 1 1 1
v 12.9772 -28.8284 65.2129 1 1 1
v 12.9772 -28.8284 65.2129 1 1 1
v 13.5494 -15.7202 68.0555 1 1 1
v 3.70968 21.2099 28.5072 1 1 1
v 3.60936 8.2399 27.7052 1 1 1
v 13.8593 -36.4335 68.1708 1 1 1
v 13.1163 -28.5605 65.3925 1 1 1
v 14.4344 -15.3359 71.1736 1 1 1
v 12.9464 -27.4403 64.6363 1 1 1
v 12.762 -26.6844 63.8546 1 1 1
v 12.762 -26.6844 63.8546 1 1 1
v 15.236 -15.5788 73.2673 1 1 1
v 13.3991 -19.2628 65.4678 1 1 1
v 13.1531 -19.3273 64.0636 1 1 1
v 13.402 -26.5239 64.6997 1 1 1
v 5.88384 21.0719 35.6445 1 1 1
v 14.3554 -16.8954 68.2558 1 1 1
v 14.3656 -18.4634 67.729 1 1 1
v 14.3382 -25.2249 66.8915 1 1 1
v 13.8986 -28.8173 64.8673 1 1 1
v 13.9863 -26.0912 65.1898 1 1 1
v 15.5314 -15.4481 70.9701 1 1 1
v 15.5314 -15.4481 70.9701 1 1 1
v 14.0991 -29.4403 64.8668 1 1 1
v 14.5753 -18.0968 66.7873 1 1 1
v 15.3099 -17.4918 69.2966 1 1 1
v 14.4455 -17.3107 65.8317 1 1 1
v 14.1878 -28.9495 64.1762 1 1 1
v 14.2212 -29.4227 63.9236 1 1 1
v 14.7998 -30.5357 65.9144 1 1 1
v 14.7998 -30.5357 65.9144 1 1 1
v 14.1591 -25.3347 63.3225 1 1 1
v 15.4133 -18.9822 67.1595 1 1 1
v 4.57645 -2.56515 27.2343 1 1 1
v 15.9869 -14.3235 68.0275 1 1 1
v 15.8956 -13.9104 67.733 1 1 1
v 4.71066 6.963 26.9608 1 1 1
v 16.6684 -15.5543 70.2397 1 1 1
v 15.3042 -25.6189 64.6301 1 1 1
v 16.1172 -14.2174 67.3622 1 1 1
v 16.0094 -12.9883 66.4998 1 1 1
v 4.42256 -2.75755 25.3832 1 1 1
v 15.4764 -28.8295 64.6927 1 1 1
v 15.749 -27.8939 65.643 1 1 1
v 15.9677 -30.1182 66.1316 1 1 1
v 17.5773 -10.6527 71.0669 1 1 1
v 4.80574 -2.35113 25.9318 1 1 1
v 4.80574 -2.35113 25.9318 1 1 1
v 16.5891 -10.5894 66.6379 1 1 1
v 5.85206 10.3244 29.0961 1 1 1
v 17.7653 -10.2106 70.3736 1 1 1
v 5.91876 8.17864 29.2746 1 1 1
v 17.5137 -11.1592 69.2074 1 1 1
v 15.8845 -29.1703 63.7885 1 1 1
v 7.82447 16.5087 35.1448 1 1 1
v 7.89924 16.578 35.3414 1 1 1
v 17.7892 -10.6677 69.3611 1 1 1
v 17.3835 -10.4668 67.6439 1 1 1
v 5.31744 3.41432 26.6083 1 1 1
v 17.4661 -9.8091 67.6221 1 1 1
v 5.55065 2.28304 27.281 1 1 1
v 17.0868 -10.0325 65.6319 1 1 1
v 5.5614 1.71633 27.0273 1 1 1
v 18.4947 -9.90426 70.2413 1 1 1
v 17.8796 -10.7039 68.0608 1 1 1
v 17.6698 -8.99176 67.3077 1 1 1
v 5.77039 1.76665 27.5162 1 1 1
v 9.37329 16.7665 38.8103 1 1 1
v 17.9115 -8.38793 67.1348 1 1 1
v 5.51751 -0.458419 26.3744 1 1 1
v 17.3191 -34.1336 65.9072 1 1 1
v 5.77332 3.45039 26.9416 1 1 1
v 17.4334 -28.3679 65.802 1 1 1
v 17.8704 -10.4053 66.4899 1 1 1
v 18.8508 -7.75255 69.1849 1 1 1
v 10.3248 15.3485 40.7889 1 1 1
v 17.4832 -11.4343 64.2266 1 1 1
v 5.37726 -1.66096 25.2302 1 1 1
v 10.346 17.6515 40.2239 1 1 1
v 17.0915 -29.8153 63.455 1 1 1
v 5.52014 -1.59016 25.1248 1 1 1
v 19.0246 -9.30317 67.6984 1 1 1
v 18.243 -8.60142 65.2311 1 1 1
v 18.6735 -8.79275 66.2766 1 1 1
v 18.2763 -30.5047 65.6045 1 1 1
v 5.87876 -2.27767 25.7754 1 1 1
v 18.5018 -8.70768 64.9548 1 1 1
v 7.02008 2.40965 28.6798 1 1 1
v 19.304 -18.7439 65.9882 1 1 1
v 19.304 -18.7439 65.9882 1 1 1
v 19.4996 -17.5509 66.4611 1 1 1
v 21.0559 -13.5679 70.7579 1 1 1
v 19.4895 -7.87134 65.7079 1 1 1
v 19.6335 -9.51903 65.9803 1 1 1
v 19.4599 -25.6355 66.0944 1 1 1
v 18.9018 -23.9804 63.9358 1 1 1
v 19.522 -20.9598 65.5597 1 1 1
v 22.2257 -17.9792 73.2199 1 1 1
v 19.9382 -25.4384 66.0815 1 1 1
v 20.1899 -14.5702 65.95 1 1 1
v 20.0061 -25.6608 65.7292 1 1 1
v 12.3905 17.635 40.9077 1 1 1
v 19.8984 -25.8482 65.1958 1 1 1
v 20.2949 -25.2787 66.2925 1 1 1
v 21.4242 -10.8975 68.5556 1 1 1
v 20.7692 -18.8256 67.0715 1 1 1
v 21.1226 -21.6234 67.8936 1 1 1
v 21.6083 -13.0886 68.0801 1 1 1
v 20.2672 -25.684 64.0095 1 1 1
v 21.1804 -24.5803 66.0222 1 1 1
v 21.1804 -24.5803 66.0222 1 1 1
v 21.2218 -26.4914 65.8381 1 1 1
v 22.791 -27.2633 69.5832 1 1 1
v 21.5879 -24.7353 65.8675 1 1 1
v 21.3662 -33.5953 65.7786 1 1 1
v 21.1382 -29.2465 63.0694 1 1 1
v 21.0981 -4.44336 60.928 1 1 1
v 24.4122 -25.2536 70.2475 1 1 1
v 22.5405 -34.2561 66.2647 1 1 1
v 7.96214 22.2995 23.3616 1 1 1
v 24.7449 -9.46799 69.5888 1 1 1
v 22.556 -33.6466 65.7483 1 1 1
v 24.8468 -34.1813 71.6781 1 1 1
v 23.942 -35.0435 68.7434 1 1 1
v 23.4182 -33.5399 67.184 1 1 1
v 23.9079 -31.4368 68.2007 1 1 1
v 23.8297 -32.2295 66.8684 1 1 1
v 26.0065 -32.8771 71.9717 1 1 1
v 15.5074 18.3262 39.4738 1 1 1
v 15.5074 18.3262 39.4738 1 1 1
v 18.7591 16.5617 46.3304 1 1 1
v 22.6284 15.9036 49.3194 1 1 1
v 22.5005 16.7858 44.1356 1 1 1
v 16.4138 20.7374 30.6293 1 1 1
v -16.216 -2.64208 32.3694 1 1 1
v -11.5041 24.7278 31.198 1 1 1
v -11.5041 24.7278 31.198 1 1 1
v -10.0051 26.2573 26.1949 1 1 1
v -4.49997 8.32301 6.96767 1 1 1
v -5.29231 15.798 36.9627 1 1 1
v -5.23868 17.2113 34.3652 1 1 1
v -4.28741 6.59338 5.6479 1 1 1
v -4.92586 16.3622 33.6598 1 1 1
v -4.30093 8.03677 33.8507 1 1 1
v -4.60055 15.7665 34.1163 1 1 1
v -4.73905 22.1254 33.5972 1 1 1
v -3.3614 -1.33571 30.5347 1 1 1
v -3.90828 9.39374 33.8036 1 1 1
v -3.2011 -3.28466 32.1114 1 1 1
v -3.61354 7.17317 30.8144 1 1 1
v -3.31164 10.542 36.024 1 1 1
v -4.06782 26.0403 30.3132 1 1 1
v -3.00716 9.25027 32.1922 1 1 1
v -3.0326 14.8918 37.3627 1 1 1
v -2.61575 5.0381 28.2233 1 1 1
v -2.57983 7.03143 28.4895 1 1 1
v -2.56103 7.16327 28.7797 1 1 1
v -1.97617 -4.06715 25.5918 1 1 1
v -1.59939 13.9724 32.3946 1 1 1
v -1.62484 13.3751 31.3655 1 1 1
v -1.35702 12.7453 32.0424 1 1 1
v -1.12787 12.9686 32.0463 1 1 1
v -1.12829 6.69286 26.9991 1 1 1
v -0.704643 -2.78533 26.4663 1 1 1
v 0.0556092 9.05304 30.4429 1 1 1
v 0.0751393 15.6394 30.3359 1 1 1
v 0.967223 15.4879 34.0647 1 1 1
v 1.26286 15.2428 31.8799 1 1 1
v 1.64144 9.01722 28.6546 1 1 1
v 1.64295 11.5919 28.6771 1 1 1
v 1.8263 9.30413 28.6092 1 1 1
v 1.80057 9.17536 28.3739 1 1 1
v 2.17655 13.548 30.9506 1 1 1
v 0.87775 -4.60069 20.2933 1 1 1
v 2.10687 9.69811 28.5046 1 1 1
v 3.21455 22.901 34.4614 1 1 1
v 3.31682 15.7825 34.1111 1 1 1
v 2.88509 13.4522 31.3911 1 1 1
v 2.37889 -2.33272 26.1224 1 1 1
v -0.652005 -6.35699 8.29884 1 1 1
v 2.98957 -2.74499 27.4425 1 1 1
v 2.88171 7.91529 27.0173 1 1 1
v 3.50365 21.5373 30.5704 1 1 1
v 4.37345 24.9784 33.4067 1 1 1
v 3.35469 9.16717 27.7214 1 1 1
v 4.62117 22.4574 33.8374 1 1 1
v 4.09131 19.9576 30.064 1 1 1
v 4.05164 9.43367 27.9151 1 1 1
v 5.02245 4.00517 28.2303 1 1 1
v 5.09571 4.28064 28.3916 1 1 1
v 4.93738 2.43938 27.1591 1 1 1
v 6.05456 5.1794 30.8064 1 1 1
v 5.51449 5.10724 28.5705 1 1 1
v 1.70823 -4.86016 13.7678 1 1 1
v 7.50073 19.5176 35.6082 1 1 1
v 5.55858 5.01457 28.0197 1 1 1
v 5.61908 0.487034 27.1468 1 1 1
v 5.61908 0.487034 27.1468 1 1 1
v 5.97109 1.17375 27.5872 1 1 1
v 6.24479 -0.846103 28.3833 1 1 1
v 6.6263 5.36837 28.8484 1 1 1
v 6.19262 1.83993 27.3858 1 1 1
v 8.75107 -0.569987 31.8176 1 1 1
v 9.5721 1.86098 32.4278 1 1 1
v -15.9874 -5.60493 33.8581 1 1 1
v -3.54682 -8.20232 35.6095 1 1 1
v -3.44529 -1.42879 34.0133 1 1 1
v -3.62737 7.28559 31.0806 1 1 1
v -2.79115 -3.78982 35.2025 1 1 1
v -2.74061 -3.2495 31.7573 1 1 1
v -2.15241 -3.76078 31.2085 1 1 1
v -2.0507 -4.19138 31.3822 1 1 1
v -1.99043 9.1966 30.27 1 1 1
v -1.36149 8.91414 29.8402 1 1 1
v -1.36523 7.89887 28.2193 1 1 1
v -0.738533 -4.43363 28.3281 1 1 1
v -0.738533 -4.43363 28.3281 1 1 1
v -0.849231 -3.47267 25.6909 1 1 1
v -0.68237 7.80558 26.8134 1 1 1
v -0.507205 -3.26001 25.1914 1 1 1
v 0.647919 6.88013 26.8221 1 1 1
v 1.33543 3.59104 31.9253 1 1 1
v 0.668572 -3.57501 24.5949 1 1 1
v 1.88438 9.95764 30.9162 1 1 1
v 2.96864 -2.25049 34.1173 1 1 1
v 2.53918 7.65648 25.942 1 1 1
v 3.06559 8.65728 27.0943 1 1 1
v 3.98462 -2.38158 29.0892 1 1 1
v 3.37724 -3.06362 25.5595 1 1 1
v 4.09276 8.8436 27.07 1 1 1
v 3.81074 5.85994 25.6414 1 1 1
v 4.63798 10.2557 29.1541 1 1 1
v 4.40027 -3.02548 27.4974 1 1 1
v 4.49068 -3.57685 23.4475 1 1 1
v 5.84261 2.7381 28.508 1 1 1
v 5.91325 0.593559 26.7138 1 1 1
v -2.4315 3.78979 24.8018 1 1 1
v -2.4315 3.78979 24.8018 1 1 1
v -0.379571 -2.87903 27.3415 1 1 1
v 2.1797 -2.01608 27.0205 1 1 1
v 1.99466 -3.34399 22.695 1 1 1
v 2.15135 -2.74833 23.3215 1 1 1
v 2.11739 -3.18724 22.2503 1 1 1
v 3.09019 -3.39082 21.9318 1 1 1
v 5.37145 -0.809396 26.4001 1 1 1
v 0.365251 -11.5523 2.48083 1 1 1
v -19.643 3.25797 46.3594 1 1 1
v -15.1149 1.18407 49.6979 1 1 1
v -14.5244 -1.83323 49.1633 1 1 1
v -12.3593 3.75484 46.6255 1 1 1
v -12.1839 3.73254 47.2221 1 1 1
v -12.3838 3.14915 50.1212 1 1 1
v -11.5022 3.0968 47.3887 1 1 1
v -11.3013 -0.580899 49.5826 1 1 1
v -6.02607 15.372 31.3806 1 1 1
v -5.49063 13.4848 28.9346 1 1 1
v -5.32295 12.4207 28.154 1 1 1
v -4.55573 13.8282 28.9762 1 1 1
v -4.52818 11.8567 29.9458 1 1 1
v -3.94359 5.66093 26.786 1 1 1
v -4.06952 12.4095 28.5424 1 1 1
v -3.81408 5.64956 27.9292 1 1 1
v -3.77088 5.60194 27.9397 1 1 1
v -3.95558 11.6818 28.9049 1 1 1
v -3.64242 11.6805 25.1561 1 1 1
v -3.86893 13.3975 28.5728 1 1 1
v -3.5799 8.23896 29.3149 1 1 1
v -3.46444 6.8027 27.9208 1 1 1
v -3.56026 20.6817 24.6158 1 1 1
v -3.56026 20.6817 24.6158 1 1 1
v -3.14848 -1.65664 25.9319 1 1 1
v -3.22929 5.00199 25.5313 1 1 1
v -3.22929 5.00199 25.5313 1 1 1
v -3.13869 4.65087 24.2084 1 1 1
v -3.01242 -2.76769 26.1118 1 1 1
v -2.93684 -1.69572 25.671 1 1 1
v -2.91281 -3.47392 25.9966 1 1 1
v -2.91281 -3.47392 25.9966 1 1 1
v -2.89283 -3.74947 25.937 1 1 1
v -2.87409 -3.77707 25.7647 1 1 1
v -3.13456 6.62165 27.4787 1 1 1
v -3.13456 6.62165 27.4787 1 1 1
v -2.89439 -2.9352 26.4168 1 1 1
v -3.08741 6.10153 27.1086 1 1 1
v -3.11988 7.3188 28.5139 1 1 1
v -3.38881 12.5617 32.6522 1 1 1
v -2.77703 -3.34972 25.5723 1 1 1
v -2.74423 -3.93958 26.2923 1 1 1
v -3.21761 11.8044 31.6725 1 1 1
v -3.21761 11.8044 31.6725 1 1 1
v -3.14341 11.7231 30.6796 1 1 1
v -3.32031 18.0035 32.4572 1 1 1
v -2.63835 -3.7862 26.9431 1 1 1
v -2.66588 6.57522 26.1719 1 1 1
v -2.34077 5.06334 23.9458 1 1 1
v -2.34077 5.06334 23.9458 1 1 1
v -2.31081 5.47963 24.2812 1 1 1
v -2.16913 -1.50084 24.4121 1 1 1
v -2.16239 -4.72506 25.8817 1 1 1
v -1.99427 -4.69988 25.8744 1 1 1
v -2.20166 18.1922 32.1207 1 1 1
v -1.77757 -4.36029 24.4241 1 1 1
v -1.77757 -4.36029 24.4241 1 1 1
v -1.93119 14.6147 38.035 1 1 1
v -1.54044 -4.24995 24.6672 1 1 1
v -1.44584 -4.76583 24.2308 1 1 1
v -1.24175 11.3509 26.9032 1 1 1
v -1.0763 -4.67772 25.4395 1 1 1
v -1.15863 18.2581 30.7113 1 1 1
v -1.03309 11.6022 27.635 1 1 1
v -0.978828 12.1713 27.9485 1 1 1
v -0.883813 11.1574 27.4328 1 1 1
v -0.843089 11.9445 27.7564 1 1 1
v -0.856072 -3.83495 22.7489 1 1 1
v -0.856072 -3.83495 22.7489 1 1 1
v -0.850317 4.87413 23.1577 1 1 1
v -0.597655 -4.4546 25.1549 1 1 1
v -0.321517 15.6843 36.783 1 1 1
v -0.541181 -3.42473 22.6319 1 1 1
v 0.177206 16.7289 39.3559 1 1 1
v 0.0035126 6.81316 25.9102 1 1 1
v 0.203165 17.8262 28.7671 1 1 1
v 0.267549 12.2432 27.8129 1 1 1
v 0.267549 12.2432 27.8129 1 1 1
v 0.0966533 -3.90165 24.5933 1 1 1
v 0.755925 12.494 28.9301 1 1 1
v 0.559395 5.84683 24.4295 1 1 1
v 0.880088 12.184 28.7759 1 1 1
v 0.968808 11.9198 26.365 1 1 1
v 0.922792 1.82181 25.9755 1 1 1
v 0.922792 1.82181 25.9755 1 1 1
v 1.07523 12.1131 26.4086 1 1 1
v 1.01952 -5.56086 25.6692 1 1 1
v 0.935171 2.93258 22.4892 1 1 1
v 1.19171 6.26977 23.2503 1 1 1
v 1.31042 6.40961 22.6874 1 1 1
v 1.30203 6.30822 22.4869 1 1 1
v 1.5932 7.22088 23.0502 1 1 1
v 1.5932 7.22088 23.0502 1 1 1
v 1.79869 10.3064 24.6546 1 1 1
v 1.67018 6.81519 22.8305 1 1 1
v 1.46369 -3.97585 21.7845 1 1 1
v 2.053 9.95402 24.9675 1 1 1
v 1.52571 -2.75637 21.4287 1 1 1
v 1.76682 6.67991 22.279 1 1 1
v 1.75548 -3.87017 22.7323 1 1 1
v 1.85338 3.0528 22.5668 1 1 1
v 1.43542 -5.12933 19.5348 1 1 1
v 1.81183 -3.11565 21.7594 1 1 1
v 2.16786 6.01086 22.466 1 1 1
v 2.34556 7.33206 22.9547 1 1 1
v 2.34556 7.33206 22.9547 1 1 1
v 2.27598 6.59522 22.0468 1 1 1
v 2.35964 6.82959 22.242 1 1 1
v 3.31546 19.6351 28.0681 1 1 1
v 2.46373 6.26141 22.9133 1 1 1
v 2.11496 -3.61276 21.3861 1 1 1
v 2.40414 6.14533 21.9873 1 1 1
v 1.37891 -5.71517 15.4389 1 1 1
v 2.45487 6.77686 21.9675 1 1 1
v 3.27697 18.6516 25.8294 1 1 1
v 2.5957 6.51953 22.3878 1 1 1
v 2.5957 6.51953 22.3878 1 1 1
v 3.19937 16.9962 25.3461 1 1 1
v 3.19937 16.9962 25.3461 1 1 1
v 2.63109 5.73803 22.3766 1 1 1
v 3.31426 19.0046 25.2047 1 1 1
v 2.67275 6.70751 22.2662 1 1 1
v 3.40561 18.3716 24.9989 1 1 1
v 2.86995 5.55468 21.7718 1 1 1
v 3.4184 12.4311 22.2619 1 1 1
v 3.4277 6.71954 22.7928 1 1 1
v 3.26462 4.39017 22.157 1 1 1
v 3.21485 3.83389 21.601 1 1 1
v 3.96714 11.9498 24.9015 1 1 1
v 3.38958 6.85302 22.0268 1 1 1
v 3.39887 5.64772 22.1357 1 1 1
v 4.5252 17.5871 25.9147 1 1 1
v 3.5438 -3.07083 23.1912 1 1 1
v 4.28893 10.6397 24.2784 1 1 1
v 4.06053 7.08259 22.7246 1 1 1
v 4.05279 5.17349 22.9354 1 1 1
v 3.90925 2.00789 22.2908 1 1 1
v 3.91604 0.839743 21.8764 1 1 1
v 4.15675 2.68051 21.946 1 1 1
v 4.62356 2.53572 23.7384 1 1 1
v 4.43074 2.99447 22.5098 1 1 1
v 4.38418 2.21896 22.2885 1 1 1
v 6.07788 10.7539 29.6796 1 1 1
v 5.09296 6.39606 25.1522 1 1 1
v 5.11376 6.4271 25.2405 1 1 1
v 6.35245 10.7549 30.4274 1 1 1
v 6.57565 11.4212 31.1889 1 1 1
v 4.36942 -3.62728 22.3942 1 1 1
v 4.64741 1.0127 22.7472 1 1 1
v 4.78151 0.772385 23.1253 1 1 1
v 6.854 11.4772 31.5075 1 1 1
v 4.81253 0.727499 23.1852 1 1 1
v 4.76807 0.633929 22.86 1 1 1
v 6.93512 11.296 30.6464 1 1 1
v 4.52536 -1.9203 21.3069 1 1 1
v 8.17679 16.6665 35.1788 1 1 1
v 4.82593 -0.591953 21.9013 1 1 1
v 5.13272 -0.0214623 22.8754 1 1 1
v 6.15566 3.72913 25.7363 1 1 1
v 12.4619 -22.6119 57.1683 1 1 1
v 9.47098 15.3927 35.68 1 1 1
v 8.85187 17.452 31.0904 1 1 1
v 8.85187 17.452 31.0904 1 1 1
v 8.69743 17.6442 28.735 1 1 1
v 9.28718 17.3731 30.8727 1 1 1
v 9.45429 17.4968 31.455 1 1 1
v 12.8953 -31.5182 53.7806 1 1 1
v 8.15649 18.8534 25.5145 1 1 1
v 14.9575 -25.1283 55.4088 1 1 1
v 18.5693 -22.106 56.8078 1 1 1
v 14.4132 16.5053 35.7937 1 1 1
v 18.7093 13.6579 44.7656 1 1 1
v 20.8652 14.1179 44.403 1 1 1
v 20.8652 14.1179 44.403 1 1 1
v 15.2177 18.8012 27.7406 1 1 1
v -4.73943 -12.7401 5.97883 1 1 1
v -4.73943 -12.7401 5.97883 1 1 1
v 0.161334 -5.25832 10.7376 1 1 1
v 3.48668 -3.81931 18.3667 1 1 1
v 3.24898 -3.26838 16.6454 1 1 1
v 2.90342 8.72784 7.11904 1 1 1
v -18.8272 -1.69107 39.1054 1 1 1
v -19.0658 -2.22386 40.1376 1 1 1
v -17.0147 -0.437825 34.9155 1 1 1
v -18.3393 -1.61589 38.9099 1 1 1
v -18.0184 -1.44608 38.0658 1 1 1
v -16.6073 1.23313 34.0633 1 1 1
v -16.6738 -0.562756 34.7713 1 1 1
v -17.6581 -1.29046 37.4251 1 1 1
v -16.8068 -0.617066 35.2049 1 1 1
v -16.2014 1.36688 33.5185 1 1 1
v -16.7266 -0.413258 35.3604 1 1 1
v -17.7928 -1.38722 38.4252 1 1 1
v -18.356 -2.13949 40.1742 1 1 1
v -16.2846 1.17888 34.4476 1 1 1
v -17.8281 -1.55296 38.9543 1 1 1
v -16.5126 -0.795671 35.4259 1 1 1
v -17.9857 -1.66004 39.4603 1 1 1
v -16.5332 -0.279041 35.6706 1 1 1
v -16.5332 -0.279041 35.6706 1 1 1
v -18.058 -3.25427 40.2037 1 1 1
v -16.7684 1.56914 36.1233 1 1 1
v -16.4715 -0.181135 35.7531 1 1 1
v -16.4715 -0.181135 35.7531 1 1 1
v -17.3593 -1.37234 38.307 1 1 1
v -16.7409 -0.552894 36.5987 1 1 1
v -18.0962 -3.07873 40.7814 1 1 1
v -16.0623 0.867769 34.707 1 1 1
v -16.3412 -0.237095 35.7752 1 1 1
v -15.8761 0.97324 34.3287 1 1 1
v -17.8365 -3.28517 40.5279 1 1 1
v -16.2187 -0.956892 35.8282 1 1 1
v -17.7991 -3.07026 40.9492 1 1 1
v -16.0828 -1.03985 36.0335 1 1 1
v -16.3726 -1.08778 36.8 1 1 1
v -16.0554 1.20253 35.6692 1 1 1
v -17.2 -2.82247 39.8742 1 1 1
v -15.6748 0.715264 35.2752 1 1 1
v -16.1719 -0.666067 36.8208 1 1 1
v -16.3653 -1.3351 37.6353 1 1 1
v -17.2858 -2.90613 40.5583 1 1 1
v -15.7809 -1.19749 36.3549 1 1 1
v -15.5999 0.515902 35.8521 1 1 1
v -15.5892 0.298889 35.8949 1 1 1
v -15.7738 0.970274 36.2526 1 1 1
v -15.1021 0.916151 34.4986 1 1 1
v -16.001 -1.49492 37.3437 1 1 1
v -16.8748 -3.12831 40.1506 1 1 1
v -15.6028 -1.48464 36.4237 1 1 1
v -17.2042 -3.31399 41.2626 1 1 1
v -15.2381 0.683478 35.3913 1 1 1
v -15.8519 -1.64805 37.7491 1 1 1
v -15.2471 0.767862 35.9109 1 1 1
v -15.6186 -1.41182 37.4849 1 1 1
v -15.6186 -1.41182 37.4849 1 1 1
v -15.095 0.444248 35.8263 1 1 1
v -15.372 -1.61586 37.4735 1 1 1
v -14.8058 -1.31419 36.7625 1 1 1
v -14.878 -1.18707 37.073 1 1 1
v -14.3357 0.223441 35.9203 1 1 1
v -15.9402 -3.40236 41.7568 1 1 1
v -15.5806 -3.3677 41.0718 1 1 1
v -15.6011 -3.72187 41.7784 1 1 1
v -15.1631 -2.56469 41.1744 1 1 1
v -7.50123 -14.0901 18.0583 1 1 1
v -14.59 -2.52564 40.3769 1 1 1
v -13.6029 -1.67116 38.2388 1 1 1
v -4.49247 -9.25458 8.2186 1 1 1
v -13.5371 0.158322 38.2745 1 1 1
v -13.0704 -2.25122 38.3484 1 1 1
v -12.9336 -2.42895 38.8459 1 1 1
v -12.9579 -0.987631 39.1584 1 1 1
v -12.9579 -0.987631 39.1584 1 1 1
v -12.837 -2.69568 39.1167 1 1 1
v -12.4854 -0.278603 37.8652 1 1 1
v -12.4854 -0.278603 37.8652 1 1 1
v -12.2422 -1.64774 37.1738 1 1 1
v -12.2428 -0.461623 38.4628 1 1 1
v -11.9905 -0.930817 37.8391 1 1 1
v -12.2839 -1.24314 39.6617 1 1 1
v -12.0549 -0.865672 38.7779 1 1 1
v -12.1425 -2.91311 39.5336 1 1 1
v -11.7804 -2.47966 38.7284 1 1 1
v -11.913 -1.13608 39.1447 1 1 1
v -11.7969 -1.39598 39.1964 1 1 1
v -10.9736 -2.61048 36.9792 1 1 1
v -11.4766 -1.31059 39.184 1 1 1
v -11.5786 -1.82043 39.7805 1 1 1
v -11.724 -1.89677 40.8145 1 1 1
v -11.2691 -1.80511 38.9706 1 1 1
v -11.594 -1.10814 40.7563 1 1 1
v -11.248 -1.03808 39.4699 1 1 1
v -11.1327 -1.57059 39.355 1 1 1
v -11.3001 -2.16303 40.1839 1 1 1
v -11.2706 -1.36281 40.5078 1 1 1
v -11.2706 -1.36281 40.5078 1 1 1
v -11.1071 -2.33757 42.0452 1 1 1
v -9.86365 1.62489 36.3211 1 1 1
v -9.60846 1.49861 36.2747 1 1 1
v -10.4631 -1.72252 41.0323 1 1 1
v -10.4631 -1.72252 41.0323 1 1 1
v -10.1912 -1.67903 41.1028 1 1 1
v -9.27739 10.7985 35.5947 1 1 1
v -10.2072 -1.91674 41.7021 1 1 1
v -10.0353 -1.69233 41.391 1 1 1
v -9.98248 -1.23587 43.9159 1 1 1
v -9.20964 -1.61517 40.0082 1 1 1
v -8.36803 9.77023 35.8885 1 1 1
v -8.56548 10.3117 37.6599 1 1 1
v -8.17459 10.5992 35.8657 1 1 1
v -8.17459 10.5992 35.8657 1 1 1
v -7.14234 0.286551 41.0777 1 1 1
v -7.14234 0.286551 41.0777 1 1 1
v -5.0022 14.4937 25.3257 1 1 1
v -3.9946 12.101 25.3782 1 1 1
v -3.7916 10.5802 24.1655 1 1 1
v -3.95112 14.552 25.5518 1 1 1
v -3.97202 9.90261 26.1934 1 1 1
v -3.64997 10.8877 23.6324 1 1 1
v -3.63917 11.0883 24.1659 1 1 1
v -3.74526 5.38681 26.0746 1 1 1
v -3.74526 5.38681 26.0746 1 1 1
v -3.84388 14.4505 26.8858 1 1 1
v -3.59126 15.3285 24.481 1 1 1
v -3.56098 5.4887 25.5403 1 1 1
v -3.42904 11.3799 24.5914 1 1 1
v -3.57614 9.7919 26.3001 1 1 1
v -3.49701 4.94999 26.148 1 1 1
v -3.56225 6.41418 27.094 1 1 1
v -3.46825 9.84551 26.2869 1 1 1
v -3.36559 4.5966 25.875 1 1 1
v -3.39007 5.46063 26.5252 1 1 1
v -3.37872 5.43533 26.4557 1 1 1
v -3.24377 4.73643 25.1006 1 1 1
v -3.07306 10.8328 23.9528 1 1 1
v -3.22789 6.17554 26.3958 1 1 1
v -3.06514 4.75505 24.8975 1 1 1
v -2.80158 11.4908 24.2143 1 1 1
v -2.93368 -2.75101 26.1548 1 1 1
v -2.96763 6.89386 26.7056 1 1 1
v -2.95241 6.22311 26.501 1 1 1
v -3.01963 -3.89967 27.3719 1 1 1
v -2.84468 -3.07874 25.7604 1 1 1
v -2.92212 -1.51955 26.8018 1 1 1
v -2.89675 -3.6127 26.9446 1 1 1
v -2.89675 -3.6127 26.9446 1 1 1
v -2.74616 4.16545 25.2114 1 1 1
v -2.81825 -2.55441 26.3081 1 1 1
v -2.71965 -2.99038 25.9943 1 1 1
v -2.79775 9.83851 27.7329 1 1 1
v -2.61119 6.8558 26.8594 1 1 1
v -2.3459 3.65037 24.5399 1 1 1
v -2.28988 6.23999 24.2699 1 1 1
v -2.57868 9.94356 28.9425 1 1 1
v -2.37018 5.755 25.6282 1 1 1
v -2.22336 6.36689 24.3618 1 1 1
v -2.20146 2.26289 24.2233 1 1 1
v -2.21384 5.93672 24.8261 1 1 1
v -2.18073 6.66851 24.5838 1 1 1
v -2.15417 6.5718 25.3091 1 1 1
v -2.21581 6.1328 26.3979 1 1 1
v -2.18507 -1.22507 25.8838 1 1 1
v -2.0175 6.64876 24.1235 1 1 1
v -2.0175 6.64876 24.1235 1 1 1
v -2.15901 -3.98635 26.0436 1 1 1
v -1.86898 6.53062 23.9373 1 1 1
v -1.86898 6.53062 23.9373 1 1 1
v -2.06558 -4.54304 28.1235 1 1 1
v -1.53218 10.0323 26.6044 1 1 1
v -1.53861 -4.23856 25.5016 1 1 1
v -1.57731 11.5859 31.7183 1 1 1
v -1.57198 11.8616 32.5781 1 1 1
v -1.26855 6.3845 24.551 1 1 1
v -1.23735 6.08766 24.25 1 1 1
v -1.24453 6.05631 25.2494 1 1 1
v -1.21102 10.4483 25.9803 1 1 1
v -1.19117 10.2108 25.5108 1 1 1
v -1.30965 11.9928 32.933 1 1 1
v -1.30965 11.9928 32.933 1 1 1
v -1.33503 12.4263 33.8895 1 1 1
v -1.33503 12.4263 33.8895 1 1 1
v -1.07372 10.5648 25.415 1 1 1
v -1.06399 9.85399 25.6183 1 1 1
v -1.07679 6.27789 25.0286 1 1 1
v -1.18162 11.8258 32.1043 1 1 1
v -1.06675 11.1572 27.6031 1 1 1
v -0.958435 14.9473 25.8336 1 1 1
v -1.17164 -4.92465 26.3973 1 1 1
v -1.13937 -4.6019 26.1318 1 1 1
v -0.848723 10.7338 25.3384 1 1 1
v -0.858046 10.9735 25.7983 1 1 1
v -0.954023 11.8356 33.0576 1 1 1
v -0.80926 9.65704 25.399 1 1 1
v -0.802498 10.1453 25.9002 1 1 1
v -0.77162 10.6144 26.3794 1 1 1
v -0.717869 10.2922 24.8057 1 1 1
v -0.881288 12.4395 34.0417 1 1 1
v -0.837512 -3.53727 25.1909 1 1 1
v -0.837512 -3.53727 25.1909 1 1 1
v -0.564076 -3.16032 24.1883 1 1 1
v -0.493956 -3.14422 24.6367 1 1 1
v -0.494572 -3.04861 24.6704 1 1 1
v -0.438646 -2.85228 25.4986 1 1 1
v -0.262366 10.5268 28.3423 1 1 1
v -0.119974 -3.89401 25.0192 1 1 1
v -0.119974 -3.89401 25.0192 1 1 1
v 0.036631 6.28136 24.3177 1 1 1
v 0.0439421 6.23259 24.5951 1 1 1
v 0.210766 14.644 24.2648 1 1 1
v 0.324731 7.67584 25.172 1 1 1
v 0.754542 11.2634 26.6549 1 1 1
v 0.608411 5.69922 24.0132 1 1 1
v 0.968225 10.7112 24.2171 1 1 1
v 1.01664 2.03751 26.6082 1 1 1
v 1.12778 9.65586 23.4488 1 1 1
v 1.1816 9.94375 23.2382 1 1 1
v 1.41062 15.0479 24.5413 1 1 1
v 1.07603 -5.19947 25.5224 1 1 1
v 1.38977 6.40087 23.5913 1 1 1
v 1.55627 10.1319 24.7654 1 1 1
v 1.4707 6.94639 23.7772 1 1 1
v 1.25842 -5.29084 25.2146 1 1 1
v 1.55735 6.5993 23.3745 1 1 1
v 1.82945 15.1275 23.5958 1 1 1
v 1.56882 -3.64708 25.5764 1 1 1
v 1.98803 10.0674 24.9756 1 1 1
v 1.90618 7.22068 23.4053 1 1 1
v 1.71778 -2.40394 23.4397 1 1 1
v 2.27179 14.8578 23.5999 1 1 1
v 1.9128 -2.46074 23.8003 1 1 1
v 1.92934 -2.66563 23.8992 1 1 1
v 1.98436 -2.80252 23.7847 1 1 1
v 2.24975 6.15982 22.7737 1 1 1
v 2.55749 15.1796 22.6473 1 1 1
v 2.12853 -2.93513 24.186 1 1 1
v 2.24961 6.60426 21.9036 1 1 1
v 2.13024 -2.74534 23.7992 1 1 1
v 2.53805 14.6324 21.9664 1 1 1
v 2.35256 6.73156 22.2591 1 1 1
v 2.35256 6.73156 22.2591 1 1 1
v 2.43238 6.90882 22.3608 1 1 1
v 2.45131 7.11566 22.2779 1 1 1
v 2.45131 7.11566 22.2779 1 1 1
v 2.30738 -2.86613 24.4665 1 1 1
v 2.42508 15.9235 18.0996 1 1 1
v 2.42508 15.9235 18.0996 1 1 1
v 2.56667 6.50773 23.3835 1 1 1
v 2.57227 6.70477 23.0857 1 1 1
v 2.42741 -3.18058 24.6977 1 1 1
v 2.68663 6.80104 22.8919 1 1 1
v 2.68663 6.80104 22.8919 1 1 1
v 2.87097 15.4325 20.8238 1 1 1
v 2.68534 -1.37032 24.2003 1 1 1
v 2.89666 11.9016 20.7332 1 1 1
v 3.00521 6.59127 22.7651 1 1 1
v 3.00521 6.59127 22.7651 1 1 1
v 3.22259 -2.62036 27.2315 1 1 1
v 3.21914 6.73753 22.4907 1 1 1
v 3.38289 12.5076 21.4036 1 1 1
v 3.3591 11.7987 21.2486 1 1 1
v 3.37731 4.63516 22.8016 1 1 1
v 3.5433 4.74721 23.9171 1 1 1
v 3.75483 10.7336 23.698 1 1 1
v 3.92442 11.5219 24.0702 1 1 1
v 3.92442 11.5219 24.0702 1 1 1
v 3.72106 6.46326 23.7722 1 1 1
v 3.66524 7.16374 23.047 1 1 1
v 3.69138 7.24109 22.8933 1 1 1
v 4.26226 15.9441 23.7755 1 1 1
v 3.85273 -3.5771 25.0595 1 1 1
v 4.33431 11.5835 23.55 1 1 1
v 4.06989 7.00584 22.5064 1 1 1
v 4.04901 -3.29121 25.4659 1 1 1
v 4.20092 2.85474 24.2516 1 1 1
v 4.37395 6.06714 24.1682 1 1 1
v 4.22553 2.61086 24.0496 1 1 1
v 3.94539 -2.96106 23.585 1 1 1
v 4.43117 3.49478 24.2859 1 1 1
v 4.40174 3.09723 22.6681 1 1 1
v 4.61106 3.32822 23.3425 1 1 1
v 4.70768 -3.26243 25.8062 1 1 1
v 4.74068 2.77181 24.1185 1 1 1
v 4.74068 2.77181 24.1185 1 1 1
v 5.71122 13.2091 27.1085 1 1 1
v 5.71122 13.2091 27.1085 1 1 1
v 4.95876 5.99921 24.1176 1 1 1
v 4.88322 2.79989 24.4842 1 1 1
v 6.04206 14.6099 27.6211 1 1 1
v 4.88092 0.997483 24.1701 1 1 1
v 4.88092 0.997483 24.1701 1 1 1
v 4.74647 -1.37407 23.77 1 1 1
v 6.06833 9.98784 28.1382 1 1 1
v 5.23191 1.38623 25.434 1 1 1
v 5.01429 1.01401 24.1447 1 1 1
v 5.01429 1.01401 24.1447 1 1 1
v 6.40941 13.5725 28.7578 1 1 1
v 5.14795 1.53032 24.3639 1 1 1
v 6.27012 9.91966 28.6222 1 1 1
v 6.09752 9.82944 27.416 1 1 1
v 5.50878 0.645101 25.3822 1 1 1
v 5.4492 0.370043 24.9915 1 1 1
v 6.40925 9.85348 27.6329 1 1 1
v 5.22213 -1.71841 23.9053 1 1 1
v 5.72921 0.740915 25.8179 1 1 1
v 5.52333 0.995779 24.2334 1 1 1
v 5.69833 3.7432 24.469 1 1 1
v 5.83441 4.33081 24.7601 1 1 1
v 5.86809 -2.48806 25.055 1 1 1
v 6.12061 -2.10942 24.9795 1 1 1
v 6.14417 -2.21953 25.1155 1 1 1
v 8.4997 13.039 31.1458 1 1 1
v 7.68537 14.2214 26.069 1 1 1
v 7.57212 14.4614 24.7418 1 1 1
v 7.01344 15.3303 21.0927 1 1 1
v 8.1088 14.1028 26.0494 1 1 1
v 14.3538 -7.36317 50.1881 1 1 1
v 14.0955 -7.6322 49.0503 1 1 1
v 14.5181 -7.28415 50.0494 1 1 1
v 15.1259 -7.25573 49.8436 1 1 1
v 16.6432 -6.82178 48.3129 1 1 1
v -15.9463 -1.34397 26.1138 1 1 1
v -7.64339 -14.9808 10.1477 1 1 1
v -7.64339 -14.9808 10.1477 1 1 1
v -7.52654 -14.8695 10.0146 1 1 1
v -7.52654 -14.8695 10.0146 1 1 1
v -1.78053 -11.6723 9.85684 1 1 1
v -1.2012 -10.0244 5.16967 1 1 1
v 0.592344 -3.68443 22.5132 1 1 1
v 6.39558 -16.9851 13.3435 1 1 1
v 6.39558 -16.9851 13.3435 1 1 1
v 6.51369 -17.0988 13.3247 1 1 1
v 6.51369 -17.0988 13.3247 1 1 1
v -20.3803 4.01376 34.498 1 1 1
v -18.4725 -1.13777 30.7611 1 1 1
v -19.0155 0.339528 31.8969 1 1 1
v -18.7943 -1.45514 31.4871 1 1 1
v -18.1691 -0.476153 30.3685 1 1 1
v -19.3999 0.499477 32.8813 1 1 1
v -20.3586 0.104647 35.226 1 1 1
v -17.513 1.31456 30.0014 1 1 1
v -23.9116 -5.81644 43.7549 1 1 1
v -23.4946 -5.64684 42.8999 1 1 1
v -22.5898 -4.38281 41.1242 1 1 1
v -24.6324 -5.91576 46.1123 1 1 1
v -17.6961 -0.735671 31.4949 1 1 1
v -17.6961 -0.735671 31.4949 1 1 1
v -17.0349 1.13981 30.3052 1 1 1
v -21.8305 -4.41596 40.8342 1 1 1
v -17.5677 0.177849 31.6252 1 1 1
v -21.2713 -3.6551 40.0538 1 1 1
v -21.4594 -4.67978 40.5304 1 1 1
v -21.4594 -4.67978 40.5304 1 1 1
v -22.1501 -4.5763 42.3398 1 1 1
v -21.0306 -3.71621 40.3848 1 1 1
v -16.9809 0.338906 31.4417 1 1 1
v -21.7595 -4.92413 42.6982 1 1 1
v -16.6487 0.289764 31.2554 1 1 1
v -21.0909 -3.7365 41.2804 1 1 1
v -13.7091 14.8017 24.6635 1 1 1
v -16.0602 1.16115 30.2533 1 1 1
v -22.0507 -5.19891 44.1749 1 1 1
v -18.9212 -2.42136 37.0522 1 1 1
v -19.9292 -3.68171 39.417 1 1 1
v -16.4799 -0.155218 31.827 1 1 1
v -18.1103 -2.69674 35.8332 1 1 1
v -16.512 -0.0529255 32.1435 1 1 1
v -18.8169 -2.87101 37.5661 1 1 1
v -18.6486 -2.74626 37.7524 1 1 1
v -20.6007 -4.54761 42.7101 1 1 1
v -20.3191 -4.786 42.1343 1 1 1
v -20.0559 -4.77012 42.062 1 1 1
v -19.8506 -4.33005 41.837 1 1 1
v -19.7556 -4.64854 41.6065 1 1 1
v -19.7556 -4.64854 41.6065 1 1 1
v -17.5745 -2.02298 36.4239 1 1 1
v -18.1482 -2.89193 37.9781 1 1 1
v -15.691 -0.152511 32.1554 1 1 1
v -19.8452 -4.77609 42.3515 1 1 1
v -15.3236 1.35768 31.3652 1 1 1
v -15.3592 0.772954 31.4645 1 1 1
v -19.2238 -4.21504 41.2624 1 1 1
v -15.2682 0.849111 31.5684 1 1 1
v -15.3328 1.07162 31.8287 1 1 1
v -15.9342 -1.26569 33.4401 1 1 1
v -16.9994 -1.38855 36.2834 1 1 1
v -15.3137 -0.827384 32.3182 1 1 1
v -15.1761 0.791557 32.5208 1 1 1
v -15.2769 -0.792456 32.7506 1 1 1
v -18.821 -4.6566 41.9382 1 1 1
v -15.1209 -0.938964 32.6649 1 1 1
v -18.4949 -4.39139 41.2902 1 1 1
v -15.1413 0.562973 32.8167 1 1 1
v -15.1413 0.562973 32.8167 1 1 1
v -15.0774 -0.606264 32.9699 1 1 1
v -14.7753 -1.32181 32.5932 1 1 1
v -14.3771 0.655203 31.9698 1 1 1
v -17.7039 -4.66125 40.7882 1 1 1
v -14.2865 -1.31651 31.9156 1 1 1
v -14.7111 0.377593 33.1489 1 1 1
v -14.6756 -0.732595 33.4481 1 1 1
v -16.3058 -3.07432 37.8579 1 1 1
v -17.7111 -4.21039 41.6647 1 1 1
v -14.1667 0.592677 32.5008 1 1 1
v -17.4849 -4.27965 41.8762 1 1 1
v -14.2431 0.115871 33.4173 1 1 1
v -14.3518 0.452637 33.9481 1 1 1
v -16.4797 -3.36608 39.8068 1 1 1
v -15.4726 -1.68868 37.2028 1 1 1
v -17.8771 -4.71145 43.9935 1 1 1
v -14.301 0.180517 34.1562 1 1 1
v -17.2285 -4.3769 42.2328 1 1 1
v -14.0806 -1.71916 34.495 1 1 1
v -17.674 -4.25652 45.9719 1 1 1
v -16.3065 -4.03306 43.2325 1 1 1
v -13.5462 -2.72407 37.6858 1 1 1
v -12.519 -1.94425 35.2828 1 1 1
v -11.945 -2.49176 35.1463 1 1 1
v -12.0243 -2.59317 36.2094 1 1 1
v -10.9976 -0.849428 33.4269 1 1 1
v -11.3751 -1.13696 35.8452 1 1 1
v -11.3952 -3.16448 36.2585 1 1 1
v -11.5218 -1.114 36.9755 1 1 1
v -11.3778 -1.26152 36.7952 1 1 1
v -11.1446 -2.0314 35.9614 1 1 1
v -11.2191 -1.55333 36.2904 1 1 1
v -10.8309 -1.6693 36.1305 1 1 1
v -10.8238 -2.17775 36.348 1 1 1
v -11.2514 -2.4025 38.6857 1 1 1
v -10.773 -1.51477 37.042 1 1 1
v -10.5272 -1.97446 36.6792 1 1 1
v -10.2665 -1.34777 36.1697 1 1 1
v -10.2808 -2.98394 36.7914 1 1 1
v -10.8219 -3.06998 39.5151 1 1 1
v -10.1046 -1.74316 37.3669 1 1 1
v -8.89657 1.03837 32.8607 1 1 1
v -10.1589 -1.95806 38.0778 1 1 1
v -8.61132 9.91534 33.3692 1 1 1
v -8.60198 0.913194 32.6885 1 1 1
v -8.42656 10.1063 33.826 1 1 1
v -8.42656 10.1063 33.826 1 1 1
v -8.42656 10.1063 33.826 1 1 1
v -8.50082 1.03356 33.2473 1 1 1
v -8.50082 1.03356 33.2473 1 1 1
v -9.21993 -1.9712 37.3843 1 1 1
v -9.36095 -2.15649 38.4551 1 1 1
v -9.36095 -2.15649 38.4551 1 1 1
v -9.15862 -2.09686 37.6405 1 1 1
v -9.15862 -2.09686 37.6405 1 1 1
v -9.28281 -1.90758 38.5781 1 1 1
v -7.6517 9.86422 33.9484 1 1 1
v -7.6517 9.86422 33.9484 1 1 1
v -4.59485 14.1134 24.0098 1 1 1
v -4.61252 14.1842 24.7369 1 1 1
v -7.69288 -0.818238 40.605 1 1 1
v -4.436 14.1102 25.3936 1 1 1
v -4.09531 10.1341 23.0627 1 1 1
v -5.49392 -1.04192 29.1746 1 1 1
v -6.45658 -0.0494626 36.9638 1 1 1
v -3.72607 10.9622 24.0644 1 1 1
v -3.7037 10.0613 24.1696 1 1 1
v -3.70565 9.25756 24.8888 1 1 1
v -3.54872 13.4546 25.2467 1 1 1
v -3.05478 9.87805 22.4823 1 1 1
v -3.32797 9.08849 24.8107 1 1 1
v -3.22179 4.81374 23.5398 1 1 1
v -2.84995 10.0786 22.59 1 1 1
v -3.05681 5.01455 23.3191 1 1 1
v -2.87383 3.48283 22.3219 1 1 1
v -2.87653 12.5725 25.4034 1 1 1
v -2.84885 3.8594 22.4818 1 1 1
v -2.74486 11.8542 24.8485 1 1 1
v -2.80016 4.97877 23.1039 1 1 1
v -2.67593 3.77104 21.9461 1 1 1
v -2.56075 5.05934 23.2743 1 1 1
v -2.46583 8.72023 24.5734 1 1 1
v -2.47253 8.66866 25.1608 1 1 1
v -2.35276 12.9602 25.7957 1 1 1
v -2.55261 -2.14223 21.8671 1 1 1
v -2.1948 5.17986 22.5504 1 1 1
v -2.52552 -3.95699 22.3433 1 1 1
v -2.49521 -3.96964 22.1098 1 1 1
v -2.42437 -3.65341 22.0384 1 1 1
v -1.89818 3.82887 20.2221 1 1 1
v -2.01482 2.74824 21.4688 1 1 1
v -1.88926 5.18873 21.3597 1 1 1
v -1.88968 5.52766 21.7369 1 1 1
v -2.42646 -4.23809 23.0199 1 1 1
v -1.84383 13.1208 25.2412 1 1 1
v -1.84383 13.1208 25.2412 1 1 1
v -2.19485 -3.61233 21.2667 1 1 1
v -1.77261 4.88041 20.9718 1 1 1
v -1.76418 5.64158 21.6266 1 1 1
v -1.62809 5.52719 21.4249 1 1 1
v -2.1379 -3.94711 22.8841 1 1 1
v -1.6835 8.93892 25.9181 1 1 1
v -1.77239 -4.48472 21.9529 1 1 1
v -1.12306 4.72207 20.8438 1 1 1
v -1.11216 5.34335 22.2014 1 1 1
v -0.957536 4.34726 20.599 1 1 1
v -0.886152 8.55149 22.9021 1 1 1
v -1.24912 -4.51257 18.9143 1 1 1
v -0.741108 13.1376 24.6437 1 1 1
v -0.682206 9.32142 22.6587 1 1 1
v -0.682206 9.32142 22.6587 1 1 1
v -1.14926 -4.71705 21.3112 1 1 1
v -1.68583 -16.0343 21.2905 1 1 1
v -0.542982 9.25575 24.0071 1 1 1
v -0.705442 11.0407 30.4439 1 1 1
v -0.884129 -4.71687 22.0257 1 1 1
v -0.669521 -4.816 19.1827 1 1 1
v -0.669521 -4.816 19.1827 1 1 1
v -0.580421 -4.85659 18.0009 1 1 1
v -0.580421 -4.85659 18.0009 1 1 1
v -0.0829749 12.2094 30.2999 1 1 1
v -0.0829749 12.2094 30.2999 1 1 1
v -0.34128 -3.4941 20.093 1 1 1
v -0.309454 -3.67191 19.6454 1 1 1
v 0.434554 7.92272 25.6781 1 1 1
v 0.635557 4.39031 20.4013 1 1 1
v 0.945107 1.85428 18.7731 1 1 1
v 0.945107 1.85428 18.7731 1 1 1
v 1.23796 4.84866 19.4564 1 1 1
v 0.802343 -5.38854 20.5307 1 1 1
v 1.65529 8.40809 20.8581 1 1 1
v 1.54482 5.82892 19.7734 1 1 1
v 0.977985 -5.26172 20.6047 1 1 1
v 1.73633 5.39238 19.172 1 1 1
v 1.80107 4.25315 18.6256 1 1 1
v 1.23209 -5.20798 18.4848 1 1 1
v 1.75013 2.02959 18.9446 1 1 1
v 1.46081 -5.17204 21.4478 1 1 1
v 1.52859 -2.85088 19.1439 1 1 1
v 2.15621 5.32803 18.9774 1 1 1
v 1.65855 -2.99823 18.3527 1 1 1
v 2.9186 11.1094 25.6732 1 1 1
v 2.29604 4.89938 19.4041 1 1 1
v 2.31934 5.17187 19.3939 1 1 1
v 1.82923 -3.57934 18.5786 1 1 1
v 1.94274 -3.40466 18.2974 1 1 1
v 2.66732 5.58262 19.2726 1 1 1
v 2.0381 -3.6905 18.1855 1 1 1
v 2.19148 -2.29281 17.6164 1 1 1
v 2.70594 3.60737 18.6069 1 1 1
v 3.41076 9.25867 20.1339 1 1 1
v 3.02899 4.91663 18.4278 1 1 1
v 2.9673 3.18662 18.5655 1 1 1
v 3.27877 5.53962 19.2586 1 1 1
v 3.24345 4.64585 19.1363 1 1 1
v 3.24345 4.64585 19.1363 1 1 1
v 3.67528 1.4208 19.5273 1 1 1
v 3.67528 1.4208 19.5273 1 1 1
v 3.71319 1.78753 18.5207 1 1 1
v 3.8304 1.88635 18.7674 1 1 1
v 3.55789 -3.73848 19.0395 1 1 1
v 6.68036 -14.5837 51.7802 1 1 1
v 4.04052 2.09424 19.1301 1 1 1
v 4.04849 1.34817 19.1626 1 1 1
v 4.07014 1.45923 19.2521 1 1 1
v 4.48368 4.69012 20.6513 1 1 1
v 4.06803 -2.36526 20.7105 1 1 1
v 4.04689 1.13535 18.3927 1 1 1
v 6.2847 -13.7268 44.5962 1 1 1
v 5.21268 7.29154 23.9472 1 1 1
v 4.26101 0.392616 19.4405 1 1 1
v 3.92678 -2.14123 18.0399 1 1 1
v 6.45207 -16.3981 44.8308 1 1 1
v 4.10279 -0.908689 18.4745 1 1 1
v 6.7028 -13.0558 44.4534 1 1 1
v 4.3265 0.0215165 19.418 1 1 1
v 5.6079 8.09706 24.0943 1 1 1
v 4.44591 -0.216505 19.9343 1 1 1
v 4.44591 -0.216505 19.9343 1 1 1
v 6.805 -12.8647 43.7566 1 1 1
v 4.38885 -0.497995 19.3957 1 1 1
v 6.85389 -13.2265 43.6279 1 1 1
v 7.22223 -12.8668 45.891 1 1 1
v 7.11498 -12.7414 44.9299 1 1 1
v 6.48906 -21.6003 45.1183 1 1 1
v 6.48906 -21.6003 45.1183 1 1 1
v 4.21055 -2.07654 18.5777 1 1 1
v 7.20045 -11.1936 44.429 1 1 1
v 6.63566 -18.6375 43.8518 1 1 1
v 6.63566 -18.6375 43.8518 1 1 1
v 6.57687 -21.7724 44.7718 1 1 1
v 6.57687 -21.7724 44.7718 1 1 1
v 6.62551 -21.1361 44.7359 1 1 1
v 6.70044 -18.8261 43.9628 1 1 1
v 6.88311 -15.8372 43.5787 1 1 1
v 4.58385 -0.608892 19.6519 1 1 1
v 4.58385 -0.608892 19.6519 1 1 1
v 7.31269 -12.5352 44.2214 1 1 1
v 7.31269 -12.5352 44.2214 1 1 1
v 7.05546 -14.3566 42.6395 1 1 1
v 7.16806 -13.8608 43.0678 1 1 1
v 7.1661 -14.5183 43.0787 1 1 1
v 6.93538 -15.3849 41.984 1 1 1
v 5.12797 3.02918 20.5674 1 1 1
v 4.6606 -0.532409 19.2434 1 1 1
v 6.94022 -15.1184 41.7868 1 1 1
v 6.82637 -15.5378 41.2404 1 1 1
v 4.38023 -2.76696 18.376 1 1 1
v 4.78063 0.0240225 19.6063 1 1 1
v 7.26528 -13.5825 42.9226 1 1 1
v 6.66921 -24.9328 44.5066 1 1 1
v 7.16945 -14.1382 42.0445 1 1 1
v 6.78753 -24.3008 44.3556 1 1 1
v 5.12576 2.19723 20.1205 1 1 1
v 7.29609 -14.2893 42.1277 1 1 1
v 7.18545 -22.3991 45.3181 1 1 1
v 7.32201 -14.6306 42.3633 1 1 1
v 4.50004 -2.96324 18.3881 1 1 1
v 7.0445 -24.7925 44.574 1 1 1
v 4.65741 -2.80748 18.8321 1 1 1
v 6.65577 -25.7245 42.5226 1 1 1
v 6.96731 -27.2496 44.284 1 1 1
v 7.7442 -12.7933 41.9927 1 1 1
v 7.59111 -22.5213 44.8871 1 1 1
v 7.59111 -22.5213 44.8871 1 1 1
v 8.15779 -26.3871 49.7968 1 1 1
v 7.57006 -25.3454 45.7101 1 1 1
v 7.44103 -23.0998 42.8496 1 1 1
v 7.55669 -22.3291 42.8651 1 1 1
v 7.9569 -16.2785 42.1917 1 1 1
v 5.09539 -2.69823 19.2654 1 1 1
v 7.92542 -26.9416 46.3087 1 1 1
v 5.13368 -2.94037 19.3713 1 1 1
v 7.50138 10.721 26.3943 1 1 1
v 8.57759 -12.5323 42.6646 1 1 1
v 8.57759 -12.5323 42.6646 1 1 1
v 7.83496 -19.8907 41.4193 1 1 1
v 7.97046 -22.7414 42.9827 1 1 1
v 8.23184 -17.6148 42.0798 1 1 1
v 10.0062 2.40456 42.9186 1 1 1
v 9.6792 2.09197 41.0483 1 1 1
v 7.5433 -21.8593 39.7281 1 1 1
v 8.08312 -21.2009 42.4309 1 1 1
v 8.17859 -16.8723 40.874 1 1 1
v 8.48848 -15.545 41.8875 1 1 1
v 8.68326 -15.3521 42.8319 1 1 1
v 8.09909 -24.0677 43.1697 1 1 1
v 8.09909 -24.0677 43.1697 1 1 1
v 8.09916 -24.5511 43.2542 1 1 1
v 8.09916 -24.5511 43.2542 1 1 1
v 8.04169 -26.4391 43.5921 1 1 1
v 8.6222 -15.9002 42.1382 1 1 1
v 8.6222 -15.9002 42.1382 1 1 1
v 8.6222 -15.9002 42.1382 1 1 1
v 7.84442 -22.2789 40.4844 1 1 1
v 8.15206 -22.111 41.8389 1 1 1
v 8.87985 -15.7588 42.8314 1 1 1
v 8.86951 -15.7487 42.7576 1 1 1
v 8.86951 -15.7487 42.7576 1 1 1
v 8.32499 -19.6141 41.3493 1 1 1
v 8.9692 -12.7686 41.7789 1 1 1
v 8.21526 -22.3843 41.5523 1 1 1
v 8.59934 -17.6682 41.2944 1 1 1
v 8.21586 -23.1472 41.6046 1 1 1
v 8.49746 -17.5117 40.6041 1 1 1
v 8.51268 -25.4807 43.7961 1 1 1
v 9.05399 -16.1187 42.2794 1 1 1
v 8.41385 -21.1452 41.0877 1 1 1
v 8.33353 -23.3805 41.438 1 1 1
v 9.83576 -13.5527 45.0332 1 1 1
v 9.83576 -13.5527 45.0332 1 1 1
v 8.61487 -20.2609 41.558 1 1 1
v 9.25853 -11.9139 40.9603 1 1 1
v 8.69849 -25.9003 43.4991 1 1 1
v 8.739 -21.1879 41.5248 1 1 1
v 9.32539 -13.9679 41.497 1 1 1
v 9.21105 -14.3957 40.4754 1 1 1
v 11.3809 1.258 44.5833 1 1 1
v 8.87585 -20.7403 41.0769 1 1 1
v 9.25277 -14.5702 40.4355 1 1 1
v 11.1294 0.807172 43.1936 1 1 1
v 9.75823 -12.8081 41.994 1 1 1
v 9.12043 -19.9112 41.7201 1 1 1
v 9.12043 -19.9112 41.7201 1 1 1
v 11.3987 0.494099 44.2577 1 1 1
v 10.3587 -11.6757 43.8362 1 1 1
v 9.57627 -13.7337 40.8783 1 1 1
v 8.91468 -22.9143 41.294 1 1 1
v 9.95307 -11.6722 41.3198 1 1 1
v 9.11459 -26.3892 42.9712 1 1 1
v 9.09532 -25.9747 42.6943 1 1 1
v 9.26414 -19.3868 40.7427 1 1 1
v 9.21911 -25.6274 42.9028 1 1 1
v 9.51555 -18.183 41.1505 1 1 1
v 8.72275 10.3211 26.0378 1 1 1
v 9.59751 -13.366 39.4697 1 1 1
v 10.0395 -13.224 41.4572 1 1 1
v 8.94412 -27.8706 41.743 1 1 1
v 9.20806 -25.3211 41.7794 1 1 1
v 9.3878 -26.024 42.8488 1 1 1
v 9.03476 -28.515 41.319 1 1 1
v 9.51457 -26.1847 42.5605 1 1 1
v 10.6186 -10.8486 41.1259 1 1 1
v 9.51161 -29.061 42.4019 1 1 1
v 11.8989 2.12227 40.967 1 1 1
v 9.82948 -20.9591 40.4042 1 1 1
v 10.2173 -22.1688 41.7806 1 1 1
v 9.82073 -26.4425 41.6166 1 1 1
v 9.78773 -28.7208 42.2041 1 1 1
v 12.769 1.76394 43.7562 1 1 1
v 12.3592 2.52258 41.5299 1 1 1
v 11.7062 -8.55228 42.6088 1 1 1
v 12.2501 1.79572 40.9003 1 1 1
v 10.0098 -26.1588 41.6284 1 1 1
v 11.3398 -8.63951 40.2458 1 1 1
v 11.6212 -8.24924 41.2344 1 1 1
v 13.8374 -2.12588 47.905 1 1 1
v 10.166 -29.3459 42.3863 1 1 1
v 13.0805 1.5945 43.0166 1 1 1
v 13.0805 1.5945 43.0166 1 1 1
v 10.5332 -19.9341 40.2179 1 1 1
v 11.67 -8.80063 40.8023 1 1 1
v 9.83954 -28.5722 40.2589 1 1 1
v 11.76 -7.71489 40.6106 1 1 1
v 10.5472 -20.7548 40.2471 1 1 1
v 12.4928 2.71136 39.5063 1 1 1
v 11.3387 -8.37353 38.7578 1 1 1
v 10.7064 -21.5128 40.8349 1 1 1
v 11.518 -8.54416 38.9084 1 1 1
v 13.3968 1.20812 42.9303 1 1 1
v 10.4185 -28.9516 41.6736 1 1 1
v 11.8397 -7.32038 39.0323 1 1 1
v 13.298 2.27633 41.2041 1 1 1
v 13.6134 1.44866 41.95 1 1 1
v 14.4826 -2.15417 46.5003 1 1 1
v 11.6574 -7.6578 37.413 1 1 1
v 11.6574 -7.6578 37.413 1 1 1
v 11.9943 -7.53461 38.6614 1 1 1
v 13.4269 1.34777 41.0951 1 1 1
v 11.3251 -21.7028 40.8225 1 1 1
v 14.8082 -2.41343 46.8358 1 1 1
v 14.8082 -2.41343 46.8358 1 1 1
v 13.3064 -6.90567 42.5648 1 1 1
v 12.6569 -8.81406 40.4671 1 1 1
v 11.6441 -20.3648 40.5107 1 1 1
v 11.7273 -31.9308 43.3055 1 1 1
v 11.8046 -21.6502 40.1721 1 1 1
v 11.5363 -26.1127 40.6069 1 1 1
v 14.0981 -6.89397 43.5067 1 1 1
v 11.5485 -25.3016 40.3601 1 1 1
v 14.6192 -7.38018 45.1539 1 1 1
v 12.8507 -10.2142 39.4992 1 1 1
v 13.7767 -8.39128 42.1227 1 1 1
v 15.9165 -4.28603 48.3345 1 1 1
v 12.6153 -12.9835 39.3966 1 1 1
v 14.38 -7.46615 43.6549 1 1 1
v 14.38 -7.46615 43.6549 1 1 1
v 13.8753 -6.70092 41.4238 1 1 1
v 14.2656 -6.26335 42.6138 1 1 1
v 15.7034 -3.84735 46.8452 1 1 1
v 11.9958 -27.5953 41.3624 1 1 1
v 14.8934 -3.96393 43.8241 1 1 1
v 13.9573 -8.52766 41.9834 1 1 1
v 13.3468 -11.2248 40.6172 1 1 1
v 13.9495 -6.53253 41.0701 1 1 1
v 16.1629 -3.16915 47.6647 1 1 1
v 12.6388 -12.6338 38.2603 1 1 1
v 16.3905 -4.54931 48.6403 1 1 1
v 14.9504 -6.10295 43.66 1 1 1
v 14.8672 -6.11664 43.3432 1 1 1
v 12.5368 -30.0579 42.8772 1 1 1
v 12.4827 -24.588 40.8729 1 1 1
v 15.5965 1.55792 42.7276 1 1 1
v 15.6932 2.01123 42.6005 1 1 1
v 12.5625 -32.2421 42.8929 1 1 1
v 12.5625 -32.2421 42.8929 1 1 1
v 13.1736 -19.7953 40.92 1 1 1
v 13.6241 -13.9714 40.5456 1 1 1
v 14.4106 -6.54729 40.4096 1 1 1
v 15.9744 -4.8536 45.0034 1 1 1
v 13.5262 -15.5452 40.1703 1 1 1
v 14.466 -9.7417 41.4034 1 1 1
v 16.2637 -4.14504 45.6473 1 1 1
v 13.2378 -27.0562 42.3831 1 1 1
v 13.2378 -27.0562 42.3831 1 1 1
v 13.2321 -24.3913 41.379 1 1 1
v 16.838 -5.391 47.0903 1 1 1
v 14.8303 -8.28287 41.3552 1 1 1
v 11.8773 -22.2609 35.9281 1 1 1
v 17.5725 -4.62088 48.9031 1 1 1
v 13.819 -15.9217 39.9203 1 1 1
v 13.2767 -17.2758 38.2945 1 1 1
v 17.9475 -2.72821 48.6405 1 1 1
v 13.8582 -18.7434 40.3019 1 1 1
v 13.8784 -18.7692 40.3105 1 1 1
v 14.407 -18.75 41.206 1 1 1
v 18.0686 -11.0098 48.3449 1 1 1
v 14.5529 -24.1564 41.4288 1 1 1
v 16.5541 -15.8971 44.75 1 1 1
v 17.7466 -11.4806 46.9411 1 1 1
v 17.8009 -15.7539 48.3287 1 1 1
v 17.4256 -15.8423 47.0581 1 1 1
v 15.1169 -19.7017 41.225 1 1 1
v 17.8182 -11.3924 46.5598 1 1 1
v 16.8828 -13.6096 44.1859 1 1 1
v 16.8828 -13.6096 44.1859 1 1 1
v 18.7539 -13.1973 49.5193 1 1 1
v 18.2262 0.62119 42.7287 1 1 1
v 15.4346 -25.8164 42.3445 1 1 1
v 19.4259 -10.4922 48.7641 1 1 1
v 15.8864 -29.6086 44.1852 1 1 1
v 14.7692 -25.7033 39.8244 1 1 1
v 16.3676 -19.3087 42.3392 1 1 1
v 15.6942 -26.0631 42.3675 1 1 1
v 15.6942 -26.0631 42.3675 1 1 1
v 16.6237 -24.9471 44.6076 1 1 1
v 15.4436 -24.1488 40.7973 1 1 1
v 15.676 -26.9986 41.9174 1 1 1
v 16.3732 -27.3395 43.3928 1 1 1
v 15.6999 -23.9977 40.1729 1 1 1
v -5.58864 -13.3688 6.70504 1 1 1
v -2.85197 5.40636 4.25294 1 1 1
v 0.213025 -9.85854 7.36481 1 1 1
v 0.162926 -10.8531 7.65553 1 1 1
v 1.17166 -5.75279 1.6078 1 1 1
v 1.36545 -5.6987 -0.517356 1 1 1
v 1.43712 -5.64619 -3.2806 1 1 1
v -18.472 2.09056 30.9131 1 1 1
v -20.4836 -0.107467 34.6677 1 1 1
v -23.9511 -5.39333 40.9347 1 1 1
v -23.6988 -6.33818 40.5797 1 1 1
v -20.8769 -0.310018 35.6795 1 1 1
v -22.372 -0.588179 39.3467 1 1 1
v -23.5797 -3.66407 41.6805 1 1 1
v -19.0661 -0.195292 33.3652 1 1 1
v -21.1894 -1.40188 38.0552 1 1 1
v -22.1731 0.420378 40.2309 1 1 1
v -22.1731 0.420378 40.2309 1 1 1
v -23.68 -4.2597 43.3889 1 1 1
v -25.139 -5.626 46.2797 1 1 1
v -19.1287 -0.368239 35.0318 1 1 1
v -21.128 -3.91239 39.1986 1 1 1
v -18.0506 0.730565 33.8188 1 1 1
v -17.4743 0.551948 32.6258 1 1 1
v -23.638 -4.5346 45.2113 1 1 1
v -17.9387 2.77078 34.0982 1 1 1
v -17.3028 0.554242 32.756 1 1 1
v -17.3247 0.0166835 32.775 1 1 1
v -17.3247 0.0166835 32.775 1 1 1
v -22.5867 -4.51084 43.4716 1 1 1
v -17.8512 1.88902 34.163 1 1 1
v -17.1517 0.0944915 33.332 1 1 1
v -19.0073 -2.0186 37.2239 1 1 1
v -19.0073 -2.0186 37.2239 1 1 1
v -20.4001 -2.15257 40.3458 1 1 1
v -17.484 -0.109658 34.416 1 1 1
v -19.2032 -2.51541 38.3154 1 1 1
v -19.5206 -2.73529 39.0873 1 1 1
v -18.3157 -2.22678 36.7204 1 1 1
v -16.4915 -0.429074 33.2265 1 1 1
v -18.8442 -2.66868 38.3155 1 1 1
v -20.1677 -4.13158 41.1384 1 1 1
v -20.2499 -4.30361 41.5986 1 1 1
v -20.2499 -4.30361 41.5986 1 1 1
v -18.6267 -1.7405 38.4731 1 1 1
v -24.8252 -22.1596 50.8118 1 1 1
v -15.9542 1.05003 32.9867 1 1 1
v -16.2648 0.0772476 33.6127 1 1 1
v -16.3521 -0.564099 33.8058 1 1 1
v -16.4497 1.36398 34.4687 1 1 1
v -17.1568 -0.571406 36.2136 1 1 1
v -20.9736 -4.56971 44.6022 1 1 1
v -20.9736 -4.56971 44.6022 1 1 1
v -16.4647 -1.10639 34.8551 1 1 1
v -16.692 -0.367247 35.6956 1 1 1
v -15.7701 1.05145 33.7008 1 1 1
v -16.7422 -1.41 35.9914 1 1 1
v -20.04 -4.13335 43.4258 1 1 1
v -15.9426 -0.556448 34.4536 1 1 1
v -15.7337 -0.462513 34.1439 1 1 1
v -15.7337 -0.462513 34.1439 1 1 1
v -16.2418 -0.196698 35.6028 1 1 1
v -16.8834 -1.67263 37.3595 1 1 1
v -16.8834 -1.67263 37.3595 1 1 1
v -17.052 1.7563 38.4887 1 1 1
v -19.2961 -4.93689 43.3269 1 1 1
v -19.2961 -4.93689 43.3269 1 1 1
v -18.0747 -4.36354 40.5525 1 1 1
v -19.0511 -4.32261 42.9086 1 1 1
v -15.537 -0.918041 35.1339 1 1 1
v -15.2259 0.614417 34.5854 1 1 1
v -18.6554 -4.89999 42.5397 1 1 1
v -19.0195 -5.0422 43.8404 1 1 1
v -18.0518 -4.38826 41.5353 1 1 1
v -15.3924 -0.481077 35.3629 1 1 1
v -18.6422 -4.56291 42.9929 1 1 1
v -14.8066 0.938098 34.3037 1 1 1
v -15.3632 -1.33081 35.5069 1 1 1
v -18.0803 -4.11704 42.7758 1 1 1
v -17.9954 -4.13932 42.5789 1 1 1
v -17.3629 -4.1844 40.9824 1 1 1
v -16.7533 -1.13381 39.8081 1 1 1
v -17.292 -4.25608 41.6413 1 1 1
v -9.67176 23.3651 24.8528 1 1 1
v -15.215 -1.44487 36.7996 1 1 1
v -15.215 -1.44487 36.7996 1 1 1
v -16.425 -3.33586 39.8211 1 1 1
v -17.33 -4.34921 42.6987 1 1 1
v -17.2539 -4.70342 42.6049 1 1 1
v -14.7785 -1.47987 36.446 1 1 1
v -17.8919 -4.19588 46.7998 1 1 1
v -15.8991 -3.35131 42.2245 1 1 1
v -17.5959 -3.88719 47.1047 1 1 1
v -15.5743 -3.28078 41.628 1 1 1
v -15.1137 -3.81685 41.1899 1 1 1
v -13.1887 -1.68246 36.6493 1 1 1
v -11.7582 -0.60117 34.8799 1 1 1
v -12.2918 -2.3612 36.4123 1 1 1
v -12.4221 -0.281922 37.6477 1 1 1
v -12.2018 -0.312821 37.3272 1 1 1
v -12.2018 -0.312821 37.3272 1 1 1
v -12.123 -0.46647 37.8444 1 1 1
v -11.6455 -0.742088 36.9006 1 1 1
v -11.3893 -1.45038 37.0887 1 1 1
v -11.3502 -0.896542 37.2659 1 1 1
v -11.3896 -3.01021 37.3738 1 1 1
v -11.0878 -1.32601 36.8397 1 1 1
v -10.899 -1.42476 37.6827 1 1 1
v -10.8226 -1.70738 37.3751 1 1 1
v -11.0401 -2.41666 38.053 1 1 1
v -10.7672 -1.86404 37.7285 1 1 1
v -10.4194 -1.43742 36.946 1 1 1
v -10.785 -1.10483 38.3625 1 1 1
v -9.68511 11.3765 37.264 1 1 1
v -10.4059 -2.39141 37.4785 1 1 1
v -10.0669 12.0604 39.2268 1 1 1
v -9.5497 1.51515 35.6561 1 1 1
v -7.04313 16.6723 29.1337 1 1 1
v -11.2253 -2.93265 41.2725 1 1 1
v -10.1094 -1.92169 38.1004 1 1 1
v -9.17126 1.30544 35.2131 1 1 1
v -9.11235 11.1661 36.9203 1 1 1
v -9.33217 11.5932 37.8245 1 1 1
v -9.05087 1.43793 35.6966 1 1 1
v -9.05087 1.43793 35.6966 1 1 1
v -10.6011 -2.67435 41.2311 1 1 1
v -9.84729 -1.84026 39.082 1 1 1
v -9.84729 -1.84026 39.082 1 1 1
v -10.2599 -2.36997 41.0651 1 1 1
v -9.39389 -1.84717 38.5649 1 1 1
v -8.85809 12.0043 39.6279 1 1 1
v -8.46859 10.3056 37.8911 1 1 1
v -8.96788 -1.67638 39.5037 1 1 1
v -5.63147 17.437 29.5173 1 1 1
v -5.51596 17.0716 29.6324 1 1 1
v -5.25164 16.805 30.0586 1 1 1
v -4.89515 12.5734 27.8141 1 1 1
v -7.60746 10.1516 42.6127 1 1 1
v -4.36992 13.1906 28.2828 1 1 1
v -4.16303 17.743 28.6451 1 1 1
v -4.47812 12.5174 29.0502 1 1 1
v -4.36299 16.5472 30.6962 1 1 1
v -4.33014 11.0865 28.9665 1 1 1
v -4.90677 16.5204 34.0788 1 1 1
v -3.87627 10.7785 28.6108 1 1 1
v -3.66612 13.0794 28.2678 1 1 1
v -3.73599 5.4877 26.2967 1 1 1
v -3.77644 6.04178 27.0601 1 1 1
v -3.75586 3.37546 27.398 1 1 1
v -4.22462 -1.45264 28.604 1 1 1
v -3.48625 4.90479 26.7368 1 1 1
v -3.24426 5.12626 26.0251 1 1 1
v -3.24426 5.12626 26.0251 1 1 1
v -3.46259 16.3519 32.4164 1 1 1
v -2.63341 3.34228 23.2528 1 1 1
v -3.09857 6.56931 27.5082 1 1 1
v -2.97798 10.6414 28.9499 1 1 1
v -2.70188 5.27338 25.2867 1 1 1
v -2.97793 10.5466 29.6046 1 1 1
v -3.03839 -1.64708 25.4156 1 1 1
v -2.56588 16.0749 29.6913 1 1 1
v -2.53441 5.32376 25.3201 1 1 1
v -2.37674 3.60761 24.3311 1 1 1
v -2.26627 3.23389 23.6294 1 1 1
v -2.27846 5.99099 24.9466 1 1 1
v -2.54848 16.0762 31.1648 1 1 1
v -2.19582 6.45766 25.0234 1 1 1
v -2.29608 15.8696 30.0715 1 1 1
v -2.29608 15.8696 30.0715 1 1 1
v -2.16135 7.12476 25.4189 1 1 1
v -2.131 6.9608 25.1388 1 1 1
v -2.60361 -3.5496 23.9845 1 1 1
v -2.60361 -3.5496 23.9845 1 1 1
v -2.73488 -3.6613 25.1771 1 1 1
v -2.44784 -2.60493 23.7572 1 1 1
v -2.02152 7.07428 25.3974 1 1 1
v -1.97285 7.50997 26.1719 1 1 1
v -2.23967 -3.87191 23.1932 1 1 1
v -1.80832 7.57266 26.1189 1 1 1
v -1.87818 7.9083 26.8167 1 1 1
v -1.95723 -4.34768 23.8408 1 1 1
v -1.34399 6.10581 24.741 1 1 1
v -1.27221 5.74623 24.5168 1 1 1
v -1.13572 13.0046 29.6122 1 1 1
v -0.942734 6.12773 25.2059 1 1 1
v -1.39214 12.687 34.6881 1 1 1
v -1.34955 -4.56919 23.4499 1 1 1
v -0.798019 11.5412 28.6778 1 1 1
v -1.22901 12.6663 34.2941 1 1 1
v -1.12957 10.8838 32.6988 1 1 1
v -1.16478 -4.20376 23.3294 1 1 1
v -0.837264 13.226 33.521 1 1 1
v -0.969306 -4.63793 22.7216 1 1 1
v -0.658694 -4.71445 20.0572 1 1 1
v -0.562744 -3.07401 21.9941 1 1 1
v -0.371841 13.9057 35.1865 1 1 1
v -0.138619 13.1419 32.1828 1 1 1
v -0.46089 -3.59982 21.8283 1 1 1
v -0.439525 -3.43131 21.9562 1 1 1
v -0.402042 -3.16706 22.2159 1 1 1
v -0.847961 -13.5203 21.0431 1 1 1
v -0.847961 -13.5203 21.0431 1 1 1
v 0.269256 11.0456 33.0152 1 1 1
v 0.517166 7.35689 27.0076 1 1 1
v 0.922289 12.3516 27.4234 1 1 1
v 1.70897 17.843 30.2459 1 1 1
v 1.69525 16.7524 28.6462 1 1 1
v 0.887131 2.14859 26.4042 1 1 1
v 0.910887 1.85407 25.1533 1 1 1
v 1.74157 7.82397 24.3059 1 1 1
v 1.81419 7.27822 23.6491 1 1 1
v 1.92203 7.91828 24.893 1 1 1
v 1.09223 -5.1834 25.1883 1 1 1
v 0.814322 -6.33766 47.6203 1 1 1
v 2.31606 7.31896 23.6596 1 1 1
v 2.52891 8.66651 25.9603 1 1 1
v 2.52891 8.66651 25.9603 1 1 1
v 2.43878 6.39663 23.2529 1 1 1
v 3.17941 14.0662 31.4072 1 1 1
v 1.84942 -3.14626 21.2608 1 1 1
v 2.11794 -3.29725 22.6833 1 1 1
v 2.31511 -1.83451 20.8893 1 1 1
v 3.92977 12.1258 26.8348 1 1 1
v 3.66329 7.76486 24.4897 1 1 1
v 3.71688 -23.9659 51.4725 1 1 1
v 3.55745 -3.59458 22.4247 1 1 1
v 3.63421 -24.6336 49.6035 1 1 1
v 3.79676 -23.6503 49.8465 1 1 1
v 4.23283 3.14971 22.9736 1 1 1
v 3.962 -26.1599 50.6889 1 1 1
v 3.95767 -26.0789 50.4802 1 1 1
v 4.48729 2.57432 23.5819 1 1 1
v 4.17729 -25.9796 47.9004 1 1 1
v 6.19399 10.5547 31.6347 1 1 1
v 4.74442 0.840635 23.02 1 1 1
v 4.68358 0.693895 22.4599 1 1 1
v 4.73482 -2.37763 21.4342 1 1 1
v 4.94376 -2.59772 21.7961 1 1 1
v 7.25693 -13.2199 50.5672 1 1 1
v 5.02518 -2.56147 21.5357 1 1 1
v 6.65799 -12.5752 42.2962 1 1 1
v 6.82978 -13.0266 42.9446 1 1 1
v 5.23535 -2.69988 22.1878 1 1 1
v 5.2401 -2.28855 21.7744 1 1 1
v 7.38627 -11.1732 45.3635 1 1 1
v 7.38627 -11.1732 45.3635 1 1 1
v 6.4161 -21.7012 44.8169 1 1 1
v 6.47344 -15.6109 40.9258 1 1 1
v 6.19625 -20.3611 41.671 1 1 1
v 6.63791 -15.1434 40.864 1 1 1
v 7.1876 -14.3657 43.2822 1 1 1
v 6.94617 -13.352 40.7322 1 1 1
v 7.05536 -14.5271 42.1441 1 1 1
v 6.99357 -14.4022 41.5631 1 1 1
v 6.81569 -15.2293 40.5144 1 1 1
v 6.47994 -23.9411 42.209 1 1 1
v 7.18345 -13.8739 40.537 1 1 1
v 7.31962 -14.0899 41.6577 1 1 1
v 7.27947 -14.2439 41.3273 1 1 1
v 6.51224 -24.8991 40.8179 1 1 1
v 7.63282 -12.5023 40.9108 1 1 1
v 6.75949 -23.5113 41.4984 1 1 1
v 7.92451 -11.9949 41.9751 1 1 1
v 6.96834 -23.9989 41.9842 1 1 1
v 6.96834 -23.9989 41.9842 1 1 1
v 6.74242 -23.116 39.8965 1 1 1
v 6.74242 -23.116 39.8965 1 1 1
v 7.37842 -16.5597 40.2076 1 1 1
v 7.32358 -21.6213 42.4771 1 1 1
v 7.87619 -12.2484 40.2414 1 1 1
v 6.8819 -22.8296 39.4793 1 1 1
v 6.97712 -22.5835 40.0473 1 1 1
v 7.11107 -20.9228 39.1324 1 1 1
v 6.97587 -21.3555 38.3996 1 1 1
v 7.86399 -15.9009 40.9715 1 1 1
v 10.226 -0.700737 47.3509 1 1 1
v 8.21694 -11.9879 40.7868 1 1 1
v 8.03516 -15.855 40.916 1 1 1
v 8.08937 -17.116 41.9968 1 1 1
v 7.09664 -23.9413 39.5232 1 1 1
v 7.79 -17.7129 39.8298 1 1 1
v 8.50611 -16.8825 43.7578 1 1 1
v 8.73964 -12.5719 42.3637 1 1 1
v 7.89015 -16.4695 39.0326 1 1 1
v 7.43175 -21.0268 38.6106 1 1 1
v 8.6932 -15.6718 42.9984 1 1 1
v 7.05235 -34.4951 42.989 1 1 1
v 8.56379 -15.6223 41.3722 1 1 1
v 8.29807 -15.2185 39.5884 1 1 1
v 7.59389 -21.6737 38.6501 1 1 1
v 7.46997 -22.4955 38.4919 1 1 1
v 7.64582 -21.5684 38.8071 1 1 1
v 7.50201 -24.4064 39.2306 1 1 1
v 8.60135 -15.2174 40.5622 1 1 1
v 11.1404 -1.55721 47.8492 1 1 1
v 8.21098 -16.7695 38.3036 1 1 1
v 8.69279 -13.215 39.0454 1 1 1
v 8.77038 -15.5031 40.0917 1 1 1
v 8.02314 -20.0003 38.3738 1 1 1
v 10.8078 -2.21034 44.751 1 1 1
v 7.80953 -23.1585 38.5861 1 1 1
v 8.15295 -19.0871 38.22 1 1 1
v 8.31727 -17.3295 38.0702 1 1 1
v 8.54728 -20.5577 39.9503 1 1 1
v 9.06555 -14.033 39.1776 1 1 1
v 9.73264 -11.4609 41.4611 1 1 1
v 11.4708 0.97575 44.498 1 1 1
v 9.1911 -13.7206 39.1693 1 1 1
v 9.80653 -12.6791 41.9353 1 1 1
v 9.56498 -12.4183 40.62 1 1 1
v 7.74743 -34.1897 41.4873 1 1 1
v 8.57011 -18.652 38.0411 1 1 1
v 8.57011 -18.652 38.0411 1 1 1
v 9.66885 -13.7055 41.0797 1 1 1
v 8.22484 -24.6025 38.6624 1 1 1
v 10.1476 -11.6973 42.1648 1 1 1
v 10.1476 -11.6973 42.1648 1 1 1
v 8.8928 -19.2466 38.7837 1 1 1
v 9.83433 -13.3964 40.2922 1 1 1
v 8.3297 -23.9775 37.5315 1 1 1
v 9.70608 -12.7599 39.2829 1 1 1
v 12.1176 0.0585275 45.195 1 1 1
v 10.1704 -11.5981 40.3699 1 1 1
v 8.69248 -23.8518 38.5943 1 1 1
v 8.1828 -25.9034 36.9667 1 1 1
v 8.74421 -24.1826 38.8231 1 1 1
v 8.74421 -24.1826 38.8231 1 1 1
v 12.702 3.36122 45.0209 1 1 1
v 10.3956 -11.4255 39.2498 1 1 1
v 12.519 2.70394 43.0861 1 1 1
v 9.20087 -24.2977 39.2678 1 1 1
v 12.5791 3.36101 42.9535 1 1 1
v 9.58461 -28.4952 41.6586 1 1 1
v 8.95825 -26.1066 37.0677 1 1 1
v 9.30959 -24.2172 37.6565 1 1 1
v 12.3368 -8.34241 44.3831 1 1 1
v 13.3479 0.660577 44.6587 1 1 1
v 13.3932 0.664146 44.8598 1 1 1
v 11.6177 -8.32266 40.6726 1 1 1
v 11.9745 -7.13435 41.6858 1 1 1
v 12.8032 -6.83353 44.9736 1 1 1
v 11.3629 -8.5824 39.06 1 1 1
v 10.0637 -18.91 37.61 1 1 1
v 11.6148 -9.11531 38.9684 1 1 1
v 12.381 -6.80413 41.2868 1 1 1
v 11.8292 -7.2206 38.6175 1 1 1
v 14.3517 1.37552 45.687 1 1 1
v 10.3913 -19.8932 37.1755 1 1 1
v 11.9562 -7.3214 38.5091 1 1 1
v 12.1276 -7.47603 38.885 1 1 1
v 12.0357 -7.6277 38.5094 1 1 1
v 12.1319 -7.61793 38.9372 1 1 1
v 10.6129 -20.2856 37.2531 1 1 1
v 12.4978 -7.82607 39.3941 1 1 1
v 12.3049 -9.26874 38.7807 1 1 1
v 14.8665 -1.72735 46.1337 1 1 1
v 10.9305 -19.0326 37.077 1 1 1
v 11.1063 -20.3132 37.0261 1 1 1
v 14.0328 -6.80025 42.9816 1 1 1
v 12.7228 -9.99077 38.716 1 1 1
v 12.3712 -12.5965 38.1722 1 1 1
v 12.2779 -13.4794 38.0437 1 1 1
v 12.6141 -13.265 39.1677 1 1 1
v 12.6141 -13.265 39.1677 1 1 1
v 13.5651 -7.61122 40.6844 1 1 1
v 15.1114 -4.33598 44.8688 1 1 1
v 13.7209 -6.1121 40.2417 1 1 1
v 13.2907 -6.56221 38.7438 1 1 1
v 15.0597 -5.91234 43.787 1 1 1
v 12.2447 -17.4399 37.5656 1 1 1
v 15.6915 1.66204 42.9341 1 1 1
v 11.0343 -26.5511 36.0368 1 1 1
v 11.0343 -26.5511 36.0368 1 1 1
v 15.1483 -5.88461 42.8393 1 1 1
v 14.5806 -6.52043 40.7674 1 1 1
v 13.0073 -14.9413 38 1 1 1
v 13.0683 -17.9386 37.5035 1 1 1
v 13.5304 -18.2367 39.1495 1 1 1
v -22.0765 1.21076 34.7522 1 1 1
v -22.097 0.449875 34.7742 1 1 1
v -22.8565 2.21782 36.1484 1 1 1
v -21.9068 -4.55493 34.087 1 1 1
v -21.1664 -3.45185 32.9683 1 1 1
v -19.5009 0.673053 31.2883 1 1 1
v -20.0015 0.52383 32.2678 1 1 1
v -24.8569 -5.83671 41.2189 1 1 1
v -20.6873 -4.21209 34.1828 1 1 1
v -25.3975 -7.01061 42.2902 1 1 1
v -24.1067 -5.75873 40.913 1 1 1
v -18.592 0.32665 31.8492 1 1 1
v -23.8093 -6.54177 40.9247 1 1 1
v -18.9222 1.51919 33.053 1 1 1
v -18.7657 -0.372454 32.6851 1 1 1
v -17.8883 1.36774 31.2538 1 1 1
v -18.8391 -0.122666 33.7502 1 1 1
v -17.0093 1.21074 30.5173 1 1 1
v -26.2125 -15.4224 46.5896 1 1 1
v -17.617 0.27761 31.9667 1 1 1
v -22.4441 -4.01468 40.7766 1 1 1
v -21.0978 -3.51644 38.4166 1 1 1
v -26.3018 -10.8331 47.6538 1 1 1
v -26.4501 -11.357 48.0329 1 1 1
v -16.7951 2.5292 31.1705 1 1 1
v -26.3108 -10.7772 48.163 1 1 1
v -16.5262 1.34297 31.1938 1 1 1
v -25.1136 -10.95 46.7421 1 1 1
v -25.3453 -10.9919 47.2853 1 1 1
v -21.2371 -4.36503 39.9896 1 1 1
v -16.53 0.346239 31.7445 1 1 1
v -16.7138 0.000883074 32.1631 1 1 1
v -16.713 -0.00367519 32.1618 1 1 1
v -16.6215 0.212989 32.0876 1 1 1
v -16.8564 -0.178945 32.7113 1 1 1
v -19.5983 -1.7397 38.188 1 1 1
v -24.9617 -22.3466 47.4352 1 1 1
v -16.9151 -0.344778 34.2719 1 1 1
v -23.8298 -24.4948 46.5082 1 1 1
v -17.9928 -2.35407 36.8493 1 1 1
v -16.2204 1.49428 33.6923 1 1 1
v -24.2542 -25.1018 47.7371 1 1 1
v -15.7025 0.56624 32.9119 1 1 1
v -15.5645 0.808021 32.8039 1 1 1
v -16.9303 -0.530555 35.7165 1 1 1
v -16.4012 -0.643847 34.7753 1 1 1
v -15.5652 0.785308 34.0451 1 1 1
v -15.5652 0.785308 34.0451 1 1 1
v -16.9727 -1.46846 37.1562 1 1 1
v -23.3496 -25.1173 48.7102 1 1 1
v -23.1313 -25.4663 48.3335 1 1 1
v -22.7633 -25.1777 47.5463 1 1 1
v -15.3206 -0.316101 34.2135 1 1 1
v -18.1387 -4.62839 40.7687 1 1 1
v -21.8787 -20.5873 47.6297 1 1 1
v -14.683 0.247537 34.0352 1 1 1
v -16.0557 -2.51962 36.9236 1 1 1
v -14.4694 0.496849 34.0422 1 1 1
v -14.62 0.317207 34.6081 1 1 1
v -22.4441 -22.617 49.83 1 1 1
v -22.4441 -22.617 49.83 1 1 1
v -23.0402 -13.482 52.8989 1 1 1
v -19.6668 -20.159 44.0526 1 1 1
v -21.6394 -22.795 52.5253 1 1 1
v -21.6394 -22.795 52.5253 1 1 1
v -13.8999 -1.45807 36.8729 1 1 1
v -14.8925 -3.9186 40.2394 1 1 1
v -19.7669 -15.3083 51.6557 1 1 1
v -20.4071 -21.8094 53.6902 1 1 1
v -12.5808 -1.88839 35.8143 1 1 1
v -20.028 -14.1437 55.6002 1 1 1
v -19.6767 -13.8009 55.4899 1 1 1
v -11.7974 -2.59769 35.8782 1 1 1
v -11.2998 -0.632352 36.7461 1 1 1
v -17.1127 -3.74291 54.4626 1 1 1
v -10.0902 0.908563 34.6229 1 1 1
v -18.5735 -21.3346 57.0105 1 1 1
v -18.5771 -29.8135 55.7884 1 1 1
v -18.6852 -22.8707 57.9157 1 1 1
v -18.4285 -22.5687 57.6208 1 1 1
v -18.1993 -23.8893 56.7741 1 1 1
v -17.5655 -31.2033 53.54 1 1 1
v -10.2647 -2.26821 36.1987 1 1 1
v -18.1868 -32.3405 55.4154 1 1 1
v -17.9532 -31.2096 55.2703 1 1 1
v -18.01 -22.0908 57.6837 1 1 1
v -17.8115 -21.9414 57.0672 1 1 1
v -16.8439 -9.47319 57.6014 1 1 1
v -17.7587 -9.60236 61.6146 1 1 1
v -17.8818 -14.4826 61.7629 1 1 1
v -9.72338 -2.1823 36.5556 1 1 1
v -17.9058 -14.9139 62.1487 1 1 1
v -17.673 -9.51639 62.8803 1 1 1
v -17.1418 -12.4479 60.8564 1 1 1
v -17.1984 -15.2275 60.5018 1 1 1
v -9.26782 -1.98422 38.5508 1 1 1
v -9.26782 -1.98422 38.5508 1 1 1
v -13.9709 -9.73701 61.0972 1 1 1
v -4.21693 13.4338 28.4696 1 1 1
v -4.95354 -1.27945 27.6674 1 1 1
v -13.2487 -12.0562 62.192 1 1 1
v -3.80374 5.38288 26.4296 1 1 1
v -3.55133 3.27142 25.1967 1 1 1
v 1.45181 -2.25745 -0.501891 1 1 1
v -3.51447 6.18265 26.7492 1 1 1
v -3.21077 4.73548 25.294 1 1 1
v -2.20386 6.67309 24.8586 1 1 1
v -2.18252 6.56272 24.7119 1 1 1
v -2.09382 2.83684 22.5391 1 1 1
v -2.72616 -2.64007 24.0891 1 1 1
v -2.10469 2.0057 22.7304 1 1 1
v -2.55085 -2.7781 23.7594 1 1 1
v -2.70995 -3.99261 24.5983 1 1 1
v -1.81166 7.57256 26.1438 1 1 1
v -2.19189 -3.89415 23.0724 1 1 1
v -1.37516 5.73939 23.9856 1 1 1
v -1.11506 16.5094 29.0332 1 1 1
v -1.20564 11.1415 27.0656 1 1 1
v -1.27069 5.71687 24.5146 1 1 1
v -1.02714 15.5935 28.9812 1 1 1
v -1.24446 6.76398 26.6096 1 1 1
v -1.57123 -4.26254 22.7239 1 1 1
v -7.38216 -24.0716 55.7829 1 1 1
v -7.43301 -28.1963 54.2345 1 1 1
v -6.12336 -7.66225 60.4376 1 1 1
v -6.19098 -8.19232 60.9972 1 1 1
v -0.100906 15.4383 28.4988 1 1 1
v -6.75082 -23.9618 55.4333 1 1 1
v -6.75082 -23.9618 55.4333 1 1 1
v -0.991544 11.8293 33.4414 1 1 1
v -6.75031 -24.5694 55.201 1 1 1
v -6.71429 -25.1881 54.6851 1 1 1
v -6.77128 -27.3029 54.1353 1 1 1
v -6.77128 -27.3029 54.1353 1 1 1
v -6.78595 -27.9437 54.0148 1 1 1
v -6.73194 -27.8285 53.679 1 1 1
v -0.903544 12.0857 33.9123 1 1 1
v 0.187254 17.1416 28.5721 1 1 1
v -6.10412 -23.1997 55.04 1 1 1
v -0.466534 -3.27632 22.1338 1 1 1
v 0.638882 5.25425 22.906 1 1 1
v -4.8975 -27.6407 53.2233 1 1 1
v -4.50241 -25.3943 53.7762 1 1 1
v 0.281602 -4.64095 20.4173 1 1 1
v 0.330497 -4.64875 20.0883 1 1 1
v 1.44204 13.3853 27.494 1 1 1
v -3.57173 -22.4622 53.616 1 1 1
v 1.44852 10.3392 25.6985 1 1 1
v 1.87839 16.5944 27.4168 1 1 1
v 0.533794 -3.67392 21.9109 1 1 1
v 1.41484 6.23503 23.0343 1 1 1
v 1.68814 11.0346 26.1661 1 1 1
v 1.58915 7.53673 23.7426 1 1 1
v 1.5588 6.89477 23.6506 1 1 1
v 1.67639 7.02199 23.1633 1 1 1
v 1.6853 6.97646 23.0599 1 1 1
v 1.67268 6.99454 23.4066 1 1 1
v -2.95213 -25.6841 52.7928 1 1 1
v -3.3836 -32.5251 50.2703 1 1 1
v 2.48714 17.1214 27.3647 1 1 1
v -0.477213 -15.6195 29.9085 1 1 1
v 1.97849 7.4322 24.1555 1 1 1
v -2.33059 -24.187 53.1415 1 1 1
v -2.33564 -24.8808 53.0209 1 1 1
v -2.29576 -24.7624 52.5602 1 1 1
v -2.32683 -26.1919 52.3103 1 1 1
v -2.32683 -26.1919 52.3103 1 1 1
v -2.18544 -25.7447 50.6262 1 1 1
v 1.84915 3.06437 22.544 1 1 1
v 2.14401 6.29752 22.7761 1 1 1
v -1.87456 -22.9387 53.7487 1 1 1
v -1.82181 -26.7126 52.0696 1 1 1
v 1.70973 -2.72984 20.8698 1 1 1
v 1.80187 -2.87354 21.1808 1 1 1
v 1.80187 -2.87354 21.1808 1 1 1
v 1.82508 -2.81442 20.9982 1 1 1
v 1.82608 -2.81463 20.9863 1 1 1
v 1.77755 -3.34117 21.21 1 1 1
v 2.02461 -3.12126 20.9927 1 1 1
v 2.96756 6.43339 23.1155 1 1 1
v 2.96756 6.43339 23.1155 1 1 1
v 2.14798 -4.19007 15.0602 1 1 1
v 2.93452 4.85133 22.292 1 1 1
v 3.29647 4.84544 22.102 1 1 1
v 3.55241 6.37067 23.6256 1 1 1
v 3.55241 6.37067 23.6256 1 1 1
v 2.66926 -3.32608 21.8583 1 1 1
v 3.57371 5.99381 22.6279 1 1 1
v 3.58664 6.09696 22.9839 1 1 1
v 2.82913 -3.29281 38.7094 1 1 1
v 4.34941 11.8146 24.3688 1 1 1
v 3.24634 -5.84016 55.274 1 1 1
v 4.05313 7.06953 23.2685 1 1 1
v 3.27813 -5.8205 56.3275 1 1 1
v 1.9009 -23.9111 51.346 1 1 1
v 3.96354 2.20083 22.6916 1 1 1
v 3.97494 2.29131 22.8892 1 1 1
v 4.43664 5.79616 23.5437 1 1 1
v 3.56027 -3.09742 21.2693 1 1 1
v 3.75551 -3.53096 21.3624 1 1 1
v 5.00025 7.36732 24.699 1 1 1
v 3.86136 -3.81326 23.3654 1 1 1
v 3.16933 -22.538 49.7128 1 1 1
v 3.15163 -24.0159 50.0225 1 1 1
v 3.05645 -25.7376 51.2795 1 1 1
v 6.14801 15.1663 28.9564 1 1 1
v 3.61872 -22.6439 47.5173 1 1 1
v 4.63443 1.08624 22.5075 1 1 1
v 4.30028 -1.6626 21.2868 1 1 1
v 4.6072 0.618406 22.1825 1 1 1
v 3.68906 -24.1259 50.6876 1 1 1
v 4.0366 -22.727 52.0367 1 1 1
v 5.90937 9.47981 28.0607 1 1 1
v 5.92073 9.67124 27.9175 1 1 1
v 3.71665 -24.373 48.6226 1 1 1
v 4.78824 0.378792 22.8758 1 1 1
v 6.2092 -5.41665 55.2354 1 1 1
v 6.63057 14.1617 30.1439 1 1 1
v 4.77177 0.38094 22.434 1 1 1
v 3.9814 -24.5948 49.1042 1 1 1
v 6.17615 9.6423 28.0105 1 1 1
v 4.23177 -24.5422 49.7488 1 1 1
v 5.18133 0.638729 22.5883 1 1 1
v 3.50726 -23.3962 31.6634 1 1 1
v 5.22209 -6.77052 31.6025 1 1 1
v 5.59452 3.0472 23.3578 1 1 1
v 5.14014 -1.96363 21.7169 1 1 1
v 5.14014 -1.96363 21.7169 1 1 1
v 7.46789 -4.49427 49.3313 1 1 1
v 7.37259 -4.4461 48.3512 1 1 1
v 5.29102 -2.15641 21.8059 1 1 1
v 7.92369 2.76557 44.204 1 1 1
v 5.2936 -2.8541 21.9713 1 1 1
v 7.70241 17.6804 24.7669 1 1 1
v 8.10659 -2.78939 51.3383 1 1 1
v 5.49002 -2.76726 22.4217 1 1 1
v 5.50627 -2.46012 22.2063 1 1 1
v 6.62654 0.563478 30.0275 1 1 1
v 8.511 -2.69559 51.1772 1 1 1
v 7.99015 15.6196 27.0063 1 1 1
v 6.28776 -17.5573 41.0767 1 1 1
v 8.42182 12.7183 31.0124 1 1 1
v 6.9445 -14.9171 41.4475 1 1 1
v 6.9445 -14.9171 41.4475 1 1 1
v 9.05592 -2.12556 47.5634 1 1 1
v 6.88474 -14.9492 40.5527 1 1 1
v 9.23829 2.56836 44.1292 1 1 1
v 7.56991 -12.3724 40.0658 1 1 1
v 7.38273 -15.6488 40.9816 1 1 1
v 6.46458 -24.6683 40.4379 1 1 1
v 10.2144 -1.79507 49.4259 1 1 1
v 10.2741 2.44638 43.7838 1 1 1
v 6.98686 -21.4256 38.6105 1 1 1
v 9.76833 12.2014 30.3487 1 1 1
v 7.42652 -21.2026 38.3339 1 1 1
v 7.00886 -31.2801 42.9667 1 1 1
v 8.1869 -14.3785 38.3885 1 1 1
v 7.78994 -19.9521 39.959 1 1 1
v 8.26343 -15.1038 39.0782 1 1 1
v 7.0161 -33.1216 42.9238 1 1 1
v 7.48449 -24.2342 38.8805 1 1 1
v 11.1226 2.73708 42.3206 1 1 1
v 9.2859 -11.6675 40.232 1 1 1
v 9.46421 -11.4512 41.1412 1 1 1
v 11.5497 0.72016 42.8124 1 1 1
v 8.81421 -18.3279 37.8712 1 1 1
v 12.3157 3.34385 42.9507 1 1 1
v 8.33366 -23.5147 37.3576 1 1 1
v 10.4169 -10.5724 39.6419 1 1 1
v 9.51138 -17.7736 37.7436 1 1 1
v 8.74625 -24.0198 37.2654 1 1 1
v 8.52036 -26.5171 37.4368 1 1 1
v 10.9223 -8.77972 39.425 1 1 1
v 10.8247 -8.74815 38.8984 1 1 1
v 12.9662 2.55109 43.1889 1 1 1
v 9.31773 -19.6582 37.0586 1 1 1
v 12.9566 2.58626 42.3763 1 1 1
v 10.9442 -8.20034 38.251 1 1 1
v 8.68214 -26.9002 37.2976 1 1 1
v 9.32242 -25.0133 38.8834 1 1 1
v 13.2258 1.52679 43.1182 1 1 1
v 13.2258 1.52679 43.1182 1 1 1
v 9.7393 -19.8276 37.7536 1 1 1
v 13.1637 3.08768 41.8126 1 1 1
v 14.5725 -0.176769 50.2188 1 1 1
v 9.94268 -17.6505 37.198 1 1 1
v 14.1702 -2.10657 48.8456 1 1 1
v 11.5838 -7.5887 39.3312 1 1 1
v 13.545 1.9921 42.9884 1 1 1
v 13.5895 0.90732 43.37 1 1 1
v 11.569 -7.05491 37.9188 1 1 1
v 11.886 -7.49799 39.4358 1 1 1
v 9.30676 -26.1545 37.0485 1 1 1
v 10.1503 -20.2123 37.9609 1 1 1
v 11.9795 12.5473 28.8931 1 1 1
v 9.3689 -26.9022 37.574 1 1 1
v 14.1722 -1.84014 46.2212 1 1 1
v 14.1722 -1.84014 46.2212 1 1 1
v 9.55716 -26.9494 37.7923 1 1 1
v 9.49995 -27.9991 37.8273 1 1 1
v 14.173 1.67532 43.5072 1 1 1
v 12.0116 -8.11413 38.719 1 1 1
v 9.66555 -26.6974 37.665 1 1 1
v 9.97555 -24.3525 37.0706 1 1 1
v 9.9513 -24.2509 36.9463 1 1 1
v 13.892 -2.32666 42.9432 1 1 1
v 12.6748 -7.23328 39.8941 1 1 1
v 15.0281 -0.170965 46.6964 1 1 1
v 12.2225 -8.56197 38.2734 1 1 1
v 14.3686 -2.53537 44.4036 1 1 1
v 13.0613 -7.00973 40.4158 1 1 1
v 10.5127 -24.478 37.1794 1 1 1
v 14.4666 -3.37456 43.1541 1 1 1
v 13.0152 -8.73946 39.5869 1 1 1
v 10.1174 -31.3172 38.2406 1 1 1
v 10.1335 -31.3742 38.4116 1 1 1
v 15.3344 -0.294049 44.8379 1 1 1
v 10.8437 -23.7608 37.1693 1 1 1
v 10.6618 -23.9717 36.412 1 1 1
v 10.4705 -29.4771 37.5346 1 1 1
v 12.8261 -10.7989 38.207 1 1 1
v 10.4629 -31.5395 38.3187 1 1 1
v 10.9903 -25.1828 36.7163 1 1 1
v 13.5721 -8.58957 38.8986 1 1 1
v 15.5232 -5.17723 44.8546 1 1 1
v 16.1782 -4.44914 46.118 1 1 1
v 11.7041 -22.8405 37.2907 1 1 1
v 12.6352 -8.89366 34.4254 1 1 1
v 16.4611 -4.11038 46.4316 1 1 1
v 12.2894 -17.0117 36.3959 1 1 1
v 16.7626 -4.80673 47.3507 1 1 1
v -25.4258 -2.65324 39.365 1 1 1
v -22.5593 -2.93749 36.5963 1 1 1
v -23.6145 -5.22923 39.1243 1 1 1
v -17.736 1.67033 30.504 1 1 1
v -17.725 1.45116 30.6678 1 1 1
v -18.8909 0.257963 32.8084 1 1 1
v -18.7434 0.417704 32.761 1 1 1
v -27.6208 -19.2459 45.5995 1 1 1
v -27.5666 -19.4148 47.3659 1 1 1
v -27.6536 -8.58973 49.8153 1 1 1
v -19.7297 -3.42745 37.1181 1 1 1
v -22.0446 -5.91168 41.3317 1 1 1
v -19.4113 -3.71204 36.9425 1 1 1
v -21.3497 -4.55929 41.014 1 1 1
v -19.837 -3.74454 38.3793 1 1 1
v -20.4532 -7.17675 39.1665 1 1 1
v -20.4815 -7.04004 39.1813 1 1 1
v -20.7363 -4.41779 40.0407 1 1 1
v -21.627 -18.4269 40.4021 1 1 1
v -17.8541 -2.21718 36.387 1 1 1
v -15.2961 0.959543 32.0837 1 1 1
v -25.0125 -22.357 47.5881 1 1 1
v -15.4359 -0.970466 32.4986 1 1 1
v -17.9453 -3.08234 37.0413 1 1 1
v -19.0403 -4.0251 39.3864 1 1 1
v -15.2355 0.318022 32.8224 1 1 1
v -17.776 -2.90557 37.3358 1 1 1
v -17.563 -3.22294 37.1212 1 1 1
v -17.2165 -2.25711 36.7023 1 1 1
v -13.3427 -1.29698 29.2808 1 1 1
v -18.1936 -24.2246 35.3428 1 1 1
v -18.1936 -24.2246 35.3428 1 1 1
v -24.1569 -24.3862 47.225 1 1 1
v -19.1177 -4.73669 40.4437 1 1 1
v -24.1217 -20.9754 48.2644 1 1 1
v -18.444 -4.27771 39.9162 1 1 1
v -24.0956 -21.092 48.5785 1 1 1
v -24.1596 -24.5493 48.3341 1 1 1
v -15.2822 -1.49166 34.2536 1 1 1
v -23.7005 -20.7887 48.1531 1 1 1
v -24.0238 -21.5697 48.7915 1 1 1
v -17.2176 -4.42201 38.1958 1 1 1
v -23.9233 -21.6243 49.3556 1 1 1
v -17.6779 -0.918705 40.0414 1 1 1
v -14.8263 -1.51711 34.5801 1 1 1
v -23.3261 -25.2788 48.3141 1 1 1
v -17.2114 -3.3167 39.3763 1 1 1
v -17.168 -3.31449 39.2922 1 1 1
v -17.2203 -4.09818 39.4685 1 1 1
v -17.0878 -4.16059 39.2715 1 1 1
v -17.9712 -4.89484 41.0899 1 1 1
v -14.4501 -3.57857 34.0586 1 1 1
v -15.8598 -3.5565 37.9439 1 1 1
v -21.806 -5.26954 50.9925 1 1 1
v -13.941 -1.89883 34.4483 1 1 1
v -14.0036 -1.8916 35.0648 1 1 1
v -13.6886 -1.43205 34.4988 1 1 1
v -15.9669 -4.07821 42.8155 1 1 1
v -20.8464 -25.1526 50.9667 1 1 1
v -13.4528 -2.75721 37.8596 1 1 1
v -11.5361 -1.74486 35.7316 1 1 1
v -20.3361 -14.9 55.598 1 1 1
v -19.9831 -14.5929 55.6491 1 1 1
v -11.1453 -0.724503 35.7482 1 1 1
v -11.3714 -0.952112 36.4208 1 1 1
v -11.0536 -1.41385 35.9487 1 1 1
v -11.161 -3.22889 35.9949 1 1 1
v -11.0862 -2.07947 36.2693 1 1 1
v -10.7829 -2.77038 36.2473 1 1 1
v -10.7742 -2.2475 36.6639 1 1 1
v -9.76151 1.50409 35.7545 1 1 1
v -10.1487 -1.72563 37.1913 1 1 1
v -10.5422 -3.14175 38.0124 1 1 1
v -10.3234 -2.42822 37.7497 1 1 1
v -4.95669 11.3751 26.4055 1 1 1
v -18.6968 -14.0466 60.8532 1 1 1
v -18.1336 -31.1631 54.5296 1 1 1
v -19.1509 -17.6774 61.4836 1 1 1
v -18.1339 -23.3634 56.988 1 1 1
v -18.3811 -9.30222 61.8723 1 1 1
v -18.7177 -10.2553 62.7364 1 1 1
v -17.7472 -31.2021 54.3353 1 1 1
v -17.7472 -31.2021 54.3353 1 1 1
v -18.218 -9.32475 62.2265 1 1 1
v -18.4678 -9.06803 63.7862 1 1 1
v -17.9224 -21.6235 58.4617 1 1 1
v -17.9257 -14.8946 60.7528 1 1 1
v -17.4056 -15.0977 60.5712 1 1 1
v -16.7168 -19.6907 57.553 1 1 1
v -4.40696 13.5276 28.6098 1 1 1
v -3.41468 5.38915 25.5088 1 1 1
v -3.40589 15.0555 30.0689 1 1 1
v -2.62349 -3.57499 23.337 1 1 1
v -1.5154 5.95643 23.6247 1 1 1
v -1.66567 7.05027 25.4205 1 1 1
v -11.274 -18.4011 59.8789 1 1 1
v -11.1979 -15.8312 60.8726 1 1 1
v -1.19884 10.2026 26.4092 1 1 1
v -2.11223 -4.17623 24.0541 1 1 1
v -0.971225 9.53289 26.0941 1 1 1
v -0.922787 11.1383 26.7738 1 1 1
v -1.17566 7.09036 26.5206 1 1 1
v -0.843008 9.71914 26.3855 1 1 1
v -1.09105 -4.61229 24.0086 1 1 1
v -0.753936 -4.63955 22.6109 1 1 1
v -0.624254 11.1526 33.3943 1 1 1
v 0.995731 11.338 25.9669 1 1 1
v 0.995731 11.338 25.9669 1 1 1
v -7.47726 -28.2508 54.3864 1 1 1
v -6.8033 -24.6606 55.4115 1 1 1
v 0.95594 2.80089 22.0033 1 1 1
v -6.8446 -25.406 55.4049 1 1 1
v 1.99599 16.335 26.3983 1 1 1
v 1.7058 7.43876 23.7903 1 1 1
v 1.80138 6.52119 23.1058 1 1 1
v 2.0063 9.73897 25.4698 1 1 1
v -4.94541 -24.2245 54.8833 1 1 1
v 3.29881 17.6808 25.7681 1 1 1
v 3.31391 14.0471 24.1132 1 1 1
v 2.73368 7.24156 22.9489 1 1 1
v -0.669663 -18.9105 30.52 1 1 1
v 1.9082 -3.32607 21.1499 1 1 1
v 2.8412 6.83113 23.0341 1 1 1
v 2.09938 -3.40112 21.4244 1 1 1
v 3.16942 6.72752 22.9534 1 1 1
v -2.3897 -24.3165 53.6564 1 1 1
v -2.33469 -26.8999 52.0794 1 1 1
v -1.68873 -23.3507 53.2534 1 1 1
v 3.60912 6.98465 23.4384 1 1 1
v -1.79166 -25.6636 53.2036 1 1 1
v -1.30368 -23.3661 53.2784 1 1 1
v 3.84464 1.99439 22.7227 1 1 1
v 6.03972 14.7057 30.5189 1 1 1
v 6.03972 14.7057 30.5189 1 1 1
v 4.30039 -1.69944 21.1871 1 1 1
v 5.85748 8.95332 28.2926 1 1 1
v 5.64571 6.56124 26.4104 1 1 1
v 5.33601 3.23264 23.2275 1 1 1
v 6.10719 9.52364 27.81 1 1 1
v 5.19162 0.654486 22.8607 1 1 1
v 4.88456 -2.66399 20.964 1 1 1
v 3.51272 -23.7938 50.675 1 1 1
v 5.44728 -2.76372 22.1205 1 1 1
v 5.48865 -2.41294 21.9318 1 1 1
v 6.64731 -4.93441 51.2785 1 1 1
v 6.64731 -4.93441 51.2785 1 1 1
v 6.08486 -13.1511 41.8333 1 1 1
v 6.10293 -15.5022 41.2326 1 1 1
v 5.85441 -19.0669 43.273 1 1 1
v 6.01862 -19.9508 41.5393 1 1 1
v 6.95358 -14.2445 41.1494 1 1 1
v 6.2757 -20.2265 40.6146 1 1 1
v 6.2757 -20.2265 40.6146 1 1 1
v 6.29803 -20.3969 41.2158 1 1 1
v 6.29803 -20.3969 41.2158 1 1 1
v 9.5479 -1.66413 51.6956 1 1 1
v 9.52156 -3.0965 50.4841 1 1 1
v 6.66043 -18.8016 39.3161 1 1 1
v 10.1091 -2.27494 49.5296 1 1 1
v 8.43456 -11.7546 42.4706 1 1 1
v 7.81054 -15.9594 41.8193 1 1 1
v 7.25027 -20.5443 39.7322 1 1 1
v 7.18648 -20.2098 39.1215 1 1 1
v 7.03247 -24.1281 41.2657 1 1 1
v 7.52307 -17.791 38.6144 1 1 1
v 8.47978 -12.3333 41.1316 1 1 1
v 7.49347 -18.7152 38.2425 1 1 1
v 8.15382 -16.4738 38.4466 1 1 1
v 8.5154 -14.6867 39.3255 1 1 1
v 8.19744 -16.6743 38.2007 1 1 1
v 12.089 -1.56675 54.5052 1 1 1
v 7.80076 -21.0971 38.8815 1 1 1
v 9.20983 -12.2516 40.7805 1 1 1
v 8.688 -14.6085 38.7842 1 1 1
v 6.98783 -34.1453 42.5823 1 1 1
v 8.1548 -20.3706 38.7281 1 1 1
v 11.9677 0.687766 47.162 1 1 1
v 8.10545 -18.8158 35.9609 1 1 1
v 9.21961 -14.0783 39.1448 1 1 1
v 9.21961 -14.0783 39.1448 1 1 1
v 9.46236 -13.4252 40.5681 1 1 1
v 11.9361 1.54131 42.6637 1 1 1
v 8.41944 -21.3833 37.9849 1 1 1
v 9.05279 -17.1814 38.0047 1 1 1
v 8.02084 -25.9644 38.2058 1 1 1
v 8.30817 -23.7247 37.4874 1 1 1
v 9.16002 -18.0946 38.5807 1 1 1
v 8.62745 -22.0999 37.5244 1 1 1
v 8.46346 -24.2104 36.9206 1 1 1
v 10.5746 -10.737 39.3782 1 1 1
v 13.0374 -0.42189 44.6289 1 1 1
v 13.1579 1.84402 43.38 1 1 1
v 9.03462 -24.0152 37.8149 1 1 1
v 11.2875 -8.51256 39.706 1 1 1
v 8.61849 -26.408 36.373 1 1 1
v 11.4377 -8.64011 39.6096 1 1 1
v 11.6057 -8.32186 40.023 1 1 1
v 9.23285 -24.5993 37.0842 1 1 1
v 11.668 -8.43906 39.3777 1 1 1
v 14.2555 1.49229 45.855 1 1 1
v 10.0258 -19.3764 36.8479 1 1 1
v 12.3945 -6.8315 41.1992 1 1 1
v 14.1447 1.09919 45.0288 1 1 1
v 14.1991 1.15123 44.8079 1 1 1
v 12.0823 -8.14122 39.2352 1 1 1
v 14.1964 0.0975921 44.5676 1 1 1
v 14.6893 -1.38607 47.3764 1 1 1
v 12.772 -6.80242 39.6901 1 1 1
v 9.81926 -26.9466 37.2712 1 1 1
v 9.81926 -26.9466 37.2712 1 1 1
v 13.3201 -6.81936 41.9312 1 1 1
v 9.75318 -31.1398 39.0174 1 1 1
v 13.6593 -6.79352 41.5868 1 1 1
v 10.0754 -31.0656 38.6158 1 1 1
v 11.841 -15.9593 37.5801 1 1 1
v 12.237 -13.4125 37.7813 1 1 1
v 10.2597 -32.1386 39.5461 1 1 1
v 10.9819 -22.9275 36.5262 1 1 1
v 12.649 -12.3398 37.8601 1 1 1
v 10.2082 -31.677 37.7184 1 1 1
v 14.1996 -6.29717 41.0135 1 1 1
v 15.455 -3.91742 45.3908 1 1 1
v 15.5635 -3.96021 45.7917 1 1 1
v 15.2253 -5.70978 45.2762 1 1 1
v 10.7072 -32.5053 40.1062 1 1 1
v 10.5206 -28.7454 36.8631 1 1 1
v 14.2288 -6.8035 40.3765 1 1 1
v 15.6713 1.75788 41.9623 1 1 1
v 12.931 -13.2877 37.8755 1 1 1
v 10.8902 -27.0943 36.2945 1 1 1
v 10.9703 -29.8817 37.789 1 1 1
v 10.9937 -27.7406 36.6586 1 1 1
v 11.1858 -26.7674 36.8634 1 1 1
v 11.1093 -28.307 37.0505 1 1 1
v 11.0665 -28.1309 36.7739 1 1 1
v 11.2332 -28.7595 37.3705 1 1 1
v 11.1165 -29.6374 37.3786 1 1 1
v 11.146 -30.9469 38.188 1 1 1
v 11.1129 -30.3823 37.7347 1 1 1
v 16.3985 -4.49097 45.9748 1 1 1
v 11.058 -31.7001 37.9849 1 1 1
v 12.1347 -20.788 36.5755 1 1 1
v 13.7637 -11.8842 38.5054 1 1 1
v 11.1922 -29.5845 37.0243 1 1 1
v 11.3833 -29.4882 37.3641 1 1 1
v 13.1377 -16.7986 37.7222 1 1 1
v -27.1328 1.78657 42.3997 1 1 1
v -27.1501 1.26891 42.4835 1 1 1
v -26.4121 2.09713 41.6234 1 1 1
v -25.6986 -3.13368 39.8741 1 1 1
v -25.3135 -4.41299 39.2304 1 1 1
v -25.3135 -4.41299 39.2304 1 1 1
v -26.991 -7.13821 41.3211 1 1 1
v -23.6073 -4.91502 37.78 1 1 1
v -19.6766 -0.580838 33.5561 1 1 1
v -24.1116 -4.04809 39.6238 1 1 1
v -24.8472 -6.72674 40.7275 1 1 1
v -19.6698 -1.14159 34.4507 1 1 1
v -22.8396 -5.34513 39.221 1 1 1
v -18.3257 -0.482149 33.5577 1 1 1
v -16.6641 0.0791711 31.1905 1 1 1
v -16.7904 0.383822 31.4765 1 1 1
v -16.0608 1.28588 30.7373 1 1 1
v -16.0778 1.26099 30.7726 1 1 1
v -16.5937 0.316701 31.5632 1 1 1
v -16.2862 0.309089 31.3631 1 1 1
v -21.7891 -4.45277 39.9455 1 1 1
v -16.0551 -0.448299 31.6203 1 1 1
v -27.2307 -19.2664 46.8741 1 1 1
v -16.3355 -0.318246 32.2861 1 1 1
v -27.6699 -8.60532 49.8408 1 1 1
v -15.5965 -0.392753 31.4618 1 1 1
v -22.2037 -5.8557 41.5997 1 1 1
v -15.5847 -0.613099 31.5932 1 1 1
v -26.722 -10.543 48.8172 1 1 1
v -17.7087 -1.86689 35.2262 1 1 1
v -20.1744 -3.82923 39.517 1 1 1
v -15.8151 -0.0949503 32.7423 1 1 1
v -17.8365 -2.34881 35.9834 1 1 1
v -15.2931 1.11848 32.2415 1 1 1
v -17.9199 -2.63115 36.1318 1 1 1
v -18.0938 -2.88998 36.513 1 1 1
v -15.0349 0.584253 32.5836 1 1 1
v -15.0349 0.584253 32.5836 1 1 1
v -15.1251 0.520603 33.1356 1 1 1
v -17.1145 -2.45636 36.0997 1 1 1
v -15.2291 -0.859679 33.1429 1 1 1
v -14.9377 0.616593 32.9552 1 1 1
v -24.6029 -20.6549 46.1287 1 1 1
v -24.6029 -20.6549 46.1287 1 1 1
v -16.6698 -1.46721 35.8647 1 1 1
v -17.4457 -2.77581 37.0811 1 1 1
v -19.4185 -4.68835 40.5368 1 1 1
v -16.5431 -1.61826 36.1985 1 1 1
v -18.9282 -4.30633 40.1078 1 1 1
v -18.8684 -4.41708 40.0842 1 1 1
v -19.189 -4.74994 40.8504 1 1 1
v -16.0924 -1.79554 35.8087 1 1 1
v -16.4033 -1.85116 36.4317 1 1 1
v -14.4522 -1.15348 33.0754 1 1 1
v -15.9927 -1.6396 35.956 1 1 1
v -14.7637 -0.670095 33.9663 1 1 1
v -14.5283 -1.50215 33.4958 1 1 1
v -18.0782 -5.06097 40.6889 1 1 1
v -13.7463 0.0760761 33.2701 1 1 1
v -23.6734 -21.5795 48.2881 1 1 1
v -24.0835 -21.2832 49.4557 1 1 1
v -14.4325 -1.70094 34.9499 1 1 1
v -14.4325 -1.70094 34.9499 1 1 1
v -24.0949 -17.7983 50.6288 1 1 1
v -22.7597 -12.6439 49.9792 1 1 1
v -24.0388 -23.5442 50.2085 1 1 1
v -15.7078 -3.52126 38.3165 1 1 1
v -22.9084 -25.3715 47.9886 1 1 1
v -18.228 -5.18987 43.7295 1 1 1
v -24.0374 -22.74 51.8208 1 1 1
v -16.608 -4.36455 40.9415 1 1 1
v -16.8734 -4.7575 41.8466 1 1 1
v -22.4671 -22.1402 50.5772 1 1 1
v -14.3141 -3.58784 38.2006 1 1 1
v -27.8977 -5.61902 66.6754 1 1 1
v -16.4539 -4.38293 43.0191 1 1 1
v -11.8639 -0.717939 36.436 1 1 1
v -11.3613 -0.740153 35.5536 1 1 1
v -11.3613 -0.740153 35.5536 1 1 1
v -11.1439 -1.09419 36.3589 1 1 1
v -11.1439 -1.09419 36.3589 1 1 1
v -11.065 -1.67428 36.2431 1 1 1
v -11.1008 -1.6188 36.295 1 1 1
v -10.9507 -2.01824 35.9182 1 1 1
v -12.4577 -5.40172 38.598 1 1 1
v -9.20004 2.295 33.0699 1 1 1
v -10.6744 -1.80223 36.2795 1 1 1
v -19.6413 -14.1864 55.3071 1 1 1
v -19.7109 -13.8604 55.6772 1 1 1
v -10.5042 -1.66774 36.5677 1 1 1
v -10.4602 -2.66207 36.3114 1 1 1
v -10.3438 -2.03084 36.5664 1 1 1
v -10.4531 -1.29147 37.1811 1 1 1
v -10.0148 -2.05995 36.3219 1 1 1
v -18.9333 -18.2557 54.4642 1 1 1
v -4.69711 11.8619 27.1298 1 1 1
v -10.5439 -3.1315 38.0067 1 1 1
v -10.0891 -1.55985 37.2712 1 1 1
v -18.1205 -28.9854 52.8533 1 1 1
v -4.27174 13.3314 28.6565 1 1 1
v -7.75288 0.378476 34.3228 1 1 1
v -9.15099 -1.97554 37.6948 1 1 1
v -4.19287 13.724 28.9278 1 1 1
v -4.15593 15.5293 29.7449 1 1 1
v -4.0974 10.1341 27.9591 1 1 1
v -17.3768 -9.94901 59.3412 1 1 1
v -18.1075 -22.8188 57.2422 1 1 1
v -17.699 -31.215 53.5309 1 1 1
v -3.66059 10.1756 27.7954 1 1 1
v -16.8363 -26.1806 54.1443 1 1 1
v -17.5954 -17.298 59.8074 1 1 1
v -17.5457 -9.49131 62.4986 1 1 1
v -17.36 -13.2325 60.8236 1 1 1
v -17.3002 -10.3512 61.8935 1 1 1
v -3.0373 4.38272 24.6864 1 1 1
v -2.76847 3.26408 23.6817 1 1 1
v -2.94836 1.62141 24.4988 1 1 1
v -2.96278 1.84071 24.7534 1 1 1
v -2.67471 14.6685 29.0894 1 1 1
v -1.72651 6.0883 24.4765 1 1 1
v -1.54002 15.1095 29.2283 1 1 1
v -0.922366 14.673 28.1982 1 1 1
v -0.890003 10.9417 26.6188 1 1 1
v 0.16983 4.68494 22.0505 1 1 1
v -0.742714 -3.72277 21.9301 1 1 1
v -1.6055 12.524 33.4405 1 1 1
v -1.44501 12.021 33.595 1 1 1
v -0.490855 -3.48165 22.1496 1 1 1
v 0.556725 5.024 23.0736 1 1 1
v 1.35313 10.7693 25.9492 1 1 1
v 1.35507 10.7651 25.9403 1 1 1
v 1.60628 12.1477 25.971 1 1 1
v 1.71746 15.9208 28.0085 1 1 1
v 1.49215 10.7783 26.1466 1 1 1
v 1.63365 10.8433 26.5028 1 1 1
v 0.926426 1.67274 25.1848 1 1 1
v 2.38867 17.2913 28.2962 1 1 1
v 2.38867 17.2913 28.2962 1 1 1
v 1.82814 2.81854 22.1652 1 1 1
v -7.21525 -23.7829 54.973 1 1 1
v 2.28787 7.41851 23.6192 1 1 1
v -7.15472 -8.62447 65.3852 1 1 1
v -7.2167 -26.415 53.8022 1 1 1
v -7.12445 -26.9311 53.619 1 1 1
v 2.50525 5.77473 22.5432 1 1 1
v -6.76881 -25.9408 54.7261 1 1 1
v 2.70717 6.53517 22.511 1 1 1
v -6.8081 -27.3366 54.3328 1 1 1
v 3.24227 13.3311 24.6387 1 1 1
v 1.98037 -3.14979 20.8888 1 1 1
v -6.13969 -24.435 55.017 1 1 1
v -6.13969 -24.435 55.017 1 1 1
v -5.98629 -26.8285 53.1557 1 1 1
v -5.98629 -26.8285 53.1557 1 1 1
v 2.30672 -2.00017 20.919 1 1 1
v -18.1296 -43.9596 121.188 1 1 1
v -17.8727 -44.8559 119.517 1 1 1
v -5.40843 -27.3339 52.8893 1 1 1
v 3.30442 4.54885 21.8771 1 1 1
v -17.1252 -45.49 122.08 1 1 1
v -4.7353 -26.5319 52.6735 1 1 1
v -3.65097 -23.1281 54.4211 1 1 1
v -3.65097 -23.1281 54.4211 1 1 1
v -3.50654 -24.2544 53.1211 1 1 1
v -2.87991 -23.4312 53.1536 1 1 1
v -2.26282 -22.5648 53.1416 1 1 1
v -2.21214 -23.8719 52.3903 1 1 1
v 4.19751 2.72862 22.6105 1 1 1
v 4.71019 8.00861 26.31 1 1 1
v -1.65372 -25.2475 52.1382 1 1 1
v 4.1086 -2.1128 22.1515 1 1 1
v -1.1927 -25.756 51.4796 1 1 1
v 4.30546 -1.72901 21.1206 1 1 1
v 4.56612 0.508492 22.338 1 1 1
v 4.55132 0.167499 22.4719 1 1 1
v 4.65731 0.994997 22.7696 1 1 1
v 5.08531 3.81053 23.3913 1 1 1
v 6.09921 14.021 27.708 1 1 1
v 4.77636 0.237618 22.7446 1 1 1
v 4.77381 0.240233 22.9714 1 1 1
v 4.8145 0.299288 22.7109 1 1 1
v 4.7196 -2.32983 21.2363 1 1 1
v 4.7196 -2.32983 21.2363 1 1 1
v 5.97268 9.28709 27.927 1 1 1
v 5.50457 3.61256 23.7346 1 1 1
v 4.89707 -1.34979 23.7307 1 1 1
v 4.92496 -1.39122 23.477 1 1 1
v 6.61255 13.9051 30.3956 1 1 1
v 5.31291 0.462788 22.8199 1 1 1
v 5.62035 2.84188 23.5588 1 1 1
v 5.44611 1.18385 23.0822 1 1 1
v 5.14648 -2.79737 22.6831 1 1 1
v 6.28527 7.5381 27.1671 1 1 1
v 5.88194 3.38797 24.2554 1 1 1
v 7.69385 17.4132 25.1481 1 1 1
v 5.50615 -2.62978 22.1578 1 1 1
v 8.02016 15.201 27.1081 1 1 1
v 8.02423 14.9729 28.4632 1 1 1
v 5.31592 -5.84029 57.3984 1 1 1
v 7.55277 8.96956 35.3809 1 1 1
v 7.55277 8.96956 35.3809 1 1 1
v 5.56198 -5.65917 55.5118 1 1 1
v 3.51404 -23.3823 52.084 1 1 1
v 3.63686 -23.5391 50.1703 1 1 1
v 3.50024 -24.9231 50.1977 1 1 1
v 3.69461 -23.8625 51.5772 1 1 1
v 3.80388 -23.5509 51.4905 1 1 1
v 3.90617 -25.5026 48.7943 1 1 1
v 7.16017 -4.73388 51.9079 1 1 1
v 6.03222 -13.3491 47.7852 1 1 1
v 6.41198 -12.8903 40.862 1 1 1
v 6.41198 -12.8903 40.862 1 1 1
v 6.83272 -12.086 40.13 1 1 1
v 9.88059 12.1941 31.1635 1 1 1
v 6.83192 -15.2483 42.3952 1 1 1
v 8.93339 -2.72117 49.2499 1 1 1
v 6.26521 -20.4558 41.5878 1 1 1
v 6.26521 -20.4558 41.5878 1 1 1
v 7.37982 -11.9829 41.0793 1 1 1
v 7.20057 -13.9346 41.3569 1 1 1
v 6.53541 -22.747 40.0891 1 1 1
v 6.38298 -24.8323 41.2297 1 1 1
v 8.10084 -11.8924 40.1914 1 1 1
v 6.74702 -22.284 39.5067 1 1 1
v 8.21494 -11.8505 39.8946 1 1 1
v 10.2959 -0.879334 47.6342 1 1 1
v 8.02101 -15.131 41.1235 1 1 1
v 7.70574 -16.3025 38.6097 1 1 1
v 7.9157 -16.3195 41.223 1 1 1
v 7.60199 -17.6532 38.8333 1 1 1
v 7.91615 -16.1869 39.7535 1 1 1
v 7.255 -21.4078 40.0185 1 1 1
v 8.59701 -12.0926 40.8317 1 1 1
v 7.24985 -22.616 40.345 1 1 1
v 7.23307 -22.3275 39.561 1 1 1
v 8.39608 -14.9004 41.303 1 1 1
v 8.31777 -14.9586 40.0475 1 1 1
v 7.31651 -21.6664 38.5187 1 1 1
v 11.1424 2.59345 42.4616 1 1 1
v 7.57648 -20.8866 37.5867 1 1 1
v 8.50949 -14.962 38.3264 1 1 1
v 8.50527 -14.8611 37.8152 1 1 1
v 9.18709 -11.1997 38.9355 1 1 1
v 11.3318 0.932511 43.8291 1 1 1
v 11.4184 0.629793 43.6477 1 1 1
v 9.10423 -14.0678 39.9356 1 1 1
v 9.74694 -11.4639 41.6067 1 1 1
v 8.475 -19.7778 39.2541 1 1 1
v 9.82652 -11.5552 40.7594 1 1 1
v 9.82652 -11.5552 40.7594 1 1 1
v 9.89867 -11.5626 41.2406 1 1 1
v 8.07382 -23.875 39.2279 1 1 1
v 12.0102 1.5114 43.0663 1 1 1
v 9.68721 -13.2093 39.8961 1 1 1
v 8.74902 -18.8911 38.1738 1 1 1
v 8.74902 -18.8911 38.1738 1 1 1
v 12.1689 -0.156256 45.1938 1 1 1
v 8.77796 -20.4924 39.2309 1 1 1
v 8.3937 -23.4221 37.4528 1 1 1
v 10.498 -10.8694 40.2454 1 1 1
v 8.22691 -25.3439 37.1627 1 1 1
v 8.65769 -23.7353 38.9543 1 1 1
v 8.23454 -26.1594 37.2882 1 1 1
v 10.4265 -12.9084 40.0064 1 1 1
v 11.3202 -7.52151 41.4039 1 1 1
v 8.75288 -24.3343 39.2087 1 1 1
v 13.0315 2.37666 43.9777 1 1 1
v 9.37334 -19.8979 37.3666 1 1 1
v 8.85923 -25.2418 38.9415 1 1 1
v 9.428 -20.263 37.3231 1 1 1
v 9.428 -20.263 37.3231 1 1 1
v 13.5049 1.137 43.082 1 1 1
v 14.0737 -0.54879 48.0953 1 1 1
v 11.9511 -7.29248 39.4513 1 1 1
v 9.36933 -26.4528 38.2145 1 1 1
v 13.7246 -4.15704 45.947 1 1 1
v 12.572 -7.29428 39.167 1 1 1
v 14.5025 -2.34758 45.878 1 1 1
v 14.6401 -2.6267 45.4705 1 1 1
v 14.373 -2.21054 42.2771 1 1 1
v 10.1583 -26.5214 37.1614 1 1 1
v 10.1583 -26.5214 37.1614 1 1 1
v 10.1347 -27.3638 37.0528 1 1 1
v 10.2359 -26.7786 37.0587 1 1 1
v 10.2359 -26.7786 37.0587 1 1 1
v 14.6751 -5.5842 45.5786 1 1 1
v 10.6218 -24.2392 36.7646 1 1 1
v 14.0276 -6.21123 41.5407 1 1 1
v 15.3288 -3.21246 46.0897 1 1 1
v 10.1956 -32.3628 39.7415 1 1 1
v 10.2006 -31.7885 38.9653 1 1 1
v 15.188 -2.33416 44.0029 1 1 1
v 10.418 -31.0665 39.5143 1 1 1
v 10.2506 -32.5445 39.7043 1 1 1
v 15.2122 -4.50018 45.2103 1 1 1
v 14.1148 -6.33049 40.5132 1 1 1
v 10.417 -29.997 38.2207 1 1 1
v 15.8072 -3.06693 47.1723 1 1 1
v 10.4313 -31.514 39.309 1 1 1
v 15.7076 1.39442 43.0139 1 1 1
v 10.4329 -30.1869 37.7457 1 1 1
v 10.7798 -26.1802 36.5741 1 1 1
v 13.7335 -9.32544 39.8693 1 1 1
v 11.2299 -23.4045 36.8182 1 1 1
v 11.2299 -23.4045 36.8182 1 1 1
v 12.407 -16.688 38.0756 1 1 1
v 14.1452 -6.80434 39.8485 1 1 1
v 14.166 -6.51644 39.5929 1 1 1
v 12.8771 -13.1852 37.5498 1 1 1
v 10.4667 -31.1034 37.9097 1 1 1
v 11.2774 -24.1756 36.7523 1 1 1
v 11.2774 -24.1756 36.7523 1 1 1
v 15.7985 -4.66867 45.6937 1 1 1
v 12.5843 -16.478 37.4688 1 1 1
v 12.9854 -14.8212 38.1018 1 1 1
v 11.234 -27.5976 37.617 1 1 1
v 12.7429 -17.1708 37.7836 1 1 1
v 12.8922 -16.2344 37.272 1 1 1
v 12.2034 -20.9007 36.6943 1 1 1
v 12.2034 -20.9007 36.6943 1 1 1
v 11.0679 -30.837 37.5988 1 1 1
v 11.2111 -29.6385 37.2649 1 1 1
v 16.2807 -5.93058 45.5814 1 1 1
v 13.5545 -13.9113 37.728 1 1 1
v 11.3032 -29.5627 37.257 1 1 1
v 12.9442 -17.3279 36.7301 1 1 1
v 13.0859 -17.8181 37.6882 1 1 1
v 11.3581 -29.9168 37.1214 1 1 1
v 11.5283 -28.9801 37.2467 1 1 1
v 13.177 -17.3829 37.2221 1 1 1
v -19.6734 0.344628 32.6178 1 1 1
v -17.759 1.40945 30.6434 1 1 1
v -18.6368 0.124481 31.6201 1 1 1
v -19.6569 -0.850066 33.0302 1 1 1
v -19.6569 -0.850066 33.0302 1 1 1
v -17.4929 1.19657 30.5624 1 1 1
v -19.7626 -0.348032 33.4937 1 1 1
v -19.7961 -0.584188 33.7051 1 1 1
v -18.5976 -0.0986526 32.2324 1 1 1
v -18.7658 0.153484 32.5205 1 1 1
v -10.9072 -20.6921 18.3036 1 1 1
v -10.9072 -20.6921 18.3036 1 1 1
v -10.8514 -20.6682 18.387 1 1 1
v -10.8514 -20.6682 18.387 1 1 1
v -17.4595 0.151213 31.6861 1 1 1
v -18.3345 -0.520344 32.8769 1 1 1
v -29.7445 -8.81838 47.1978 1 1 1
v -23.7536 -6.07107 39.6912 1 1 1
v -24.511 -7.09846 40.9533 1 1 1
v -17.3048 0.154427 32.1375 1 1 1
v -16.7379 0.336571 31.4073 1 1 1
v -24.8024 -6.49254 42.1619 1 1 1
v -16.2416 -0.290244 31.4549 1 1 1
v -20.6407 -3.94451 37.2508 1 1 1
v -21.439 -3.71872 39.3827 1 1 1
v -20.4286 -3.42071 38.2978 1 1 1
v -21.3075 -4.33724 40.2809 1 1 1
v -18.3369 -2.63855 36.3938 1 1 1
v -19.3069 -4.10488 37.9225 1 1 1
v -21.1874 -4.80877 40.572 1 1 1
v -21.1874 -4.80877 40.572 1 1 1
v -15.1257 0.171108 32.3315 1 1 1
v -27.2929 -11.5906 48.5214 1 1 1
v -17.538 -1.97909 35.827 1 1 1
v -27.1279 -14.3111 48.1839 1 1 1
v -15.0366 0.0503094 32.5666 1 1 1
v -26.5953 -11.0126 48.176 1 1 1
v -15.1506 -0.800114 32.6005 1 1 1
v -17.831 -2.82549 36.4818 1 1 1
v -20.0305 -4.02086 39.7275 1 1 1
v -18.259 -4.36014 37.4864 1 1 1
v -17.3238 -1.95083 36.044 1 1 1
v -16.4884 -1.23764 34.8923 1 1 1
v -21.2097 -5.54422 41.6855 1 1 1
v -24.818 -10.9566 46.5495 1 1 1
v -15.2588 -0.608936 33.6484 1 1 1
v -14.8777 -0.633832 33.3588 1 1 1
v -18.127 -4.8143 38.4257 1 1 1
v -14.8058 0.334426 33.6701 1 1 1
v -16.5652 -2.08526 36.2746 1 1 1
v -16.5652 -2.08526 36.2746 1 1 1
v -15.8566 -1.48413 35.3054 1 1 1
v -18.6029 -3.91464 39.3125 1 1 1
v -14.0399 0.461109 33.0735 1 1 1
v -14.1854 -0.102142 33.1623 1 1 1
v -16.5764 -2.00108 36.7216 1 1 1
v -16.2833 -2.75223 36.9138 1 1 1
v -25.8428 -22.9129 49.0631 1 1 1
v -16.5648 -3.43224 37.9708 1 1 1
v -17.6807 -4.55552 39.9159 1 1 1
v -14.4061 -1.93272 35.349 1 1 1
v -23.5154 -24.7014 46.5068 1 1 1
v -16.4619 -4.1032 40.1727 1 1 1
v -23.9375 -23.1171 50.0298 1 1 1
v -23.4878 -13.4057 52.065 1 1 1
v -5.82893 14.7385 26.6988 1 1 1
v -23.892 -11.8186 53.9871 1 1 1
v -15.8052 -3.2724 41.141 1 1 1
v -24.5928 -12.1209 55.5127 1 1 1
v -7.73542 0.118903 27.6069 1 1 1
v -23.541 -14.3975 54.7947 1 1 1
v -11.9322 -2.58388 35.6103 1 1 1
v -20.2556 -5.4651 51.4906 1 1 1
v -5.49468 11.7982 27.7589 1 1 1
v -5.30284 16.2461 28.9745 1 1 1
v -5.27005 16.0447 28.9179 1 1 1
v -23.323 -15.3777 57.4086 1 1 1
v -10.8359 -1.57693 36.2979 1 1 1
v -11.8084 -5.29769 37.1897 1 1 1
v -19.9681 -15.8313 52.8477 1 1 1
v -9.14563 1.11059 34.4185 1 1 1
v -10.4555 -1.48332 36.8334 1 1 1
v -10.2535 -1.5035 36.3683 1 1 1
v -10.4233 -2.11107 36.7993 1 1 1
v -10.3545 -1.83998 37.3202 1 1 1
v -8.17509 9.75415 36.4809 1 1 1
v -19.7443 -13.8853 55.7443 1 1 1
v -9.99545 -2.06496 37.7107 1 1 1
v -10.3439 -3.20193 38.3143 1 1 1
v -3.59117 4.89413 25.5925 1 1 1
v -18.5661 -5.51811 57.5799 1 1 1
v -2.76423 3.20692 23.6843 1 1 1
v -9.61254 -2.02123 38.2274 1 1 1
v -2.64172 3.73343 23.9268 1 1 1
v -2.31831 6.10008 24.6246 1 1 1
v -2.79658 9.88646 28.0893 1 1 1
v -2.87406 -1.90942 24.2717 1 1 1
v -1.28232 6.08089 23.1272 1 1 1
v -2.03469 6.65381 25.2728 1 1 1
v -2.03469 6.65381 25.2728 1 1 1
v -18.6303 -29.9213 55.9019 1 1 1
v -1.3586 5.44845 23.9242 1 1 1
v -1.31023 6.04974 24.2974 1 1 1
v -18.3187 -22.3316 58.4387 1 1 1
v -18.3187 -22.3316 58.4387 1 1 1
v -17.7536 -9.75624 61.7522 1 1 1
v -1.5437 6.53242 25.1832 1 1 1
v -1.07582 5.00829 23.5641 1 1 1
v -17.0003 -14.2962 59.441 1 1 1
v -17.3157 -9.98913 61.9805 1 1 1
v -17.0445 -12.4155 60.6027 1 1 1
v -17.332 -31.3618 54.515 1 1 1
v -17.1149 -14.8717 60.5889 1 1 1
v -0.990362 10.7493 26.6218 1 1 1
v -0.98026 5.44298 24.5892 1 1 1
v -0.895742 9.12255 25.9448 1 1 1
v -0.882846 10.7711 26.6237 1 1 1
v -0.979253 9.54614 26.8425 1 1 1
v -0.920848 10.5942 27.2737 1 1 1
v -0.537976 2.85966 23.1376 1 1 1
v -1.30166 -4.67217 23.366 1 1 1
v -0.651829 -3.17717 22.3267 1 1 1
v -0.539131 -3.33437 22.252 1 1 1
v -0.403551 -3.6582 21.792 1 1 1
v -0.45333 -3.26038 22.1928 1 1 1
v -0.699442 -2.4218 23.3134 1 1 1
v -0.792379 -4.5652 22.8298 1 1 1
v -0.506541 -4.69842 22.1312 1 1 1
v 0.193493 -4.70371 20.2652 1 1 1
v 1.2273 10.082 24.7038 1 1 1
v -14.5954 -12.4591 66.5229 1 1 1
v -0.219432 -4.40398 22.8602 1 1 1
v 1.47334 5.63877 22.8809 1 1 1
v 1.50814 9.3286 24.9686 1 1 1
v 1.92705 15.9849 26.8755 1 1 1
v 1.3294 12.6798 27.3128 1 1 1
v 1.66958 9.80054 25.0653 1 1 1
v 1.51545 2.90679 22.9557 1 1 1
v -10.2516 -9.58161 60.309 1 1 1
v 3.13852 18.0074 25.5775 1 1 1
v 3.13852 18.0074 25.5775 1 1 1
v 2.27524 6.37594 22.8327 1 1 1
v -11.2587 -18.3846 59.8157 1 1 1
v 1.58923 -2.88027 21.3818 1 1 1
v -11.2946 -9.41061 67.9581 1 1 1
v 1.68323 -4.11265 20.7612 1 1 1
v 2.84798 5.67963 22.4498 1 1 1
v 3.16244 4.19443 22.5056 1 1 1
v 3.15261 4.16603 22.5848 1 1 1
v 2.36007 -3.07924 22.1207 1 1 1
v 3.45828 6.0478 23.5513 1 1 1
v 3.51254 5.85872 23.2871 1 1 1
v -7.68953 -8.16841 67.6279 1 1 1
v 4.38634 11.4464 24.7389 1 1 1
v -7.01213 -24.8885 56.1562 1 1 1
v -6.96178 -26.1858 55.4189 1 1 1
v 4.62016 13.0563 25.8645 1 1 1
v -6.47222 -24.111 56.5449 1 1 1
v 3.75383 1.97086 23.2007 1 1 1
v -6.32133 -25.3454 55.4468 1 1 1
v -6.32932 -28.0973 54.2917 1 1 1
v 3.91996 2.09405 23.1577 1 1 1
v 3.24051 -3.76025 22.2092 1 1 1
v -5.7184 -23.9146 55.7664 1 1 1
v -5.8294 -24.6841 56.0434 1 1 1
v 4.39357 5.64572 24.0426 1 1 1
v -5.68499 -25.8809 54.9481 1 1 1
v 4.39887 2.8436 22.7319 1 1 1
v 3.6253 -3.61017 22.092 1 1 1
v 4.20454 -1.67014 21.873 1 1 1
v -4.46827 -25.6668 54.7359 1 1 1
v -4.53458 -27.7337 54.2086 1 1 1
v -4.53458 -27.7337 54.2086 1 1 1
v 4.92532 1.82211 22.487 1 1 1
v -3.79954 -24.0624 54.8602 1 1 1
v 1.63928 -15.6282 28.9531 1 1 1
v 4.34759 -2.14315 24.031 1 1 1
v 5.30244 3.81676 23.9879 1 1 1
v 4.50662 -0.92649 25.0744 1 1 1
v 4.93967 0.125878 23.0306 1 1 1
v 5.27699 4.29211 25.0879 1 1 1
v 6.0872 13.5274 29.1397 1 1 1
v 6.0872 13.5274 29.1397 1 1 1
v 1.52125 -17.7243 28.7758 1 1 1
v 1.52125 -17.7243 28.7758 1 1 1
v -3.75787 -33.3407 52.0939 1 1 1
v -3.75787 -33.3407 52.0939 1 1 1
v 5.15751 0.664284 23.3987 1 1 1
v 5.12434 -10.3495 11.1265 1 1 1
v 5.12434 -10.3495 11.1265 1 1 1
v 5.88271 9.19842 28.4639 1 1 1
v 5.84945 8.41734 27.8203 1 1 1
v 5.37343 0.993996 23.4129 1 1 1
v 5.13859 0.209581 24.5278 1 1 1
v 5.28094 0.350042 24.2404 1 1 1
v -1.87916 -24.3135 53.9525 1 1 1
v 6.18028 9.22117 27.9951 1 1 1
v 6.39226 9.09535 27.3116 1 1 1
v 5.64677 0.710311 23.0502 1 1 1
v 5.5626 -2.60413 22.6298 1 1 1
v 7.09143 13.1883 30.743 1 1 1
v 7.57775 14.4139 27.8191 1 1 1
v 7.14364 12.7665 29.8423 1 1 1
v 2.83055 -6.00557 60.0026 1 1 1
v 1.10166 -25.5847 52.3779 1 1 1
v 8.24965 12.0296 30.7538 1 1 1
v 4.12088 -5.78408 55.8828 1 1 1
v 8.41749 12.1285 30.8778 1 1 1
v 2.99854 -23.1169 51.9143 1 1 1
v 3.00585 -24.7961 50.9465 1 1 1
v 5.78897 -5.79709 54.6589 1 1 1
v 3.67506 -23.402 52.7537 1 1 1
v 3.56896 -24.1163 52.2938 1 1 1
v 3.51099 -25.2091 51.3705 1 1 1
v 3.6598 -25.2268 52.1767 1 1 1
v 7.9679 2.50754 44.6072 1 1 1
v 5.98235 -13.3555 42.9445 1 1 1
v 6.2672 -12.9371 42.5488 1 1 1
v 5.99706 -15.919 43.2361 1 1 1
v 6.48574 -12.7884 42.691 1 1 1
v 7.08902 -10.9822 43.3435 1 1 1
v 6.38586 -15.7104 41.7481 1 1 1
v 7.18731 -10.7919 43.2327 1 1 1
v 9.27228 2.26129 44.1746 1 1 1
v 6.86433 -14.4074 42.0249 1 1 1
v 7.03575 -13.9935 42.2892 1 1 1
v 6.07475 -20.5152 42.7289 1 1 1
v 6.0649 -20.5856 42.9356 1 1 1
v 6.27161 -20.3249 43.1 1 1 1
v 7.54907 -12.5758 41.9326 1 1 1
v 7.41734 -14.4113 42.2336 1 1 1
v 10.1807 3.03467 42.8262 1 1 1
v 6.49546 -21.6532 43.8758 1 1 1
v 6.49546 -21.6532 43.8758 1 1 1
v 7.39835 -15.7028 42.2441 1 1 1
v 7.99194 -12.5152 42.4631 1 1 1
v 10.2592 2.1432 43.6771 1 1 1
v 8.10559 -12.1988 42.2565 1 1 1
v 6.79037 -22.1943 40.9487 1 1 1
v 7.03659 -21.2398 40.5373 1 1 1
v 6.8047 -23.341 41.4115 1 1 1
v 7.31015 -20.7711 40.3688 1 1 1
v 8.05453 -16.2771 41.7541 1 1 1
v 8.11062 -15.991 41.9232 1 1 1
v 7.97367 -16.6039 40.9413 1 1 1
v 8.78548 -11.9852 41.9113 1 1 1
v 8.34038 -15.0028 41.6678 1 1 1
v 7.53542 -19.6946 38.9272 1 1 1
v 7.6878 -19.0211 40.1261 1 1 1
v 8.10351 -16.6182 41.2584 1 1 1
v 8.25254 -15.6443 41.3538 1 1 1
v 7.31876 -21.752 40.2098 1 1 1
v 8.20345 -15.9988 40.5944 1 1 1
v 7.3855 -21.4611 40.3372 1 1 1
v 8.80202 -12.5493 41.4704 1 1 1
v 8.8052 -12.5608 41.5351 1 1 1
v 11.1742 2.49825 42.6994 1 1 1
v 8.17191 -16.898 41.585 1 1 1
v 8.44768 -15.2272 41.4495 1 1 1
v 8.4536 -15.2679 41.5949 1 1 1
v 7.83345 -18.8847 39.6963 1 1 1
v 7.86386 -18.9565 40.128 1 1 1
v 8.19228 -17.1576 40.238 1 1 1
v 12.0681 11.9336 29.0488 1 1 1
v 7.5116 -21.97 40.6759 1 1 1
v 7.46803 -22.6578 40.3107 1 1 1
v 7.46803 -22.6578 40.3107 1 1 1
v 8.11434 -19.8266 41.0244 1 1 1
v 7.87029 -20.8028 38.9458 1 1 1
v 7.76091 -22.0527 39.6045 1 1 1
v 7.75005 -22.4592 40.6934 1 1 1
v 11.5987 0.113959 47.0111 1 1 1
v 8.06513 -20.8138 40.0323 1 1 1
v 8.25418 -20.1074 40.0677 1 1 1
v 8.25418 -20.1074 40.0677 1 1 1
v 8.24703 -20.3477 40.8005 1 1 1
v 7.58315 -25.3327 41.7406 1 1 1
v 7.40674 -26.3089 41.0172 1 1 1
v 11.8241 0.317359 46.2543 1 1 1
v 12.1315 1.85159 44.4189 1 1 1
v 12.1315 1.85159 44.4189 1 1 1
v 11.8174 1.16931 39.3048 1 1 1
v 11.8174 1.16931 39.3048 1 1 1
v 8.73837 -19.5455 38.6522 1 1 1
v 11.5634 -0.0262057 35.3263 1 1 1
v 8.94847 -19.6258 40.2775 1 1 1
v 8.14284 -25.4584 41.2528 1 1 1
v 10.6225 -9.62878 40.7736 1 1 1
v 12.5129 2.21305 41.9461 1 1 1
v 8.97825 -20.2005 40.0598 1 1 1
v 8.04526 -27.2747 41.833 1 1 1
v 10.2751 -12.3597 41.0348 1 1 1
v 8.46531 -24.2367 40.3987 1 1 1
v 12.6788 1.85031 43.2377 1 1 1
v 12.6788 1.85031 43.2377 1 1 1
v 10.4677 -11.5606 40.4747 1 1 1
v 12.7647 2.47181 42.3073 1 1 1
v 8.03219 -27.3819 39.6177 1 1 1
v 9.05216 -20.5328 39.0869 1 1 1
v 8.1342 -27.0715 39.9282 1 1 1
v 9.53553 -18.1258 39.6056 1 1 1
v 8.61625 -24.6587 40.6006 1 1 1
v 8.63559 -24.8956 41.1075 1 1 1
v 11.2865 -8.47052 41.503 1 1 1
v 12.9077 2.12719 41.4446 1 1 1
v 11.4054 -8.19355 40.5962 1 1 1
v 8.91202 -24.0941 39.4977 1 1 1
v 8.44419 -27.6454 40.1156 1 1 1
v 13.2323 2.70392 41.7023 1 1 1
v 11.4674 -8.30204 40.0891 1 1 1
v 13.232 1.21449 43.1122 1 1 1
v 11.4415 -8.6926 40.1503 1 1 1
v 8.63606 -27.2412 40.0912 1 1 1
v 11.6607 -7.7019 40.3466 1 1 1
v 13.3887 0.46597 44.973 1 1 1
v 13.2742 0.352286 43.941 1 1 1
v 8.67228 -28.73 41.3297 1 1 1
v 10.1006 -18.3058 40.1119 1 1 1
v 9.75904 -20.0541 38.7816 1 1 1
v 13.5289 1.6983 42.7738 1 1 1
v 8.82104 -27.4769 40.1929 1 1 1
v 11.9719 -7.08047 39.9389 1 1 1
v 11.6904 -9.22201 40.479 1 1 1
v 9.26826 -24.9633 40.071 1 1 1
v 13.5964 1.25689 42.7149 1 1 1
v 13.6512 0.8701 43.213 1 1 1
v 8.95776 -27.2024 38.9338 1 1 1
v 12.0952 -7.41604 40.1306 1 1 1
v 12.0061 -7.78925 39.1103 1 1 1
v 13.8612 1.00282 43.678 1 1 1
v 12.4224 -6.93917 41.3378 1 1 1
v 13.9173 0.753437 43.7791 1 1 1
v 10.2459 -20.9051 40.1237 1 1 1
v 13.8167 -2.47239 46.1463 1 1 1
v 9.48334 -26.5643 40.1305 1 1 1
v 13.9588 -1.83239 46.2633 1 1 1
v 14.1387 1.32557 43.3428 1 1 1
v 14.1124 1.316 42.8693 1 1 1
v 14.0543 0.511599 43.33 1 1 1
v 9.36867 -27.8177 40.2592 1 1 1
v 10.4706 -20.5773 39.9344 1 1 1
v 9.38454 -27.0054 37.7843 1 1 1
v 12.6595 -7.37319 39.9356 1 1 1
v 9.64687 -27.7525 40.3635 1 1 1
v 10.6804 -20.8815 39.7533 1 1 1
v 14.4048 8.2415 32.4093 1 1 1
v 14.6382 -0.577677 44.3757 1 1 1
v 13.5516 -7.2627 42.9181 1 1 1
v 12.5681 -11.0314 39.5228 1 1 1
v 13.2137 -8.6089 41.6871 1 1 1
v 14.7583 -2.62378 46.2744 1 1 1
v 10.5512 -25.5146 40.0638 1 1 1
v 11.1814 -20.9 39.3701 1 1 1
v 12.9195 -10.4526 40.1465 1 1 1
v 9.78168 -31.9056 40.728 1 1 1
v 13.6227 -7.63711 41.2765 1 1 1
v 9.5988 -34.5704 40.6094 1 1 1
v 9.67305 -34.3119 40.4748 1 1 1
v 12.9158 -12.7605 40.5429 1 1 1
v 14.0923 -6.53349 41.8135 1 1 1
v 12.4266 -15.2936 39.3814 1 1 1
v 13.9336 -6.8136 40.7883 1 1 1
v 14.0551 -7.06447 41.5074 1 1 1
v 14.0965 -6.33493 40.3454 1 1 1
v 11.1002 -25.4162 39.7364 1 1 1
v 12.348 -16.2142 38.3593 1 1 1
v 10.2246 -33.3646 41.3826 1 1 1
v 10.3188 -32.5086 40.9036 1 1 1
v 12.4522 -17.9405 40.0295 1 1 1
v 10.5275 -31.2704 40.5212 1 1 1
v 11.1315 -26.2159 39.3963 1 1 1
v 10.4553 -31.8421 40.3733 1 1 1
v 10.7668 -29.062 38.3473 1 1 1
v 10.6737 -31.459 40.4909 1 1 1
v 11.8235 -22.3267 38.7558 1 1 1
v 14.6625 -6.63204 41.3113 1 1 1
v 11.8435 -23.4407 39.2733 1 1 1
v 10.8769 -31.2157 40.4375 1 1 1
v 16.0519 -4.70852 47.5516 1 1 1
v 14.549 -8.31263 40.9975 1 1 1
v 9.62927 -23.9477 23.8007 1 1 1
v 9.78844 -24.1157 23.7694 1 1 1
v 9.78844 -24.1157 23.7694 1 1 1
v -15.0944 -0.55212 26.6612 1 1 1
v -21.3304 20.3083 38.6677 1 1 1
v -16.1283 2.96678 28.7045 1 1 1
v -15.4407 -0.83817 27.074 1 1 1
v -15.5194 -0.206566 27.3061 1 1 1
v -25.1548 -4.65689 38.4726 1 1 1
v -29.9874 -8.35685 44.2724 1 1 1
v -24.8035 -4.89844 38.9163 1 1 1
v -30.1074 -8.24169 45.0753 1 1 1
v -17.0495 1.05634 30.6282 1 1 1
v -25.6399 -5.03277 40.3706 1 1 1
v -17.389 1.18337 31.3196 1 1 1
v -30.6251 -7.98002 46.2629 1 1 1
v -15.7044 -4.20232 28.2454 1 1 1
v -18.7239 -0.356464 33.439 1 1 1
v -31.9451 -10.5644 48.4252 1 1 1
v -25.2496 -5.41431 41.2399 1 1 1
v -17.8805 0.242069 32.8848 1 1 1
v -16.7902 -0.0685579 31.4758 1 1 1
v -16.879 0.24098 31.6486 1 1 1
v -24.8551 -6.97437 40.854 1 1 1
v -16.5093 -0.400385 31.5679 1 1 1
v -16.2977 0.0875997 31.5025 1 1 1
v -25.178 -7.03311 41.6911 1 1 1
v -18.2109 0.0248211 33.9727 1 1 1
v -17.2715 0.231711 32.937 1 1 1
v -31.7088 -21.2282 47.4876 1 1 1
v -31.7088 -21.2282 47.4876 1 1 1
v -17.6256 -0.0209457 33.4909 1 1 1
v -23.3084 -5.77208 40.0714 1 1 1
v -24.7012 -5.36297 41.9623 1 1 1
v -16.3148 -0.214577 32.0855 1 1 1
v -17.3469 -0.407874 33.6933 1 1 1
v -16.2161 -0.414893 32.2088 1 1 1
v -22.3616 -4.2147 39.9293 1 1 1
v -16.0613 -0.583743 32.2025 1 1 1
v -22.6855 -5.84044 40.3843 1 1 1
v -16.5004 -0.401257 33.0104 1 1 1
v -16.5422 -0.495698 33.1034 1 1 1
v -21.3896 -4.39429 39.2339 1 1 1
v -22.5014 -3.53482 40.883 1 1 1
v -15.3873 0.70656 32.0709 1 1 1
v -16.1661 1.20273 33.498 1 1 1
v -15.8047 0.445474 32.9036 1 1 1
v -16.5013 0.737294 34.0037 1 1 1
v -18.0312 -17.4616 31.8985 1 1 1
v -15.8665 -0.899625 32.8475 1 1 1
v -22.5955 -5.77964 41.5334 1 1 1
v -16.3966 1.06148 34.2527 1 1 1
v -22.6495 -5.82248 41.5878 1 1 1
v -23.0836 -6.39308 42.4653 1 1 1
v -15.5315 -1.0444 32.9679 1 1 1
v -20.2402 -2.85639 39.6249 1 1 1
v -20.8487 -4.58466 40.2777 1 1 1
v -18.2032 -2.35915 36.9504 1 1 1
v -18.1129 -2.01367 37.0122 1 1 1
v -17.4671 -2.65418 36.0612 1 1 1
v -22.1869 -4.44601 42.4716 1 1 1
v -21.1682 -7.50084 40.2872 1 1 1
v -16.7545 1.04952 35.9063 1 1 1
v -15.2014 -0.678149 33.3427 1 1 1
v -15.5012 -0.585131 33.7758 1 1 1
v -17.801 -2.2759 36.8018 1 1 1
v -15.8201 -0.896279 34.2511 1 1 1
v -15.3682 -1.09205 33.5798 1 1 1
v -23.906 -5.90804 45.4537 1 1 1
v -14.568 -0.921983 32.9316 1 1 1
v -17.1866 -2.6454 36.5565 1 1 1
v -13.3141 -0.17463 31.7387 1 1 1
v -18.7117 -2.93581 38.7338 1 1 1
v -17.986 -2.27384 37.8205 1 1 1
v -17.986 -2.27384 37.8205 1 1 1
v -17.9914 -1.80707 37.9933 1 1 1
v -13.7214 -0.164846 32.3557 1 1 1
v -19.392 -4.38335 39.7003 1 1 1
v -17.9152 -2.20711 38.2053 1 1 1
v -17.9152 -2.20711 38.2053 1 1 1
v -19.9109 -0.732249 41.6873 1 1 1
v -19.6889 -4.34125 40.4966 1 1 1
v -16.8011 -2.99486 36.6149 1 1 1
v -17.5836 -1.73722 38.1922 1 1 1
v -16.7136 -2.57616 36.8891 1 1 1
v -20.4416 -4.83781 42.3186 1 1 1
v -15.3462 -1.58526 35.3064 1 1 1
v -20.0746 -4.71869 41.9252 1 1 1
v -14.9176 0.248984 35.2195 1 1 1
v -13.895 -0.118484 33.6688 1 1 1
v -19.0003 -4.69615 40.52 1 1 1
v -19.3066 -4.89475 41.4049 1 1 1
v -14.7284 -2.21477 35.0695 1 1 1
v -19.0708 -4.61176 41.2819 1 1 1
v -16.8383 -2.84056 38.214 1 1 1
v -18.4838 -4.55914 40.56 1 1 1
v -19.2797 -5.05456 41.9804 1 1 1
v -21.6718 -5.13144 46.1101 1 1 1
v -19.4589 -4.74079 42.9084 1 1 1
v -16.477 -5.03942 38.0287 1 1 1
v -15.2298 -3.304 36.7014 1 1 1
v -17.0136 -4.70707 39.6718 1 1 1
v -17.0136 -4.70707 39.6718 1 1 1
v -17.9458 -4.70388 41.1458 1 1 1
v -18.52 -5.06706 42.1322 1 1 1
v -18.52 -5.06706 42.1322 1 1 1
v -17.2508 -4.35151 40.6989 1 1 1
v -17.4134 -4.79278 40.9471 1 1 1
v -17.5671 -4.75802 41.182 1 1 1
v -17.3652 -4.38462 41.4165 1 1 1
v -24.8436 -25.0545 48.4147 1 1 1
v -24.8455 -25.6919 48.6466 1 1 1
v -26.4867 -26.6197 51.1222 1 1 1
v -17.3712 -4.64383 42.3111 1 1 1
v -23.4021 -24.4808 47.1996 1 1 1
v -15.1076 -3.7915 39.4179 1 1 1
v -14.2128 -3.6419 38.2712 1 1 1
v -12.6078 -2.06117 35.892 1 1 1
v -5.53957 16.49 29.0885 1 1 1
v -15.0473 -3.98527 39.9257 1 1 1
v -5.44295 15.7839 28.9255 1 1 1
v -12.5153 -2.09714 36.1644 1 1 1
v -15.1333 -4.23671 40.4386 1 1 1
v -15.7746 -4.43871 41.618 1 1 1
v -16.0169 -4.38069 42.521 1 1 1
v -16.8369 -4.56678 44.0708 1 1 1
v -16.3652 -4.2195 43.4798 1 1 1
v -11.6076 -2.81175 35.4879 1 1 1
v -11.0973 -1.02202 35.2738 1 1 1
v -11.2333 -0.822914 35.9752 1 1 1
v -4.16507 17.0427 28.6111 1 1 1
v -8.97604 10.3311 35.9326 1 1 1
v -11.8733 -1.10273 37.8373 1 1 1
v -11.3958 -1.44781 36.8698 1 1 1
v -11.6048 -1.10497 37.5162 1 1 1
v -8.87986 10.6086 36.2385 1 1 1
v -11.0851 -2.95348 36.2158 1 1 1
v -7.99902 9.90708 34.3981 1 1 1
v -4.30667 13.1003 28.3067 1 1 1
v -11.2008 -3.08869 36.4 1 1 1
v -10.8705 -3.27627 36.0353 1 1 1
v -9.05647 -5.11548 31.7629 1 1 1
v -4.10288 12.9882 28.317 1 1 1
v -9.2547 1.14857 35.2057 1 1 1
v -10.6169 -2.2243 37.0012 1 1 1
v -10.9168 -2.96743 37.472 1 1 1
v -10.6048 -1.92527 37.3146 1 1 1
v -10.4529 -2.36001 36.8517 1 1 1
v -7.64754 0.755773 32.4882 1 1 1
v -3.20393 3.79715 24.5552 1 1 1
v -10.886 -2.03684 38.2275 1 1 1
v -3.37118 4.60271 25.2912 1 1 1
v -3.31654 4.30263 25.0958 1 1 1
v -10.8368 -1.6756 38.5758 1 1 1
v -11.0608 -1.87252 39.0904 1 1 1
v -10.7519 -2.13314 38.918 1 1 1
v -2.68851 2.45993 23.6461 1 1 1
v -3.82864 15.4039 31.0808 1 1 1
v -2.45917 6.6103 25.4035 1 1 1
v -10.3119 -1.88274 39.2853 1 1 1
v -2.93066 15.1449 29.6256 1 1 1
v -1.94981 5.8759 24.1682 1 1 1
v -3.42701 -2.38184 25.0409 1 1 1
v -2.69825 -1.78593 23.8671 1 1 1
v -1.68671 6.54855 25.1587 1 1 1
v -1.10637 5.50174 24.1965 1 1 1
v -2.10233 8.71688 28.2351 1 1 1
v -1.03347 10.2821 26.5404 1 1 1
v -2.24731 -4.31073 23.7215 1 1 1
v -0.94158 14.7334 28.2371 1 1 1
v -0.752422 4.91442 24.1182 1 1 1
v -1.22088 -2.91902 22.1319 1 1 1
v -1.28396 9.29249 27.2355 1 1 1
v -1.10308 6.21279 25.8588 1 1 1
v -1.28836 6.0443 26.3269 1 1 1
v -1.32621 -4.43034 22.2284 1 1 1
v -1.3893 8.38453 28.9519 1 1 1
v -1.0718 -4.85975 22.7082 1 1 1
v 0.595471 16.3364 27.6147 1 1 1
v -0.580584 -3.28589 22.3003 1 1 1
v 0.394948 10.4556 26.1036 1 1 1
v 0.728518 2.75751 22.8426 1 1 1
v 0.825682 2.64368 22.5615 1 1 1
v 0.586846 15.9775 29.3651 1 1 1
v 1.27158 9.36148 24.4955 1 1 1
v 1.05692 10.7865 25.8774 1 1 1
v 1.01429 10.9375 25.996 1 1 1
v 1.27912 14.8506 27.7019 1 1 1
v -1.22233 -4.03658 26.2569 1 1 1
v 1.6963 6.70894 23.2175 1 1 1
v 1.341 6.80885 24.6278 1 1 1
v 1.47233 -4.45235 19.3526 1 1 1
v 1.61151 10.9072 26.9228 1 1 1
v -0.0533196 -3.834 24.8711 1 1 1
v -4.57761 -3.50369 39.0769 1 1 1
v 2.07048 5.78801 23.6912 1 1 1
v 2.41255 5.89789 22.7034 1 1 1
v 0.185227 13.8619 34.1122 1 1 1
v 1.04937 -5.16978 21.5117 1 1 1
v 1.32214 -3.26532 21.7113 1 1 1
v 2.92658 13.6275 25.6104 1 1 1
v 3.43635 12.219 23.4918 1 1 1
v 1.79027 -3.12422 21.2272 1 1 1
v 1.248 12.7377 31.62 1 1 1
v 1.248 12.7377 31.62 1 1 1
v 1.91862 -3.21383 21.2274 1 1 1
v 0.966606 -5.39009 23.2389 1 1 1
v 1.8614 -3.36595 21.4107 1 1 1
v 1.84787 -3.37129 21.4666 1 1 1
v 3.84598 12.8972 24.0992 1 1 1
v 2.94606 4.40913 22.3497 1 1 1
v 0.247663 -5.18061 26.1742 1 1 1
v 1.39567 -5.08033 22.7055 1 1 1
v 1.85398 -3.42055 22.2092 1 1 1
v 4.01256 14.2574 25.5962 1 1 1
v -0.752116 -4.38234 31.4217 1 1 1
v 4.07334 13.9267 25.8307 1 1 1
v 4.07334 13.9267 25.8307 1 1 1
v 4.00037 15.6091 28.2471 1 1 1
v 4.21614 6.39007 22.8653 1 1 1
v 3.06294 -3.17646 21.869 1 1 1
v 3.16835 -3.24507 21.6811 1 1 1
v 3.84044 1.83951 22.8696 1 1 1
v 4.07723 8.67932 28.1952 1 1 1
v 5.27266 6.0696 21.834 1 1 1
v 4.87553 7.10035 24.9628 1 1 1
v 5.33826 12.6331 28.4601 1 1 1
v 4.4465 0.402876 23.3502 1 1 1
v 4.62224 0.539479 23.3142 1 1 1
v 4.78944 0.928236 22.94 1 1 1
v 4.69417 0.25466 23.4065 1 1 1
v 5.24301 3.93688 24.0056 1 1 1
v 4.5807 -2.26491 22.043 1 1 1
v 4.47508 -3.21118 22.3999 1 1 1
v 4.63074 -2.64112 22.3285 1 1 1
v 4.68527 -2.67608 22.0382 1 1 1
v 5.37004 1.28049 23.2059 1 1 1
v 4.99256 0.0736148 24.2272 1 1 1
v 5.49817 2.66414 24.0271 1 1 1
v 5.61526 2.48512 23.3118 1 1 1
v 1.07874 -2.46929 44.3805 1 1 1
v 5.37099 0.927152 23.5468 1 1 1
v 5.21141 0.549102 24.2321 1 1 1
v 5.28572 0.464399 23.8195 1 1 1
v 5.28572 0.464399 23.8195 1 1 1
v 2.21647 -15.974 25.6795 1 1 1
v 2.21647 -15.974 25.6795 1 1 1
v 5.84596 5.53807 26.102 1 1 1
v 5.84596 5.53807 26.102 1 1 1
v 5.25726 -2.60515 22.1354 1 1 1
v 4.77416 -12.0549 16.0329 1 1 1
v 5.42172 -2.65176 23.1075 1 1 1
v 5.48205 -2.69756 22.7162 1 1 1
v 8.04481 13.7437 27.0861 1 1 1
v 8.04481 13.7437 27.0861 1 1 1
v 8.25556 -4.89621 3.12801 1 1 1
v 7.75715 -5.00929 7.65068 1 1 1
v 5.64573 6.28017 41.0635 1 1 1
v 5.79907 6.10205 41.0853 1 1 1
v 2.58338 -18.8075 48.6167 1 1 1
v 9.85534 11.472 30.3937 1 1 1
v 3.05528 -24.7899 52.216 1 1 1
v 2.92381 -24.3457 55.0401 1 1 1
v 2.88811 -26.244 52.68 1 1 1
v 2.78971 -25.7427 56.0328 1 1 1
v 3.05244 -24.9051 54.8996 1 1 1
v 3.44671 -23.973 53.7098 1 1 1
v 3.43156 -25.0753 52.3175 1 1 1
v 3.76725 -23.0478 53.2056 1 1 1
v 7.43059 -1.29153 51.8178 1 1 1
v 3.77437 -24.0914 52.8147 1 1 1
v 6.86782 -5.53893 53.719 1 1 1
v 3.32595 -27.9024 55.1041 1 1 1
v 7.11223 -5.47936 53.1061 1 1 1
v 6.24058 -12.9737 42.8711 1 1 1
v 6.36978 -12.702 42.8421 1 1 1
v 6.51496 -12.7613 46.0416 1 1 1
v 3.96002 -27.4469 52.2693 1 1 1
v 6.57568 -12.9211 44.3107 1 1 1
v 6.7142 -12.5202 43.0179 1 1 1
v 8.17053 -3.08803 54.0602 1 1 1
v 6.83057 -12.599 44.9381 1 1 1
v 6.01703 -17.8642 43.4128 1 1 1
v 6.96832 -13.3404 42.7036 1 1 1
v 6.93068 -13.5021 43.4059 1 1 1
v 6.91697 -13.5976 43.6538 1 1 1
v 6.86506 -14.3128 42.9848 1 1 1
v 5.62643 -21.6108 47.0299 1 1 1
v 5.11339 -24.6773 51.3929 1 1 1
v 8.7294 -2.64432 52.2812 1 1 1
v 7.27929 -12.5577 44.7053 1 1 1
v 7.27929 -12.5577 44.7053 1 1 1
v 7.08951 -14.8821 43.0355 1 1 1
v 7.56598 -12.3983 43.7996 1 1 1
v 7.21043 -15.4764 43.5733 1 1 1
v 9.46117 -2.01327 49.7202 1 1 1
v 7.01285 -17.8853 42.3907 1 1 1
v 8.11043 -12.1847 42.873 1 1 1
v 7.63185 -15.5434 42.7589 1 1 1
v 12.0363 11.5264 28.5496 1 1 1
v 7.68083 -15.5401 41.8244 1 1 1
v 5.90867 -26.8432 44.8626 1 1 1
v 8.26627 -12.4277 42.9382 1 1 1
v 7.75022 -16.5676 43.4409 1 1 1
v 8.53112 -11.8413 42.236 1 1 1
v 7.92968 -15.6623 43.2899 1 1 1
v 7.8071 -16.7537 41.0457 1 1 1
v 7.40875 -19.4997 41.1844 1 1 1
v 6.41648 -26.0312 41.8014 1 1 1
v 7.11799 -21.7101 42.3066 1 1 1
v 7.1779 -21.8256 41.2888 1 1 1
v 7.06009 -23.4803 43.0067 1 1 1
v 8.08736 -17.1994 41.7223 1 1 1
v 7.40784 -21.9049 41.7805 1 1 1
v 11.3583 0.862453 44.8813 1 1 1
v 12.355 8.78083 33.5908 1 1 1
v 7.53109 -21.9069 42.0966 1 1 1
v 7.46653 -22.3254 41.1458 1 1 1
v 7.39424 -23.476 41.3552 1 1 1
v 8.26716 -18.111 41.1654 1 1 1
v 8.28314 -17.9249 40.5754 1 1 1
v 7.52323 -22.9785 42.6656 1 1 1
v 7.99895 -20.2385 41.4059 1 1 1
v 8.13449 -19.5318 40.8974 1 1 1
v 9.04788 -14.729 42.3077 1 1 1
v 9.18407 -13.9567 40.9457 1 1 1
v 11.2845 -2.23406 45.5457 1 1 1
v 11.2845 -2.23406 45.5457 1 1 1
v 7.41919 -26.473 44.2826 1 1 1
v 7.7263 -24.168 41.5486 1 1 1
v 12.0181 1.33365 42.9717 1 1 1
v 12.0141 0.191607 47.8502 1 1 1
v 8.46346 -19.3684 39.9338 1 1 1
v 11.9108 0.0346671 44.9382 1 1 1
v 11.9534 0.294311 45.1005 1 1 1
v 9.69887 -12.8782 41.8273 1 1 1
v 9.91684 -11.1305 39.0137 1 1 1
v 9.7268 -13.0301 41.2568 1 1 1
v 9.74429 -12.9863 40.8849 1 1 1
v 12.3973 1.90295 42.309 1 1 1
v 8.30094 -23.0434 42.5513 1 1 1
v 7.79101 -27.167 43.9218 1 1 1
v 7.79101 -27.167 43.9218 1 1 1
v 12.7045 2.141 43.8443 1 1 1
v 8.30291 -23.8261 40.7151 1 1 1
v 8.04172 -26.6415 41.6092 1 1 1
v 12.3486 1.07441 37.0994 1 1 1
v 8.88897 -21.835 40.3333 1 1 1
v 9.14095 -20.2732 40.2937 1 1 1
v 12.9249 1.58944 42.153 1 1 1
v 8.40793 -25.5334 40.4892 1 1 1
v 8.63656 -24.3903 40.3883 1 1 1
v 13.1998 2.51408 41.1873 1 1 1
v 13.6601 9.2594 31.0771 1 1 1
v 9.3638 -20.5011 40.3221 1 1 1
v 8.77439 -25.0613 41.2753 1 1 1
v 8.72293 -25.0733 40.1046 1 1 1
v 12.042 -7.62166 42.0674 1 1 1
v 8.59492 -28.7396 41.965 1 1 1
v 12.3649 -7.94735 45.5837 1 1 1
v 10.1129 -19.4874 40.0893 1 1 1
v 8.89367 -27.5022 40.5252 1 1 1
v 12.0959 -8.25293 40.3837 1 1 1
v 12.1914 -8.36626 41.8786 1 1 1
v 13.8509 -0.836322 46.6647 1 1 1
v 9.49869 -25.0203 39.9812 1 1 1
v 13.0727 -6.63735 44.5085 1 1 1
v 14.2213 -0.0517883 44.8731 1 1 1
v 12.6736 -8.06794 41.9345 1 1 1
v 12.3974 -8.6788 39.3429 1 1 1
v 12.3855 -9.31847 40.1124 1 1 1
v 12.3855 -9.31847 40.1124 1 1 1
v 9.36992 -28.1375 40.4139 1 1 1
v 12.5792 -8.41688 39.71 1 1 1
v 13.3309 -6.91908 42.6944 1 1 1
v 11.1022 -19.9486 40.4933 1 1 1
v 9.74726 -29.3374 41.9263 1 1 1
v 12.5449 -11.0331 39.5401 1 1 1
v 13.2784 -8.66213 42.7483 1 1 1
v 13.6282 -6.63943 42.701 1 1 1
v 12.8266 -9.9923 39.3757 1 1 1
v 13.7095 -6.88734 42.4396 1 1 1
v 13.8996 -6.76424 42.2532 1 1 1
v 13.0397 -11.1249 40.7986 1 1 1
v 11.9764 -17.6633 40.2147 1 1 1
v 9.71985 -34.6197 44.554 1 1 1
v 13.7897 -8.50743 42.7753 1 1 1
v 9.7859 -34.2118 44.242 1 1 1
v 9.85225 -33.2335 42.7324 1 1 1
v 13.9117 -8.69504 42.7167 1 1 1
v 9.47955 -35.2491 41.6684 1 1 1
v 15.3689 1.14506 39.3132 1 1 1
v 10.399 -30.4111 40.2366 1 1 1
v 13.0042 -13.3574 39.0675 1 1 1
v 10.393 -33.4634 43.8821 1 1 1
v 10.4846 -33.3301 43.7082 1 1 1
v 10.4846 -33.3301 43.7082 1 1 1
v 12.3663 -19.5713 40.4848 1 1 1
v 12.9508 -18.5111 40.9942 1 1 1
v -16.1144 -1.0403 27.7037 1 1 1
v -19.7186 18.7353 36.8516 1 1 1
v -14.938 -0.0727021 27.2264 1 1 1
v -30.3924 -8.22552 43.6147 1 1 1
v -30.3772 -8.28385 43.6247 1 1 1
v -17.0695 0.964188 30.1392 1 1 1
v -20.029 -0.733332 33.2118 1 1 1
v -16.3674 2.17768 29.9295 1 1 1
v -29.699 -8.20305 43.5037 1 1 1
v -29.699 -8.20305 43.5037 1 1 1
v -28.3698 -9.67739 41.548 1 1 1
v -19.3597 -0.199137 33.2739 1 1 1
v -30.7282 -10.2064 45.748 1 1 1
v -17.7012 0.0772104 32.3402 1 1 1
v -16.1533 1.04508 30.7234 1 1 1
v -22.1594 -6.15609 36.6813 1 1 1
v -17.6366 -0.585092 32.7623 1 1 1
v -17.7572 -0.812951 32.9185 1 1 1
v -23.9265 -5.3025 39.6354 1 1 1
v -15.9841 0.208592 31.1582 1 1 1
v -16.3828 -0.488506 31.8894 1 1 1
v -16.0324 -0.577046 31.6972 1 1 1
v -28.7802 -9.11631 46.2563 1 1 1
v -28.7203 -8.89597 46.592 1 1 1
v -21.2154 -3.70213 38.6977 1 1 1
v -15.5691 -0.67246 32.0313 1 1 1
v -15.641 -0.802935 32.0763 1 1 1
v -14.9516 15.1861 35.5237 1 1 1
v -20.8163 -4.12381 38.5027 1 1 1
v -21.4733 -4.0787 39.3721 1 1 1
v -15.5268 0.612935 32.8073 1 1 1
v -20.0022 -3.57427 37.7761 1 1 1
v -15.5544 -0.875847 32.4807 1 1 1
v -15.109 0.235714 32.2228 1 1 1
v -15.8681 0.376766 33.3414 1 1 1
v -21.2451 -4.4361 39.7363 1 1 1
v -14.5871 0.523022 32.2179 1 1 1
v -14.8752 -1.08475 32.172 1 1 1
v -14.9578 0.71011 32.8572 1 1 1
v -14.6962 -1.06721 32.1954 1 1 1
v -15.0026 -1.1164 32.8223 1 1 1
v -17.6768 -2.80528 36.3325 1 1 1
v -16.7885 -2.14387 35.2386 1 1 1
v -26.6675 -19.2302 44.6254 1 1 1
v -16.7486 -1.85529 35.3618 1 1 1
v -17.4623 -3.03601 36.1361 1 1 1
v -21.1499 -4.80399 40.7901 1 1 1
v -20.8793 -5.49735 40.6356 1 1 1
v -16.8859 -2.31123 35.8242 1 1 1
v -28.4692 -18.415 47.8675 1 1 1
v -16.8122 -1.78033 35.9637 1 1 1
v -22.3281 -16.077 40.0102 1 1 1
v -14.8443 -1.39281 33.4235 1 1 1
v -29.6106 -13.1768 51.6034 1 1 1
v -26.7012 -11.8351 48.0729 1 1 1
v -27.313 -16.4804 47.6062 1 1 1
v -21.3447 -5.69501 42.0443 1 1 1
v -14.6828 -1.56102 33.5375 1 1 1
v -14.6283 -1.18622 33.6769 1 1 1
v -14.1623 0.238086 33.5774 1 1 1
v -27.5096 -14.6107 48.9247 1 1 1
v -26.4639 -13.1331 47.8758 1 1 1
v -26.0549 -15.5983 46.672 1 1 1
v -16.1542 -2.0038 36.1215 1 1 1
v -25.0209 -11.2991 47.2885 1 1 1
v -16.0383 -2.25914 36.369 1 1 1
v -18.4972 -4.27712 39.5243 1 1 1
v -16.3691 -3.18334 37.8634 1 1 1
v -17.5565 -4.57401 39.7889 1 1 1
v -15.989 -3.68993 38.2415 1 1 1
v -12.9409 -1.9002 33.9863 1 1 1
v -14.5732 -2.77218 36.423 1 1 1
v -15.555 -3.38834 37.7342 1 1 1
v -25.575 -12.7667 51.0255 1 1 1
v -25.2755 -21.9645 48.0729 1 1 1
v -14.4141 -3.47522 36.9933 1 1 1
v -12.9119 -1.92447 36.0333 1 1 1
v -12.9119 -1.92447 36.0333 1 1 1
v -21.9258 -24.0966 44.666 1 1 1
v -14.3286 -3.59335 38.0009 1 1 1
v -14.1112 -3.66332 37.5827 1 1 1
v -21.8797 -20.5795 45.9629 1 1 1
v -23.6926 -25.0328 47.0239 1 1 1
v -21.7993 -24.2942 44.7722 1 1 1
v -23.79 -13.2623 51.2345 1 1 1
v -13.478 -3.51906 37.0376 1 1 1
v -22.4281 -20.9043 46.624 1 1 1
v -21.8066 -21.2006 46.1601 1 1 1
v -23.8664 -21.8858 48.7779 1 1 1
v -23.3242 -17.701 49.6304 1 1 1
v -24.4896 -13.3411 53.2768 1 1 1
v -21.4722 -20.9639 46.3314 1 1 1
v -24.5911 -22.4375 50.7286 1 1 1
v -22.3446 -5.11426 52.8028 1 1 1
v -11.5691 -2.86376 35.071 1 1 1
v -23.7448 -25.5704 49.0829 1 1 1
v -11.0905 -1.13157 35.2133 1 1 1
v -16.3674 -4.59412 43.3069 1 1 1
v -8.56374 2.03389 31.7945 1 1 1
v -4.09757 15.4031 28.6664 1 1 1
v -22.3217 -25.4534 47.5281 1 1 1
v -22.3217 -25.4534 47.5281 1 1 1
v -15.0961 -4.17842 41.8416 1 1 1
v -21.988 -13.5475 51.3133 1 1 1
v -23.9747 -5.73881 57.8275 1 1 1
v -10.8693 -1.8003 35.753 1 1 1
v -10.8918 -2.03302 35.7515 1 1 1
v -10.8503 -2.03697 35.6796 1 1 1
v -22.0337 -22.6326 49.4403 1 1 1
v -22.143 -22.7579 49.6633 1 1 1
v -3.16287 9.5892 26.6606 1 1 1
v -10.3958 -3.17378 35.7215 1 1 1
v -3.38709 9.49149 27.3544 1 1 1
v -10.0953 -2.16094 36.9499 1 1 1
v -2.48745 1.89726 23.5602 1 1 1
v -1.88125 6.21598 24.5827 1 1 1
v -1.88125 6.21598 24.5827 1 1 1
v -19.5395 -22.2229 49.6862 1 1 1
v -19.9418 -14.3059 53.4119 1 1 1
v -2.53635 9.41987 27.6847 1 1 1
v -1.44404 6.13955 24.3159 1 1 1
v -2.67857 9.49634 28.3308 1 1 1
v -1.37553 5.03091 24.0125 1 1 1
v -1.39816 5.4911 24.3514 1 1 1
v -19.0324 -14.9093 53.7865 1 1 1
v -0.532 4.36161 22.5076 1 1 1
v -1.8464 8.46331 26.8928 1 1 1
v -19.8969 -13.5729 56.2071 1 1 1
v -20.0294 -14.8069 55.9831 1 1 1
v -19.1154 -14.0626 55.0088 1 1 1
v -1.04557 6.86042 25.0048 1 1 1
v -19.3771 -13.8571 55.8212 1 1 1
v -2.15922 -4.08711 22.9719 1 1 1
v -0.446723 10.1073 25.8283 1 1 1
v -0.84336 9.75134 26.4768 1 1 1
v -0.793923 9.63147 26.3748 1 1 1
v 0.0460505 11.4146 25.2922 1 1 1
v -18.9545 -18.6753 54.9063 1 1 1
v -1.02539 9.87797 27.3253 1 1 1
v -1.26232 -4.31537 22.2277 1 1 1
v -0.438856 5.72913 24.9788 1 1 1
v -18.5932 -17.3185 56.4358 1 1 1
v -0.873286 -3.13529 22.3416 1 1 1
v -18.4625 -9.53022 62.3931 1 1 1
v 0.667062 15.8096 28.2171 1 1 1
v -0.220886 9.05919 27.2471 1 1 1
v 0.199887 -2.78578 21.0784 1 1 1
v -17.7833 -10.0933 61.2424 1 1 1
v -18.3586 -10.4194 62.4199 1 1 1
v -17.9688 -10.3197 61.594 1 1 1
v -17.9688 -10.3197 61.594 1 1 1
v -17.8099 -9.59563 61.6883 1 1 1
v -18.787 -22.7769 58.04 1 1 1
v -18.6989 -24.6298 56.983 1 1 1
v -18.3126 -9.92712 62.8121 1 1 1
v -17.9957 -9.91986 62.1248 1 1 1
v -18.9865 -32.422 54.2764 1 1 1
v -18.3549 -14.3815 61.261 1 1 1
v -0.790965 -4.64346 23.0469 1 1 1
v -19.1097 -22.5729 59.4405 1 1 1
v -17.9399 -10.0005 62.5437 1 1 1
v -18.1269 -22.6432 57.341 1 1 1
v -18.0624 -22.8544 57.2062 1 1 1
v 1.12168 10.3006 25.4103 1 1 1
v -0.904377 -4.08577 23.7067 1 1 1
v -18.1698 -23.8107 57.7669 1 1 1
v 1.22406 10.6865 25.5337 1 1 1
v -19.0094 -25.4057 58.8114 1 1 1
v -17.7613 -23.0928 57.2234 1 1 1
v -0.900058 -4.79122 23.6987 1 1 1
v -16.7012 -21.8886 55.8808 1 1 1
v -16.7012 -21.8886 55.8808 1 1 1
v -16.666 -9.72629 61.0756 1 1 1
v -17.2149 -17.3827 58.8066 1 1 1
v -16.8388 -10.7191 61.2899 1 1 1
v -16.7376 -14.4579 59.2701 1 1 1
v -16.695 -13.4589 60.0725 1 1 1
v -16.7724 -11.3494 60.9773 1 1 1
v 1.66531 15.56 27.2184 1 1 1
v -16.8675 -9.96004 61.9756 1 1 1
v -16.7336 -12.497 60.296 1 1 1
v -17.7309 -40.2452 50.1663 1 1 1
v -16.6045 -12.5167 60.1779 1 1 1
v -16.6365 -14.7475 59.1984 1 1 1
v -16.8621 -31.1933 51.9844 1 1 1
v -16.2257 -15.3164 58.9461 1 1 1
v -17.6021 -31.3745 54.4164 1 1 1
v -17.6021 -31.3745 54.4164 1 1 1
v 1.68718 8.9509 24.4883 1 1 1
v -15.9356 -30.082 52.0562 1 1 1
v -17.1678 -30.9601 54.0762 1 1 1
v -16.9697 -31.3571 53.0373 1 1 1
v 0.510672 -4.00511 21.626 1 1 1
v 0.953023 -4.00698 20.6198 1 1 1
v 3.2057 17.3108 25.2672 1 1 1
v -7.56983 -8.41323 41.2543 1 1 1
v 2.34134 6.10657 22.6395 1 1 1
v 2.34134 6.10657 22.6395 1 1 1
v 1.77447 2.67505 22.5582 1 1 1
v 1.80402 2.62353 22.5229 1 1 1
v -0.0884312 14.1572 34.3886 1 1 1
v -14.535 -10.166 62.0604 1 1 1
v 0.996631 -5.1527 22.1152 1 1 1
v 1.81237 -3.29056 21.3309 1 1 1
v -13.1634 -8.9916 62.164 1 1 1
v 3.02956 6.01577 22.9966 1 1 1
v -11.9201 -8.95623 59.4011 1 1 1
v -12.5255 -11.8769 60.7831 1 1 1
v -12.5255 -11.8769 60.7831 1 1 1
v 4.15177 12.2659 23.9138 1 1 1
v 3.41663 4.19859 21.9011 1 1 1
v 3.71098 6.05345 22.1687 1 1 1
v 3.16932 3.85982 22.7252 1 1 1
v 2.76829 -1.50087 21.3385 1 1 1
v 3.72258 6.53967 23.1352 1 1 1
v -11.5219 -10.0065 63.5195 1 1 1
v 4.08776 6.44643 22.899 1 1 1
v 1.55445 -4.34252 24.598 1 1 1
v -10.5513 -9.86636 61.9712 1 1 1
v -11.6487 -10.0647 66.398 1 1 1
v -9.79401 -9.75291 60.475 1 1 1
v -11.2274 -18.5621 60.0839 1 1 1
v 3.48217 -3.2214 21.318 1 1 1
v 3.5548 -3.12606 21.1796 1 1 1
v 3.3747 -3.62008 21.9311 1 1 1
v 3.85373 -2.84233 21.0666 1 1 1
v 4.68478 5.11994 24.349 1 1 1
v 4.28751 -1.7894 21.7501 1 1 1
v -7.44974 -8.26838 66.0131 1 1 1
v 4.40936 -1.89767 21.8491 1 1 1
v -6.75173 -8.58444 63.5481 1 1 1
v 4.19753 -3.73969 21.7393 1 1 1
v -7.51145 -24.3688 56.5803 1 1 1
v -7.5271 -25.0803 56.364 1 1 1
v -7.43507 -25.6837 55.7901 1 1 1
v -7.52138 -25.7452 56.0304 1 1 1
v 4.92543 0.143399 22.5378 1 1 1
v 4.71453 -2.48416 21.6428 1 1 1
v 4.82267 0.119463 23.3446 1 1 1
v 5.42184 3.47 23.5812 1 1 1
v 5.41424 2.92912 23.4896 1 1 1
v -6.76829 -24.2449 56.0211 1 1 1
v -6.76829 -24.2449 56.0211 1 1 1
v -6.97174 -25.0242 56.3849 1 1 1
v -6.81251 -25.5208 55.5907 1 1 1
v 5.39229 4.21563 24.996 1 1 1
v -6.8256 -26.2099 55.339 1 1 1
v 4.64535 -3.36151 22.0625 1 1 1
v 6.17918 12.9973 28.7648 1 1 1
v 5.39046 4.12179 25.2273 1 1 1
v -6.83008 -27.6149 54.8398 1 1 1
v -6.83008 -27.6149 54.8398 1 1 1
v 5.45206 4.15631 25.0616 1 1 1
v -6.8539 -28.2866 54.7426 1 1 1
v -5.98438 -23.2977 55.2461 1 1 1
v -5.67216 -24.4314 54.6199 1 1 1
v 5.04658 -2.52579 21.7944 1 1 1
v -6.12588 -25.3005 55.1567 1 1 1
v -6.12588 -25.3005 55.1567 1 1 1
v -6.24226 -26.1531 55.3291 1 1 1
v -6.24226 -26.1531 55.3291 1 1 1
v -6.20909 -27.5183 54.7257 1 1 1
v -5.64458 -27.124 53.5676 1 1 1
v 5.38726 -0.0129813 22.9077 1 1 1
v -6.22029 -28.2031 54.3835 1 1 1
v -6.31476 -28.294 54.6628 1 1 1
v 6.04214 7.80043 26.859 1 1 1
v 6.23264 8.79311 27.1099 1 1 1
v 6.2984 8.65048 27.2506 1 1 1
v 6.27304 8.5496 27.3721 1 1 1
v -5.64305 -27.9732 54.3808 1 1 1
v 6.46807 8.73934 27.1899 1 1 1
v 6.02664 4.50857 25.4531 1 1 1
v 5.29623 -2.92492 22.5034 1 1 1
v 6.61668 9.82258 27.8227 1 1 1
v 5.40163 -2.73002 22.385 1 1 1
v -4.9147 -27.078 54.0604 1 1 1
v -4.9147 -27.078 54.0604 1 1 1
v -4.6527 -25.9272 55.155 1 1 1
v -4.76283 -25.8043 55.7383 1 1 1
v -4.32221 -26.3103 54.2758 1 1 1
v -4.32221 -26.3103 54.2758 1 1 1
v 8.15384 14.2306 25.9316 1 1 1
v 8.04102 14.4517 26.9456 1 1 1
v -3.92894 -26.3906 53.3019 1 1 1
v -3.65738 -24.7474 54.4655 1 1 1
v -3.05556 -26.7083 53.6086 1 1 1
v -3.05556 -26.7083 53.6086 1 1 1
v -3.20903 -27.571 53.999 1 1 1
v 4.69586 -12.7957 21.0041 1 1 1
v -2.45319 -23.1066 54.7866 1 1 1
v -2.40444 -23.0193 54.5372 1 1 1
v 7.15853 9.36657 30.8484 1 1 1
v 8.50257 13.4797 27.2081 1 1 1
v -3.69046 -33.262 52.0775 1 1 1
v -3.41193 -33.629 51.5215 1 1 1
v -2.2756 -26.3129 52.7864 1 1 1
v -2.2756 -26.3129 52.7864 1 1 1
v -1.6938 -23.1409 54.1492 1 1 1
v -2.5047 -27.4427 53.4862 1 1 1
v -1.77971 -25.7294 53.4365 1 1 1
v -1.66038 -26.9916 52.8743 1 1 1
v -1.81102 -26.5049 53.4008 1 1 1
v 8.31127 11.438 30.1456 1 1 1
v -1.35349 -24.9561 53.6192 1 1 1
v 8.49985 11.2858 29.7434 1 1 1
v 6.80542 1.16023 29.8874 1 1 1
v 7.62796 8.44477 34.7826 1 1 1
v 0.716108 -6.80279 69.6439 1 1 1
v 2.39883 -6.39533 58.3041 1 1 1
v 9.48984 12.1803 26.8523 1 1 1
v 3.68226 -6.02814 54.2927 1 1 1
v 1.86453 -24.5254 53.0797 1 1 1
v 5.57542 -5.8975 54.8593 1 1 1
v 5.71668 -5.809 54.9847 1 1 1
v 2.87612 -23.618 53.4611 1 1 1
v 2.98273 -23.4373 52.9031 1 1 1
v 7.30953 -1.22842 48.5947 1 1 1
v 6.73139 -5.11198 52.5192 1 1 1
v 5.62671 -16.4333 42.9233 1 1 1
v 3.62031 -25.4695 51.7605 1 1 1
v 3.67979 -25.2604 53.0696 1 1 1
v 3.82853 -25.3656 51.5874 1 1 1
v 4.19723 -24.8833 51.0987 1 1 1
v 8.21874 -2.98763 50.6119 1 1 1
v 7.12872 -10.7991 43.1425 1 1 1
v 7.10305 -11.0142 43.6705 1 1 1
v 7.18393 -12.9804 41.7899 1 1 1
v 8.75917 -4.00695 49.92 1 1 1
v 9.05535 -2.84215 49.857 1 1 1
v 7.5283 -12.5728 42.0127 1 1 1
v 7.63102 -12.1984 42.5888 1 1 1
v 6.22889 -20.7103 42.5464 1 1 1
v 7.43478 -15.12 42.1802 1 1 1
v 11.2117 5.25906 37.5443 1 1 1
v 10.5167 1.51822 41.6094 1 1 1
v 7.79924 -14.789 40.9423 1 1 1
v 8.41839 -12.3603 41.6734 1 1 1
v 8.41839 -12.3603 41.6734 1 1 1
v 7.73711 -16.4198 41.2803 1 1 1
v 10.3132 -2.10033 48.6072 1 1 1
v 7.89661 -16.6904 40.0635 1 1 1
v 6.36578 -25.9614 42.3069 1 1 1
v 8.74197 -12.0921 42.8905 1 1 1
v 8.08651 -16.2009 40.8773 1 1 1
v 8.08651 -16.2009 40.8773 1 1 1
v 10.8217 -1.99287 50.8435 1 1 1
v 8.25002 -16.1633 40.4676 1 1 1
v 8.05997 -17.3718 41.9203 1 1 1
v 7.86146 -18.9639 40.0823 1 1 1
v 7.88379 -18.8684 39.7687 1 1 1
v 9.18548 -11.7526 41.6574 1 1 1
v 7.00192 -24.7077 41.7396 1 1 1
v 6.90225 -25.0147 41.0844 1 1 1
v 8.68063 -15.1321 41.4473 1 1 1
v 7.96223 -19.734 39.6462 1 1 1
v 7.97268 -19.6764 39.4953 1 1 1
v 7.67777 -21.6051 39.9725 1 1 1
v 7.97349 -20.9143 40.1117 1 1 1
v 8.20906 -20.6282 39.973 1 1 1
v 8.56217 -18.7528 39.0693 1 1 1
v 8.56217 -18.7528 39.0693 1 1 1
v 7.76808 -23.8139 40.8283 1 1 1
v 8.32822 -20.5439 40.3306 1 1 1
v 8.37796 -22.0082 40.0796 1 1 1
v 12.5532 1.6536 40.8543 1 1 1
v 13.0069 2.27828 44.9059 1 1 1
v 7.88531 -26.4043 42.3349 1 1 1
v 10.6221 -10.9449 41.4504 1 1 1
v 11.0367 -9.10198 42.5173 1 1 1
v 10.995 -8.94649 41.2288 1 1 1
v 9.52643 -17.2213 40.7338 1 1 1
v 7.99443 -26.5705 39.857 1 1 1
v 8.64125 -22.8217 39.7849 1 1 1
v 11.3307 -8.10124 41.3301 1 1 1
v 8.02871 -27.328 39.5774 1 1 1
v 9.43328 -20.7102 40.0087 1 1 1
v 8.36973 -27.0022 39.2822 1 1 1
v 13.4995 0.797297 41.8603 1 1 1
v 11.9311 -7.85244 39.9228 1 1 1
v 9.80329 -20.294 39.0901 1 1 1
v 12.136 -7.6812 39.5158 1 1 1
v 14.2771 7.55344 31.0909 1 1 1
v 14.2771 7.55344 31.0909 1 1 1
v 9.12878 -24.7609 39.1259 1 1 1
v 12.1883 -7.53383 40.2604 1 1 1
v 13.7641 0.23815 41.2764 1 1 1
v 10.1136 -20.1959 39.8879 1 1 1
v 14.0236 0.541842 42.8521 1 1 1
v 14.0236 0.541842 42.8521 1 1 1
v 8.9984 -27.3038 39.8085 1 1 1
v 9.31337 -27.3723 40.25 1 1 1
v 14.3231 -2.13492 46.4915 1 1 1
v 14.3231 -2.13492 46.4915 1 1 1
v 14.5652 -1.67342 46.0972 1 1 1
v 10.7946 -20.6463 39.448 1 1 1
v 12.7452 -9.84703 37.8385 1 1 1
v 9.88203 -27.9776 39.7218 1 1 1
v 9.88203 -27.9776 39.7218 1 1 1
v 11.8451 -17.5887 40.5622 1 1 1
v 10.5239 -24.604 39.0601 1 1 1
v 15.1665 -2.66193 46.0556 1 1 1
v 13.9777 -6.84344 41.3235 1 1 1
v 15.0412 -3.48044 45.3004 1 1 1
v 13.9965 -6.57875 39.7663 1 1 1
v 14.898 -4.17786 42.8718 1 1 1
v 15.7757 8.21122 27.1257 1 1 1
v -18.5925 -0.389015 30.5853 1 1 1
v -31.1286 -8.42879 42.8233 1 1 1
v -28.4774 -8.16347 40.1223 1 1 1
v -23.6668 -4.91234 36.1077 1 1 1
v -23.2396 -4.72941 36.0727 1 1 1
v -29.0798 -8.0784 41.6395 1 1 1
v -17.4976 0.764499 31.1865 1 1 1
v -30.6078 -10.9766 43.4032 1 1 1
v -17.4886 -0.233438 31.1036 1 1 1
v -19.3703 -1.08274 33.1017 1 1 1
v -19.3184 -0.875356 33.1394 1 1 1
v -19.0652 -0.523722 33.2751 1 1 1
v -21.8206 -3.25748 35.9344 1 1 1
v -21.8206 -3.25748 35.9344 1 1 1
v -20.1363 -1.172 34.8219 1 1 1
v -18.7833 -0.991842 33.416 1 1 1
v -15.1678 0.260673 29.7877 1 1 1
v -15.7528 1.00402 30.5164 1 1 1
v -15.7528 1.00402 30.5164 1 1 1
v -18.41 -0.785684 33.2125 1 1 1
v -15.9308 -0.00636824 30.8445 1 1 1
v -20.1344 -1.70492 35.6076 1 1 1
v -15.9562 -0.362004 30.9537 1 1 1
v -15.794 -0.420717 30.9924 1 1 1
v -16.0043 -0.274401 31.4001 1 1 1
v -18.339 -2.00745 33.8287 1 1 1
v -15.9463 -0.432528 31.4787 1 1 1
v -27.2143 -8.24293 43.3671 1 1 1
v -15.8841 -0.629434 31.7956 1 1 1
v -15.5033 -0.467702 31.4045 1 1 1
v -15.9006 -0.785234 32.0607 1 1 1
v -16.6302 1.18052 33.9813 1 1 1
v -13.6348 0.31399 30.3446 1 1 1
v -20.8982 -4.26297 38.0755 1 1 1
v -14.9539 -1.23176 32.0795 1 1 1
v -14.6275 0.27358 32.1862 1 1 1
v -14.5257 0.216346 32.0812 1 1 1
v -18.1445 -2.37232 36.0014 1 1 1
v -17.2305 -2.214 34.939 1 1 1
v -13.3419 -0.0366309 31.0407 1 1 1
v -14.6605 0.458294 32.6325 1 1 1
v -14.7755 -1.12364 32.5603 1 1 1
v -17.7241 -2.85654 36.0802 1 1 1
v -17.1087 -2.21063 35.4737 1 1 1
v -18.4036 -2.71203 37.0639 1 1 1
v -14.2094 0.534105 32.5352 1 1 1
v -19.8775 -4.78343 38.6788 1 1 1
v -16.5332 -2.363 34.9795 1 1 1
v -19.4535 -4.09143 38.566 1 1 1
v -14.4409 -1.20008 32.7664 1 1 1
v -21.727 -6.16028 41.1678 1 1 1
v -16.6988 -2.35805 35.6012 1 1 1
v -15.0898 -1.87687 33.7958 1 1 1
v -16.054 -2.08427 35.5241 1 1 1
v -13.4301 -0.260674 32.8216 1 1 1
v -25.8137 -8.84449 47.8268 1 1 1
v -23.7573 -10.5914 45.3497 1 1 1
v -13.3531 -0.096419 33.5607 1 1 1
v -13.3531 -0.096419 33.5607 1 1 1
v -23.7204 -10.859 45.286 1 1 1
v -15.3031 -2.91614 36.1102 1 1 1
v -17.7701 -4.48581 39.0457 1 1 1
v -11.8118 -0.493705 32.3001 1 1 1
v -11.8118 -0.493705 32.3001 1 1 1
v -13.0906 -1.73939 33.6854 1 1 1
v -17.26 -4.98803 39.3861 1 1 1
v -8.77777 0.606415 28.9945 1 1 1
v -17.4066 -4.88302 40.2085 1 1 1
v -11.9377 -2.28205 33.3902 1 1 1
v -17.8938 -5.33439 41.6228 1 1 1
v -4.4586 14.7538 28.2813 1 1 1
v -24.7398 -22.0332 47.5438 1 1 1
v -15.6735 -5.08865 39.758 1 1 1
v -14.1402 -3.63481 37.7419 1 1 1
v -10.8437 -0.936001 33.5888 1 1 1
v -11.5573 -0.808342 35.0349 1 1 1
v -3.13539 10.9888 25.9513 1 1 1
v -3.58084 10.2395 26.5114 1 1 1
v -3.04973 9.78515 25.662 1 1 1
v -13.697 -4.01676 37.8597 1 1 1
v -13.697 -4.01676 37.8597 1 1 1
v -8.88598 10.0851 35.5396 1 1 1
v -3.75069 14.509 28.9708 1 1 1
v -10.7788 -1.102 34.8272 1 1 1
v -23.6741 -25.1223 47.6282 1 1 1
v -22.4477 -17.6198 48.5377 1 1 1
v -10.6796 -1.54537 35.0989 1 1 1
v -2.49175 2.92071 23.2535 1 1 1
v -2.49175 2.92071 23.2535 1 1 1
v -5.01456 7.76398 29.4125 1 1 1
v -10.7269 -2.20389 35.7105 1 1 1
v -23.6104 -25.6143 48.9615 1 1 1
v -20.9869 -24.5493 45.6821 1 1 1
v -22.3498 -25.0561 47.6554 1 1 1
v -2.81592 1.06868 23.8485 1 1 1
v -22.8393 -22.6978 49.5364 1 1 1
v -2.62451 0.962591 23.5621 1 1 1
v -2.00481 14.3898 28.3846 1 1 1
v -2.00481 14.3898 28.3846 1 1 1
v -19.8306 -9.79021 51.4216 1 1 1
v -2.03694 8.90052 27.0862 1 1 1
v -1.37318 6.13228 24.9376 1 1 1
v -1.37318 6.13228 24.9376 1 1 1
v -2.29342 9.07852 27.8561 1 1 1
v -1.43833 6.67263 25.2849 1 1 1
v -22.1073 -15.2664 55.1693 1 1 1
v -2.25088 -3.90944 23.0156 1 1 1
v -0.637381 14.7699 27.8133 1 1 1
v -1.69476 8.25564 27.2533 1 1 1
v 0.0933683 11.2176 25.2343 1 1 1
v -20.0449 -22.4621 50.4308 1 1 1
v -0.673029 10.1356 26.4896 1 1 1
v -0.529989 9.81632 26.3506 1 1 1
v -0.959941 9.2141 26.9711 1 1 1
v -0.345465 9.61709 25.9473 1 1 1
v -2.14887 -4.23837 23.5807 1 1 1
v -19.9688 -20.2256 52.2313 1 1 1
v -0.5712 6.56006 25.5587 1 1 1
v 0.816273 15.5853 27.1005 1 1 1
v -1.57364 -4.54993 23.1348 1 1 1
v -19.7164 -13.7785 56.2828 1 1 1
v -18.7882 -14.1687 54.315 1 1 1
v 0.555584 4.76552 23.2591 1 1 1
v -19.3762 -14.189 56.035 1 1 1
v -0.916231 -3.71656 22.5415 1 1 1
v -0.476571 7.47472 26.65 1 1 1
v -0.524848 -3.75584 22.0302 1 1 1
v -0.821677 -3.70415 22.883 1 1 1
v 1.36589 9.03641 24.3387 1 1 1
v -0.331141 -4.19561 22.039 1 1 1
v -0.723867 -4.78704 23.3264 1 1 1
v 1.78918 6.76401 23.4985 1 1 1
v 2.51413 13.6765 25.2992 1 1 1
v 1.62472 10.1642 25.8296 1 1 1
v 3.61557 12.4399 22.8324 1 1 1
v -18.6057 -22.4152 57.3474 1 1 1
v 0.229603 -5.28339 22.2611 1 1 1
v -18.5202 -21.5088 58.0892 1 1 1
v -17.2005 -22.4411 55.2911 1 1 1
v 0.238632 12.17 31.384 1 1 1
v 2.6855 5.24752 22.1476 1 1 1
v -16.2196 -41.1706 44.9464 1 1 1
v -17.0436 -14.9717 59.4325 1 1 1
v 1.43273 -2.54414 21.4186 1 1 1
v -16.8361 -14.5433 60.0942 1 1 1
v -17.97 -29.812 55.0732 1 1 1
v -17.1162 -20.0845 58.1325 1 1 1
v -17.4091 -23.5503 57.5373 1 1 1
v -16.0087 -22.3266 55.3016 1 1 1
v -16.7619 -14.22 60.6517 1 1 1
v -16.2043 -14.5605 59.2117 1 1 1
v -17.41 -25.2312 56.7052 1 1 1
v 3.98452 12.2524 23.6782 1 1 1
v -16.1852 -25.573 53.8025 1 1 1
v 0.812597 12.5898 31.8015 1 1 1
v -17.8873 -32.091 54.7828 1 1 1
v -17.215 -31.1107 54.5224 1 1 1
v 1.38424 11.6653 30.4818 1 1 1
v 1.11689 -5.29597 22.3963 1 1 1
v 3.91766 15.2951 26.8613 1 1 1
v -11.6767 -8.80169 54.3844 1 1 1
v 2.90715 9.68517 26.769 1 1 1
v 1.87555 -3.56215 22.1204 1 1 1
v -12.4721 -9.83458 58.1213 1 1 1
v -12.761 -9.09826 60.3984 1 1 1
v 4.49734 10.8983 24.4323 1 1 1
v -12.3081 -9.21061 60.7185 1 1 1
v 0.523514 -3.26396 27.8513 1 1 1
v 4.41521 6.25172 22.8664 1 1 1
v 2.00683 -3.28978 24.0927 1 1 1
v 4.43424 6.35743 23.3308 1 1 1
v 3.68349 1.76914 22.9014 1 1 1
v 3.69781 2.06471 23.1537 1 1 1
v 3.32734 -3.38501 21.2052 1 1 1
v -11.2258 -9.43127 61.3032 1 1 1
v 4.42531 4.96689 23.3601 1 1 1
v 3.92463 1.36785 22.8941 1 1 1
v 4.31225 2.70678 22.8371 1 1 1
v 4.47663 10.9423 27.9433 1 1 1
v 4.68802 6.38869 24.4178 1 1 1
v -10.637 -15.9011 59.6995 1 1 1
v -11.0638 -9.82371 65.4713 1 1 1
v 5.04126 6.51782 24.3047 1 1 1
v -7.48366 -6.79086 56.7339 1 1 1
v 5.13471 6.44777 25.018 1 1 1
v 5.44127 12.0884 28.1418 1 1 1
v 4.70341 0.794499 22.8814 1 1 1
v 4.57021 8.54234 28.8619 1 1 1
v 5.03213 4.5389 24.4301 1 1 1
v 4.73515 0.801898 23.0018 1 1 1
v 4.63276 -0.0554035 23.0078 1 1 1
v 6.17995 13.068 27.4368 1 1 1
v 5.31316 0.136841 21.043 1 1 1
v 5.31316 0.136841 21.043 1 1 1
v 4.78576 0.0181412 22.8835 1 1 1
v 4.58212 -2.12337 22.2336 1 1 1
v 4.48068 -3.45331 22.0151 1 1 1
v 4.86971 -2.22004 21.8846 1 1 1
v 5.44085 3.34441 23.9769 1 1 1
v 5.36976 4.01068 24.8303 1 1 1
v 5.36976 4.01068 24.8303 1 1 1
v 5.65066 3.12112 23.1892 1 1 1
v 4.81323 -2.70552 21.9826 1 1 1
v 5.10078 0.663116 23.7865 1 1 1
v 4.63367 -3.45703 22.8831 1 1 1
v 4.98568 -3.13801 22.3269 1 1 1
v 5.89319 3.21313 24.3426 1 1 1
v -7.48188 -24.0813 56.7597 1 1 1
v 6.79542 12.3372 28.7982 1 1 1
v -7.64022 -28.3166 54.3327 1 1 1
v -7.46254 -26.4149 56.1633 1 1 1
v 5.35525 -2.80447 22.5668 1 1 1
v 7.6784 13.5023 27.173 1 1 1
v 6.24385 4.22349 25.765 1 1 1
v -6.08287 -23.9174 55.6201 1 1 1
v 6.93911 8.63709 27.7529 1 1 1
v 8.41508 13.6693 25.9669 1 1 1
v -4.88791 -24.4035 55.1169 1 1 1
v -4.88791 -24.4035 55.1169 1 1 1
v 2.76019 2.02458 44.5526 1 1 1
v -4.5005 -23.3747 55.8935 1 1 1
v -5.1033 -28.1908 54.5564 1 1 1
v 7.80393 11.3069 29.725 1 1 1
v 5.86698 5.61602 39.1871 1 1 1
v -3.02109 -27.347 53.3569 1 1 1
v -2.3624 -23.8056 54.3203 1 1 1
v -2.3624 -23.8056 54.3203 1 1 1
v 2.11392 -3.93513 52.8581 1 1 1
v 7.68172 8.2268 34.5522 1 1 1
v 6.37888 3.22859 41.2152 1 1 1
v 4.59325 -16.4583 31.8803 1 1 1
v 2.83884 -18.7794 47.5247 1 1 1
v 5.86801 -5.95801 55.4429 1 1 1
v 3.22609 -24.2041 53.6521 1 1 1
v 3.40303 -25.4239 51.6674 1 1 1
v 3.46633 -25.4867 51.7236 1 1 1
v 6.43948 -12.8487 42.8515 1 1 1
v 7.558 -4.70945 50.3972 1 1 1
v 6.41019 -12.8055 43.6304 1 1 1
v 12.0434 10.8658 27.9132 1 1 1
v 6.33128 -15.887 42.5786 1 1 1
v 6.32596 -15.9436 42.7542 1 1 1
v 7.10919 -11.6576 44.0178 1 1 1
v 7.03657 -12.8345 41.5655 1 1 1
v 7.03657 -12.8345 41.5655 1 1 1
v 8.56051 -2.95081 50.6885 1 1 1
v 6.76812 -15.0251 42.3465 1 1 1
v 6.36636 -17.096 42.6888 1 1 1
v 8.88543 -2.79214 48.8876 1 1 1
v 8.88543 -2.79214 48.8876 1 1 1
v 6.2464 -19.4969 42.436 1 1 1
v 9.07266 -2.87379 49.7528 1 1 1
v 10.3375 1.70689 41.5658 1 1 1
v 7.30277 -14.6316 41.9965 1 1 1
v 7.88539 -12.6193 42.865 1 1 1
v 7.35875 -15.8816 42.8252 1 1 1
v 9.56787 -3.27889 50.3679 1 1 1
v 12.3294 8.04655 32.2901 1 1 1
v 12.3294 8.04655 32.2901 1 1 1
v 8.37479 -11.2475 40.8776 1 1 1
v 8.19784 -12.1398 41.9358 1 1 1
v 8.23569 -12.0379 41.3796 1 1 1
v 7.62341 -15.2934 41.9271 1 1 1
v 6.1565 -23.7102 42.1859 1 1 1
v 6.27308 -22.9859 41.8094 1 1 1
v 11.1356 2.31375 42.2652 1 1 1
v 7.76451 -16.1777 41.853 1 1 1
v 7.84832 -15.9053 41.9288 1 1 1
v 7.57139 -17.9961 40.0972 1 1 1
v 7.97745 -16.3903 41.2083 1 1 1
v 8.08395 -16.0374 39.9197 1 1 1
v 7.40484 -19.5817 40.5811 1 1 1
v 7.40484 -19.5817 40.5811 1 1 1
v 7.91844 -17.0826 41.5083 1 1 1
v 6.83831 -23.1357 41.1636 1 1 1
v 8.79634 -12.9129 40.9171 1 1 1
v 8.74157 -13.1279 41.9377 1 1 1
v 6.87818 -23.0338 41.6889 1 1 1
v 7.15118 -21.6288 41.3479 1 1 1
v 8.1325 -16.4949 40.64 1 1 1
v 7.55123 -19.8331 40.9198 1 1 1
v 8.46606 -15.3369 40.7351 1 1 1
v 6.70237 -24.6398 42.7837 1 1 1
v 9.12561 -11.9654 42.9319 1 1 1
v 6.66604 -25.5159 41.3816 1 1 1
v 7.09776 -23.1707 41.7697 1 1 1
v 7.41425 -21.4037 40.2009 1 1 1
v 11.5358 0.0323117 42.9232 1 1 1
v 6.90356 -24.9658 41.0131 1 1 1
v 7.50913 -21.8032 40.3276 1 1 1
v 7.43646 -22.304 41.1904 1 1 1
v 9.072 -13.8265 41.5322 1 1 1
v 9.39463 -12.1111 43.5295 1 1 1
v 9.15468 -13.7313 43.4548 1 1 1
v 11.7673 -0.161187 42.8395 1 1 1
v 8.95712 -14.7736 42.3792 1 1 1
v 12.0103 1.41323 43.5424 1 1 1
v 7.8315 -21.1132 40.0866 1 1 1
v 11.9096 0.00818802 43.0042 1 1 1
v 9.22277 -14.2332 40.4672 1 1 1
v 9.18113 -14.3977 41.153 1 1 1
v 9.71913 -11.7422 43.4371 1 1 1
v 13.6002 8.6073 30.1166 1 1 1
v 8.15489 -20.6207 40.8625 1 1 1
v 7.33963 -25.0517 41.5123 1 1 1
v 7.33963 -25.0517 41.5123 1 1 1
v 12.5246 1.77412 41.2399 1 1 1
v 12.5246 1.77412 41.2399 1 1 1
v 12.551 1.98378 41.5562 1 1 1
v 9.10747 -16.4558 41.7707 1 1 1
v 7.31218 -26.5116 41.8783 1 1 1
v 8.76561 -18.6958 39.7725 1 1 1
v 12.7668 2.22475 41.7446 1 1 1
v 8.67157 -19.3616 39.9854 1 1 1
v 8.65204 -19.5186 40.3834 1 1 1
v 12.7068 1.7077 41.2443 1 1 1
v 12.5322 1.16174 37.3488 1 1 1
v 10.4151 -10.8128 41.8211 1 1 1
v 12.7818 1.47563 41.6072 1 1 1
v 8.22505 -22.7739 41.3259 1 1 1
v 12.9817 1.86163 40.6682 1 1 1
v 10.4549 -11.6967 41.6513 1 1 1
v 10.4226 -12.0519 40.5291 1 1 1
v 10.4226 -12.0519 40.5291 1 1 1
v 7.51975 -28.2587 41.5757 1 1 1
v 8.88408 -20.6067 40.2314 1 1 1
v 8.29174 -24.3258 40.702 1 1 1
v 9.04921 -20.4055 40.163 1 1 1
v 11.2858 -8.65327 41.3412 1 1 1
v 7.71939 -27.734 41.3832 1 1 1
v 9.03105 -20.9009 40.2405 1 1 1
v 11.697 -7.28285 39.9155 1 1 1
v 11.8545 -7.23734 40.8476 1 1 1
v 8.69737 -24.3505 40.6914 1 1 1
v 11.8573 -7.71888 41.9812 1 1 1
v 8.79671 -24.2741 40.1815 1 1 1
v 10.2069 -16.9801 39.9913 1 1 1
v 13.6181 0.658505 42.1471 1 1 1
v 13.8563 1.59169 40.6892 1 1 1
v 12.175 -7.60366 40.7759 1 1 1
v 12.4403 -6.98498 40.9741 1 1 1
v 8.61477 -27.0681 39.4402 1 1 1
v 14.0286 0.334562 42.7537 1 1 1
v 8.62166 -28.0746 40.2983 1 1 1
v 12.6806 -7.03756 42.1221 1 1 1
v 10.0789 -20.7436 39.9861 1 1 1
v 9.19451 -25.8743 40.356 1 1 1
v 12.7329 -7.05482 40.378 1 1 1
v 12.6527 -7.33392 39.6338 1 1 1
v 8.91463 -27.6406 39.9811 1 1 1
v 9.24905 -26.3338 40.4668 1 1 1
v 14.4926 0.937715 43.0917 1 1 1
v 14.3739 -1.30047 46.0498 1 1 1
v 14.3519 -1.3229 45.5807 1 1 1
v 9.76608 -25.1039 40.2319 1 1 1
v 14.7692 -0.648434 44.6621 1 1 1
v 14.6363 -2.50804 46.4894 1 1 1
v 12.4542 -13.3783 40.7966 1 1 1
v 13.6491 -7.57219 41.1879 1 1 1
v 9.29116 -25.9639 26.2498 1 1 1
v 9.29116 -25.9639 26.2498 1 1 1
v -17.9316 3.1137 31.0145 1 1 1
v -17.4945 -0.916222 29.3375 1 1 1
v -17.5452 -0.312267 30.1047 1 1 1
v -32.8624 -10.6619 44.1148 1 1 1
v -30.1111 -8.08 41.7418 1 1 1
v -17.3222 -0.0752532 30.667 1 1 1
v -23.1317 -4.65468 35.9142 1 1 1
v -17.6696 -0.868722 31.3981 1 1 1
v -19.3973 -1.12891 33.1472 1 1 1
v -15.5077 0.926343 29.6956 1 1 1
v -29.702 -25.7437 36.9127 1 1 1
v -17.8673 -1.0567 31.6625 1 1 1
v -15.7098 -0.35192 29.9142 1 1 1
v -15.9846 -0.245748 30.6495 1 1 1
v -15.7484 0.164052 30.6795 1 1 1
v -22.8736 -5.22772 37.1902 1 1 1
v -14.3744 0.650602 29.7454 1 1 1
v -16.241 -0.557815 31.3293 1 1 1
v -15.6998 -0.594483 30.8597 1 1 1
v -30.3604 -31.6674 37.7048 1 1 1
v -27.0777 -8.57491 41.5591 1 1 1
v -21.3465 -5.56372 36.8787 1 1 1
v -15.2039 -0.713143 31.2701 1 1 1
v -14.7961 -1.02771 31.1338 1 1 1
v -23.3086 -6.19895 39.261 1 1 1
v -27.1327 -8.81815 43.3184 1 1 1
v -29.4901 -10.532 45.9411 1 1 1
v -13.851 -0.134967 30.6725 1 1 1
v -20.7925 -5.6728 37.4446 1 1 1
v -14.3582 0.437962 31.565 1 1 1
v -29.0735 -9.1606 46.6337 1 1 1
v -28.9407 -9.13808 46.4833 1 1 1
v -13.5028 -0.00401422 31.2591 1 1 1
v -14.1935 -0.904984 31.8612 1 1 1
v -12.9934 0.0542736 31.0254 1 1 1
v -14.491 -1.78847 32.6106 1 1 1
v -26.8095 -19.6423 41.9215 1 1 1
v -27.8168 -20.0209 42.9949 1 1 1
v -12.6839 -0.217151 31.3091 1 1 1
v -17.793 -4.05179 36.4898 1 1 1
v -21.0736 -6.25162 39.8302 1 1 1
v -12.8239 -1.18456 31.6131 1 1 1
v -14.3864 -2.15753 33.4227 1 1 1
v -16.0395 -3.27739 35.1328 1 1 1
v -12.9212 -0.182026 32.2232 1 1 1
v -15.0815 -3.17461 34.2753 1 1 1
v -15.3149 -2.33192 35.1462 1 1 1
v -4.01476 14.3402 26.5983 1 1 1
v -12.3982 -2.19132 32.4157 1 1 1
v -16.948 -4.67279 37.7375 1 1 1
v -17.815 -4.93746 38.8549 1 1 1
v -3.67088 10.4618 25.574 1 1 1
v -3.67088 10.4618 25.574 1 1 1
v -14.1859 -3.86849 35.6738 1 1 1
v -3.12182 11.4998 26.348 1 1 1
v -16.3193 -5.23744 39.225 1 1 1
v -11.1975 -2.35335 33.9039 1 1 1
v -13.0061 -3.58971 36.3655 1 1 1
v -13.5081 -3.91901 37.2456 1 1 1
v -15.6726 -4.9785 40.1517 1 1 1
v -23.1234 -29.8451 42.0127 1 1 1
v -25.1626 -22.9535 48.1853 1 1 1
v -1.23914 2.85267 21.6334 1 1 1
v -2.31225 13.0872 27.8106 1 1 1
v -1.84755 13.2341 27.5923 1 1 1
v -1.84755 13.2341 27.5923 1 1 1
v -15.2818 -4.69079 41.6736 1 1 1
v -24.1918 -25.0025 47.6619 1 1 1
v -22.7119 -23.8014 46.0773 1 1 1
v -21.2202 -20.814 45.5313 1 1 1
v 2.01366 2.67617 17.3902 1 1 1
v -1.18472 5.43509 23.7922 1 1 1
v -22.0145 -20.7958 46.9661 1 1 1
v -23.8316 -25.1062 48.1292 1 1 1
v -2.93117 8.64609 28.4477 1 1 1
v -1.00786 9.37424 26.2282 1 1 1
v -0.500453 8.91929 25.2704 1 1 1
v -20.8044 -14.2515 49.7411 1 1 1
v 0.104357 9.33232 24.7773 1 1 1
v -1.41748 -4.40972 22.8384 1 1 1
v -0.562926 -3.84554 21.8785 1 1 1
v 1.59469 9.25703 24.0539 1 1 1
v 1.80973 9.01546 23.5998 1 1 1
v -0.240802 -3.4922 21.7872 1 1 1
v -0.311104 -3.40831 22.0275 1 1 1
v 0.165887 -3.03261 21.3811 1 1 1
v 1.46468 9.63106 24.8219 1 1 1
v -1.06376 -4.90004 22.7906 1 1 1
v 1.68391 9.71127 24.5791 1 1 1
v 1.68533 9.88988 24.5879 1 1 1
v 1.8476 8.65334 24.0376 1 1 1
v 2.01386 6.1399 22.7862 1 1 1
v 2.00719 6.46365 22.9967 1 1 1
v 2.10275 6.36086 22.8466 1 1 1
v -19.4293 -13.6476 55.4702 1 1 1
v -19.425 -13.8014 55.8594 1 1 1
v -19.315 -13.9617 55.7984 1 1 1
v -19.6501 -21.898 52.7158 1 1 1
v 2.59481 5.43773 22.1394 1 1 1
v 2.49783 5.65049 22.5756 1 1 1
v 3.56249 11.7721 23.4866 1 1 1
v 1.77671 -0.549661 21.1083 1 1 1
v 2.83834 5.51945 22.0976 1 1 1
v 2.83649 5.72274 22.1788 1 1 1
v 2.69628 5.06302 22.3191 1 1 1
v 0.426952 -3.94278 22.6196 1 1 1
v 1.45931 -3.9346 20.6231 1 1 1
v 3.74434 13.2428 24.6942 1 1 1
v 0.639954 11.7853 30.9088 1 1 1
v 2.70697 -4.14171 18.2715 1 1 1
v 1.07941 -4.03365 22.1403 1 1 1
v 0.636766 11.8644 31.6106 1 1 1
v -0.817131 -5.53105 25.8047 1 1 1
v 4.60072 14.5095 24.4906 1 1 1
v 4.51679 11.3062 23.0086 1 1 1
v 3.20851 5.90216 23.0844 1 1 1
v 4.24124 14.2638 25.3116 1 1 1
v 4.62093 14.7535 24.7919 1 1 1
v -17.2485 -9.92101 59.9191 1 1 1
v 1.45427 10.6074 29.5927 1 1 1
v 4.5614 14.5032 24.9858 1 1 1
v 2.42235 -2.18762 20.8413 1 1 1
v -15.1843 -40.1006 42.2775 1 1 1
v -15.0773 -39.7838 41.4641 1 1 1
v 3.28869 5.90043 24.1069 1 1 1
v -17.4662 -14.9145 60.9638 1 1 1
v -17.3652 -17.6421 59.2799 1 1 1
v -17.8239 -24.3339 56.9208 1 1 1
v -17.6568 -43.6169 46.5166 1 1 1
v -16.1419 -13.9384 59.3255 1 1 1
v -17.1078 -10.2944 63.7003 1 1 1
v -14.8053 -10.4593 58.1586 1 1 1
v -11.7801 -9.65489 51.8114 1 1 1
v 4.49647 6.07561 22.2808 1 1 1
v -17.8797 -27.759 56.9943 1 1 1
v -9.05368 -8.24878 46.9891 1 1 1
v -15.5029 -30.2931 51.074 1 1 1
v -16.4943 -38.8524 48.2471 1 1 1
v 5.10619 10.5121 23.7784 1 1 1
v 3.30846 -3.64368 19.9056 1 1 1
v 3.30846 -3.64368 19.9056 1 1 1
v 2.56731 -3.87291 21.9824 1 1 1
v 1.78393 -3.51399 24.6827 1 1 1
v 5.03276 9.82088 24.508 1 1 1
v 4.8998 12.914 26.9348 1 1 1
v 3.35259 -3.42606 21.1784 1 1 1
v 3.24136 -3.3234 21.5287 1 1 1
v 4.99962 9.60302 24.7774 1 1 1
v 4.85878 5.68065 23.0587 1 1 1
v 4.53926 2.54599 22.5112 1 1 1
v 4.98873 6.17496 23.6453 1 1 1
v 4.84452 4.77247 23.9865 1 1 1
v 3.25261 -4.02713 23.4798 1 1 1
v 5.30551 3.64097 23.8245 1 1 1
v 4.59292 0.174884 23.703 1 1 1
v 4.2478 -3.53116 22.3886 1 1 1
v -10.5858 -18.4587 58.8271 1 1 1
v 6.35355 12.3287 28.2346 1 1 1
v 5.52986 2.36863 23.9299 1 1 1
v 5.05878 -2.35746 22.133 1 1 1
v 5.46826 0.733232 23.1865 1 1 1
v 4.93821 -0.144648 24.2749 1 1 1
v 5.09256 -2.85497 22.0846 1 1 1
v 5.12453 0.0355508 24.1682 1 1 1
v 5.07342 0.08253 24.3569 1 1 1
v 5.2587 0.112337 23.9343 1 1 1
v 5.98894 8.39233 27.4531 1 1 1
v 6.29737 8.23768 26.816 1 1 1
v 6.30489 7.27075 26.0334 1 1 1
v 5.17202 -2.62238 22.4861 1 1 1
v 5.17818 -3.00988 22.5316 1 1 1
v 5.17818 -3.00988 22.5316 1 1 1
v 6.13745 4.24987 25.4543 1 1 1
v 5.46637 -2.49254 22.5065 1 1 1
v 8.34454 13.2444 25.1153 1 1 1
v 8.27105 13.1336 25.5719 1 1 1
v 5.46674 -2.72699 22.844 1 1 1
v -6.70982 -8.83126 61.8822 1 1 1
v 7.45107 11.3631 28.4048 1 1 1
v 0.171597 0.240675 47.0709 1 1 1
v -7.6876 -24.378 56.1541 1 1 1
v 8.72354 12.2998 25.86 1 1 1
v -7.19066 -26.9722 54.8305 1 1 1
v -6.5291 -25.4494 55.0919 1 1 1
v -6.5291 -25.4494 55.0919 1 1 1
v -6.75218 -26.3092 55.3174 1 1 1
v -6.75218 -26.3092 55.3174 1 1 1
v -6.92119 -28.4756 55.0247 1 1 1
v -5.94207 -24.6389 55.2019 1 1 1
v 6.49458 8.02874 33.4703 1 1 1
v -5.42819 -23.8941 55.3612 1 1 1
v -4.94295 -23.5906 54.3997 1 1 1
v -5.11424 -24.2982 54.5002 1 1 1
v -4.89477 -24.1431 54.0655 1 1 1
v -4.90806 -23.7338 55.5023 1 1 1
v -4.59013 -23.517 54.7891 1 1 1
v 5.01505 4.96783 39.1955 1 1 1
v 8.7131 10.4588 28.5616 1 1 1
v -4.35104 -23.7755 55.4703 1 1 1
v -4.60171 -25.8583 54.9214 1 1 1
v -4.14846 -24.2481 54.7674 1 1 1
v -4.29952 -24.3546 55.1283 1 1 1
v -3.6677 -23.0764 55.3534 1 1 1
v -3.39929 -23.2663 54.5251 1 1 1
v -3.73644 -24.9982 54.9392 1 1 1
v -3.73644 -24.9982 54.9392 1 1 1
v -2.96301 -23.3174 54.6466 1 1 1
v -2.63155 -23.1351 54.0321 1 1 1
v 7.78205 7.93735 33.8537 1 1 1
v -2.84937 -23.9756 54.3841 1 1 1
v -2.84937 -23.9756 54.3841 1 1 1
v -2.54564 -24.7865 54.7953 1 1 1
v -2.54564 -24.7865 54.7953 1 1 1
v -3.00362 -32.6085 50.4972 1 1 1
v -2.92749 -32.8121 50.2381 1 1 1
v -1.71843 -23.7658 54.3354 1 1 1
v -1.89143 -24.5562 54.3375 1 1 1
v 6.24439 -5.32102 34.064 1 1 1
v 8.09056 2.0549 43.2387 1 1 1
v 5.7316 -5.76024 55.7358 1 1 1
v 7.46904 -1.53353 50.2614 1 1 1
v 6.78085 -5.05245 54.0615 1 1 1
v 6.28256 -13.2535 42.7756 1 1 1
v 2.65616 -26.6661 53.633 1 1 1
v 6.50099 -12.5719 44.6372 1 1 1
v 6.5754 -12.8769 42.2913 1 1 1
v 3.46592 -24.6166 52.2573 1 1 1
v 3.68333 -23.8919 52.4358 1 1 1
v 6.23829 -15.4626 42.2386 1 1 1
v 3.53778 -25.4093 51.86 1 1 1
v 7.13686 -11.1192 44.3762 1 1 1
v 7.21218 -11.1328 43.4781 1 1 1
v 10.1589 2.31392 41.1581 1 1 1
v 6.77247 -13.8268 43.2932 1 1 1
v 6.78507 -14.3296 43.2164 1 1 1
v 7.3789 -11.489 42.8787 1 1 1
v 7.34193 -11.6795 43.2726 1 1 1
v 7.29324 -11.7715 43.6908 1 1 1
v 4.22035 -24.7872 49.9217 1 1 1
v 6.70239 -15.1385 42.7689 1 1 1
v 4.29537 -24.6422 50.5171 1 1 1
v 7.0224 -13.9548 42.1692 1 1 1
v 7.58601 -12.0043 42.1411 1 1 1
v 9.271 -2.29753 51.7684 1 1 1
v 8.40524 -10.8143 36.7406 1 1 1
v 9.01179 -3.99184 53.0908 1 1 1
v 7.83831 -12.5273 43.3651 1 1 1
v 5.9157 -22.3579 45.2777 1 1 1
v 7.22147 -16.931 42.0608 1 1 1
v 9.38178 -5.98104 45.4674 1 1 1
v 9.38178 -5.98104 45.4674 1 1 1
v 10.2847 -1.02942 47.9099 1 1 1
v 6.22972 -23.3954 43.8072 1 1 1
v 8.42501 -12.5159 43.2712 1 1 1
v 11.441 1.51372 41.0974 1 1 1
v 7.75322 -16.7574 43.006 1 1 1
v 7.96833 -15.8223 42.0348 1 1 1
v 6.88947 -21.586 41.5789 1 1 1
v 7.76391 -17.8888 39.1137 1 1 1
v 11.3616 0.593645 43.4891 1 1 1
v 8.15167 -15.5912 42.0319 1 1 1
v 8.07576 -15.9526 43.229 1 1 1
v 7.96098 -16.7807 41.0833 1 1 1
v 7.5139 -19.8468 41.0027 1 1 1
v 7.08878 -21.914 41.5365 1 1 1
v 8.89889 -12.4178 45.7872 1 1 1
v 12.1533 1.93588 40.0039 1 1 1
v 11.5945 -0.126553 46.5342 1 1 1
v 7.47842 -21.4509 41.0658 1 1 1
v 8.92945 -14.532 42.1045 1 1 1
v 7.69697 -21.5547 41.089 1 1 1
v 9.38509 -12.7438 42.7537 1 1 1
v 12.3768 1.78733 42.3462 1 1 1
v 9.7215 -11.9408 43.6646 1 1 1
v 11.9917 -0.305965 45.5325 1 1 1
v 9.54941 -13.6827 42.2374 1 1 1
v 8.13243 -21.5283 40.0392 1 1 1
v 8.43311 -20.3104 40.5385 1 1 1
v 8.43296 -20.4394 40.8332 1 1 1
v 8.98092 -17.751 40.5388 1 1 1
v 7.63773 -25.2565 41.7006 1 1 1
v 9.9142 -13.9083 41.0238 1 1 1
v 9.03193 -18.767 40.9093 1 1 1
v 13.2183 2.49745 41.5109 1 1 1
v 10.9996 -8.91781 41.0932 1 1 1
v 11.2277 -8.50501 41.8989 1 1 1
v 13.2081 1.10699 43.245 1 1 1
v 9.44443 -18.6091 41.2031 1 1 1
v 7.83243 -26.7478 42.2475 1 1 1
v 11.6317 -7.70288 40.1724 1 1 1
v 13.5251 1.71575 43.6983 1 1 1
v 13.2615 0.0498736 41.8262 1 1 1
v 8.6031 -24.056 40.5314 1 1 1
v 11.9339 -7.07568 41.6338 1 1 1
v 7.58755 -29.4435 42.5428 1 1 1
v 13.548 0.51482 42.4446 1 1 1
v 8.69882 -24.8487 40.5673 1 1 1
v 13.6542 0.817104 43.7175 1 1 1
v 12.072 -7.18324 39.3771 1 1 1
v 13.6147 0.276024 41.5593 1 1 1
v 8.7082 -25.1209 40.3374 1 1 1
v 12.0529 -7.88421 40.426 1 1 1
v 12.0315 -7.95671 41.2547 1 1 1
v 10.0243 -18.3433 40.6636 1 1 1
v 13.8722 0.933711 44.3339 1 1 1
v 12.0669 -8.19128 39.9798 1 1 1
v 12.0407 -8.2902 40.9963 1 1 1
v 13.8532 0.488159 42.6507 1 1 1
v 8.7094 -25.7054 40.1949 1 1 1
v 8.4153 -27.3452 39.7307 1 1 1
v 13.8684 -0.822482 48.7438 1 1 1
v 13.8671 -0.851342 48.288 1 1 1
v 8.59526 -27.1606 40.0543 1 1 1
v 8.60312 -27.5521 39.8755 1 1 1
v 14.1465 -0.135014 44.4941 1 1 1
v 12.5366 -7.99568 41.1295 1 1 1
v 13.9823 -1.74602 46.2745 1 1 1
v 14.5293 1.01352 44.2766 1 1 1
v 12.5781 -10.3766 41.006 1 1 1
v 13.4681 -7.18317 41.9039 1 1 1
v 13.4681 -7.18317 41.9039 1 1 1
v -12.6193 4.34642 26.3953 1 1 1
v -14.5868 1.96024 27.5782 1 1 1
v -12.3621 5.54096 26.5554 1 1 1
v -12.6471 13.126 29.4038 1 1 1
v -31.0459 -9.79663 40.4398 1 1 1
v -33.0523 -9.76135 42.4923 1 1 1
v -33.106 -9.9126 42.8538 1 1 1
v -31.1386 -11.9214 40.613 1 1 1
v -36.2995 -11.5523 45.6058 1 1 1
v -14.5502 1.2441 28.6351 1 1 1
v -18.054 -1.19868 31.5164 1 1 1
v -25.7947 -31.0983 29.6031 1 1 1
v -26.2223 -31.7612 30.4771 1 1 1
v -14.3452 0.620089 29.1409 1 1 1
v -18.6836 -1.38241 33.101 1 1 1
v -29.3312 -10.4002 41.3121 1 1 1
v -16.7256 -0.764831 31.3888 1 1 1
v -16.8352 -0.761881 31.5033 1 1 1
v -30.0319 -8.27301 43.1333 1 1 1
v -15.9985 -1.18689 31.1731 1 1 1
v -13.9157 0.539204 29.6098 1 1 1
v -5.81974 14.5286 26.3903 1 1 1
v -27.6817 -8.32395 42.6059 1 1 1
v -14.7842 -1.03825 31.0618 1 1 1
v -23.7644 -24.3533 33.3773 1 1 1
v -26.7703 -8.64959 42.2916 1 1 1
v -24.26 -6.75775 40.3941 1 1 1
v -14.5124 -1.20304 31.3541 1 1 1
v -22.8821 -6.60299 38.9616 1 1 1
v -23.3716 -7.06863 39.3717 1 1 1
v -19.483 -4.19426 36.2721 1 1 1
v -22.4839 -7.12267 38.9346 1 1 1
v -13.2132 -1.30813 30.971 1 1 1
v -17.4006 -3.75403 35.0653 1 1 1
v -17.3139 -3.74937 34.9687 1 1 1
v -16.0844 -2.6636 34.0727 1 1 1
v -19.425 -4.71786 37.2996 1 1 1
v -13.3392 -1.12937 31.4017 1 1 1
v -20.01 -4.58895 38.0317 1 1 1
v -4.55182 13.0927 26.3937 1 1 1
v -13.024 -1.56257 31.7873 1 1 1
v -13.5042 -1.85761 32.1866 1 1 1
v -12.3684 -0.240022 31.4961 1 1 1
v -19.9761 -6.14599 38.6625 1 1 1
v -12.4175 -0.372268 31.5467 1 1 1
v -3.44593 13.3835 25.9646 1 1 1
v -18.8809 -5.02339 37.9993 1 1 1
v -5.34394 11.9762 27.9054 1 1 1
v -14.7056 -2.2714 34.3898 1 1 1
v -18.7311 -4.64612 38.9607 1 1 1
v -1.80865 13.776 24.7675 1 1 1
v -3.29234 13.3255 26.5459 1 1 1
v -15.7539 -4.2708 36.1804 1 1 1
v -25.6407 -8.84853 47.6606 1 1 1
v -3.62816 11.5258 26.8197 1 1 1
v -14.4763 -3.76527 35.3095 1 1 1
v -1.61836 9.51562 23.5976 1 1 1
v -12.2396 -12.2706 29.0811 1 1 1
v -23.9018 -12.2087 44.7512 1 1 1
v -23.7302 -13.3302 44.1915 1 1 1
v -16.3575 -4.75346 37.827 1 1 1
v -24.3366 -9.78841 46.8378 1 1 1
v -13.7421 -3.06636 35.6875 1 1 1
v -2.22699 12.7012 26.5398 1 1 1
v -2.22699 12.7012 26.5398 1 1 1
v -18.2891 -5.46392 41.1129 1 1 1
v -2.50872 8.92957 25.5076 1 1 1
v -14.4312 -3.83881 36.6106 1 1 1
v -11.3327 -2.13673 33.1778 1 1 1
v -2.87667 8.76899 26.08 1 1 1
v -14.7171 -4.38087 37.2523 1 1 1
v -1.64947 2.81747 22.0541 1 1 1
v -1.64947 2.81747 22.0541 1 1 1
v -1.68746 2.82489 22.1213 1 1 1
v -1.89106 2.90241 22.446 1 1 1
v -2.48699 8.56697 25.8743 1 1 1
v -2.90484 5.97882 25.3235 1 1 1
v -11.6924 -2.25268 34.3475 1 1 1
v -11.6924 -2.25268 34.3475 1 1 1
v -14.1642 -4.35845 37.1177 1 1 1
v -2.61319 8.84593 26.3431 1 1 1
v -3.23179 1.53672 24.2182 1 1 1
v -1.59596 12.7789 26.7902 1 1 1
v -2.55016 8.34403 26.398 1 1 1
v -12.5348 -3.61867 36.1433 1 1 1
v -6.82273 -2.9179 28.6075 1 1 1
v -13.8932 -4.45843 38.6164 1 1 1
v -1.73291 8.55195 26.5075 1 1 1
v -22.4929 -29.4382 41.3367 1 1 1
v -1.69682 8.51267 26.7663 1 1 1
v -1.79351 8.36962 26.872 1 1 1
v -1.25914 8.48114 26.3058 1 1 1
v -1.28614 5.51 25.1012 1 1 1
v 0.624227 13.0394 25.5707 1 1 1
v -0.313823 9.60317 25.4273 1 1 1
v 0.0365886 8.62802 24.8987 1 1 1
v -19.4068 -21.7336 42.0708 1 1 1
v 0.128432 9.07301 25.3174 1 1 1
v 0.0885049 8.64842 25.2891 1 1 1
v -1.75426 8.52365 28.2668 1 1 1
v 1.75737 12.1739 24.3449 1 1 1
v 1.75737 12.1739 24.3449 1 1 1
v 2.07342 13.449 24.4387 1 1 1
v -0.022001 5.98854 24.3908 1 1 1
v -20.2233 -21.6345 45.4251 1 1 1
v -19.8912 -13.2121 48.641 1 1 1
v -20.2713 -23.9541 44.9061 1 1 1
v 2.24471 13.0812 24.6548 1 1 1
v 1.81242 8.8801 23.4403 1 1 1
v 2.19009 13.1105 24.8896 1 1 1
v 0.09482 8.79886 26.2682 1 1 1
v -0.496725 -3.20826 21.809 1 1 1
v -1.56103 -4.73718 23.0716 1 1 1
v -0.730528 -3.80705 22.1851 1 1 1
v -0.488228 -3.86888 21.7908 1 1 1
v -0.272686 -3.45908 21.8625 1 1 1
v -0.257379 -3.36698 21.9099 1 1 1
v 3.32619 12.1543 23.4359 1 1 1
v -0.598807 -4.35922 22.4735 1 1 1
v 3.91167 11.7948 22.7129 1 1 1
v -0.77673 -4.79749 23.0063 1 1 1
v 2.49329 5.91348 22.4767 1 1 1
v 2.63114 5.80245 22.191 1 1 1
v 2.67114 5.71048 22.1624 1 1 1
v -0.334768 -4.34002 22.6076 1 1 1
v 2.1608 5.18824 22.8484 1 1 1
v 2.1608 5.18824 22.8484 1 1 1
v 4.46095 11.2223 21.9379 1 1 1
v 2.4383 5.36074 22.7859 1 1 1
v -0.134029 -4.40044 22.6368 1 1 1
v 1.70388 10.066 26.5328 1 1 1
v 1.78337 2.53363 22.6728 1 1 1
v -0.205062 -4.40214 22.9507 1 1 1
v 1.50171 10.6656 28.0176 1 1 1
v -16.6645 -38.4647 37.8971 1 1 1
v 1.62836 -3.66582 20.8022 1 1 1
v -0.249828 -5.58254 23.7568 1 1 1
v 2.34468 9.50487 26.4394 1 1 1
v 2.34468 9.50487 26.4394 1 1 1
v 3.09948 5.82784 23.2017 1 1 1
v 3.55413 5.78518 22.4612 1 1 1
v 0.55055 1.60293 26.045 1 1 1
v 0.55055 1.60293 26.045 1 1 1
v 4.6472 11.3962 23.3518 1 1 1
v 0.838665 10.6217 30.5644 1 1 1
v -17.1997 -18.3135 52.3232 1 1 1
v 4.11316 6.12485 22.7755 1 1 1
v 4.84673 10.1624 23.5213 1 1 1
v 1.76494 -3.71197 22.5987 1 1 1
v 2.60296 -2.5198 21.5306 1 1 1
v 4.42339 5.96738 22.4718 1 1 1
v 2.92352 -3.55878 20.4661 1 1 1
v 2.41834 -3.25349 21.7711 1 1 1
v -15.9194 -9.73215 58.2274 1 1 1
v -16.7165 -13.902 58.1537 1 1 1
v 0.339645 -4.71098 26.1921 1 1 1
v 5.08181 12.7394 25.8651 1 1 1
v -17.8855 -23.1806 56.2595 1 1 1
v -16.8633 -21.5017 55.4456 1 1 1
v -16.4975 -22.0218 54.8564 1 1 1
v 2.54257 -3.56261 22.6355 1 1 1
v 4.82661 9.80767 25.3726 1 1 1
v 3.21794 -3.27528 21.533 1 1 1
v 4.51934 10.0783 26.7695 1 1 1
v 3.89001 1.87781 23.2792 1 1 1
v -15.996 -38.2005 46.1635 1 1 1
v 5.47945 12.2727 26.1851 1 1 1
v 3.01452 -3.70296 22.3539 1 1 1
v 5.81694 5.39439 21.3012 1 1 1
v -15.4009 -30.5411 50.4977 1 1 1
v -14.606 -9.6469 60.7443 1 1 1
v 5.24124 11.4998 26.6358 1 1 1
v -15.0502 -29.6481 50.5801 1 1 1
v -15.0502 -29.6481 50.5801 1 1 1
v 3.34627 -3.72595 22.1061 1 1 1
v 3.34627 -3.72595 22.1061 1 1 1
v 3.39887 -3.79931 21.9729 1 1 1
v 3.6503 -3.4149 21.6123 1 1 1
v -12.5732 -38.0578 39.8231 1 1 1
v 5.22754 6.13869 23.811 1 1 1
v 4.60803 0.368634 23.0723 1 1 1
v 5.36972 12.0599 28.5885 1 1 1
v 4.94631 0.725935 22.7121 1 1 1
v 4.98434 3.99273 24.733 1 1 1
v 6.55395 12.0205 26.1096 1 1 1
v 4.79813 8.05965 28.1384 1 1 1
v 4.08182 -3.75829 22.2577 1 1 1
v 4.32384 -3.4062 22.0989 1 1 1
v 5.18007 3.53723 24.3938 1 1 1
v 4.75132 -0.13354 23.3356 1 1 1
v 4.34577 -3.49634 22.3987 1 1 1
v 4.50911 -2.76877 22.5144 1 1 1
v 5.19299 3.42481 24.8055 1 1 1
v 4.84503 -2.18888 22.1244 1 1 1
v 4.45395 -3.39219 22.4439 1 1 1
v 5.28093 4.01354 25.2592 1 1 1
v 5.28853 4.0121 25.3033 1 1 1
v 4.42718 -3.43303 22.7704 1 1 1
v 6.04395 11.988 28.8282 1 1 1
v 5.36929 3.98601 25.3763 1 1 1
v 5.35835 1.12116 23.5297 1 1 1
v 4.86486 -2.58155 22.3275 1 1 1
v 5.33413 0.256576 23.7518 1 1 1
v 5.60623 8.15584 28.7922 1 1 1
v -9.61458 -9.87578 60.0483 1 1 1
v 4.38641 8.00189 32.188 1 1 1
v 6.30974 8.48551 27.0223 1 1 1
v -9.65556 -9.97998 60.6302 1 1 1
v 4.92748 -3.03978 23.0037 1 1 1
v 5.92316 1.20159 23.4496 1 1 1
v 6.45208 9.75003 27.9859 1 1 1
v -9.88075 -9.90717 62.1862 1 1 1
v 5.23187 -2.56982 22.9187 1 1 1
v 6.81315 12.0268 28.6421 1 1 1
v 5.25539 -2.56877 22.858 1 1 1
v 6.40768 8.59457 27.3939 1 1 1
v 6.05372 4.32815 25.6174 1 1 1
v -8.74157 -9.34609 60.4175 1 1 1
v 5.33997 -2.50094 22.9126 1 1 1
v 5.19516 -2.83708 23.1487 1 1 1
v 5.25509 -2.63484 23.3087 1 1 1
v 6.93232 9.01231 26.9543 1 1 1
v 8.66683 12.6217 24.8054 1 1 1
v 7.12555 8.16794 27.1073 1 1 1
v 8.00104 10.9151 28.033 1 1 1
v 7.88776 11.173 28.5266 1 1 1
v 7.67843 11.3312 30.085 1 1 1
v 7.17559 9.31532 30.7191 1 1 1
v -5.44961 -37.4326 37.8132 1 1 1
v -6.8281 -24.6189 54.7697 1 1 1
v 6.33516 8.27354 34.3481 1 1 1
v -6.878 -27.3201 53.8345 1 1 1
v 8.84078 10.4464 28.1876 1 1 1
v -5.54339 -23.1303 54.5379 1 1 1
v -5.49051 -23.5061 54.351 1 1 1
v -5.65432 -25.0323 54.1968 1 1 1
v -5.65432 -25.0323 54.1968 1 1 1
v -5.70563 -25.7585 54.0917 1 1 1
v -5.29474 -25.4593 53.3421 1 1 1
v -5.15614 -27.2999 52.1961 1 1 1
v -5.3324 -27.3954 52.4145 1 1 1
v -5.16494 -27.6266 53.3456 1 1 1
v -5.16494 -27.6266 53.3456 1 1 1
v -4.48634 -25.4512 53.7235 1 1 1
v 7.67055 8.11678 34.6831 1 1 1
v -4.08869 -27.2059 52.2086 1 1 1
v -4.19583 -27.2187 52.2461 1 1 1
v -4.00587 -27.4394 53.1918 1 1 1
v -4.00587 -27.4394 53.1918 1 1 1
v -3.33855 -27.3392 52.7836 1 1 1
v -3.33855 -27.3392 52.7836 1 1 1
v -2.76148 -27.1435 52.7999 1 1 1
v -2.76148 -27.1435 52.7999 1 1 1
v -2.12493 -25.6769 53.0131 1 1 1
v -2.12493 -25.6769 53.0131 1 1 1
v 3.15823 -6.23226 57.2149 1 1 1
v 3.14668 -6.25797 57.508 1 1 1
v 7.87784 3.8783 42.2667 1 1 1
v 10.4707 8.39188 34.0912 1 1 1
v 12.0012 10.8616 28.3146 1 1 1
v 2.79647 -19.3388 48.2034 1 1 1
v 4.02473 -6.2303 61.0807 1 1 1
v 9.27897 1.95855 44.1349 1 1 1
v 9.27897 1.95855 44.1349 1 1 1
v 6.18917 -12.8313 44.0626 1 1 1
v 6.38283 -12.7108 44.0859 1 1 1
v 6.55908 -12.7304 43.8571 1 1 1
v 6.81121 -12.9693 43.16 1 1 1
v 11.0773 5.55395 39.5368 1 1 1
v 6.3359 -15.9499 43.835 1 1 1
v 6.71315 -14.6419 43.1453 1 1 1
v 5.63884 -20.5435 42.6379 1 1 1
v 5.51159 -21.266 45.2125 1 1 1
v 8.50743 -3.9577 54.7307 1 1 1
v 5.89903 -20.9737 43.3276 1 1 1
v 6.00017 -20.5275 43.7175 1 1 1
v 6.05189 -20.3964 43.4127 1 1 1
v 7.16537 -15.2735 43.0965 1 1 1
v 9.42337 -2.09765 50.9516 1 1 1
v 8.13396 -12.611 46.0091 1 1 1
v 7.61828 -16.5975 42.7488 1 1 1
v 13.6283 8.61513 30.4911 1 1 1
v 13.6283 8.61513 30.4911 1 1 1
v 6.5751 -22.5024 41.8356 1 1 1
v 8.6036 -12.1354 44.2871 1 1 1
v 7.68055 -17.3366 42.112 1 1 1
v 7.68055 -17.3366 42.112 1 1 1
v 6.54628 -23.0492 41.3402 1 1 1
v 6.90485 -21.9694 39.2444 1 1 1
v 8.47216 -13.0615 44.0606 1 1 1
v 8.47216 -13.0615 44.0606 1 1 1
v 11.6798 2.037 44.6168 1 1 1
v 11.5384 0.596275 44.9745 1 1 1
v 12.0034 1.31564 43.8342 1 1 1
v 9.07403 -12.9116 44.914 1 1 1
v 7.89887 -20.1085 40.7516 1 1 1
v 9.36373 -12.7293 42.8579 1 1 1
v 7.55198 -22.3964 40.9562 1 1 1
v 7.64027 -21.7102 40.8058 1 1 1
v 7.92259 -20.5699 40.5581 1 1 1
v 9.03353 -14.642 42.7033 1 1 1
v 6.5568 -27.6274 41.8058 1 1 1
v 9.4577 -13.2832 43.5259 1 1 1
v 9.50702 -13.1414 42.9531 1 1 1
v 7.7135 -22.4601 40.6376 1 1 1
v 12.558 1.81679 45.3095 1 1 1
v 12.558 1.81679 45.3095 1 1 1
v 8.23927 -20.0947 41.1867 1 1 1
v 8.07432 -21.1875 41.2038 1 1 1
v 9.04823 -16.4187 41.7527 1 1 1
v 8.35424 -20.1914 40.6255 1 1 1
v 10.2711 -11.118 43.3898 1 1 1
v 7.83681 -23.6389 40.5814 1 1 1
v 12.9308 1.76323 44.7646 1 1 1
v 10.6646 -9.63863 43.8874 1 1 1
v 10.2726 -11.5367 43.9135 1 1 1
v 8.91779 -20.2602 40.4486 1 1 1
v 11.2215 -8.51977 43.4224 1 1 1
v 8.13663 -24.407 40.5508 1 1 1
v 8.19416 -24.445 40.579 1 1 1
v 11.3069 -9.03013 42.8773 1 1 1
v 8.85223 -21.8124 40.5114 1 1 1
v 11.8451 -7.59865 42.6916 1 1 1
v 8.15548 -26.5034 39.9261 1 1 1
v 8.60484 -24.5893 40.7045 1 1 1
v 8.69314 -24.1943 40.4448 1 1 1
v 9.3344 -21.6641 41.3568 1 1 1
v 9.67225 -20.7001 40.8635 1 1 1
v 14.1841 1.40704 46.268 1 1 1
v 9.88902 -20.115 41.8868 1 1 1
v 12.5101 -7.47494 45.3964 1 1 1
v 12.6376 -7.366 43.4789 1 1 1
v -17.9261 -0.866418 29.5512 1 1 1
v -14.6334 2.37357 27.7349 1 1 1
v -17.4865 -0.510925 29.2799 1 1 1
v -16.0218 -0.104874 28.1797 1 1 1
v -21.0532 -3.71032 32.5283 1 1 1
v -21.0532 -3.71032 32.5283 1 1 1
v -14.9135 0.487495 28.1503 1 1 1
v -14.252 1.57828 27.9571 1 1 1
v -14.5692 0.564182 28.029 1 1 1
v -14.1674 1.4635 28.0156 1 1 1
v -14.1674 1.4635 28.0156 1 1 1
v -20.8528 -3.78052 32.671 1 1 1
v -20.8528 -3.78052 32.671 1 1 1
v -15.1687 0.366686 28.7885 1 1 1
v -14.7055 0.492419 28.3973 1 1 1
v -15.8172 -0.241289 29.2405 1 1 1
v -28.0865 -13.5644 36.2446 1 1 1
v -16.1418 -0.354505 29.7414 1 1 1
v -28.1666 -33.125 29.8803 1 1 1
v -29.9973 -9.80995 40.0841 1 1 1
v -28.4253 -33.3702 30.0894 1 1 1
v -16.017 -0.473491 29.7927 1 1 1
v -16.017 -0.473491 29.7927 1 1 1
v -16.8672 -1.09881 30.4321 1 1 1
v -17.3329 -1.27087 30.9051 1 1 1
v -31.2972 -13.0572 40.8098 1 1 1
v -30.3244 -10.3928 40.883 1 1 1
v -28.4007 -33.5515 30.4846 1 1 1
v -16.9329 -0.892082 31.0888 1 1 1
v -13.9109 0.607692 28.7061 1 1 1
v -31.5604 -14.2286 41.076 1 1 1
v -29.6329 -10.1422 40.7794 1 1 1
v -13.8126 0.55421 28.7294 1 1 1
v -13.8126 0.55421 28.7294 1 1 1
v -14.8433 -0.296494 29.4355 1 1 1
v -13.7646 0.615137 28.7521 1 1 1
v -27.5464 -32.4232 30.6218 1 1 1
v -14.489 -0.459056 29.3291 1 1 1
v -14.489 -0.459056 29.3291 1 1 1
v -14.0198 -0.115179 29.0899 1 1 1
v -14.0198 -0.115179 29.0899 1 1 1
v -14.1699 -0.325862 29.2453 1 1 1
v -13.5739 0.551073 29.0304 1 1 1
v -6.64868 12.8129 26.5067 1 1 1
v -14.0789 -0.676594 29.1386 1 1 1
v -14.0789 -0.676594 29.1386 1 1 1
v -14.2364 -0.78654 29.4313 1 1 1
v -14.0245 -0.70853 29.3486 1 1 1
v -25.7166 -31.3916 30.1294 1 1 1
v -29.0968 -25.1115 36.3821 1 1 1
v -13.8032 -0.693028 29.5867 1 1 1
v -13.9533 -1.10525 30.0495 1 1 1
v -13.9533 -1.10525 30.0495 1 1 1
v -13.0396 0.141705 29.6924 1 1 1
v -28.4288 -21.321 38.0224 1 1 1
v -13.628 -0.973858 29.9658 1 1 1
v -13.7227 -1.01905 30.1708 1 1 1
v -13.2686 0.406721 30.2434 1 1 1
v -25.9575 -8.56866 40.8324 1 1 1
v -12.9628 -0.233555 30.0333 1 1 1
v -28.7093 -10.3866 43.5421 1 1 1
v -27.6062 -10.1445 42.9806 1 1 1
v -12.9227 -0.369464 30.3807 1 1 1
v -28.0235 -9.96225 43.9379 1 1 1
v -12.973 -1.19454 30.8202 1 1 1
v -12.9005 -1.12543 30.8743 1 1 1
v -20.1662 -16.9362 32.9761 1 1 1
v -20.55 -6.501 37.6125 1 1 1
v -25.417 -9.23876 42.1648 1 1 1
v -24.5202 -33.104 31.7721 1 1 1
v -24.5202 -33.104 31.7721 1 1 1
v -12.641 -1.04774 30.9452 1 1 1
v -15.3892 -2.44935 33.6504 1 1 1
v -24.8108 -8.70135 42.3067 1 1 1
v -20.6525 -6.59207 38.297 1 1 1
v -20.6525 -6.59207 38.297 1 1 1
v -15.1261 -2.43824 33.5335 1 1 1
v -15.1776 -2.76127 33.5693 1 1 1
v -12.7677 -1.45342 31.2783 1 1 1
v -15.204 -2.87716 33.7093 1 1 1
v -14.9074 -2.67707 33.584 1 1 1
v -14.6067 -2.48391 33.3159 1 1 1
v -14.6067 -2.48391 33.3159 1 1 1
v -20.2454 -6.52671 38.5848 1 1 1
v -12.0952 -0.335846 31.408 1 1 1
v -14.7631 -2.48868 33.8029 1 1 1
v -14.7244 -2.91062 33.6753 1 1 1
v -19.522 -5.83764 38.2154 1 1 1
v -17.1204 -4.21919 35.9951 1 1 1
v -18.403 -4.88736 37.3156 1 1 1
v -19.3678 -5.9974 38.2362 1 1 1
v -11.8526 -0.505195 31.3923 1 1 1
v -9.68925 1.06064 29.2135 1 1 1
v -19.0147 -6.34357 38.0068 1 1 1
v -17.9682 -5.0683 37.3604 1 1 1
v -11.7442 -0.436738 31.7237 1 1 1
v -2.17114 13.0851 25.73 1 1 1
v -14.3335 -2.8639 34.114 1 1 1
v -1.85954 9.69289 24.0768 1 1 1
v -18.713 -5.96973 38.8704 1 1 1
v -2.00634 10.7468 25.0916 1 1 1
v -2.91946 11.7199 26.7548 1 1 1
v -16.3865 -4.93532 37.2914 1 1 1
v -16.4061 -4.96821 37.5755 1 1 1
v -2.30087 3.29698 22.8631 1 1 1
v -13.49 -3.45439 34.7757 1 1 1
v -23.2373 -10.9039 44.5127 1 1 1
v -15.8835 -4.97975 37.3712 1 1 1
v -23.8518 -13.9861 44.1521 1 1 1
v -20.9849 -15.7893 39.729 1 1 1
v -2.50229 2.87261 23.2728 1 1 1
v -2.50229 2.87261 23.2728 1 1 1
v -0.782821 10.3612 24.3235 1 1 1
v -15.4218 -4.73673 37.2502 1 1 1
v -22.9724 -12.7253 44.0261 1 1 1
v -0.848842 12.5527 26.0771 1 1 1
v -1.97386 4.42421 24.0047 1 1 1
v -15.7018 -5.21832 38.5588 1 1 1
v -1.87461 4.4123 24.059 1 1 1
v -15.7229 -5.36438 38.9005 1 1 1
v -0.815073 2.6636 21.9523 1 1 1
v -10.0252 -2.00049 32.76 1 1 1
v -20.8376 -35.7215 33.2845 1 1 1
v -0.771857 5.65177 23.6528 1 1 1
v -12.3292 -3.83714 35.8712 1 1 1
v -12.8653 -4.15337 36.8562 1 1 1
v -22.2367 -12.1799 46.7377 1 1 1
v -0.814369 5.347 24.0462 1 1 1
v -1.39286 5.44056 24.9481 1 1 1
v -0.730703 5.31542 23.9233 1 1 1
v 0.997756 10.0272 23.6348 1 1 1
v 0.921782 10.107 23.8083 1 1 1
v 0.337204 12.797 26.0782 1 1 1
v -22.7065 -29.7498 41.1912 1 1 1
v -1.52862 8.13207 27.0679 1 1 1
v -1.19715 5.79675 25.5612 1 1 1
v 1.05312 4.62864 21.5722 1 1 1
v 10.3152 0.293689 5.99719 1 1 1
v 1.29697 13.3402 25.6123 1 1 1
v -21.5134 -20.8744 44.0055 1 1 1
v -19.6943 -36.3945 34.057 1 1 1
v -18.205 -15.9879 43.0894 1 1 1
v -20.6754 -20.5979 45.024 1 1 1
v 2.03755 8.98254 23.8758 1 1 1
v -20.6382 -13.527 49.7167 1 1 1
v -0.269472 -3.38504 21.8468 1 1 1
v 4.03459 11.0852 22.0543 1 1 1
v -19.5578 -19.8416 45.4446 1 1 1
v 2.64501 5.43966 21.6911 1 1 1
v -20.5637 -24.0843 45.225 1 1 1
v -19.2326 -20.0169 45.3697 1 1 1
v 4.15142 10.777 22.1525 1 1 1
v -19.7593 -22.3834 46.4435 1 1 1
v -19.7593 -22.3834 46.4435 1 1 1
v -19.3994 -21.6609 46.368 1 1 1
v 2.61817 9.45528 24.6606 1 1 1
v 2.03857 2.1017 22.105 1 1 1
v 4.28867 12.189 23.3311 1 1 1
v 4.37038 11.3826 22.8292 1 1 1
v -0.483731 10.3903 31.6665 1 1 1
v -0.534172 10.1641 31.6195 1 1 1
v 4.47748 11.2762 23.2591 1 1 1
v 4.87841 14.1662 24.2234 1 1 1
v 4.49649 13.7323 24.7199 1 1 1
v 4.26953 14.1111 25.3012 1 1 1
v 1.15393 10.9954 29.36 1 1 1
v 1.89241 10.5982 27.7439 1 1 1
v 0.204081 10.0403 30.926 1 1 1
v 4.80495 13.3045 24.471 1 1 1
v 3.23627 4.2027 22.4424 1 1 1
v 1.11782 10.6569 29.9155 1 1 1
v 3.68123 5.92939 22.6829 1 1 1
v 3.79679 5.86139 22.4463 1 1 1
v 0.858047 10.6083 30.5279 1 1 1
v 2.28651 10.5094 27.9533 1 1 1
v 2.19888 -2.25808 21.2868 1 1 1
v -16.6583 -38.1573 38.0403 1 1 1
v -17.6307 -13.58 53.2159 1 1 1
v 4.76775 10.069 23.5343 1 1 1
v -18.2328 -15.9606 53.3802 1 1 1
v 3.57003 3.86819 22.4426 1 1 1
v -15.2987 -38.1434 36.4409 1 1 1
v 4.52141 5.90389 22.2417 1 1 1
v 4.91638 11.9976 24.8178 1 1 1
v 4.91638 11.9976 24.8178 1 1 1
v 4.2611 6.09006 22.8461 1 1 1
v 5.96517 12.8188 23.52 1 1 1
v 4.70187 11.6794 25.4297 1 1 1
v 4.52316 6.11806 23.1955 1 1 1
v 3.85727 2.6504 23.603 1 1 1
v -16.6339 -13.4112 58.6373 1 1 1
v -6.81586 -12.1494 38.427 1 1 1
v -16.404 -17.8566 55.8377 1 1 1
v -17.394 -17.7296 58.4122 1 1 1
v 3.25598 -3.24058 21.8859 1 1 1
v 4.09691 2.73967 23.643 1 1 1
v -16.5811 -18.3381 56.627 1 1 1
v -16.6621 -20.7183 55.8537 1 1 1
v -16.5744 -21.0419 55.5475 1 1 1
v -16.1807 -22.1937 54.1681 1 1 1
v -15.4281 -13.8144 57.5165 1 1 1
v -16.0995 -22.0551 54.3002 1 1 1
v -15.2346 -12.9641 57.9333 1 1 1
v -16.6269 -28.68 51.7144 1 1 1
v -15.5222 -14.9863 57.6043 1 1 1
v -16.0062 -17.0286 57.4646 1 1 1
v -15.3747 -39.8042 42.1758 1 1 1
v -15.3747 -39.8042 42.1758 1 1 1
v -15.5879 -14.5856 58.423 1 1 1
v -16.6161 -24.1501 54.9988 1 1 1
v -38.4775 -41.6472 93.868 1 1 1
v -13.9304 -40.4872 39.327 1 1 1
v -14.747 -21.5939 53.4885 1 1 1
v -14.747 -21.5939 53.4885 1 1 1
v -15.8284 -28.4732 51.9731 1 1 1
v -15.5432 -19.2551 57 1 1 1
v -6.58656 -18.292 37.0865 1 1 1
v -15.9187 -30.0294 51.4922 1 1 1
v -22.7309 -32.9415 65.7183 1 1 1
v 4.66514 0.829886 23.1153 1 1 1
v 4.58594 0.457828 23.3307 1 1 1
v 4.89713 4.35344 25.4172 1 1 1
v 4.41173 0.0575447 23.878 1 1 1
v 4.51532 -2.1848 22.2993 1 1 1
v 4.59419 0.149056 23.6373 1 1 1
v 4.61311 -0.186911 23.5728 1 1 1
v 4.77184 -0.00361822 23.4464 1 1 1
v 4.75256 -0.246352 23.3018 1 1 1
v 4.54335 -2.62155 22.3701 1 1 1
v 4.51048 -2.75188 22.4299 1 1 1
v 5.46307 4.91584 25.2281 1 1 1
v -13.3838 -42.0933 41.783 1 1 1
v -14.0443 -41.6938 43.9249 1 1 1
v 4.25257 -3.33356 22.8891 1 1 1
v -12.9881 -40.4134 42.5688 1 1 1
v 6.24165 12.3707 28.542 1 1 1
v 6.50921 11.9221 27.7051 1 1 1
v 5.37011 4.08026 25.4357 1 1 1
v -6.45172 -9.05814 47.2978 1 1 1
v 5.01597 2.80375 25.5707 1 1 1
v 5.42418 0.877187 23.4466 1 1 1
v 4.74662 -2.6978 23.0469 1 1 1
v 5.29318 0.547581 23.8935 1 1 1
v 7.69031 13.5816 26.519 1 1 1
v 5.14141 0.15663 24.353 1 1 1
v -10.2434 -39.0444 38.5182 1 1 1
v 5.16254 -2.81352 22.1245 1 1 1
v 8.34886 13.1082 25.1553 1 1 1
v 5.63972 5.32139 26.9759 1 1 1
v 5.15836 3.16347 26.8704 1 1 1
v 7.64297 13.1403 27.3177 1 1 1
v 8.0277 13.5427 26.4706 1 1 1
v 6.47665 9.55948 28.1967 1 1 1
v 8.59078 13.2885 25.2337 1 1 1
v 5.11506 -2.51417 23.5133 1 1 1
v 5.05572 -0.797946 24.9669 1 1 1
v 5.2692 7.71872 30.6685 1 1 1
v 6.75098 9.25744 27.6601 1 1 1
v 6.8338 9.05708 27.5147 1 1 1
v 5.03052 -2.88817 23.8089 1 1 1
v 8.3873 13.0548 27.4012 1 1 1
v 4.32431 7.33728 36.9124 1 1 1
v -6.10325 -8.74747 60.0341 1 1 1
v -5.18453 -8.04857 58.4717 1 1 1
v -5.49464 -8.21679 59.5598 1 1 1
v -5.32074 -8.48131 59.1689 1 1 1
v -5.5753 -8.57286 59.8421 1 1 1
v -6.38957 -23.3008 54.4453 1 1 1
v 1.1616 0.354001 48.115 1 1 1
v 1.1616 0.354001 48.115 1 1 1
v -6.25809 -27.5473 52.4872 1 1 1
v -6.29641 -27.0379 52.789 1 1 1
v -5.3736 -26.1755 53.2119 1 1 1
v -4.75792 -23.4774 54.0972 1 1 1
v -4.3694 -22.9304 54.4692 1 1 1
v -4.32614 -24.0467 53.9837 1 1 1
v -4.184 -23.9711 53.7843 1 1 1
v -4.31572 -24.7256 53.7542 1 1 1
v -4.26703 -25.3293 53.386 1 1 1
v -3.6769 -23.3088 54.0451 1 1 1
v -3.63841 -25.1608 53.1208 1 1 1
v -3.60474 -25.7991 52.7768 1 1 1
v -3.62603 -26.4821 52.5885 1 1 1
v -3.62603 -26.4821 52.5885 1 1 1
v -3.22176 -23.8926 53.9604 1 1 1
v -3.22176 -23.8926 53.9604 1 1 1
v -3.01391 -24.2979 53.1182 1 1 1
v -2.52059 -23.099 53.8883 1 1 1
v -2.51286 -24.2958 53.2786 1 1 1
v -2.51286 -24.2958 53.2786 1 1 1
v -2.50718 -24.9763 53.0202 1 1 1
v -2.50718 -24.9763 53.0202 1 1 1
v -2.06403 -22.9349 54.0424 1 1 1
v -2.06403 -22.9349 54.0424 1 1 1
v -1.96421 -24.2309 53.2736 1 1 1
v -1.96421 -24.2309 53.2736 1 1 1
v -1.81675 -24.8125 52.8196 1 1 1
v -1.81675 -24.8125 52.8196 1 1 1
v -1.29251 -24.0959 53.1246 1 1 1
v -1.29251 -24.0959 53.1246 1 1 1
v -3.29909 -41.4107 42.2066 1 1 1
v -3.29909 -41.4107 42.2066 1 1 1
v -1.13764 -25.9763 52.0361 1 1 1
v 3.09811 -6.41286 58.7227 1 1 1
v 3.03144 -6.40388 58.7985 1 1 1
v 7.5464 2.22868 46.1957 1 1 1
v 6.9916 -1.25255 51.3591 1 1 1
v 5.20844 -6.11948 58.7168 1 1 1
v 5.35684 -6.21015 58.7992 1 1 1
v 6.44579 -5.68561 56.3074 1 1 1
v 6.29982 -12.9611 44.3935 1 1 1
v 3.11819 -23.4461 52.7588 1 1 1
v 7.13527 -4.58332 55.2509 1 1 1
v 6.42695 -12.9944 44.1614 1 1 1
v 12.1747 8.72494 34.7298 1 1 1
v 6.68088 -11.5395 45.8293 1 1 1
v 3.30101 -24.5111 52.344 1 1 1
v 3.66172 -24.1282 51.7412 1 1 1
v 3.70723 -24.048 52.0239 1 1 1
v 3.97746 -24.1545 50.0215 1 1 1
v 6.51347 -15.3324 43.2617 1 1 1
v 6.75885 -14.5559 43.7055 1 1 1
v 7.16853 -11.9756 45.1658 1 1 1
v 3.70252 -25.6655 51.3471 1 1 1
v 3.78259 -25.2673 52.0247 1 1 1
v 6.5665 -15.8589 43.3802 1 1 1
v 10.2589 1.85292 45.8349 1 1 1
v 5.60375 -20.7523 43.8401 1 1 1
v 4.12027 -25.0341 50.6587 1 1 1
v 7.41852 -12.5979 44.3257 1 1 1
v 7.46598 -12.5157 43.9871 1 1 1
v 7.51974 -12.752 44.1499 1 1 1
v 6.84271 -17.0272 42.2158 1 1 1
v 6.84271 -17.0272 42.2158 1 1 1
v 7.09391 -15.5258 43.3438 1 1 1
v 8.28926 -6.81736 57.033 1 1 1
v 7.44679 -15.4481 43.5853 1 1 1
v 7.99018 -12.8057 44.3007 1 1 1
v 7.99018 -12.8057 44.3007 1 1 1
v 7.76946 -14.5898 42.7471 1 1 1
v 7.48256 -15.9677 43.3436 1 1 1
v 7.5797 -16.3301 42.9833 1 1 1
v 7.59588 -16.8582 42.7297 1 1 1
v 9.89614 -2.48493 53.8899 1 1 1
v 7.34207 -19.4847 41.2921 1 1 1
v 11.1796 0.583689 48.0165 1 1 1
v 7.96656 -16.618 42.6522 1 1 1
v 8.00192 -16.2562 43.5352 1 1 1
v 7.39291 -20.3134 40.9237 1 1 1
v 8.25121 -15.8463 42.5298 1 1 1
v 7.17438 -21.8479 41.4063 1 1 1
v 7.2863 -21.8635 41.2643 1 1 1
v 7.2863 -21.8635 41.2643 1 1 1
v 11.6533 0.321011 47.6624 1 1 1
v 11.6489 0.321641 47.7773 1 1 1
v 7.60689 -21.9819 40.6178 1 1 1
v 7.94916 -21.1784 41.146 1 1 1
v 8.85997 -17.1342 40.2212 1 1 1
v 12.576 2.04823 46.4627 1 1 1
v 14.3683 8.75299 35.5755 1 1 1
v 12.6757 1.6865 46.669 1 1 1
v 9.52992 -14.3602 42.7236 1 1 1
v 9.52992 -14.3602 42.7236 1 1 1
v 10.7355 -9.41979 44.4295 1 1 1
v 7.34734 -26.637 41.6485 1 1 1
v 10.1757 -12.7002 43.6444 1 1 1
v 8.12799 -23.0037 42.0532 1 1 1
v 8.75892 -20.4969 39.7777 1 1 1
v 9.19433 -18.4789 41.0188 1 1 1
v 8.84449 -20.7673 40.7346 1 1 1
v 8.74978 -22.4835 39.3627 1 1 1
v 8.3203 -24.4452 40.9463 1 1 1
v 11.4228 -9.01565 43.8485 1 1 1
v 11.8144 -7.44943 43.6916 1 1 1
v 11.7075 -7.74725 43.9186 1 1 1
v 11.6546 -8.36951 44.1348 1 1 1
v 11.8674 -7.6047 43.8913 1 1 1
v 8.45434 -25.2574 40.0823 1 1 1
v 8.62399 -24.4943 40.7252 1 1 1
v 8.18869 -26.8105 38.8507 1 1 1
v 11.8711 -8.32853 43.9643 1 1 1
v 9.4376 -21.0161 40.1569 1 1 1
v 11.9327 -8.18979 43.921 1 1 1
v -31.6417 -11.7601 37.9544 1 1 1
v -16.991 -1.24308 30.4579 1 1 1
v -29.6759 -9.41522 39.6786 1 1 1
v -31.001 -11.8654 40.2089 1 1 1
v -29.7219 -9.84409 39.7516 1 1 1
v -28.7958 -9.30136 39.2538 1 1 1
v -28.7958 -9.30136 39.2538 1 1 1
v -13.8402 0.494264 28.6239 1 1 1
v -32.0666 -25.2891 36.2845 1 1 1
v -30.3362 -10.6255 40.4641 1 1 1
v -21.0055 -4.96493 33.9234 1 1 1
v -20.7604 -4.73376 33.9973 1 1 1
v -16.8112 -1.54161 31.4339 1 1 1
v -13.9476 -0.207112 29.2915 1 1 1
v -14.6104 -0.770663 29.7816 1 1 1
v -13.8003 -0.751479 29.4571 1 1 1
v -20.3808 -5.041 34.6844 1 1 1
v -23.6567 -23.9692 30.5286 1 1 1
v -26.6058 -31.8559 30.4036 1 1 1
v -13.6997 -1.04656 29.5563 1 1 1
v -13.6436 -1.00494 29.6755 1 1 1
v -20.2557 -5.1782 34.8953 1 1 1
v -16.4899 -2.14915 32.2699 1 1 1
v -27.9747 -10.0843 42.2731 1 1 1
v -12.763 -0.108674 30.1284 1 1 1
v -13.2076 -0.68729 30.4382 1 1 1
v -12.4603 -0.125493 30.0523 1 1 1
v -12.8296 0.0677597 30.5446 1 1 1
v -13.3137 -1.30302 30.6283 1 1 1
v -20.401 -6.08116 36.6248 1 1 1
v -13.2126 -1.59917 30.9928 1 1 1
v -12.9133 -1.43027 30.7416 1 1 1
v -14.8614 -2.37686 32.616 1 1 1
v -12.7391 -1.23082 31.0394 1 1 1
v -12.3237 0.0286761 31.2683 1 1 1
v -11.866 -0.352724 30.7533 1 1 1
v -12.0727 -0.53064 30.9653 1 1 1
v -14.8118 -2.47412 33.3381 1 1 1
v -12.0036 -0.28592 31.4572 1 1 1
v -1.91806 10.22 24.442 1 1 1
v -14.5982 -2.91493 33.5999 1 1 1
v -2.59412 13.0774 26.4179 1 1 1
v -19.0195 -6.37591 38.0666 1 1 1
v -12.6578 -2.39748 32.448 1 1 1
v -23.485 -25.9938 35.2014 1 1 1
v -16.4641 -4.63159 36.573 1 1 1
v -12.0968 -2.39851 32.2236 1 1 1
v -11.826 -2.3416 32.2406 1 1 1
v -1.83804 9.16209 25.0039 1 1 1
v -2.3402 8.85996 25.6974 1 1 1
v -13.671 -3.25105 34.5509 1 1 1
v -13.4647 -3.4033 34.6727 1 1 1
v -22.8026 -11.1876 43.9505 1 1 1
v -1.647 5.83027 24.4536 1 1 1
v -1.09294 12.7651 26.878 1 1 1
v -22.3813 -10.9703 44.5112 1 1 1
v -1.61734 5.85532 25.3733 1 1 1
v -1.09387 5.08596 24.5343 1 1 1
v -0.801941 5.61706 24.5433 1 1 1
v 0.00443238 9.29694 25.3966 1 1 1
v 1.83608 13.7865 25.1476 1 1 1
v -6.16479 8.1695 33.9809 1 1 1
v -0.156055 8.82792 25.8471 1 1 1
v 0.128716 4.94588 24.2403 1 1 1
v -21.0194 -20.5944 43.5008 1 1 1
v -0.447203 -3.22321 21.7245 1 1 1
v -20.3957 -23.0746 43.3302 1 1 1
v 1.86341 9.84156 25.298 1 1 1
v -0.270213 -3.39081 21.9623 1 1 1
v -0.224402 -3.44907 21.9469 1 1 1
v 1.82342 9.47101 25.4169 1 1 1
v 2.17912 8.51844 25.0067 1 1 1
v 1.97145 9.9983 25.9826 1 1 1
v 1.63438 10.229 26.6988 1 1 1
v -19.5599 -23.7705 44.2572 1 1 1
v 1.80642 2.50191 22.5972 1 1 1
v 1.80642 2.50191 22.5972 1 1 1
v 1.65514 2.24497 22.7554 1 1 1
v -0.338067 10.2373 31.6269 1 1 1
v 0.512248 10.4362 30.501 1 1 1
v 4.9423 14.6901 25.1562 1 1 1
v 4.25536 13.9449 26.2089 1 1 1
v 3.00605 3.81887 22.8588 1 1 1
v 3.78283 6.51017 23.5117 1 1 1
v 3.66771 6.6181 23.8392 1 1 1
v 1.81921 -3.48899 21.5264 1 1 1
v -16.4003 -37.4658 37.4494 1 1 1
v 2.15106 8.87265 29.5855 1 1 1
v 2.49457 -3.58191 22.3898 1 1 1
v 2.49457 -3.58191 22.3898 1 1 1
v 2.97703 -3.37313 21.7165 1 1 1
v 3.19172 -3.27496 21.4043 1 1 1
v 3.19172 -3.27496 21.4043 1 1 1
v 4.55543 4.8518 24.7979 1 1 1
v 4.89523 12.0824 28.7551 1 1 1
v -5.29708 -15.5193 34.3678 1 1 1
v -15.142 -16.8033 55.6153 1 1 1
v 4.75725 4.42175 24.6416 1 1 1
v -16.2466 -24.5348 54.3695 1 1 1
v 5.10912 12.3165 29.3436 1 1 1
v -16.5286 -24.8044 54.8731 1 1 1
v -4.56202 -15.3688 33.9899 1 1 1
v -29.3914 -36.4786 76.7849 1 1 1
v 5.08745 11.4503 28.9287 1 1 1
v 4.47245 0.794494 23.4949 1 1 1
v 4.40627 0.825516 24.0276 1 1 1
v -39.2014 -51.4857 92.1231 1 1 1
v 4.3243 0.0721116 24.2512 1 1 1
v 4.87188 2.34637 24.4939 1 1 1
v 4.4549 0.231094 24.2546 1 1 1
v 4.39885 -2.18063 22.7996 1 1 1
v -13.4124 -39.9125 41.9271 1 1 1
v -13.4124 -39.9125 41.9271 1 1 1
v -13.3213 -39.9621 42.3486 1 1 1
v 4.80564 0.630032 24.6849 1 1 1
v 4.73484 -2.39941 22.8628 1 1 1
v 4.73484 -2.39941 22.8628 1 1 1
v 5.12378 0.761983 24.191 1 1 1
v 7.60237 13.2274 26.749 1 1 1
v 4.68214 -3.17805 23.162 1 1 1
v 5.04711 -2.79366 23.3347 1 1 1
v 5.04711 -2.79366 23.3347 1 1 1
v 4.98221 -2.54485 23.8201 1 1 1
v -9.95249 -9.96072 60.3242 1 1 1
v 6.99848 12.0414 30.0161 1 1 1
v -8.7526 -23.485 49.8611 1 1 1
v -1.73115 -1.46188 50.2246 1 1 1
v 7.96993 11.4943 31.2797 1 1 1
v 8.27938 11.4675 30.2348 1 1 1
v -6.31494 -23.6791 54.2828 1 1 1
v -3.90947 -8.14098 59.6889 1 1 1
v -6.23744 -24.9231 53.5627 1 1 1
v -6.18231 -26.1724 52.94 1 1 1
v -0.0877495 -18.0955 37.7905 1 1 1
v -0.0877495 -18.0955 37.7905 1 1 1
v -7.06587 -27.3862 56.0125 1 1 1
v -5.93542 -26.4563 52.4283 1 1 1
v -19.6599 -44.5599 89.5294 1 1 1
v -5.54074 -26.644 52.4395 1 1 1
v -5.54074 -26.644 52.4395 1 1 1
v -5.13488 -25.4141 53.2224 1 1 1
v -5.03826 -26.613 52.4883 1 1 1
v -5.62118 -40.6803 41.743 1 1 1
v -18.2833 -44.9515 90.6617 1 1 1
v -5.49978 -40.7572 42.0645 1 1 1
v 9.4642 11.4455 31.7588 1 1 1
v 0.731653 -18.681 38.864 1 1 1
v -3.98958 -25.1533 52.9956 1 1 1
v -3.91683 -26.4126 52.3133 1 1 1
v -3.91683 -26.4126 52.3133 1 1 1
v 1.60322 -4.06266 55.0197 1 1 1
v 5.67445 3.61057 44.3233 1 1 1
v -2.73542 -26.1328 52.0167 1 1 1
v 0.54439 -6.95585 58.2005 1 1 1
v 0.946923 -20.4348 42.8363 1 1 1
v -1.6387 -26.7413 51.7627 1 1 1
v -1.6387 -26.7413 51.7627 1 1 1
v -2.07075 -31.909 48.6292 1 1 1
v 3.71454 -17.2709 37.2345 1 1 1
v 7.47784 2.39503 46.6536 1 1 1
v 5.02906 -6.223 58.532 1 1 1
v 5.45368 -6.15096 59.677 1 1 1
v 5.99954 -13.4154 44.2307 1 1 1
v 6.3499 -13.2534 43.8293 1 1 1
v 9.54765 2.9094 46.3185 1 1 1
v 6.56661 -12.7649 44.3051 1 1 1
v 6.70856 -11.3818 46.1459 1 1 1
v 6.77367 -11.483 45.9603 1 1 1
v 7.57217 -3.14642 55.5047 1 1 1
v 6.73939 -12.7311 44.1804 1 1 1
v 6.22006 -16.2338 43.495 1 1 1
v 3.66024 -24.7197 51.3034 1 1 1
v 3.66024 -24.7197 51.3034 1 1 1
v 9.80408 2.18306 46.8468 1 1 1
v 7.94927 -3.06244 55.2441 1 1 1
v 10.2863 3.40749 45.78 1 1 1
v 6.59919 -14.9259 43.9449 1 1 1
v 7.07795 -12.1181 45.2069 1 1 1
v 7.11195 -12.0985 44.9126 1 1 1
v 7.13646 -12.7418 44.6047 1 1 1
v 6.65313 -15.4112 43.5923 1 1 1
v 6.89208 -14.4951 43.6893 1 1 1
v 7.15311 -13.1186 44.1771 1 1 1
v 7.15311 -13.1186 44.1771 1 1 1
v 7.15311 -13.1186 44.1771 1 1 1
v 6.88125 -14.8531 43.6485 1 1 1
v 7.15856 -14.7645 42.8704 1 1 1
v 7.00187 -15.4237 43.1871 1 1 1
v 7.58063 -12.5427 44.7767 1 1 1
v 7.03817 -15.2355 43.9294 1 1 1
v 6.04196 -20.6895 43.5873 1 1 1
v 10.6939 2.63125 46.4023 1 1 1
v 7.65732 -13.0397 44.4013 1 1 1
v 7.71603 -12.7466 45.0386 1 1 1
v 7.8259 -12.6776 44.2157 1 1 1
v 13.3262 10.1162 34.637 1 1 1
v 9.71575 -0.900542 52.6203 1 1 1
v 9.15512 -3.43006 54.93 1 1 1
v 7.35111 -16.4378 43.1929 1 1 1
v 8.04075 -13.1132 44.6781 1 1 1
v 7.46092 -16.562 43.24 1 1 1
v 6.047 -22.6362 45.5119 1 1 1
v 9.76632 -2.15559 54.6947 1 1 1
v 7.42365 -18.8094 42.0564 1 1 1
v 7.93046 -16.1024 42.9268 1 1 1
v 7.79576 -17.2171 42.7371 1 1 1
v 7.87535 -17.1743 42.3249 1 1 1
v 8.28576 -15.2749 42.5662 1 1 1
v 6.72709 -23.1476 41.6725 1 1 1
v 6.98471 -22.1865 41.1845 1 1 1
v 7.93615 -17.1367 42.5951 1 1 1
v 11.7514 2.65366 46.3847 1 1 1
v 8.45333 -15.4034 42.6758 1 1 1
v 8.18435 -17.313 40.8856 1 1 1
v 8.18435 -17.313 40.8856 1 1 1
v 11.6801 1.62781 47.5754 1 1 1
v 10.6208 -2.47411 52.0425 1 1 1
v 8.57121 -15.4031 42.2272 1 1 1
v 7.23878 -21.6016 43.5777 1 1 1
v 7.03562 -24.383 40.1285 1 1 1
v 7.31048 -22.6894 40.9144 1 1 1
v 9.08157 -12.74 46.1632 1 1 1
v 8.95058 -14.4723 42.9046 1 1 1
v 12.1609 2.52889 47.2125 1 1 1
v 12.2063 2.24546 47.3998 1 1 1
v 9.41572 -12.3521 46.0964 1 1 1
v 8.26114 -19.3128 40.5803 1 1 1
v 12.3858 2.81297 47.432 1 1 1
v 7.89531 -21.3327 40.5255 1 1 1
v 7.89531 -21.3327 40.5255 1 1 1
v 9.48388 -12.4369 45.7763 1 1 1
v 8.1187 -20.6368 40.5201 1 1 1
v 12.4309 2.01848 47.6737 1 1 1
v 9.46766 -13.6783 43.6259 1 1 1
v 9.46766 -13.6783 43.6259 1 1 1
v 8.28925 -20.3072 40.7531 1 1 1
v 12.6013 2.07325 47.9169 1 1 1
v 12.8804 3.11426 46.9015 1 1 1
v 10.145 -11.3465 44.37 1 1 1
v 12.8064 2.32959 48.3423 1 1 1
v 10.3028 -11.541 44.3728 1 1 1
v 8.11633 -23.5002 40.327 1 1 1
v 10.2475 -12.169 43.7064 1 1 1
v 8.59105 -21.5064 39.4015 1 1 1
v 12.8958 1.53947 48.8801 1 1 1
v 11.0054 -8.83675 44.2095 1 1 1
v 11.1976 -7.96119 44.6937 1 1 1
v 10.9746 -9.2001 44.6633 1 1 1
v 13.1958 2.20984 48.9359 1 1 1
v 11.1224 -9.19289 44.7247 1 1 1
v 11.3613 -8.1964 44.0733 1 1 1
v 11.1411 -9.27815 44.3098 1 1 1
v 11.1411 -9.27815 44.3098 1 1 1
v 11.2801 -8.9738 44.3669 1 1 1
v 11.5572 -7.68395 44.4197 1 1 1
v 13.2428 1.35935 49.5673 1 1 1
v 11.569 -7.97268 44.416 1 1 1
v 11.7477 -7.28842 44.3721 1 1 1
v 8.23369 -26.0221 41.0535 1 1 1
v 9.35181 -20.223 40.8393 1 1 1
v 11.3318 -9.77135 44.0563 1 1 1
v 9.25707 -20.862 40.7127 1 1 1
v 6.39496 -36.0246 38.3499 1 1 1
v 6.39496 -36.0246 38.3499 1 1 1
v 13.4485 0.949251 48.9249 1 1 1
v 11.7993 -7.9456 44.2722 1 1 1
v 9.42219 -20.5957 40.6925 1 1 1
v 13.518 1.13157 49.6006 1 1 1
v 13.5836 1.34476 50.1023 1 1 1
v 8.41766 -26.4277 38.9999 1 1 1
v 11.9236 -8.04111 44.1505 1 1 1
v 13.6365 0.99734 49.4632 1 1 1
v 6.653 -36.1703 38.1949 1 1 1
v 6.653 -36.1703 38.1949 1 1 1
v 13.708 0.80141 49.3587 1 1 1
v 9.69189 -20.9496 40.6804 1 1 1
v 8.6617 -26.6161 38.86 1 1 1
v 8.65992 -26.7457 38.7018 1 1 1
v 13.9391 0.859682 50.1318 1 1 1
v -4.87924 14.5332 28.0738 1 1 1
v -4.40997 13.9406 27.5781 1 1 1
v -4.79142 14.3183 28.2836 1 1 1
v -3.83359 13.4934 27.5859 1 1 1
v -8.19035 7.54502 30.045 1 1 1
v -4.67637 9.8446 27.8193 1 1 1
v -3.86612 13.7822 29.1718 1 1 1
v -2.25672 5.70948 24.8645 1 1 1
v -2.78236 5.80412 25.6497 1 1 1
v -2.3943 14.0308 29.1859 1 1 1
v -2.04404 13.1115 28.5123 1 1 1
v -3.04746 6.18861 26.4493 1 1 1
v -2.17473 5.96196 25.5314 1 1 1
v -2.60088 2.10499 24.1664 1 1 1
v -2.3138 5.55021 25.5638 1 1 1
v -1.79823 13.4978 28.9347 1 1 1
v -2.45565 6.00303 26.0691 1 1 1
v -2.40288 4.77773 25.811 1 1 1
v -3.25932 3.55492 26.3951 1 1 1
v -1.61263 6.2373 25.7126 1 1 1
v -3.18964 8.87706 29.1881 1 1 1
v -2.38532 8.9164 28.1532 1 1 1
v -0.412008 9.57333 25.8822 1 1 1
v 1.35369 13.524 25.371 1 1 1
v -3.62436 -1.17524 24.9379 1 1 1
v -3.00982 8.68747 29.4916 1 1 1
v -1.46983 9.60799 27.8823 1 1 1
v 0.516084 14.6959 28.047 1 1 1
v 2.69955 16.537 26.0676 1 1 1
v -0.356929 5.39121 24.7907 1 1 1
v 13.4702 3.19723 4.15025 1 1 1
v -2.31552 9.37444 29.7483 1 1 1
v -2.75444 7.79494 29.8307 1 1 1
v 1.39964 14.3572 27.4699 1 1 1
v 0.78713 10.306 26.391 1 1 1
v 0.716719 9.70298 26.5067 1 1 1
v 2.93089 11.7683 24.4601 1 1 1
v -3.41406 8.33943 32.1136 1 1 1
v 1.28512 6.1746 24.0437 1 1 1
v 3.50493 12.1836 23.9956 1 1 1
v -1.62081 -3.83478 23.6507 1 1 1
v 0.945415 9.89132 26.9998 1 1 1
v -1.71118 -4.1377 23.8816 1 1 1
v 1.1743 6.02701 24.795 1 1 1
v 1.37787 5.97963 24.5187 1 1 1
v -0.51327 2.40127 25.5059 1 1 1
v -0.51327 2.40127 25.5059 1 1 1
v 0.383821 5.57631 26.1639 1 1 1
v 0.967774 5.75335 25.3523 1 1 1
v -1.67367 -4.84878 23.7054 1 1 1
v -2.335 -4.95332 24.8975 1 1 1
v 1.66163 5.66893 24.5372 1 1 1
v 0.933744 2.48199 23.9671 1 1 1
v -1.80363 -5.35268 24.2058 1 1 1
v -1.58859 -4.97363 24.1632 1 1 1
v -2.50387 -5.77247 25.1862 1 1 1
v 0.574141 2.44729 24.7869 1 1 1
v -3.08611 8.30179 33.9012 1 1 1
v 3.14481 15.2885 27.7144 1 1 1
v -2.27295 8.75756 32.9231 1 1 1
v 0.727082 -0.971722 22.8405 1 1 1
v 2.90833 14.7583 27.9979 1 1 1
v 2.51756 4.43617 23.5971 1 1 1
v 2.56426 4.2201 23.5304 1 1 1
v 0.47581 11.2376 31.0292 1 1 1
v -0.12144 11.2211 32.3945 1 1 1
v 2.48542 4.42453 24.141 1 1 1
v 3.09611 6.4363 24.4537 1 1 1
v 3.92817 12.9225 26.7593 1 1 1
v 2.08426 3.53577 24.7173 1 1 1
v 2.49958 5.97723 25.6052 1 1 1
v 3.51781 6.33516 24.3276 1 1 1
v 3.88794 11.5522 26.8714 1 1 1
v 2.81052 4.90567 25.1251 1 1 1
v -0.186376 -6.14959 24.3176 1 1 1
v 1.82652 -2.03935 22.9651 1 1 1
v 3.51742 6.35055 24.8616 1 1 1
v -0.10276 -5.28164 25.0197 1 1 1
v 3.65277 13.8991 29.3769 1 1 1
v 3.65277 13.8991 29.3769 1 1 1
v 2.64338 1.91687 24.3304 1 1 1
v 1.68237 -4.41848 22.9713 1 1 1
v 1.53625 8.13678 31.3744 1 1 1
v -0.372268 10.056 36.5727 1 1 1
v 4.2764 11.6879 28.5263 1 1 1
v 2.91896 1.25274 24.9095 1 1 1
v 1.00358 9.5578 34.822 1 1 1
v 4.04324 3.20599 24.4831 1 1 1
v 3.53525 -1.94524 22.7479 1 1 1
v 1.20251 -5.70487 25.4742 1 1 1
v 2.0788 -4.45785 24.3894 1 1 1
v 2.06564 -4.46824 24.4196 1 1 1
v 3.36609 1.88082 25.6894 1 1 1
v 3.52701 1.71927 25.6881 1 1 1
v 3.34833 -2.10561 23.6773 1 1 1
v 3.72013 4.76682 27.4479 1 1 1
v 5.05702 14.0061 30.5412 1 1 1
v 2.61527 -4.24971 24.096 1 1 1
v 3.83143 0.886472 24.8397 1 1 1
v 5.55903 -4.89879 17.2871 1 1 1
v 3.37444 4.33724 28.1726 1 1 1
v 0.291462 -10.0104 25.8016 1 1 1
v 3.34389 8.89248 31.668 1 1 1
v 3.44177 -0.101831 25.4914 1 1 1
v 0.947243 -8.94125 25.6504 1 1 1
v 3.12409 -3.94929 24.0301 1 1 1
v 3.94268 0.0421135 25.29 1 1 1
v 3.9095 -2.45273 23.7354 1 1 1
v 3.84179 -2.61983 23.9718 1 1 1
v 4.3634 4.38845 27.5513 1 1 1
v 3.68285 -3.26755 24.292 1 1 1
v 3.82958 -3.14258 24.1524 1 1 1
v 3.47588 -3.96734 24.4698 1 1 1
v 3.01122 8.97934 35.1228 1 1 1
v 5.39156 9.21882 29.5168 1 1 1
v 4.53955 3.56011 27.6554 1 1 1
v 4.56271 11.7691 33.4799 1 1 1
v 3.66535 -3.16359 25.2797 1 1 1
v 4.70006 8.68307 31.1574 1 1 1
v 3.80209 -4.56103 24.7187 1 1 1
v 5.18484 -2.57666 22.4678 1 1 1
v 6.12275 9.79566 29.3145 1 1 1
v 4.22155 -3.38411 25.1919 1 1 1
v 2.81078 -6.97357 26.4586 1 1 1
v 4.43376 -3.17004 25.1299 1 1 1
v 4.43376 -3.17004 25.1299 1 1 1
v 5.62859 12.2819 33.4488 1 1 1
v 5.08579 4.65277 29.3079 1 1 1
v 4.53087 -3.09857 25.1504 1 1 1
v 6.64352 12.8211 32.8611 1 1 1
v 3.52733 7.74321 38.9498 1 1 1
v 5.14205 9.1765 38.456 1 1 1
v 5.14205 9.1765 38.456 1 1 1
v 5.14205 9.1765 38.456 1 1 1
v 13.3001 4.10285 7.01474 1 1 1
v 7.83148 -8.79097 15.0286 1 1 1
v 6.60189 9.02417 38.8139 1 1 1
v 7.38547 -7.00049 20.9633 1 1 1
v 7.38547 -7.00049 20.9633 1 1 1
v 7.59435 -6.94432 20.9041 1 1 1
v 11.2766 12.7669 33.093 1 1 1
v 12.9273 3.01798 4.64482 1 1 1
v -2.84698 4.579 25.313 1 1 1
v -3.31851 4.61592 26.1907 1 1 1
v -3.57577 2.63397 25.5713 1 1 1
v -4.69819 2.04098 26.9369 1 1 1
v -3.15075 4.61381 26.8847 1 1 1
v -1.80451 4.73406 25.8378 1 1 1
v -1.52067 8.92336 27.9083 1 1 1
v 0.817351 6.15154 24.5031 1 1 1
v 0.000997607 9.33902 27.403 1 1 1
v 1.1296 9.59429 27.0799 1 1 1
v 1.25054 6.14612 25.1617 1 1 1
v -3.12331 -5.80867 25.5365 1 1 1
v 3.31391 10.5741 24.4187 1 1 1
v 0.437273 2.05729 24.7849 1 1 1
v 0.21629 6.91795 28.0753 1 1 1
v 1.74418 6.00895 25.2759 1 1 1
v 5.4906 1.89714 17.8414 1 1 1
v 5.4906 1.89714 17.8414 1 1 1
v 0.685181 -4.18336 23.1412 1 1 1
v 0.685181 -4.18336 23.1412 1 1 1
v 0.704991 -4.50479 23.7377 1 1 1
v 1.35988 -3.12271 23.5767 1 1 1
v 1.75744 -4.37906 22.8807 1 1 1
v 1.39058 -5.20131 23.7053 1 1 1
v 2.00199 -4.15244 24.1121 1 1 1
v 2.27528 -4.12805 23.8032 1 1 1
v 2.81144 -4.55 22.8757 1 1 1
v 2.65746 -2.52546 24.6887 1 1 1
v 2.53785 -3.31125 25.9616 1 1 1
v 3.15795 -0.31613 26.806 1 1 1
v 3.9698 4.2601 28.2123 1 1 1
v 2.4954 -4.88655 25.4021 1 1 1
v 8.22318 12.2588 24.7717 1 1 1
v 4.06789 0.739318 27.0113 1 1 1
v 3.84061 -0.177159 27.0307 1 1 1
v 3.61016 -0.554392 27.5081 1 1 1
v 3.00657 -4.53337 26.2007 1 1 1
v 3.61674 -0.832899 28.1044 1 1 1
v 3.6981 -3.75872 25.9978 1 1 1
v 3.90182 -3.73136 25.8366 1 1 1
v 4.67218 4.64156 30.2231 1 1 1
v 3.35911 2.12633 28.0419 1 1 1
v -20.9099 4.11095 34.8898 1 1 1
v -19.0729 -0.973156 31.2481 1 1 1
v -26.6429 -0.776946 38.6512 1 1 1
v -27.6191 -2.10952 39.6343 1 1 1
v -19.0503 14.3898 38.9508 1 1 1
v -14.7008 0.177465 28.9897 1 1 1
v -14.0394 0.0411257 29.2208 1 1 1
v -15.5428 -0.806981 31.7837 1 1 1
v -14.7797 0.229706 32.3368 1 1 1
v -12.9002 0.737044 30.5942 1 1 1
v -4.00409 15.4592 28.1918 1 1 1
v -4.57083 14.0798 28.7554 1 1 1
v -9.75268 12.5139 33.9918 1 1 1
v -14.0201 -0.328339 33.395 1 1 1
v -3.77708 11.2185 27.3855 1 1 1
v -3.92559 9.8511 27.125 1 1 1
v -14.1187 -1.27264 33.8067 1 1 1
v -22.3982 -1.80134 43.2535 1 1 1
v -4.20977 12.0779 28.798 1 1 1
v -4.29299 14.2308 29.9436 1 1 1
v -9.38045 16.9476 37.3245 1 1 1
v -21.743 -4.0108 42.5787 1 1 1
v -7.58606 10.2172 32.9949 1 1 1
v -12.7789 -2.17787 33.479 1 1 1
v -2.73056 14.4428 29.863 1 1 1
v -6.29099 6.11885 30.51 1 1 1
v -2.42334 5.96703 25.6648 1 1 1
v -5.75652 6.23035 30.6097 1 1 1
v -1.53378 13.6043 28.9033 1 1 1
v -4.07496 17.7001 34.6347 1 1 1
v -2.3822 9.0414 27.9397 1 1 1
v -7.36934 3.38172 32.0988 1 1 1
v -5.68472 11.2822 33.8409 1 1 1
v -2.29512 4.88502 25.9472 1 1 1
v -4.26729 11.3651 32.2146 1 1 1
v -5.2469 10.6542 33.6069 1 1 1
v -6.45217 9.73032 35.2191 1 1 1
v 2.84387 16.5449 25.7499 1 1 1
v 1.18602 9.0178 25.4804 1 1 1
v 0.613292 9.83183 26.7854 1 1 1
v 1.28133 5.21612 23.4508 1 1 1
v 0.907163 10.4447 27.1879 1 1 1
v -1.67488 5.25104 28.6197 1 1 1
v 0.783179 10.087 27.4281 1 1 1
v -0.651636 -3.37655 22.5218 1 1 1
v -1.41338 6.00839 29.5152 1 1 1
v -4.54232 15.1794 39.6136 1 1 1
v -0.662053 20.2366 36.3883 1 1 1
v -6.99487 10.4049 41.6202 1 1 1
v 0.878195 2.69209 23.9966 1 1 1
v 0.95478 2.55953 24.055 1 1 1
v 3.61106 15.0544 26.8043 1 1 1
v 0.000235315 17.7112 34.5741 1 1 1
v 3.53177 12.3835 25.8359 1 1 1
v 2.67987 5.93333 23.6989 1 1 1
v -8.39289 11.2169 45.4245 1 1 1
v 2.92557 4.26255 22.9987 1 1 1
v 2.70171 4.44439 23.7515 1 1 1
v -0.388958 18.1595 37.3192 1 1 1
v 1.32402 12.6821 31.3913 1 1 1
v 3.27815 6.78833 24.6114 1 1 1
v 3.31106 5.9098 24.1155 1 1 1
v 2.29066 -2.12632 21.373 1 1 1
v -0.80839 -3.96046 26.1116 1 1 1
v -1.4762 -5.64836 26.6573 1 1 1
v -1.50591 -5.87455 26.9077 1 1 1
v 1.74091 -2.02949 23.3207 1 1 1
v 0.570984 8.0063 31.7031 1 1 1
v 2.53621 -1.69683 21.9897 1 1 1
v 1.00631 2.51166 29.0895 1 1 1
v 0.768388 2.00067 29.2928 1 1 1
v -0.0900943 -5.37411 26.6737 1 1 1
v 3.91508 13.1339 30.1114 1 1 1
v 3.14548 1.30362 24.5755 1 1 1
v 4.43483 3.27373 23.7808 1 1 1
v 4.43483 3.27373 23.7808 1 1 1
v 0.521387 -5.25502 26.8528 1 1 1
v 0.848205 -4.97491 26.6047 1 1 1
v 3.83807 1.95352 24.8414 1 1 1
v 4.36249 13.2339 31.4393 1 1 1
v 2.13965 1.33718 28.7256 1 1 1
v 5.41992 13.823 29.6508 1 1 1
v 1.21718 -5.11256 26.6726 1 1 1
v 4.40063 4.40759 25.8887 1 1 1
v 0.914417 0.00653154 31.1764 1 1 1
v 1.88751 -0.526885 28.7113 1 1 1
v 2.05766 0.00296102 28.7423 1 1 1
v 4.77267 3.41341 24.7109 1 1 1
v 2.14855 0.00665073 28.8764 1 1 1
v 3.90813 0.129051 24.7226 1 1 1
v 1.055 -5.55607 28.121 1 1 1
v 4.25907 -2.14462 22.6992 1 1 1
v 5.41128 13.4374 30.9358 1 1 1
v 1.92977 -3.9358 27.4338 1 1 1
v 2.2786 -1.04603 28.7723 1 1 1
v 4.39563 4.31005 27.2841 1 1 1
v 1.51997 -5.38079 27.795 1 1 1
v 4.49807 4.43414 27.3907 1 1 1
v 0.590869 -6.6562 29.3319 1 1 1
v 4.54644 -2.11847 22.7142 1 1 1
v 4.40736 18.5299 37.9588 1 1 1
v 1.82568 -5.28557 27.8702 1 1 1
v 2.25407 -4.33019 27.4781 1 1 1
v 1.90621 -5.33069 27.7299 1 1 1
v 5.08396 18.6135 36.9692 1 1 1
v 5.03895 9.1092 30.0428 1 1 1
v 2.06881 3.42803 33.8771 1 1 1
v 4.76583 11.8669 33.1418 1 1 1
v 5.39272 9.35079 29.7029 1 1 1
v 2.44788 -4.2377 27.4781 1 1 1
v 4.16623 18.0643 39.5983 1 1 1
v 5.13982 8.61679 30.1218 1 1 1
v 4.27421 -2.64553 23.9965 1 1 1
v 4.27421 -2.64553 23.9965 1 1 1
v 6.0068 13.1325 31.2848 1 1 1
v 2.71217 -0.715245 29.8908 1 1 1
v 2.97738 12.7483 40.7971 1 1 1
v 2.92071 -4.02575 28.8855 1 1 1
v 6.40051 12.9015 32.0708 1 1 1
v 6.96149 12.3677 32.7707 1 1 1
v 6.75089 10.4082 31.8829 1 1 1
v 7.82762 12.302 32.079 1 1 1
v 6.23769 8.90827 34.5582 1 1 1
v 7.17348 16.3063 38.5165 1 1 1
v 9.37758 7.20578 56.9068 1 1 1
v 8.47721 -14.6197 41.8633 1 1 1
v 7.77689 -19.2218 45.527 1 1 1
v 8.98381 -13.5671 47.8134 1 1 1
v 9.29605 -13.4694 40.8512 1 1 1
v 9.26941 -14.9628 46.5993 1 1 1
v 7.38176 -24.4147 48.3636 1 1 1
v 9.42859 -14.2635 46.0893 1 1 1
v 8.89995 -17.6485 45.235 1 1 1
v 9.3551 -15.5707 41.3213 1 1 1
v -37.8527 -12.9116 43.7025 1 1 1
v -37.1758 -12.7107 43.1847 1 1 1
v -36.1497 -13.4676 41.9495 1 1 1
v -34.0109 -19.2835 38.1573 1 1 1
v -26.564 -4.24674 37.5621 1 1 1
v -17.2683 0.636737 32.2354 1 1 1
v -35.6132 -15.4981 43.4317 1 1 1
v -19.1897 -1.27661 33.6188 1 1 1
v -38.2134 -11.9036 48.6959 1 1 1
v -37.1586 -11.6807 47.8136 1 1 1
v -39.5783 -13.0401 49.8569 1 1 1
v -20.5671 -2.06703 35.7401 1 1 1
v -38.416 -28.6002 42.4408 1 1 1
v -40.8188 -16.0743 50.498 1 1 1
v -37.4949 -12.0295 49.1333 1 1 1
v -39.0814 -16.6986 48.9727 1 1 1
v -37.4454 -12.9443 49.0362 1 1 1
v -25.7803 -5.87509 40.7433 1 1 1
v -30.6226 -8.86798 45.2241 1 1 1
v -16.2563 -0.731904 33.769 1 1 1
v -30.7368 -27.8393 37.5043 1 1 1
v -35.675 -12.4357 49.7815 1 1 1
v -37.7628 -26.1093 47.6721 1 1 1
v -38.6806 -13.0933 54.4225 1 1 1
v -38.6806 -13.0933 54.4225 1 1 1
v -17.169 -1.70452 35.6881 1 1 1
v -23.6105 -6.08735 41.6583 1 1 1
v -23.6105 -6.08735 41.6583 1 1 1
v -26.8542 -8.46261 44.6977 1 1 1
v -15.2533 -0.00958697 35.2099 1 1 1
v -26.0827 -7.64386 44.3496 1 1 1
v -19.5611 -3.22305 38.8125 1 1 1
v -16.3556 -1.80238 35.6979 1 1 1
v -34.0568 -12.0752 52.2623 1 1 1
v -23.9301 -6.47335 42.9718 1 1 1
v -4.87953 12.0313 29.2993 1 1 1
v -19.6319 -3.82128 39.5695 1 1 1
v -32.0027 -10.5863 51.1974 1 1 1
v -3.29306 11.6898 27.4604 1 1 1
v -15.6848 -2.68696 37.1744 1 1 1
v -3.83045 14.012 31.4289 1 1 1
v -3.93888 14.0697 31.6325 1 1 1
v -2.15424 5.71991 25.6023 1 1 1
v -30.7417 -13.7994 54.3743 1 1 1
v -27.0328 -11.5597 50.8329 1 1 1
v -2.8273 6.10675 26.8436 1 1 1
v -27.257 -11.8588 50.9973 1 1 1
v -3.32407 14.1636 31.4814 1 1 1
v -3.32407 14.1636 31.4814 1 1 1
v -28.9846 -13.085 53.6377 1 1 1
v -2.62987 5.0185 26.5774 1 1 1
v -2.19894 5.73249 26.3517 1 1 1
v -2.42942 5.50321 26.5483 1 1 1
v -24.7359 -18.7936 45.6791 1 1 1
v -24.7359 -18.7936 45.6791 1 1 1
v -26.9764 -20.1592 48.2216 1 1 1
v -1.355 4.90324 25.4487 1 1 1
v -2.4327 15.379 32.4441 1 1 1
v -1.82617 5.36106 26.8614 1 1 1
v -0.216032 5.58781 25.0161 1 1 1
v -3.18424 7.24252 30.4494 1 1 1
v -1.77754 5.76032 27.6831 1 1 1
v 0.821365 6.1576 24.6944 1 1 1
v 1.11735 6.36947 24.5992 1 1 1
v -26.2818 -21.3382 52.8519 1 1 1
v -18.5871 -15.4983 44.648 1 1 1
v -1.81055 -3.82747 24.2439 1 1 1
v 3.0077 13.3854 25.8015 1 1 1
v 1.20049 6.12575 25.068 1 1 1
v -26.2617 -24.1126 53.5352 1 1 1
v -27.4042 -28.3634 53.0394 1 1 1
v -26.9042 -24.8112 54.3922 1 1 1
v 0.332497 11.1406 29.4484 1 1 1
v 1.54474 6.38721 24.5661 1 1 1
v 1.37903 6.09185 25.0942 1 1 1
v 1.17133 5.79571 25.2299 1 1 1
v 0.436374 2.54212 25.07 1 1 1
v -1.99816 -5.38247 24.9522 1 1 1
v -1.68171 11.4268 34.4969 1 1 1
v 3.752 16.4379 27.9865 1 1 1
v -1.49339 12.0329 35.0351 1 1 1
v -1.89319 11.5941 35.733 1 1 1
v 2.8227 15.7499 29.6908 1 1 1
v 2.94042 6.41183 24.2558 1 1 1
v 2.49997 6.65518 25.7744 1 1 1
v 2.61068 1.2714 22.5146 1 1 1
v 3.01414 6.58754 25.5238 1 1 1
v 2.53728 5.07641 25.7899 1 1 1
v 3.2001 14.7332 30.7852 1 1 1
v -27.3304 -32.2581 62.967 1 1 1
v 0.357717 10.2159 34.1318 1 1 1
v -0.0189983 -6.07768 25.0123 1 1 1
v 3.07498 8.46361 28.3395 1 1 1
v 3.2549 8.10835 28.1802 1 1 1
v 3.17664 2.76678 24.9513 1 1 1
v 0.569723 -4.94765 25.8172 1 1 1
v 6.7608 16.942 26.9327 1 1 1
v 3.9812 12.803 32.0818 1 1 1
v 3.84148 12.9035 32.4629 1 1 1
v 4.0444 13.7239 32.5438 1 1 1
v 2.77196 -2.36119 24.6842 1 1 1
v 3.67361 4.90217 27.8058 1 1 1
v 3.77815 4.90279 27.5657 1 1 1
v 3.00441 -2.24703 24.6195 1 1 1
v 3.67199 4.68695 28.4777 1 1 1
v 3.64389 0.218042 25.8926 1 1 1
v 3.49428 -2.60787 24.5725 1 1 1
v -20.9705 -36.695 62.4221 1 1 1
v -20.8481 -36.0502 62.8471 1 1 1
v 3.70052 -2.56653 24.6399 1 1 1
v 3.7932 -2.48629 24.4389 1 1 1
v 7.11967 15.2819 29.6273 1 1 1
v 7.57659 15.4552 28.7437 1 1 1
v 4.80359 5.62614 29.27 1 1 1
v 3.68542 -3.71731 26.2461 1 1 1
v 5.09068 4.66646 29.1928 1 1 1
v 5.61469 12.7573 34.1162 1 1 1
v 4.49646 -2.73553 25.0931 1 1 1
v 7.61471 14.5964 30.265 1 1 1
v 5.0874 3.84331 29.7581 1 1 1
v 3.07499 8.39561 41.9784 1 1 1
v 1.51779 6.09082 45.3119 1 1 1
v 1.51779 6.09082 45.3119 1 1 1
v -2.10868 0.421465 55.742 1 1 1
v 7.53228 12.7238 34.1421 1 1 1
v 7.4778 12.791 34.4323 1 1 1
v -7.60948 -9.51171 70.4627 1 1 1
v -5.13403 -8.25748 65.6001 1 1 1
v 0.967948 2.45947 52.5363 1 1 1
v -6.85296 -9.54739 71.8393 1 1 1
v -10.5786 -29.4869 67.5691 1 1 1
v -10.5855 -30.3452 67.2591 1 1 1
v -9.6572 -32.1257 63.5748 1 1 1
v -10.4032 -34.2393 65.3032 1 1 1
v -8.8763 -32.8203 64.8631 1 1 1
v -8.8763 -32.8203 64.8631 1 1 1
v -7.26575 -31.1832 65.8599 1 1 1
v -7.26575 -31.1832 65.8599 1 1 1
v 4.65412 4.22722 49.9014 1 1 1
v 4.83583 4.30105 48.5693 1 1 1
v -4.07149 -29.485 65.0541 1 1 1
v -4.03368 -31.179 64.4447 1 1 1
v 6.77442 2.88508 53.1471 1 1 1
v 2.3556 -20.503 52.8299 1 1 1
v -0.619505 -30.9437 62.8782 1 1 1
v 3.79314 -7.20572 70.4787 1 1 1
v -3.2789 -40.3406 71.8051 1 1 1
v 0.026609 -29.9284 64.4422 1 1 1
v 0.026609 -29.9284 64.4422 1 1 1
v 4.81654 -16.0017 51.1264 1 1 1
v 6.23241 -5.71946 63.6385 1 1 1
v 1.75248 -27.7917 62.6586 1 1 1
v 1.53548 -29.5163 62.207 1 1 1
v 6.88494 -3.50557 64.5283 1 1 1
v 5.75352 -14.8451 51.7926 1 1 1
v 6.71785 -5.37327 65.5554 1 1 1
v 7.40131 -3.46207 64.2606 1 1 1
v 5.82892 -15.9005 51.2681 1 1 1
v 5.41955 -18.4608 50.576 1 1 1
v 6.09881 -15.3408 50.9572 1 1 1
v 6.26178 -14.1671 52.3011 1 1 1
v 5.83613 -17.0905 50.2964 1 1 1
v 3.88405 -25.1637 55.6262 1 1 1
v 5.75752 -18.1044 50.7807 1 1 1
v 6.41831 -15.26 51.0092 1 1 1
v 6.3725 -17.3927 50.6529 1 1 1
v 10.5207 3.08491 52.3107 1 1 1
v 6.74186 -15.1408 52.9875 1 1 1
v 4.81525 -25.0773 53.8217 1 1 1
v 9.41292 -0.993844 61.1893 1 1 1
v 13.2761 11.1156 37.0323 1 1 1
v 13.2761 11.1156 37.0323 1 1 1
v 7.14934 -14.8436 51.3017 1 1 1
v 6.50258 -19.1256 49.9966 1 1 1
v 6.45113 -20.0754 47.6812 1 1 1
v 6.25562 -20.8636 49.0233 1 1 1
v 6.33446 -20.2994 49.9005 1 1 1
v 4.65859 -28.2257 55.9464 1 1 1
v 9.64032 -2.34869 60.5839 1 1 1
v 6.43333 -21.8678 52.7645 1 1 1
v 7.92736 -15.2301 50.949 1 1 1
v 7.92736 -15.2301 50.949 1 1 1
v 7.81138 -16.209 50.1405 1 1 1
v 6.8303 -20.9483 51.9211 1 1 1
v 5.81386 -27.3535 49.0453 1 1 1
v 6.07594 -26.3174 48.5857 1 1 1
v 8.12966 -14.9731 53.923 1 1 1
v 6.51527 -24.2697 48.6449 1 1 1
v 11.6766 2.09109 51.4465 1 1 1
v 5.91279 -28.5382 50.318 1 1 1
v 7.417 -21.8727 48.9946 1 1 1
v 8.50998 -15.3354 55.5026 1 1 1
v 6.27279 -29.1726 48.9644 1 1 1
v 8.72988 -16.2989 49.6124 1 1 1
v 7.28032 -24.3908 47.7174 1 1 1
v 6.7016 -27.4722 48.1465 1 1 1
v 8.92339 -15.16 54.6368 1 1 1
v 9.14412 -15.6323 49.646 1 1 1
v 7.70767 -23.7522 46.9333 1 1 1
v 12.8981 3.68944 52.5982 1 1 1
v 12.8981 3.68944 52.5982 1 1 1
v 15.03 12.7653 22.5359 1 1 1
v 8.14618 -22.0105 49.6796 1 1 1
v 9.89383 -13.0807 50.7029 1 1 1
v 7.05046 -28.522 36.3197 1 1 1
v 7.05046 -28.522 36.3197 1 1 1
v 6.76709 -29.9035 49.1957 1 1 1
v 9.73072 -15.0968 52.8255 1 1 1
v 8.49639 -21.9848 47.5981 1 1 1
v 7.67241 -26.6621 48.1525 1 1 1
v 13.3581 2.61758 55.2537 1 1 1
v 7.26367 -28.739 36.2671 1 1 1
v 7.26367 -28.739 36.2671 1 1 1
v 8.30819 -24.7363 47.9611 1 1 1
v 11.4203 -8.65296 49.9884 1 1 1
v 11.5516 -8.36551 50.0029 1 1 1
v 11.5382 -8.59554 50.2316 1 1 1
v -23.3019 -2.56839 36.0686 1 1 1
v -34.6451 -10.4294 44.9539 1 1 1
v -19.4806 -1.07839 34.9102 1 1 1
v -18.1047 -0.672756 33.6539 1 1 1
v -8.07737 15.716 30.0228 1 1 1
v -21.856 -2.17422 37.8281 1 1 1
v -21.7172 -2.39885 37.9608 1 1 1
v -22.2059 -2.82904 38.9188 1 1 1
v -7.77769 15.2276 31.1877 1 1 1
v -17.2224 -0.0158581 35.5318 1 1 1
v -21.1047 -3.1218 38.4761 1 1 1
v -26.9731 -7.71122 44.2495 1 1 1
v -29.4882 -8.40407 47.0084 1 1 1
v -30.0116 -9.32381 48.0903 1 1 1
v -19.3854 -2.8181 38.3992 1 1 1
v -36.7719 -12.2429 54.9678 1 1 1
v -33.975 -9.88895 53.2665 1 1 1
v -33.975 -9.88895 53.2665 1 1 1
v -34.1001 -9.92574 53.4097 1 1 1
v -34.1001 -9.92574 53.4097 1 1 1
v -16.8279 -23.1975 27.6696 1 1 1
v -16.8279 -23.1975 27.6696 1 1 1
v -14.8671 -0.663193 35.6298 1 1 1
v -25.0254 -7.22028 45.672 1 1 1
v -4.89993 12.3546 29.3756 1 1 1
v -5.75999 13.7437 31.8073 1 1 1
v -6.22772 13.9736 32.5584 1 1 1
v -16.1823 -2.95353 38.4178 1 1 1
v 1.93231 18.5145 24.5139 1 1 1
v -4.86275 9.69631 29.9809 1 1 1
v -3.35352 5.42661 26.0562 1 1 1
v -19.1499 -5.23783 42.7654 1 1 1
v -18.1012 -5.18197 42.6568 1 1 1
v -3.50955 6.44367 27.5667 1 1 1
v -2.45161 2.92197 24.4837 1 1 1
v -2.50862 0.394208 23.4137 1 1 1
v -2.00072 15.4431 30.5174 1 1 1
v -2.07465 0.158956 23.1563 1 1 1
v -2.19483 10.2175 28.5991 1 1 1
v -2.26083 10.2511 28.7248 1 1 1
v -3.38852 3.72666 27.3312 1 1 1
v -0.714714 15.5024 29.1518 1 1 1
v -1.82964 10.6209 28.3126 1 1 1
v -3.27164 15.9892 33.8326 1 1 1
v -28.7948 -24.418 53.4825 1 1 1
v -3.37335 10.0554 32.36 1 1 1
v -28.448 -25.8884 53.6922 1 1 1
v -0.472211 5.09036 25.3685 1 1 1
v -31.6962 -30.1459 58.5166 1 1 1
v 0.444708 15.5687 29.8182 1 1 1
v -28.078 -25.1079 56.5686 1 1 1
v -1.63947 -4.04676 23.5364 1 1 1
v -25.8244 -28.3105 53.9461 1 1 1
v 2.5401 13.1647 26.7872 1 1 1
v -1.26413 10.3654 32.0768 1 1 1
v 0.811151 5.92115 25.9661 1 1 1
v 1.38214 5.90492 24.7171 1 1 1
v 2.87414 16.66 28.7132 1 1 1
v 1.91586 15.972 31.0923 1 1 1
v -25.2983 -26.8359 60.0996 1 1 1
v -25.2983 -26.8359 60.0996 1 1 1
v -2.35217 -5.88171 27.3253 1 1 1
v -2.50047 12.1364 38.4615 1 1 1
v 2.33394 4.05366 23.9507 1 1 1
v 2.70321 15.4393 30.231 1 1 1
v 3.56216 13.5251 27.7267 1 1 1
v -0.132966 -5.99834 24.6268 1 1 1
v 0.359144 -5.88165 24.6604 1 1 1
v 1.03164 -4.37246 24.1807 1 1 1
v 1.41564 -4.10183 23.7541 1 1 1
v 1.41564 -4.10183 23.7541 1 1 1
v 1.35724 -4.17418 24.0825 1 1 1
v -23.0883 -28.7868 68.9322 1 1 1
v -25.243 -37.8944 68.2164 1 1 1
v -22.9707 -28.4586 70.9183 1 1 1
v -22.958 -38.8272 65.3927 1 1 1
v 3.36872 9.19707 32.1151 1 1 1
v -15.5692 -40.362 45.8977 1 1 1
v 3.77961 0.0774102 25.8514 1 1 1
v 3.67083 -2.67635 24.6467 1 1 1
v 1.38109 -7.68446 27.5604 1 1 1
v 3.41199 -3.83796 24.8286 1 1 1
v 3.66743 -3.81471 24.2 1 1 1
v 4.79057 3.75192 27.1837 1 1 1
v 3.95182 -3.03513 24.4614 1 1 1
v 3.95369 -3.14167 24.484 1 1 1
v 3.78385 -3.31761 24.8119 1 1 1
v 5.97728 16.0764 33.7624 1 1 1
v 3.92942 -0.134724 26.9905 1 1 1
v 4.11673 -0.087115 26.8535 1 1 1
v 8.62537 17.1491 27.3548 1 1 1
v 4.23376 -3.2601 24.5057 1 1 1
v 5.44044 11.1526 33.0844 1 1 1
v 4.44281 -3.10889 24.7624 1 1 1
v -4.52131 1.5057 57.558 1 1 1
v -4.07906 -7.19982 49.6375 1 1 1
v -1.35955 -6.36153 42.9861 1 1 1
v -9.89894 -10.4425 75.3009 1 1 1
v 5.13815 9.70208 39.6021 1 1 1
v -10.2117 -29.9904 68.4873 1 1 1
v -10.4798 -34.4446 65.6338 1 1 1
v -9.59949 -33.8932 65.0527 1 1 1
v -9.59949 -33.8932 65.0527 1 1 1
v 4.57581 4.18936 51.829 1 1 1
v 4.57581 4.18936 51.829 1 1 1
v -5.59524 -29.4864 68.9435 1 1 1
v -5.59524 -29.4864 68.9435 1 1 1
v 0.569873 -8.16308 74.1817 1 1 1
v 1.1195 -8.03229 73.2398 1 1 1
v 11.3239 13.6154 34.8648 1 1 1
v 2.66089 -7.55281 72.391 1 1 1
v -0.846032 -31.781 64.3612 1 1 1
v 4.51717 -7.54334 70.3666 1 1 1
v -0.178135 -30.719 65.9186 1 1 1
v 8.26986 2.62677 55 1 1 1
v 8.26986 2.62677 55 1 1 1
v 1.72881 -31.2276 62.2944 1 1 1
v 2.31453 -28.4457 64.9555 1 1 1
v 2.27037 -29.0995 63.5514 1 1 1
v 10.0187 3.91755 53.0814 1 1 1
v 5.35904 -19.1185 50.7442 1 1 1
v 7.58697 -5.28222 65.9045 1 1 1
v 6.46111 -15.3858 51.2785 1 1 1
v 3.16273 -30.6325 59.2353 1 1 1
v 3.16273 -30.6325 59.2353 1 1 1
v 6.966 -15.3679 51.5998 1 1 1
v 5.4026 -23.6694 49.4914 1 1 1
v 5.02141 -25.1169 51.4144 1 1 1
v 7.56349 -15.4461 51.8396 1 1 1
v 7.14193 -18.397 48.5302 1 1 1
v 11.6951 3.08045 54.5367 1 1 1
v 7.57854 -18.4892 50.8016 1 1 1
v 7.5014 -19.4657 48.2654 1 1 1
v 7.47105 -20.8967 48.5975 1 1 1
v 7.02773 -23.3674 48.9469 1 1 1
v 7.029 -24.7237 46.9284 1 1 1
v 7.55068 -23.2651 47.8081 1 1 1
v -13.0302 12.9332 31.0181 1 1 1
v -17.0242 -0.496775 31.9737 1 1 1
v -15.2806 0.584318 30.7463 1 1 1
v -15.6615 -0.979421 31.5345 1 1 1
v -15.7247 -0.800277 33.2264 1 1 1
v -14.1369 -1.34457 32.5839 1 1 1
v -14.1884 -1.27874 33.2457 1 1 1
v -10.1266 1.26567 30.1612 1 1 1
v -5.55874 11.2164 28.3455 1 1 1
v -4.65161 11.615 28.4485 1 1 1
v -6.61936 13.6619 32.6695 1 1 1
v -4.5536 14.4552 30.3821 1 1 1
v -9.38216 -4.11069 29.6174 1 1 1
v -4.45875 9.43014 28.7054 1 1 1
v -3.30624 3.3553 24.4676 1 1 1
v -3.98576 3.0009 25.5336 1 1 1
v -3.77705 2.99215 25.2426 1 1 1
v -3.22635 5.42728 25.8619 1 1 1
v -3.89393 14.039 31.1106 1 1 1
v -3.05497 6.03428 26.5448 1 1 1
v -3.17717 14.0059 30.8098 1 1 1
v -2.14626 6.06476 25.82 1 1 1
v -3.67755 9.49534 29.7886 1 1 1
v -2.30004 5.42672 26.2577 1 1 1
v -1.68828 4.69516 25.2071 1 1 1
v -1.56688 5.20872 25.2116 1 1 1
v -3.37995 9.05683 29.9816 1 1 1
v -1.34084 9.35615 27.3808 1 1 1
v -1.34084 9.35615 27.3808 1 1 1
v -2.71232 5.04657 27.4335 1 1 1
v -3.0441 15.794 33.1522 1 1 1
v -0.160315 15.0851 28.3436 1 1 1
v -1.77454 5.89914 26.6559 1 1 1
v -1.77454 5.89914 26.6559 1 1 1
v -1.3106 5.80253 25.8524 1 1 1
v -1.89383 5.93406 26.8699 1 1 1
v -1.6851 9.66781 28.4297 1 1 1
v 0.164176 15.2354 28.7657 1 1 1
v -0.430046 9.39034 26.9669 1 1 1
v -1.3565 5.45725 26.5828 1 1 1
v -3.75963 7.89929 32.037 1 1 1
v -0.719624 5.44774 25.7919 1 1 1
v 0.23995 4.90941 23.9878 1 1 1
v 0.174502 10.6549 27.4297 1 1 1
v -1.51332 -3.54618 23.3948 1 1 1
v 0.580957 6.32229 24.9816 1 1 1
v 0.746728 9.08328 26.0732 1 1 1
v 0.502182 6.16089 25.1201 1 1 1
v -0.0212954 5.61036 25.7738 1 1 1
v -1.06663 -3.70298 23.1911 1 1 1
v 2.73961 11.9721 24.48 1 1 1
v 1.49504 6.3021 23.8843 1 1 1
v 1.56314 6.0266 24.1549 1 1 1
v 0.816955 2.29585 24.2185 1 1 1
v -2.20258 11.5602 35.468 1 1 1
v -1.32933 11.1422 34.5717 1 1 1
v -1.32933 11.1422 34.5717 1 1 1
v -0.554059 12.1368 33.5336 1 1 1
v -1.36219 10.0423 34.1407 1 1 1
v 2.96654 13.4026 27.2811 1 1 1
v 2.34046 6.06704 24.5695 1 1 1
v 2.43739 4.28504 23.7886 1 1 1
v 0.947743 -3.06493 22.3321 1 1 1
v 0.334372 12.0836 32.7457 1 1 1
v 0.558144 1.17622 26.0944 1 1 1
v 0.0548186 8.35859 31.5535 1 1 1
v 1.67057 -2.24765 21.9933 1 1 1
v 1.61762 -2.40912 22.2805 1 1 1
v 2.91137 6.59187 24.622 1 1 1
v 3.19 13.2789 28.3515 1 1 1
v 3.64863 11.1782 26.1432 1 1 1
v 2.5808 5.98815 25.3588 1 1 1
v -4.04423 -9.44314 30.71 1 1 1
v 1.46879 -5.03774 21.9078 1 1 1
v -0.0569038 -4.60354 25.6305 1 1 1
v 2.60645 -1.61939 21.5794 1 1 1
v -3.8115 -8.90798 32.6798 1 1 1
v 0.411269 10.0813 35.2575 1 1 1
v 0.731165 9.6108 34.8384 1 1 1
v 0.829589 9.54291 34.5722 1 1 1
v 3.1549 2.88604 24.8257 1 1 1
v 3.76434 6.24812 25.4695 1 1 1
v 2.81845 8.04014 29.4272 1 1 1
v -2.97672 -8.05552 33.4096 1 1 1
v 3.72223 3.48744 24.9916 1 1 1
v 3.72223 3.48744 24.9916 1 1 1
v 1.22252 10.2666 35.9876 1 1 1
v 2.72721 -3.40038 23.2198 1 1 1
v 4.08593 3.23912 24.2587 1 1 1
v 2.43023 -3.87536 23.9817 1 1 1
v 3.41271 -1.95446 23.1447 1 1 1
v 4.0467 1.98232 24.2671 1 1 1
v 2.80399 -3.92661 23.8696 1 1 1
v 2.92488 9.6895 33.4378 1 1 1
v 2.90618 -3.92656 23.676 1 1 1
v 3.72467 0.944636 25.1127 1 1 1
v 4.14683 4.30799 26.4917 1 1 1
v 4.38742 3.9493 25.7894 1 1 1
v 3.74815 0.22785 25.1333 1 1 1
v 3.26136 -3.77426 23.8235 1 1 1
v 3.66853 -0.299261 25.2263 1 1 1
v 3.93357 -2.43838 23.2425 1 1 1
v 4.53104 3.73206 26.1491 1 1 1
v 3.90337 -0.28872 25.1557 1 1 1
v 3.98993 -0.202127 24.9886 1 1 1
v 3.72305 -3.60255 23.3486 1 1 1
v 4.06665 0.322918 25.2847 1 1 1
v 0.972712 -6.51492 29.2272 1 1 1
v 3.76434 -3.59051 23.6709 1 1 1
v 3.76106 -3.64409 23.5854 1 1 1
v 3.82058 -3.50299 23.7038 1 1 1
v 3.36489 -4.30711 24.4472 1 1 1
v 2.56307 8.86137 37.9735 1 1 1
v 4.48771 0.165148 25.2888 1 1 1
v 4.14877 -0.064477 25.9286 1 1 1
v 4.35704 -3.04662 23.7793 1 1 1
v 4.31281 -2.85218 24.2589 1 1 1
v 4.31281 -2.85218 24.2589 1 1 1
v 4.39425 -3.20398 24.1138 1 1 1
v 4.51777 -3.21905 24.1152 1 1 1
v 4.8027 -2.83672 24.2495 1 1 1
v 4.66253 -3.07078 24.5556 1 1 1
v 4.91922 -2.78362 24.2355 1 1 1
v 5.79756 3.66712 27.3805 1 1 1
v 3.10416 5.43963 39.9399 1 1 1
v 3.10416 5.43963 39.9399 1 1 1
v 5.42254 9.35529 38.1717 1 1 1
v 9.62622 -12.2519 42.4569 1 1 1
v 8.84039 -17.9446 42.6446 1 1 1
v 8.84039 -17.9446 42.6446 1 1 1
v 8.39989 -20.5502 43.4611 1 1 1
v 8.39989 -20.5502 43.4611 1 1 1
v 9.71006 -14.3833 43.4531 1 1 1
v 11.8304 -7.81269 44.0888 1 1 1
v 12.1559 -8.14274 45.4197 1 1 1
v 12.1559 -8.14274 45.4197 1 1 1
v -5.75851 15.3584 29.3955 1 1 1
v -5.2683 14.5939 29.6998 1 1 1
v -2.20624 10.6493 25.1318 1 1 1
v -2.35876 10.7535 25.3919 1 1 1
v -3.98271 5.60525 26.3665 1 1 1
v -9.59691 -15.6098 26.1245 1 1 1
v -3.58246 6.02199 27.0239 1 1 1
v -2.83592 6.36826 26.3783 1 1 1
v -2.97585 4.80131 25.9367 1 1 1
v -2.32212 6.05971 25.9273 1 1 1
v -2.16116 6.06041 25.9859 1 1 1
v -2.2599 4.72428 25.7825 1 1 1
v -1.76257 5.56996 25.4048 1 1 1
v -1.94456 5.38569 25.5452 1 1 1
v -1.89745 5.88838 25.7836 1 1 1
v -2.6883 5.75881 27.3192 1 1 1
v -1.0958 9.8807 27.181 1 1 1
v -3.70048 9.14632 31.1546 1 1 1
v -1.49832 9.96572 28.1607 1 1 1
v -1.58909 -3.2416 22.7314 1 1 1
v -2.21672 9.47858 30.4852 1 1 1
v -1.16145 -3.1697 22.4241 1 1 1
v 2.39173 17.1618 26.3978 1 1 1
v 0.480583 15.9429 29.4954 1 1 1
v -2.59216 -5.07555 24.7051 1 1 1
v -2.12834 -4.8144 24.1025 1 1 1
v 0.983426 8.94496 25.4637 1 1 1
v 0.649389 6.10206 24.7994 1 1 1
v 0.795321 6.26636 24.7161 1 1 1
v -0.827834 -3.51335 22.8453 1 1 1
v -0.78911 -3.59366 22.8249 1 1 1
v 1.05843 6.2894 24.4217 1 1 1
v 0.886337 10.0696 26.9561 1 1 1
v -0.975635 -4.6584 23.3034 1 1 1
v 2.98765 12.6641 24.7006 1 1 1
v -1.662 -5.09271 24.5521 1 1 1
v -2.93781 -5.51726 26.778 1 1 1
v 0.84896 10.7603 28.0119 1 1 1
v 0.679742 10.3677 28.4043 1 1 1
v 2.75225 13.665 25.9523 1 1 1
v 2.98091 12.727 25.3237 1 1 1
v 1.15257 -0.644131 22.0879 1 1 1
v 2.44856 17.8213 30.0367 1 1 1
v 3.41072 15.9112 27.0392 1 1 1
v 2.35241 6.39369 24.1363 1 1 1
v 3.03957 12.7453 25.9062 1 1 1
v 2.541 15.3168 28.7772 1 1 1
v 3.21267 16.5055 28.1117 1 1 1
v 2.87331 15.8543 28.4721 1 1 1
v 3.0106 16.4427 28.6957 1 1 1
v 3.3702 12.5845 25.8852 1 1 1
v -0.638298 11.7673 33.9345 1 1 1
v 1.15417 -3.35996 22.2728 1 1 1
v 2.48872 6.05753 25.5054 1 1 1
v 3.11404 6.66075 24.9438 1 1 1
v 3.29528 6.67648 24.3642 1 1 1
v -4.09261 -7.96123 33.5162 1 1 1
v -3.52682 -8.49663 32.3125 1 1 1
v -4.37829 -8.16285 34.6017 1 1 1
v 3.48123 6.62857 25.2756 1 1 1
v -3.83497 -8.56058 34.2209 1 1 1
v 2.11805 -3.68511 23.2951 1 1 1
v -1.16114 -5.87404 30.2292 1 1 1
v 3.23076 14.053 32.3364 1 1 1
v 1.19762 -4.4303 25.4927 1 1 1
v 2.86146 1.34525 25.162 1 1 1
v 3.5216 2.7869 24.3037 1 1 1
v 1.96099 -3.84597 24.2727 1 1 1
v 2.29644 -3.52713 23.7125 1 1 1
v 2.69168 -3.43037 22.927 1 1 1
v 2.92661 -3.49314 22.7859 1 1 1
v 3.97806 5.02224 26.1111 1 1 1
v 6.89056 16.5817 26.188 1 1 1
v 3.54482 -1.69304 22.9297 1 1 1
v 3.3117 -4.03447 22.5518 1 1 1
v 5.03706 14.4267 30.9676 1 1 1
v 4.05277 0.395397 23.9759 1 1 1
v 4.00269 0.798098 24.7873 1 1 1
v 3.98381 0.365508 24.6385 1 1 1
v 3.1579 9.05382 34.7167 1 1 1
v 4.06754 -2.83808 23.1382 1 1 1
v 4.37168 3.09532 26.9373 1 1 1
v 3.65248 -3.69272 24.1728 1 1 1
v 4.38269 -2.69731 23.1192 1 1 1
v 4.92078 9.57925 30.9703 1 1 1
v 4.93009 8.72814 30.5332 1 1 1
v 4.47105 0.0956493 25.7966 1 1 1
v 5.65271 9.26345 29.5038 1 1 1
v 4.00565 -3.48124 24.7928 1 1 1
v 4.01085 -3.48 24.7813 1 1 1
v 3.27987 1.41686 31.261 1 1 1
v 3.11273 1.40978 31.9149 1 1 1
v 5.22148 4.73799 27.7073 1 1 1
v 4.43773 -0.61448 26.0148 1 1 1
v 4.36872 -3.20162 24.1489 1 1 1
v 5.83724 10.284 30.339 1 1 1
v 4.40996 -3.10915 24.3467 1 1 1
v 5.36152 4.72524 28.4535 1 1 1
v 7.6831 14.3735 29.9344 1 1 1
v 5.3386 9.46692 38.7 1 1 1
v 7.57992 12.934 34.0021 1 1 1
v 3.50396 -11.709 27.8034 1 1 1
v 11.1595 2.00828 37.293 1 1 1
v 8.49949 -14.7295 38.3133 1 1 1
v 7.65476 -19.0546 40.9189 1 1 1
v 9.59607 -18.6395 41.7 1 1 1
v 14.6667 9.95555 17.4793 1 1 1
v -5.391 10.4463 27.3917 1 1 1
v -2.92725 6.00875 26.0479 1 1 1
v 2.29946 17.8114 23.5816 1 1 1
v -1.51958 5.20443 25.0682 1 1 1
v -2.49681 3.54226 26.0074 1 1 1
v -1.76575 10.4038 28.0487 1 1 1
v 1.42378 11.555 24.4088 1 1 1
v 0.537846 9.45243 25.5454 1 1 1
v 0.403628 9.56245 25.855 1 1 1
v 1.0197 5.71829 23.3887 1 1 1
v -1.46129 -3.51328 23.582 1 1 1
v -2.10591 -3.28975 25.0679 1 1 1
v 1.57354 10.5206 25.0555 1 1 1
v -2.16199 -5.11145 24.7528 1 1 1
v 0.944161 9.32987 26.1675 1 1 1
v 1.95249 5.68721 22.4662 1 1 1
v 0.435044 10.8281 27.9444 1 1 1
v 1.3647 6.32245 24.2099 1 1 1
v 1.19892 5.94626 24.6398 1 1 1
v 1.53607 5.92466 24.1395 1 1 1
v 0.746459 2.7497 24.1737 1 1 1
v 1.7407 5.99012 23.9841 1 1 1
v 2.96031 12.7408 25.3327 1 1 1
v 2.50838 6.26204 24.1319 1 1 1
v 2.94181 5.70497 22.9205 1 1 1
v 1.14114 -3.65259 22.6685 1 1 1
v 2.25325 4.26255 25.0943 1 1 1
v 2.96993 4.98015 24.5948 1 1 1
v 2.38129 -3.14834 21.6564 1 1 1
v 3.54613 7.11286 25.3868 1 1 1
v 3.1323 1.92903 24.1046 1 1 1
v 2.71965 -3.51356 22.2591 1 1 1
v 2.71544 -3.51543 22.2694 1 1 1
v 3.24892 1.93761 24.2703 1 1 1
v 3.53118 2.89278 24.331 1 1 1
v 2.69143 -3.53252 22.8217 1 1 1
v 3.8905 3.56553 24.188 1 1 1
v 3.38152 -1.88316 22.7783 1 1 1
v 4.31376 4.66196 24.9003 1 1 1
v 3.55289 9.05291 31.3077 1 1 1
v 4.25451 4.60064 26.596 1 1 1
v 3.9432 0.251437 24.6272 1 1 1
v 4.08852 -2.81339 23.0177 1 1 1
v 4.47706 4.50109 27.1934 1 1 1
v 4.3804 0.118856 24.9604 1 1 1
v 4.31046 -2.73889 23.0192 1 1 1
v 4.26077 0.751272 25.6187 1 1 1
v 4.55661 0.186949 24.9637 1 1 1
v 4.17483 0.0308534 26.588 1 1 1
v 4.2015 0.0651156 26.427 1 1 1
v 5.05985 5.59492 28.0922 1 1 1
v 4.58474 -2.5663 24.2081 1 1 1
v 5.34491 4.66609 28.1257 1 1 1
v 11.4764 -0.41391 4.1603 1 1 1
v -11.6216 15.8861 33.2085 1 1 1
v -8.82153 16.391 31.2334 1 1 1
v -6.97777 16.4411 31.2073 1 1 1
v -7.1156 16.1677 31.6287 1 1 1
v -6.88937 16.1853 31.5224 1 1 1
v -5.53048 16.9732 30.56 1 1 1
v -6.68225 15.8282 31.9627 1 1 1
v -6.02746 16.1916 31.9212 1 1 1
v -6.5335 13.6406 32.3477 1 1 1
v 0.915467 19.5054 23.6641 1 1 1
v -8.99097 16.2652 37.451 1 1 1
v -5.70792 15.4595 32.338 1 1 1
v -5.70792 15.4595 32.338 1 1 1
v -5.78841 10.2259 30.8421 1 1 1
v -4.03434 3.0773 25.6037 1 1 1
v -3.94537 3.09286 25.4302 1 1 1
v -5.20052 10.3774 30.192 1 1 1
v -5.33606 2.65103 27.5542 1 1 1
v -4.42584 6.4149 28.0948 1 1 1
v -5.39976 15.4126 33.8037 1 1 1
v -4.6172 15.5956 32.667 1 1 1
v -2.22258 4.52741 24.5871 1 1 1
v -2.39779 4.58788 24.921 1 1 1
v -4.75939 15.4957 33.3763 1 1 1
v -3.51831 6.79746 27.8339 1 1 1
v -2.5744 5.47629 25.945 1 1 1
v -3.18497 5.24784 27.361 1 1 1
v -2.72838 5.14142 26.4776 1 1 1
v -4.36139 9.92919 31.7354 1 1 1
v 1.82926 18.6691 24.7391 1 1 1
v -2.33443 10.448 28.7642 1 1 1
v -1.1683 11.5897 27.3223 1 1 1
v -1.1683 11.5897 27.3223 1 1 1
v -1.55661 2.66401 24.7656 1 1 1
v -3.06865 6.47007 29.5588 1 1 1
v -1.78248 5.82355 27.165 1 1 1
v -3.93468 7.99508 32.3717 1 1 1
v -2.17467 10.3636 30.8773 1 1 1
v -0.228571 15.7334 29.4783 1 1 1
v -2.59644 -4.84741 24.8542 1 1 1
v -0.480642 16.0118 30.2315 1 1 1
v -0.305719 10.7429 27.5669 1 1 1
v -0.260874 16.1348 30.2378 1 1 1
v -0.0579918 9.6701 26.8256 1 1 1
v -1.61533 -3.59704 23.8963 1 1 1
v -1.64911 -3.69341 24.0183 1 1 1
v -1.21946 -3.8563 23.2388 1 1 1
v -1.56709 -3.58028 23.9699 1 1 1
v -0.297267 11.3048 28.5198 1 1 1
v -0.501647 10.9869 28.5692 1 1 1
v -1.4774 -4.07774 23.8248 1 1 1
v 0.241594 5.72341 24.9803 1 1 1
v 1.06167 14.7944 28.2377 1 1 1
v 0.394938 11.257 29.1478 1 1 1
v -4.10403 -5.55442 30.8986 1 1 1
v -3.43022 12.6148 39.7818 1 1 1
v -2.83719 12.7383 38.9059 1 1 1
v 2.27777 16.9184 30.2311 1 1 1
v -0.789936 12.5449 35.0948 1 1 1
v 2.82874 17.2565 29.1413 1 1 1
v -0.672916 13.366 35.1839 1 1 1
v 1.08327 -3.45014 22.609 1 1 1
v 0.785797 12.1649 32.0284 1 1 1
v 2.58066 7.11601 25.6268 1 1 1
v 3.28648 11.5087 26.5262 1 1 1
v 2.50698 2.96172 23.9943 1 1 1
v 3.08923 12.0271 27.4605 1 1 1
v 3.44586 12.9366 27.7567 1 1 1
v 3.35623 13.9261 28.5527 1 1 1
v 3.35623 13.9261 28.5527 1 1 1
v -4.17673 -6.91742 36.0717 1 1 1
v 3.43019 6.55144 24.807 1 1 1
v 1.61607 -3.94568 23.7496 1 1 1
v 0.774685 -5.18541 25.4351 1 1 1
v 3.30472 11.4281 28.7417 1 1 1
v 3.24046 5.40958 25.4286 1 1 1
v 3.44258 11.3135 28.5127 1 1 1
v 3.44258 11.3135 28.5127 1 1 1
v 3.35096 11.2358 28.737 1 1 1
v 3.49317 11.3775 28.5605 1 1 1
v 3.82854 7.25666 26.1329 1 1 1
v 2.78307 -3.19074 22.9586 1 1 1
v 3.24269 14.3431 33.8326 1 1 1
v 2.84528 -3.6234 23.6772 1 1 1
v -2.86409 -8.70348 38.3578 1 1 1
v 3.79059 14.188 33.4576 1 1 1
v 3.91568 2.03461 24.6296 1 1 1
v 4.06984 12.7284 31.5663 1 1 1
v 4.05547 4.86188 26.5654 1 1 1
v 3.76405 1.03042 24.7147 1 1 1
v 6.70474 17.1016 26.796 1 1 1
v 3.66246 0.973899 25.0512 1 1 1
v 3.22365 9.97704 33.3896 1 1 1
v 4.72732 15.1122 32.2054 1 1 1
v 4.0147 0.49208 24.3286 1 1 1
v 3.93433 0.286976 24.6831 1 1 1
v 3.93692 -2.23026 23.238 1 1 1
v 3.95878 -0.163044 24.7206 1 1 1
v 4.24827 0.684219 24.4823 1 1 1
v 4.32212 4.49032 27.4827 1 1 1
v 4.32212 4.49032 27.4827 1 1 1
v 4.87139 14.4826 33.1224 1 1 1
v 4.24658 4.81214 27.8415 1 1 1
v 4.29295 4.68403 28.0828 1 1 1
v 4.29295 4.68403 28.0828 1 1 1
v 4.54459 1.34931 24.8568 1 1 1
v 4.98037 9.93407 31.1766 1 1 1
v 4.7748 5.938 29.1175 1 1 1
v 5.41085 14.3627 33.9977 1 1 1
v 4.82029 1.71259 26.2805 1 1 1
v 6.45632 15.5247 31.7128 1 1 1
v 7.04029 16.0125 29.9759 1 1 1
v 4.39969 8.88907 34.6733 1 1 1
v 5.94498 14.0149 34.6135 1 1 1
v 5.78553 9.80023 31.7967 1 1 1
v 7.27932 15.5738 30.7408 1 1 1
v 7.3993 15.3118 31.6583 1 1 1
v 6.48326 13.6249 36.0094 1 1 1
v 7.19254 13.2686 35.7047 1 1 1
v 7.44633 13.479 35.2405 1 1 1
v 7.33235 13.4994 36.1593 1 1 1
v 7.33235 13.4994 36.1593 1 1 1
v 7.33235 13.4994 36.1593 1 1 1
v 8.94303 13.265 36.2203 1 1 1
v -5.46508 4.11095 28.0389 1 1 1
v -2.42889 4.33213 23.6665 1 1 1
v -2.55912 4.38089 23.91 1 1 1
v -2.78242 1.4782 23.7579 1 1 1
v -3.2138 6.60823 27.1839 1 1 1
v -2.86945 6.37484 26.5458 1 1 1
v -4.73451 -2.75166 26.9007 1 1 1
v -1.33751 4.51497 23.7691 1 1 1
v -4.071 -2.27639 26.106 1 1 1
v -3.46931 6.75142 28.5012 1 1 1
v -3.46931 6.75142 28.5012 1 1 1
v -3.76405 5.6 28.6523 1 1 1
v -2.89984 5.50723 27.8164 1 1 1
v -3.53666 -4.55361 25.1734 1 1 1
v 0.369307 4.96163 21.8092 1 1 1
v -1.31574 5.49127 26.6309 1 1 1
v -0.6708 5.3349 25.5889 1 1 1
v -3.43574 -5.34939 26.712 1 1 1
v -0.647378 10.4046 27.8142 1 1 1
v -1.73828 -4.56543 23.7077 1 1 1
v -1.98284 -3.01494 24.8893 1 1 1
v -1.46836 -3.50333 23.6921 1 1 1
v -2.59567 -5.30681 25.1888 1 1 1
v -2.74498 -5.3546 25.4968 1 1 1
v -0.511619 10.8118 28.0526 1 1 1
v -0.325668 9.8078 27.2655 1 1 1
v -0.0442939 9.08096 26.4628 1 1 1
v -1.84203 -3.71515 24.5433 1 1 1
v -2.86525 -5.25738 26.4834 1 1 1
v -2.94888 -5.39388 26.7024 1 1 1
v -0.483637 7.90269 27.7239 1 1 1
v -2.16817 -4.76694 25.9319 1 1 1
v 0.902101 6.50902 24.4614 1 1 1
v 1.08696 6.53097 24.1038 1 1 1
v 0.65744 7.01211 25.3013 1 1 1
v 0.500234 6.55105 25.5034 1 1 1
v 0.904566 6.80432 24.7943 1 1 1
v 0.22595 11.1095 28.2179 1 1 1
v 0.281033 10.7835 28.1985 1 1 1
v 1.42886 2.51544 22.4109 1 1 1
v 0.156062 -2.69326 23.5968 1 1 1
v 1.86358 15.3873 28.5278 1 1 1
v 0.507002 -3.591 22.7393 1 1 1
v -0.637589 1.63655 28.4638 1 1 1
v 1.64678 6.6448 25.6925 1 1 1
v 1.88245 4.32838 25.0341 1 1 1
v 2.26264 7.34674 26.2072 1 1 1
v 2.33254 6.21161 25.5201 1 1 1
v 2.67555 5.8967 24.5228 1 1 1
v 2.82882 4.24402 23.3259 1 1 1
v 2.00862 6.52685 26.6945 1 1 1
v 3.95144 -2.88013 16.7141 1 1 1
v 1.65089 -2.57054 23.1031 1 1 1
v 1.49778 -3.81808 22.9266 1 1 1
v 5.67129 19.2044 24.756 1 1 1
v 3.20517 13.4941 28.5623 1 1 1
v 2.05705 -3.52809 23.3254 1 1 1
v 3.32521 7.42224 26.6118 1 1 1
v 2.62442 -3.29407 22.8863 1 1 1
v 3.74332 3.6598 24.6137 1 1 1
v 2.59162 -3.83904 23.6843 1 1 1
v 2.59162 -3.83904 23.6843 1 1 1
v 3.86145 0.107416 23.8753 1 1 1
v 3.75769 1.10682 25.2396 1 1 1
v 4.0542 4.56387 26.6453 1 1 1
v 5.02681 0.394087 20.521 1 1 1
v 4.14903 4.2184 26.3675 1 1 1
v 3.70872 0.126041 25.3067 1 1 1
v 3.94098 0.373584 25.0524 1 1 1
v 3.96628 0.125441 24.9648 1 1 1
v 3.95097 -2.74197 23.6197 1 1 1
v 4.11068 -2.57794 23.7572 1 1 1
v 4.06376 0.238781 26.364 1 1 1
v 4.48064 0.427774 25.5009 1 1 1
v 4.49205 -2.47547 23.5064 1 1 1
v 4.23334 -3.12571 24.4224 1 1 1
v 3.69082 -2.27364 27.5846 1 1 1
v 4.36348 -3.10981 24.2972 1 1 1
v 4.24863 -3.03796 24.8482 1 1 1
v 4.31861 -3.01331 24.884 1 1 1
v 4.50545 -2.54129 24.6977 1 1 1
v 4.61738 -2.61905 24.484 1 1 1
v 4.57767 -2.57467 24.6231 1 1 1
v 4.74723 -2.70176 24.0534 1 1 1
v 5.83597 -7.9319 16.4946 1 1 1
v 6.22935 -7.47615 16.0808 1 1 1
v 6.22935 -7.47615 16.0808 1 1 1
v 5.62706 -8.54956 18.5122 1 1 1
v 5.62706 -8.54956 18.5122 1 1 1
v -11.4142 3.19185 27.596 1 1 1
v -3.87239 -11.7177 15.1135 1 1 1
v -3.87239 -11.7177 15.1135 1 1 1
v -3.92765 -11.783 15.2682 1 1 1
v -7.4794 0.167462 27.6172 1 1 1
v -8.15678 13.322 32.7756 1 1 1
v -8.15678 13.322 32.7756 1 1 1
v -6.66181 18.3416 32.4883 1 1 1
v -7.01358 14.3093 33.1545 1 1 1
v -5.79319 13.694 31.1808 1 1 1
v -6.988 11.8044 33.4372 1 1 1
v -5.82574 4.84284 29.2228 1 1 1
v -5.51669 4.7049 28.7136 1 1 1
v -5.03947 6.50901 29.1308 1 1 1
v -7.24025 -0.629921 30.6555 1 1 1
v -5.06515 7.23149 29.8454 1 1 1
v -0.135071 22.0519 26.6107 1 1 1
v 0.335052 21.0621 25.5712 1 1 1
v 0.335052 21.0621 25.5712 1 1 1
v -3.66843 6.6992 28.7601 1 1 1
v -3.83459 7.00713 29.2554 1 1 1
v -4.66208 9.95401 32.396 1 1 1
v -3.54673 11.6562 31.2965 1 1 1
v -3.31281 11.9302 31.2739 1 1 1
v -1.86166 12.4413 28.6724 1 1 1
v -3.29586 11.0659 31.1697 1 1 1
v -3.29586 11.0659 31.1697 1 1 1
v -4.74126 -5.40427 28.0303 1 1 1
v -3.34598 11.6847 31.8981 1 1 1
v -2.03755 5.71386 27.2466 1 1 1
v -2.79748 7.46749 29.8018 1 1 1
v -1.21516 6.02809 25.9831 1 1 1
v -2.86735 -3.5946 25.7269 1 1 1
v -1.9031 6.24566 28.0571 1 1 1
v -3.2472 9.09802 32.6033 1 1 1
v -3.2472 9.09802 32.6033 1 1 1
v -2.35817 -3.89272 25.4079 1 1 1
v -1.73432 18.0929 33.2782 1 1 1
v -1.87103 18.1888 33.7203 1 1 1
v -1.00476 18.539 33.5107 1 1 1
v 1.30757 19.5124 29.3865 1 1 1
v 0.330256 16.0592 30.1503 1 1 1
v 0.330256 16.0592 30.1503 1 1 1
v -0.815457 12.1886 31.3827 1 1 1
v 7.0393 -1.44604 7.005 1 1 1
v 0.383128 3.04236 25.006 1 1 1
v -0.503438 12.443 31.5093 1 1 1
v 0.247898 -2.30822 23.0644 1 1 1
v 1.56584 13.984 27.5499 1 1 1
v -0.780546 -4.33007 24.8492 1 1 1
v 1.79709 14.8263 27.8649 1 1 1
v 1.79709 14.8263 27.8649 1 1 1
v 0.620467 -3.29272 23.2144 1 1 1
v 0.565248 -3.65544 23.8382 1 1 1
v 0.565248 -3.65544 23.8382 1 1 1
v 2.99273 19.3947 28.9736 1 1 1
v 2.19071 18.4916 30.8391 1 1 1
v 1.97313 4.92019 24.6475 1 1 1
v 2.53928 14.3079 27.9948 1 1 1
v 2.61591 14.0083 27.802 1 1 1
v -1.63288 -6.4073 29.2196 1 1 1
v -0.0059528 -3.98217 26.9404 1 1 1
v 2.22695 15.3784 31.3927 1 1 1
v 1.93822 17.948 33.8422 1 1 1
v 2.60278 15.5168 31.5172 1 1 1
v 2.99847 7.28866 26.5034 1 1 1
v 1.7795 -3.70145 24.0511 1 1 1
v 2.5838 6.11253 27.4959 1 1 1
v 2.46525 2.33663 25.8579 1 1 1
v 2.34381 -3.45477 23.6124 1 1 1
v 2.72585 -3.37434 22.9577 1 1 1
v 2.82764 -2.96325 22.8823 1 1 1
v 2.84251 -3.96034 22.4792 1 1 1
v 2.08828 -4.52109 26.0221 1 1 1
v 2.13667 -4.28831 27.0028 1 1 1
v 3.03652 -3.61709 24.2795 1 1 1
v 3.18646 1.15609 27.3193 1 1 1
v 3.4904 0.214666 25.6241 1 1 1
v 3.19876 -3.62209 24.2714 1 1 1
v 3.56825 0.198794 25.924 1 1 1
v 3.72402 -2.26717 23.7012 1 1 1
v 6.25007 19.205 29.3711 1 1 1
v 3.76706 0.232803 25.677 1 1 1
v 4.06239 -2.77461 23.7118 1 1 1
v 4.31017 1.07383 26.0783 1 1 1
v 4.36326 10.3056 33.0959 1 1 1
v 3.67912 0.288729 28.3795 1 1 1
v 4.24775 6.56869 30.9383 1 1 1
v 3.98452 0.371698 27.2653 1 1 1
v 4.53981 10.8583 33.2518 1 1 1
v 4.20526 10.0171 34.0348 1 1 1
v 4.16661 -3.12301 23.9002 1 1 1
v 4.58258 4.11937 28.0729 1 1 1
v 4.41045 -2.55556 23.5806 1 1 1
v 4.55727 10.6131 34.0025 1 1 1
v 7.64308 -4.20385 8.10786 1 1 1
v 4.71726 11.0377 34.0969 1 1 1
v 4.54718 5.51999 30.515 1 1 1
v 4.22101 -3.01668 25.2825 1 1 1
v 6.66783 17.6444 32.4396 1 1 1
v 4.57679 -2.68958 24.7175 1 1 1
v 4.92432 5.18173 30.1081 1 1 1
v 6.5816 17.554 33.1852 1 1 1
v 2.07289 -14.6529 28.5989 1 1 1
v 2.2677 -9.29601 34.4134 1 1 1
v 7.01931 17.1895 34.8831 1 1 1
v 5.85319 1.80746 31.4318 1 1 1
v 12.1391 18.3169 31.4669 1 1 1
v -7.88068 -14.8571 24.0638 1 1 1
v -6.00149 4.4378 28.9968 1 1 1
v -4.32085 2.54334 25.6 1 1 1
v -3.23892 1.76635 24.4824 1 1 1
v -4.8113 6.88645 29.2948 1 1 1
v -5.66822 -2.69694 28.3431 1 1 1
v -3.15769 1.53806 25.1462 1 1 1
v -5.27431 -3.45172 27.8946 1 1 1
v -3.77672 6.57566 28.9911 1 1 1
v -3.41567 12.4071 31.5817 1 1 1
v -3.50367 -4.94115 26.2361 1 1 1
v -4.36558 -5.1717 28.1958 1 1 1
v -4.36558 -5.1717 28.1958 1 1 1
v 0.319728 22.4582 28.733 1 1 1
v 0.43065 22.2079 28.5935 1 1 1
v -1.9567 -3.96574 23.8743 1 1 1
v -1.78003 -3.73942 24.1082 1 1 1
v -2.06386 -3.97804 24.6799 1 1 1
v -2.06386 -3.97804 24.6799 1 1 1
v -1.84251 12.697 31.2452 1 1 1
v -0.91085 -4.18473 22.6013 1 1 1
v -0.523732 10.9983 27.986 1 1 1
v -1.28675 12.5574 30.8633 1 1 1
v -0.203065 7.47589 27.5811 1 1 1
v 0.810634 6.23808 25.7805 1 1 1
v 1.00528 6.42536 25.4912 1 1 1
v 0.942554 8.13923 27.7215 1 1 1
v 1.44069 6.95417 26.3097 1 1 1
v 1.2802 -1.98998 22.5735 1 1 1
v 1.91314 17.0353 31.2452 1 1 1
v 4.67814 -2.38542 13.7019 1 1 1
v 2.21285 7.98361 27.7088 1 1 1
v 3.4221 -2.96182 18.0961 1 1 1
v 1.48791 -3.89327 24.2244 1 1 1
v 2.95839 -3.58819 20.1132 1 1 1
v 2.95086 8.05437 27.2542 1 1 1
v 2.96825 7.98917 27.173 1 1 1
v 3.08734 3.08522 24.7884 1 1 1
v 3.47529 6.74486 25.777 1 1 1
v 3.79436 5.26187 23.7818 1 1 1
v 3.32255 8.13561 27.9904 1 1 1
v 3.11915 -3.49858 22.5641 1 1 1
v 3.76347 -1.99395 23.5209 1 1 1
v 3.85483 -2.16857 23.0331 1 1 1
v 3.81135 3.91931 28.3295 1 1 1
v 3.80056 -3.26884 23.4872 1 1 1
v 3.97458 -2.54868 23.8958 1 1 1
v 4.53076 3.31101 26.095 1 1 1
v 4.33076 -2.76043 23.9017 1 1 1
v 4.65543 -2.67267 23.9131 1 1 1
v 4.65543 -2.67267 23.9131 1 1 1
v 4.75517 3.89972 30.811 1 1 1
v 6.95436 -1.98493 13.5285 1 1 1
v 8.60203 17.5902 26.4457 1 1 1
v 10.8134 -1.86575 30.018 1 1 1
v 0.303092 -7.50427 9.84084 1 1 1
v 0.665726 -7.54283 9.62074 1 1 1
v 5.07833 -1.9774 9.46933 1 1 1
v 3.4438 -3.01966 16.8913 1 1 1
v 4.42624 -2.89477 17.8989 1 1 1
v 3.9078 -3.20798 20.3988 1 1 1
v 3.61526 -8.68401 19.1017 1 1 1
v 3.87686 -8.48958 18.8456 1 1 1
v 3.87686 -8.48958 18.8456 1 1 1
v -7.27055 15.1832 27.7829 1 1 1
v -14.4531 -3.54142 35.3317 1 1 1
v -10.7223 -1.92478 31.3761 1 1 1
v -10.064 -1.94607 30.2883 1 1 1
v -4.98085 14.7841 26.2 1 1 1
v -10.059 -2.62856 31.2976 1 1 1
v -13.1885 -3.71857 36.5818 1 1 1
v -9.83105 -0.908271 31.551 1 1 1
v -4.68336 14.2541 26.762 1 1 1
v -3.49256 14.6302 25.2385 1 1 1
v -10.8408 -3.14781 34.4102 1 1 1
v -10.6345 -1.42841 34.5481 1 1 1
v -10.335 -1.50561 34.2402 1 1 1
v -3.4152 9.55885 24.2029 1 1 1
v -8.62681 0.904941 32.3713 1 1 1
v -9.56577 -2.12844 33.8991 1 1 1
v -2.13737 3.24521 21.0653 1 1 1
v -1.79842 2.79746 20.5344 1 1 1
v -1.79842 2.79746 20.5344 1 1 1
v -1.57857 5.54372 21.9107 1 1 1
v -2.17498 8.38372 24.7394 1 1 1
v -2.93609 15.3468 28.221 1 1 1
v -0.579665 4.63572 20.6208 1 1 1
v -2.97649 9.87889 27.5019 1 1 1
v -0.716517 4.93362 21.3092 1 1 1
v -0.566315 4.69337 20.9606 1 1 1
v -0.357164 8.62924 22.4977 1 1 1
v -0.348331 4.5411 21.3293 1 1 1
v -0.576799 9.67308 23.692 1 1 1
v -0.334537 5.20158 21.9735 1 1 1
v -0.344205 4.99967 21.9761 1 1 1
v -0.483091 9.03807 23.7735 1 1 1
v -0.405278 8.65306 23.5547 1 1 1
v 0.65362 -2.80297 18.1019 1 1 1
v 0.454073 -2.93905 18.5875 1 1 1
v 0.482968 -3.35773 18.5748 1 1 1
v 1.08607 4.31031 19.7506 1 1 1
v 2.4894 16.6128 20.5962 1 1 1
v 0.946459 9.22804 22.4025 1 1 1
v 1.02331 9.58792 23.2033 1 1 1
v 1.16144 9.6563 22.8523 1 1 1
v 1.82347 4.8016 19.6869 1 1 1
v 1.32426 9.7053 23.5698 1 1 1
v 1.26557 -4.39402 19.5748 1 1 1
v 2.42765 5.69613 20.5547 1 1 1
v 2.24932 -2.24164 17.7847 1 1 1
v 0.204479 -5.03768 23.1559 1 1 1
v 3.08889 11.7813 21.012 1 1 1
v 3.15342 11.2182 20.8912 1 1 1
v 2.93204 4.98667 19.5212 1 1 1
v 2.77151 -1.50802 17.5549 1 1 1
v 3.13368 5.23776 19.5185 1 1 1
v 3.13368 5.23776 19.5185 1 1 1
v 3.25775 5.43789 19.4097 1 1 1
v 3.34101 4.01887 18.9897 1 1 1
v 3.1466 4.4041 19.8508 1 1 1
v 3.06677 9.6237 23.5859 1 1 1
v 3.35571 6.90947 21.0958 1 1 1
v 3.47631 5.37614 20.0924 1 1 1
v 3.56466 5.04831 19.7543 1 1 1
v 4.01849 5.88381 19.8364 1 1 1
v 3.60021 -2.60893 17.852 1 1 1
v 3.72808 -2.54138 18.0934 1 1 1
v 4.14259 2.51527 19.2648 1 1 1
v 5.12673 -5.74682 10.642 1 1 1
v 4.04091 -3.05818 18.2398 1 1 1
v 4.65484 11.207 25.0464 1 1 1
v 4.48728 1.28007 19.9396 1 1 1
v 5.29692 12.0869 24.4979 1 1 1
v 4.92052 3.66008 20.5791 1 1 1
v 5.00988 3.72683 21.0758 1 1 1
v 5.07377 13.2803 27.6774 1 1 1
v 4.98524 3.95357 21.7337 1 1 1
v 4.92972 -1.8824 18.3492 1 1 1
v 5.28774 8.0826 24.3758 1 1 1
v 5.11476 8.22214 25.7141 1 1 1
v 6.63031 15.0229 22.0031 1 1 1
v 5.42478 8.36143 24.6962 1 1 1
v 5.37994 3.46411 21.226 1 1 1
v 5.55001 13.6991 28.7053 1 1 1
v 5.03994 -2.11927 19.0693 1 1 1
v 5.18038 -1.81124 18.665 1 1 1
v 5.17499 -2.04585 18.9865 1 1 1
v 5.32422 -2.03008 19.0024 1 1 1
v 7.24096 13.7272 25.9702 1 1 1
v 7.21893 12.3208 29.6298 1 1 1
v 7.2791 10.948 28.0798 1 1 1
v 7.37078 10.9198 27.1785 1 1 1
v 6.78939 2.88248 43.5112 1 1 1
v 8.53643 11.1228 28.461 1 1 1
v 8.53643 11.1228 28.461 1 1 1
v 5.61634 -11.5625 37.8048 1 1 1
v 5.27082 -19.6037 32.2639 1 1 1
v 6.13796 -13.4184 37.6869 1 1 1
v 6.38199 -12.0546 38.8129 1 1 1
v 6.33397 -12.7092 38.3917 1 1 1
v 6.77553 -10.9439 37.0538 1 1 1
v 6.88346 -11.2095 38.7767 1 1 1
v 6.91508 -12.74 38.3726 1 1 1
v 6.2436 -18.847 38.4369 1 1 1
v 6.80847 -14.6312 37.0335 1 1 1
v 7.21884 -13.1892 37.6723 1 1 1
v 6.6008 -17.2232 31.0895 1 1 1
v 6.18519 -21.9589 38.0669 1 1 1
v 6.54333 -19.2479 36.2174 1 1 1
v 6.72971 -18.1484 35.2382 1 1 1
v 10.4671 10.9716 26.5209 1 1 1
v 10.5033 11.4641 27.1005 1 1 1
v 7.34272 -14.1965 35.4263 1 1 1
v 7.89274 -11.0118 39.5042 1 1 1
v 7.99236 -10.4953 38.4001 1 1 1
v 9.97143 3.14629 42.9734 1 1 1
v 7.72067 -13.0951 37.606 1 1 1
v 7.72067 -13.0951 37.606 1 1 1
v 7.25258 -16.7927 34.3413 1 1 1
v 6.82538 -21.3325 36.3199 1 1 1
v 10.8441 2.16516 43.9038 1 1 1
v 10.8441 2.16516 43.9038 1 1 1
v 8.17252 -15.951 33.2833 1 1 1
v 9.4615 -9.07571 36.2885 1 1 1
v 8.4961 -15.8812 35.2577 1 1 1
v 9.59228 -10.1196 37.7694 1 1 1
v 8.21483 -19.8105 35.1315 1 1 1
v 8.87751 -15.7401 35.4717 1 1 1
v 8.28292 -21.2629 35.1543 1 1 1
v 12.0598 1.11972 44.2459 1 1 1
v 12.0598 1.11972 44.2459 1 1 1
v 10.3707 -7.43215 37.4169 1 1 1
v 8.82631 -17.5256 35.0991 1 1 1
v 10.4419 -6.44736 36.2378 1 1 1
v 12.2107 10.3856 31.2062 1 1 1
v 8.40891 -20.7083 34.766 1 1 1
v 8.40416 -21.9796 34.7985 1 1 1
v 10.5482 -7.79572 36.8089 1 1 1
v 8.2722 -22.6909 33.7357 1 1 1
v 12.699 3.00534 44.0595 1 1 1
v 9.41609 -16.6521 35.0122 1 1 1
v 12.8708 2.27397 44.0112 1 1 1
v 11.1432 -6.4555 37.9361 1 1 1
v 11.3373 -6.67489 37.3989 1 1 1
v 11.1544 -7.36016 36.2945 1 1 1
v 11.2255 -7.94046 36.9664 1 1 1
v 9.77939 -17.6434 35.0139 1 1 1
v 8.76102 -21.465 29.8036 1 1 1
v 11.9121 -6.21445 38.4647 1 1 1
v 12.3923 -5.75688 39.4643 1 1 1
v 14.1093 0.511995 45.8416 1 1 1
v 13.3606 -4.9589 44.8442 1 1 1
v 10.3271 -17.6423 34.1201 1 1 1
v 14.3129 2.16044 43.0286 1 1 1
v 13.7079 -3.05233 42.0518 1 1 1
v 10.5976 -19.8019 34.7599 1 1 1
v 10.5565 -19.5948 34.2598 1 1 1
v 12.0234 -11.7341 36.4688 1 1 1
v 12.0234 -11.7341 36.4688 1 1 1
v 14.67 -4.35373 46.9683 1 1 1
v 13.9859 8.57334 30.3652 1 1 1
v 12.0535 -13.1237 36.1273 1 1 1
v 10.2274 -22.7655 32.6863 1 1 1
v 11.5649 -14.9385 34.4659 1 1 1
v 15.0892 -3.61136 47.3295 1 1 1
v 15.1295 -4.00466 45.8326 1 1 1
v 10.483 -22.7798 32.2961 1 1 1
v 15.5301 -4.56171 46.2541 1 1 1
v 13.4626 -12.9496 35.3921 1 1 1
v 15.7697 -9.94169 42.4547 1 1 1
v -13.6403 0.124906 31.601 1 1 1
v -15.4238 -2.13947 34.2978 1 1 1
v -14.1669 -1.61725 32.8059 1 1 1
v -18.7752 -4.44357 39.6467 1 1 1
v -19.5524 -5.01705 41.0297 1 1 1
v -14.9955 -2.66774 34.5405 1 1 1
v -13.0091 -0.0371952 32.1025 1 1 1
v -18.497 -4.853 40.2241 1 1 1
v -13.0021 -1.80116 31.9058 1 1 1
v -13.0021 -1.80116 31.9058 1 1 1
v -18.3017 -4.63548 40.12 1 1 1
v -18.7127 -5.11164 40.7202 1 1 1
v -17.2674 -4.06622 38.6955 1 1 1
v -17.3713 -4.15953 38.8542 1 1 1
v -13.575 -1.62516 33.2782 1 1 1
v -15.5829 -3.15703 36.4132 1 1 1
v -17.9507 -4.6347 40.2625 1 1 1
v -17.4124 -5.15902 39.8153 1 1 1
v -17.9255 -4.83925 40.9371 1 1 1
v -15.6108 -4.32632 37.6235 1 1 1
v -17.5274 -4.95226 41.5091 1 1 1
v -16.5717 -4.83193 40.4011 1 1 1
v -16.5717 -4.83193 40.4011 1 1 1
v -11.4153 -1.99936 32.8976 1 1 1
v -17.0875 -4.54313 43.1065 1 1 1
v -11.4239 -2.1172 33.4352 1 1 1
v -11.467 -2.41519 33.8828 1 1 1
v -10.7207 -2.60323 32.8978 1 1 1
v -10.7557 -1.23078 34.3244 1 1 1
v -10.8437 -1.54549 34.7734 1 1 1
v -4.42749 13.8603 25.4366 1 1 1
v -10.7196 -1.93158 34.5452 1 1 1
v -6.61848 0.146041 27.0187 1 1 1
v -10.2985 -2.76952 33.7106 1 1 1
v -9.575 -2.90055 32.3731 1 1 1
v -9.89269 -3.02213 33.0768 1 1 1
v -4.28398 10.8383 24.8671 1 1 1
v -9.71518 -1.58891 33.2937 1 1 1
v -10.3947 -1.65873 34.6784 1 1 1
v -9.32142 10.1606 35.0713 1 1 1
v -9.9207 -1.63691 33.9641 1 1 1
v -10.2323 -1.55855 34.6446 1 1 1
v -9.97171 -1.57353 34.4027 1 1 1
v -7.8807 9.26612 32.5011 1 1 1
v -7.8807 9.26612 32.5011 1 1 1
v -7.8807 9.26612 32.5011 1 1 1
v -10.1238 -2.54671 34.6142 1 1 1
v -10.1987 -2.0684 35.0819 1 1 1
v -10.0365 -1.97498 34.9375 1 1 1
v -10.0159 -2.20189 34.8577 1 1 1
v -7.47154 8.63296 32.0419 1 1 1
v -9.95017 -1.28317 35.0187 1 1 1
v -10.2303 -2.97787 35.4536 1 1 1
v -9.91921 -2.35425 35.0943 1 1 1
v -9.90103 -2.00866 35.1377 1 1 1
v -3.60381 11.0798 24.9184 1 1 1
v -3.60381 11.0798 24.9184 1 1 1
v -3.71346 11.4972 25.2761 1 1 1
v -9.8601 -1.66295 35.4304 1 1 1
v -9.97849 -1.87911 35.743 1 1 1
v -3.10063 10.9003 24.1842 1 1 1
v -3.35674 11.246 24.867 1 1 1
v -10.2679 -3.06151 37.0001 1 1 1
v -3.77052 9.48888 25.7192 1 1 1
v -9.23707 -1.77788 35.382 1 1 1
v -4.66883 -0.655266 25.8344 1 1 1
v -2.26763 3.73441 21.6082 1 1 1
v -2.24399 3.84843 21.6842 1 1 1
v -3.31145 9.24576 25.3788 1 1 1
v -9.15614 -1.95091 35.999 1 1 1
v -8.94634 -1.90097 36.0602 1 1 1
v -3.00984 13.0909 26.9689 1 1 1
v -1.64521 5.83079 22.1219 1 1 1
v -1.38668 5.54212 21.4644 1 1 1
v -1.64745 -1.28481 20.5018 1 1 1
v -1.77954 -1.30358 20.862 1 1 1
v -1.77954 -1.30358 20.862 1 1 1
v -1.35999 5.75206 21.729 1 1 1
v -1.35999 5.75206 21.729 1 1 1
v -2.21447 12.6677 25.9454 1 1 1
v -0.91162 5.64221 21.5837 1 1 1
v -2.51155 14.7084 28.1696 1 1 1
v -2.51155 14.7084 28.1696 1 1 1
v -0.608701 5.16071 21.1313 1 1 1
v -1.02034 -3.42911 20.0726 1 1 1
v -0.638226 8.05458 22.925 1 1 1
v -0.648585 9.69354 23.7716 1 1 1
v -0.648585 9.69354 23.7716 1 1 1
v -1.09868 14.1051 26.5116 1 1 1
v -0.960781 6.48338 24.5334 1 1 1
v -0.759021 -3.9267 20.9687 1 1 1
v -0.450834 -4.0331 20.2072 1 1 1
v 0.0650319 -3.01869 19.0665 1 1 1
v -0.0425635 -2.90069 19.3879 1 1 1
v 0.221234 -2.5039 19.0128 1 1 1
v 0.359799 -2.64952 18.9015 1 1 1
v -0.0641256 14.993 25.5386 1 1 1
v -1.43467 8.38624 28.8204 1 1 1
v -1.86499 11.4687 32.0269 1 1 1
v 2.49817 16.6459 20.4591 1 1 1
v 1.0948 14.9981 25.3192 1 1 1
v 1.82414 13.8572 23.3195 1 1 1
v 2.04784 5.81142 19.6859 1 1 1
v 1.81071 13.2471 23.8483 1 1 1
v 1.55447 9.49874 23.6253 1 1 1
v 1.93742 -1.64233 18.0834 1 1 1
v 1.89893 -1.6576 18.2583 1 1 1
v 1.86975 8.40962 22.3821 1 1 1
v 2.45968 5.66762 19.5091 1 1 1
v 2.16738 14.4994 24.4832 1 1 1
v 2.71774 5.85368 19.9915 1 1 1
v 2.33658 -2.45135 17.9893 1 1 1
v 2.58011 6.55365 21.2455 1 1 1
v 2.0251 -3.95602 18.8865 1 1 1
v 3.20885 -2.27486 16.7139 1 1 1
v 4.01071 9.97923 21.4585 1 1 1
v 0.604442 -11.7978 27.0378 1 1 1
v 2.2898 -10.5155 20.1211 1 1 1
v 3.87043 5.2303 21.1793 1 1 1
v 4.08971 6.06472 20.5339 1 1 1
v 4.1091 2.62937 19.4898 1 1 1
v 4.41319 -1.61329 17.3452 1 1 1
v 4.30056 -1.14267 18.7492 1 1 1
v 4.46341 0.814573 19.4803 1 1 1
v 4.9031 -2.22878 14.2055 1 1 1
v 4.62543 1.16926 19.982 1 1 1
v 4.99366 11.8924 26.7327 1 1 1
v 4.60307 0.813005 20.2685 1 1 1
v 4.66877 -1.34676 18.5627 1 1 1
v 4.63267 -0.604576 19.5946 1 1 1
v 5.13274 12.947 27.2823 1 1 1
v 4.61258 -2.46261 18.7643 1 1 1
v 5.10625 3.50416 20.7261 1 1 1
v 4.95526 10.4187 31.2354 1 1 1
v 5.44208 5.33621 22.9482 1 1 1
v 5.56075 9.56515 26.0345 1 1 1
v 5.14858 -1.54695 19.1068 1 1 1
v 5.14697 -1.54627 19.1375 1 1 1
v 5.19375 -2.23515 18.2682 1 1 1
v 5.14544 -1.2575 20.1511 1 1 1
v 6.57627 14.176 24.9816 1 1 1
v 0.848799 -24.4166 50.7113 1 1 1
v 6.89308 13.2785 25.4062 1 1 1
v 6.65904 10.8567 27.3732 1 1 1
v 7.23641 14.6553 24.7057 1 1 1
v 3.14936 -23.783 48.8191 1 1 1
v 3.39173 -21.9909 48.9648 1 1 1
v 3.16572 -23.7518 50.2289 1 1 1
v 8.10586 12.1011 25.4122 1 1 1
v 3.51708 -25.3359 50.0417 1 1 1
v 3.51708 -25.3359 50.0417 1 1 1
v 5.94448 -11.3174 39.3576 1 1 1
v 6.23839 -10.7238 38.0697 1 1 1
v 5.97544 -14.1034 38.6733 1 1 1
v 5.97032 -14.1332 39.0137 1 1 1
v 6.50531 -10.4202 39.0822 1 1 1
v 6.17006 -13.3609 38.6192 1 1 1
v 6.12336 -14.1042 40.161 1 1 1
v 5.46636 -21.5473 43.7899 1 1 1
v 6.42004 -12.9409 40.0127 1 1 1
v 6.33981 -13.5563 38.9543 1 1 1
v 6.40986 -14.1092 39.6462 1 1 1
v 6.60946 -12.5004 38.9063 1 1 1
v 6.62925 -12.8816 39.1874 1 1 1
v 6.77812 -12.6918 37.5857 1 1 1
v 7.08163 -10.8765 39.521 1 1 1
v 9.18237 9.00463 32.5753 1 1 1
v 5.96653 -20.933 37.9092 1 1 1
v 7.31194 -11.3813 42.8175 1 1 1
v 6.94837 -13.2124 37.8101 1 1 1
v 6.68749 -15.6656 37.9508 1 1 1
v 9.02988 2.77561 43.2096 1 1 1
v 6.0084 -23.1709 38.707 1 1 1
v 7.10204 -12.8683 35.6571 1 1 1
v 7.51524 -10.6415 38.5904 1 1 1
v 7.53812 -9.91183 36.126 1 1 1
v 7.1369 -14.0836 37.6074 1 1 1
v 6.62979 -18.7271 37.8226 1 1 1
v 7.19736 -14.1626 38.2304 1 1 1
v 7.62985 -10.8802 38.9104 1 1 1
v 7.27522 -13.8211 37.9655 1 1 1
v 6.28095 -22.7481 37.485 1 1 1
v 7.33001 -13.5599 36.6283 1 1 1
v 6.80453 -18.0337 36.3679 1 1 1
v 7.358 -14.4955 37.916 1 1 1
v 7.4305 -14.6186 39.5439 1 1 1
v 6.87744 -18.4622 36.5595 1 1 1
v 7.16135 -15.9842 36.5525 1 1 1
v 6.4833 -22.5941 37.2547 1 1 1
v 6.58491 -21.718 36.2722 1 1 1
v 7.53208 -14.3302 37.9679 1 1 1
v 9.88924 6.2504 37.8555 1 1 1
v 7.51498 -13.3301 34.5588 1 1 1
v 7.51498 -13.3301 34.5588 1 1 1
v 7.71775 -13.4967 38.0035 1 1 1
v 6.89922 -20.2569 37.23 1 1 1
v 7.59831 -14.0331 36.667 1 1 1
v 7.59831 -14.0331 36.667 1 1 1
v 8.07004 -11.1566 39.1909 1 1 1
v 7.72764 -13.6042 37.8665 1 1 1
v 7.72764 -13.6042 37.8665 1 1 1
v 7.59301 -14.4108 36.7007 1 1 1
v 7.27768 -17.1863 36.0419 1 1 1
v 10.0557 3.94443 42.2417 1 1 1
v 7.84279 -13.2439 37.1918 1 1 1
v 7.91596 -13.2069 37.4547 1 1 1
v 7.44771 -16.7391 36.3169 1 1 1
v 7.44771 -16.7391 36.3169 1 1 1
v 7.22036 -19.3292 36.5983 1 1 1
v 7.22036 -19.3292 36.5983 1 1 1
v 7.30346 -18.6335 36.1852 1 1 1
v 7.17883 -20.1376 36.797 1 1 1
v 7.15249 -20.3956 36.5511 1 1 1
v 10.1296 1.59244 44.0374 1 1 1
v 8.12914 -13.2766 37.6302 1 1 1
v 10.1251 1.21651 42.7674 1 1 1
v 10.4534 0.903777 48.2189 1 1 1
v 7.66898 -16.9991 35.9566 1 1 1
v 7.58884 -17.8377 35.824 1 1 1
v 7.73799 -16.9053 36.1924 1 1 1
v 10.4976 1.11802 45.8707 1 1 1
v 7.15726 -23.0419 36.7631 1 1 1
v 8.42349 -12.6329 37.3354 1 1 1
v 8.51104 -12.4429 38.1286 1 1 1
v 8.78151 -11.0573 38.8974 1 1 1
v 8.78151 -11.0573 38.8974 1 1 1
v 7.81034 -17.8182 35.9838 1 1 1
v 7.50127 -20.8862 36.4742 1 1 1
v 8.52784 -12.3632 36.9693 1 1 1
v 8.68825 -11.9823 38.0717 1 1 1
v 8.02408 -16.5116 35.5691 1 1 1
v 9.19021 -10.3096 40.6959 1 1 1
v 9.15348 -10.1517 39.5193 1 1 1
v 9.15348 -10.1517 39.5193 1 1 1
v 11.0882 0.730574 47.3952 1 1 1
v 8.07257 -17.4572 35.3304 1 1 1
v 9.07883 -10.5119 37.231 1 1 1
v 8.27174 -16.2271 35.2439 1 1 1
v 8.00345 -19.2657 35.7441 1 1 1
v 8.00345 -19.2657 35.7441 1 1 1
v 11.0523 2.61255 41.814 1 1 1
v 7.964 -20.5662 35.8551 1 1 1
v 8.2995 -18.4463 36.5133 1 1 1
v 11.282 2.92124 42.5839 1 1 1
v 9.72457 -8.39496 38.8885 1 1 1
v 11.1048 2.46084 40.1417 1 1 1
v 9.63483 -9.64363 38.6769 1 1 1
v 11.2346 2.74839 40.3338 1 1 1
v 11.4466 3.165 42.2201 1 1 1
v 8.05463 -21.5105 36.1334 1 1 1
v 9.786 -9.60508 38.7723 1 1 1
v 7.83516 -23.8369 35.1798 1 1 1
v 8.21985 -21.2812 36.1141 1 1 1
v 8.45915 -18.7636 35.2375 1 1 1
v 10.0804 -7.73822 38.9116 1 1 1
v 10.0804 -7.73822 38.9116 1 1 1
v 11.597 2.47187 42.2348 1 1 1
v 8.68951 -17.851 36.1996 1 1 1
v 8.13218 -21.8976 35.2381 1 1 1
v 8.26872 -21.4901 36.123 1 1 1
v 8.24046 -21.1613 35.4248 1 1 1
v 10.1506 -7.08604 37.3709 1 1 1
v 8.74298 -18.0328 35.8577 1 1 1
v 8.08843 -23.5418 35.1991 1 1 1
v 8.11419 -23.7687 35.3259 1 1 1
v 8.16323 -23.889 35.6995 1 1 1
v 10.4068 -7.00622 38.4305 1 1 1
v 8.18162 -23.796 35.1811 1 1 1
v 10.5598 -7.18719 38.1029 1 1 1
v 12.0935 2.42626 41.8883 1 1 1
v 9.03744 -18.1344 35.5217 1 1 1
v 10.5592 -5.79616 35.6715 1 1 1
v 8.52045 -23.7414 35.3955 1 1 1
v 10.8378 -6.1633 37.3305 1 1 1
v 10.9224 -6.18443 38.121 1 1 1
v 8.61554 -23.5208 35.3 1 1 1
v 8.8589 -21.6626 35.4829 1 1 1
v 12.5006 1.47372 42.9918 1 1 1
v 8.90701 -21.8005 35.2965 1 1 1
v 12.6956 1.50654 44.527 1 1 1
v 12.8292 1.77281 44.7957 1 1 1
v 10.9205 -6.66534 36.6174 1 1 1
v 10.9205 -6.66534 36.6174 1 1 1
v 13.1141 2.38723 45.6982 1 1 1
v 12.6628 -2.88223 45.9816 1 1 1
v 8.98671 -23.8118 35.6695 1 1 1
v 13.3266 -1.17478 49.2344 1 1 1
v 13.3266 -1.17478 49.2344 1 1 1
v 9.06575 -24.8304 36.4513 1 1 1
v 11.5932 -6.2739 38.6087 1 1 1
v 11.2462 -7.95874 36.9276 1 1 1
v 13.5752 -1.53502 48.568 1 1 1
v 9.25915 -24.033 35.7034 1 1 1
v 10.0268 -18.1066 35.3913 1 1 1
v 13.1398 0.843112 41.935 1 1 1
v 9.68446 -22.4634 36.2476 1 1 1
v 9.46405 -24.5158 35.6713 1 1 1
v 9.40291 -24.0874 34.868 1 1 1
v 12.8886 8.8854 31.9688 1 1 1
v 11.5195 -9.50115 36.9774 1 1 1
v 11.5804 -9.50848 37.4619 1 1 1
v 11.8223 -8.72743 38.0393 1 1 1
v 13.9998 -2.45669 47.2354 1 1 1
v 11.5102 -11.1271 37.0667 1 1 1
v 12.6804 -5.65905 40.1605 1 1 1
v 13.0062 -5.22734 41.7886 1 1 1
v 14.6315 -1.26968 49.0591 1 1 1
v 12.8424 -5.72549 40.3161 1 1 1
v 10.2325 -21.6595 34.979 1 1 1
v 14.1063 -3.61465 46.0688 1 1 1
v 14.3984 -3.62482 47.8814 1 1 1
v 10.289 -23.2401 35.1383 1 1 1
v 13.2448 -5.74982 40.6065 1 1 1
v 13.2448 -5.74982 40.6065 1 1 1
v 12.5661 -8.02129 37.9275 1 1 1
v 14.5657 -3.00905 46.5155 1 1 1
v 11.5138 -15.5646 36.2039 1 1 1
v 10.5208 -22.7367 35.169 1 1 1
v 14.8434 -3.7129 47.7086 1 1 1
v 14.6952 -2.99503 46.1574 1 1 1
v 14.6658 -3.13395 45.9821 1 1 1
v 14.6658 -3.13395 45.9821 1 1 1
v 14.0456 -5.01674 43.468 1 1 1
v 11.6079 -16.5359 35.9498 1 1 1
v 11.1717 -20.7908 36.0807 1 1 1
v 10.6666 -23.9667 34.8354 1 1 1
v 11.9341 -15.3176 36.174 1 1 1
v 12.4946 -13.653 36.8658 1 1 1
v 12.6784 -12.4212 36.6551 1 1 1
v 11.4396 -19.6266 34.4321 1 1 1
v 15.7891 -3.59131 47.5468 1 1 1
v 12.1832 -15.5138 35.2918 1 1 1
v 12.0983 -16.8411 35.2769 1 1 1
v 11.3692 -23.1257 35.2125 1 1 1
v 11.3692 -23.1257 35.2125 1 1 1
v 12.4871 -15.873 36.541 1 1 1
v 15.6391 4.9278 39.8757 1 1 1
v 13.2433 -12.7717 37.345 1 1 1
v 12.5593 -15.7344 35.3853 1 1 1
v 14.3556 -9.27896 40.4999 1 1 1
v 14.8615 -8.89897 42.3207 1 1 1
v 12.8943 -16.0669 36.4419 1 1 1
v 14.3139 -12.2132 40.7246 1 1 1
v 14.7069 -12.0888 42.2506 1 1 1
v 14.4438 9.56917 28.342 1 1 1
v 15.3313 -10.745 43.1593 1 1 1
v 12.6891 -20.0049 35.8075 1 1 1
v 13.3663 -16.5654 36.6724 1 1 1
v 16.2943 -10.1281 46.0985 1 1 1
v 17.3959 3.59324 43.4975 1 1 1
v 15.758 -13.9053 44.6255 1 1 1
v 16.4308 -10.1681 45.3326 1 1 1
v 15.9572 -13.6612 44.7073 1 1 1
v 16.5642 -10.7383 45.3702 1 1 1
v -16.2467 15.8089 36.218 1 1 1
v -10.7131 -1.13067 25.4646 1 1 1
v -16.7876 15.9215 37.1145 1 1 1
v -11.5553 0.153227 26.9727 1 1 1
v -12.3607 3.87709 28.7216 1 1 1
v -11.5628 0.422558 27.0558 1 1 1
v -17.7832 16.8292 39.0222 1 1 1
v -15.3878 -1.3826 33.6936 1 1 1
v -13.2073 -0.663472 30.5119 1 1 1
v -14.9321 0.226603 33.4467 1 1 1
v -13.6764 0.38934 31.6735 1 1 1
v -15.0211 0.381595 33.9728 1 1 1
v -20.7528 -4.88046 42.5869 1 1 1
v -19.1666 -4.69895 41.6195 1 1 1
v -18.3354 -4.80067 40.3822 1 1 1
v -16.9456 -3.08863 38.4971 1 1 1
v -17.2589 -3.12356 39.0553 1 1 1
v -13.4508 -1.80927 33.0287 1 1 1
v -19.5845 -5.08883 43.1704 1 1 1
v -14.4982 -1.42018 34.998 1 1 1
v -19.8257 -5.22708 44.0668 1 1 1
v -18.1918 -4.8088 41.4065 1 1 1
v -7.34102 -4.99021 22.7912 1 1 1
v -17.3113 -4.51067 41.3751 1 1 1
v -13.094 -1.85376 34.2016 1 1 1
v -18.3193 -4.97782 43.5516 1 1 1
v -14.0708 -1.71967 36.4223 1 1 1
v -14.0708 -1.71967 36.4223 1 1 1
v -14.6518 -3.49951 37.5752 1 1 1
v -12.9673 -1.06323 35.5161 1 1 1
v -11.7714 -2.17047 34.307 1 1 1
v -16.0307 -5.04559 43.1898 1 1 1
v -11.4669 -1.11792 35.4907 1 1 1
v -11.3138 -1.92375 35.8584 1 1 1
v -12.2736 -1.35427 37.999 1 1 1
v -9.22259 9.9964 34.1514 1 1 1
v -8.28303 1.45038 30.699 1 1 1
v -4.83372 10.6805 25.1748 1 1 1
v -10.8922 -2.55787 35.5533 1 1 1
v -9.93706 10.623 36.1651 1 1 1
v -10.4564 -1.19766 35.2391 1 1 1
v -9.87777 1.47205 35.1193 1 1 1
v -9.66747 10.3768 37.2913 1 1 1
v -10.1676 -2.81311 36.0095 1 1 1
v -8.90828 1.23104 34.1692 1 1 1
v -10.082 -1.92737 36.849 1 1 1
v -10.082 -1.92737 36.849 1 1 1
v -8.85777 0.961708 35.0179 1 1 1
v -4.15769 12.9328 27.3494 1 1 1
v -4.11406 14.5429 27.8194 1 1 1
v -4.16018 14.6158 27.9753 1 1 1
v -3.21146 4.79371 23.8551 1 1 1
v -3.02006 4.81084 23.5961 1 1 1
v -2.83888 2.76285 22.6855 1 1 1
v -9.17738 -1.99386 37.7897 1 1 1
v -2.69819 4.63014 23.0639 1 1 1
v -1.95327 4.02933 21.5537 1 1 1
v -1.20826 8.94802 24.4418 1 1 1
v -1.17931 10.4336 25.0273 1 1 1
v -1.12452 9.75386 24.7421 1 1 1
v -0.694236 5.2665 22.3185 1 1 1
v -0.933736 6.66285 24.4165 1 1 1
v -0.187796 -3.6801 20.1802 1 1 1
v 0.42056 -2.65951 18.6505 1 1 1
v -1.60926 11.7572 33.0238 1 1 1
v -1.2293 10.8521 31.377 1 1 1
v 0.844144 9.47741 23.1916 1 1 1
v 0.880307 10.4193 23.8568 1 1 1
v 0.880307 10.4193 23.8568 1 1 1
v 1.49904 9.1968 22.1062 1 1 1
v 1.15219 11.9192 25.0306 1 1 1
v 1.76394 6.32829 20.6733 1 1 1
v 1.281 15.1839 26.7726 1 1 1
v 1.86407 6.38402 20.8799 1 1 1
v 1.16577 1.76545 22.7421 1 1 1
v 2.73708 16.2838 22.9167 1 1 1
v 2.58488 17.612 24.0205 1 1 1
v 2.18135 -2.0086 17.9295 1 1 1
v 2.55052 5.96427 20.2508 1 1 1
v 2.55052 5.96427 20.2508 1 1 1
v 2.56148 6.79452 21.3101 1 1 1
v 2.615 6.06425 21.2446 1 1 1
v 2.26497 -9.86754 17.6322 1 1 1
v 3.71059 5.07196 18.6379 1 1 1
v 3.98137 4.59425 18.1995 1 1 1
v 4.90698 16.3943 21.3717 1 1 1
v 3.5366 -2.42831 18.2425 1 1 1
v 4.51572 6.51563 21.4319 1 1 1
v 4.30866 -0.841589 18.8275 1 1 1
v 5.22181 13.2556 25.7952 1 1 1
v 2.43925 -8.88877 36.5128 1 1 1
v 5.58651 7.71212 25.7917 1 1 1
v 5.93661 11.8073 28.1319 1 1 1
v 6.53399 14.0114 26.0529 1 1 1
v 7.05628 15.6275 25.8735 1 1 1
v 6.90961 13.5876 25.7498 1 1 1
v 2.46506 -25.8735 52.7204 1 1 1
v 3.02182 -24.3093 53.3594 1 1 1
v 2.97161 -24.8729 53.9208 1 1 1
v 3.21687 -24.1001 50.0099 1 1 1
v 3.3283 -22.8511 53.9435 1 1 1
v 3.50336 -24.3779 50.4635 1 1 1
v 6.05956 -0.340952 51.2589 1 1 1
v 8.32535 14.9111 20.8783 1 1 1
v 8.33838 15.4362 21.1795 1 1 1
v 8.32535 14.9111 20.8783 1 1 1
v 5.5271 -18.3788 39.5252 1 1 1
v 5.89291 -16.4029 40.3411 1 1 1
v 8.29739 3.29773 47.7664 1 1 1
v 8.29739 3.29773 47.7664 1 1 1
v 6.42848 -12.9201 40.5194 1 1 1
v 6.51105 -12.0116 39.9489 1 1 1
v 5.90304 -19.2318 42.2112 1 1 1
v 5.92759 -18.7064 39.4932 1 1 1
v 5.92759 -18.7064 39.4932 1 1 1
v 6.97464 -12.2367 43.7551 1 1 1
v 7.07637 -11.3673 42.1083 1 1 1
v 6.05281 -20.4083 40.3565 1 1 1
v 7.23061 -11.1777 40.6176 1 1 1
v 8.89589 -1.52287 50.8008 1 1 1
v 9.12274 -1.18571 52.3141 1 1 1
v 9.19582 0.00882338 50.6925 1 1 1
v 7.43902 -11.3561 40.6231 1 1 1
v 6.32766 -21.0669 38.5735 1 1 1
v 9.34459 2.75968 44.2576 1 1 1
v 6.4563 -21.101 38.9549 1 1 1
v 6.30116 -22.8345 38.4079 1 1 1
v 6.54999 -23.548 39.4757 1 1 1
v 7.12154 -17.1925 37.1949 1 1 1
v 7.12154 -17.1925 37.1949 1 1 1
v 7.41588 -15.3091 38.1975 1 1 1
v 6.9136 -20.4004 37.5978 1 1 1
v 7.57231 -15.0389 37.6824 1 1 1
v 7.73959 -14.8588 37.7939 1 1 1
v 10.4272 -1.24369 51.8416 1 1 1
v 10.4761 1.58992 46.5171 1 1 1
v 7.44015 -19.1982 36.7643 1 1 1
v 7.44015 -19.1982 36.7643 1 1 1
v 7.47198 -24.4122 41.2432 1 1 1
v 7.82244 -17.4583 35.8441 1 1 1
v 8.06879 -16.7237 36.1405 1 1 1
v 8.2081 -17.864 37.9793 1 1 1
v 8.8338 -11.5073 37.0349 1 1 1
v 9.06015 -11.532 38.6055 1 1 1
v 7.90268 -18.6536 34.3113 1 1 1
v 11.6827 3.45245 45.5413 1 1 1
v 7.72023 -23.5475 35.4021 1 1 1
v 8.02451 -21.8596 36.3008 1 1 1
v 8.71412 -18.4155 37.2586 1 1 1
v 7.98539 -23.9842 36.1389 1 1 1
v 11.6239 0.350547 42.0394 1 1 1
v 12.2626 2.37939 45.2621 1 1 1
v 12.2626 2.37939 45.2621 1 1 1
v 8.53674 -22.8639 37.4862 1 1 1
v 9.14014 -18.979 37.6437 1 1 1
v 10.6859 -7.69445 39.7457 1 1 1
v 8.36975 -23.8209 35.4837 1 1 1
v 9.24117 -17.9293 36.225 1 1 1
v 8.72397 -22.096 35.7761 1 1 1
v 9.51594 -16.1374 36.7303 1 1 1
v 13.24 -1.51474 52.1167 1 1 1
v 11.1166 -6.09639 39.8206 1 1 1
v 13.1181 2.21372 47.3981 1 1 1
v 8.77851 -24.192 36.1224 1 1 1
v 11.166 -7.04631 38.6129 1 1 1
v 11.1911 -7.07353 38.7712 1 1 1
v 9.58878 -18.3243 36.2628 1 1 1
v 8.91522 -23.8624 35.3223 1 1 1
v 12.0375 -6.27086 42.9628 1 1 1
v 9.22722 -23.7121 36.1747 1 1 1
v 9.44647 -22.0747 36.0682 1 1 1
v 13.5734 5.06322 42.8833 1 1 1
v 12.5531 -6.01732 43.653 1 1 1
v 9.59821 -24.4141 35.921 1 1 1
v 12.2316 -7.65247 40.169 1 1 1
v 13.0083 -5.91951 43.5474 1 1 1
v 14.7904 -2.30034 50.4333 1 1 1
v 14.7904 -2.30034 50.4333 1 1 1
v 12.6194 -7.21669 41.0337 1 1 1
v 14.9624 -2.03918 50.781 1 1 1
v 11.7017 -11.7289 37.8098 1 1 1
v 10.3669 -20.9982 35.3328 1 1 1
v 10.3677 -21.3602 35.512 1 1 1
v 10.6174 -21.619 35.9204 1 1 1
v 13.7843 -5.74072 43.1678 1 1 1
v 10.4767 -23.167 35.3281 1 1 1
v 13.728 -5.36666 41.6315 1 1 1
v 13.6139 -7.84969 41.5124 1 1 1
v 11.9592 -15.0076 36.9499 1 1 1
v 14.2001 -7.3343 42.8468 1 1 1
v 16.486 -1.69298 50.9208 1 1 1
v 16.9774 -2.77511 53.8337 1 1 1
v 11.9175 -15.7647 36.1578 1 1 1
v 16.3641 -8.55255 51.4579 1 1 1
v 13.2661 -12.4834 38.9147 1 1 1
v 12.6757 -15.313 37.2759 1 1 1
v 12.6757 -15.313 37.2759 1 1 1
v 11.7588 -22.5125 36.4327 1 1 1
v 12.5859 -16.0982 36.3919 1 1 1
v 12.7846 -15.9159 37.1665 1 1 1
v 12.8138 -15.979 37.3093 1 1 1
v 12.994 -15.4838 37.4613 1 1 1
v 14.4589 -13.4802 40.8394 1 1 1
v 14.3592 -13.937 40.5597 1 1 1
v 15.8269 -13.7721 46.0075 1 1 1
v 17.1715 -10.8802 49.0598 1 1 1
v 0.177912 -2.84372 7.82594 1 1 1
v -4.9553 14.6212 26.0377 1 1 1
v -5.79437 16.6118 28.8388 1 1 1
v -4.75258 11.6262 25.9898 1 1 1
v -4.34436 17.1529 27.5117 1 1 1
v -4.048 12.3592 26.5031 1 1 1
v -3.76464 -0.205032 23.5444 1 1 1
v -3.26702 11.501 24.9595 1 1 1
v -2.87278 4.0818 22.8298 1 1 1
v -3.39882 9.94801 25.5266 1 1 1
v -3.16069 4.25507 23.7696 1 1 1
v -3.6385 10.2682 26.7416 1 1 1
v -3.6385 10.2682 26.7416 1 1 1
v -2.93428 5.01939 23.6854 1 1 1
v -3.00621 5.70233 24.2272 1 1 1
v -2.59999 4.2825 22.7544 1 1 1
v -2.31478 3.48371 21.9852 1 1 1
v -2.31478 3.48371 21.9852 1 1 1
v -2.92659 6.18523 24.7696 1 1 1
v -2.66633 2.01341 23.298 1 1 1
v -2.54597 -0.745048 22.9364 1 1 1
v -3.47974 15.784 29.3807 1 1 1
v -1.573 3.01755 20.7201 1 1 1
v -1.63129 3.52944 21.1601 1 1 1
v -3.54955 14.6195 29.6529 1 1 1
v -1.47681 2.16605 20.5261 1 1 1
v -3.5195 14.9395 29.8461 1 1 1
v -1.90308 -1.66255 21.2545 1 1 1
v -3.15517 10.833 28.1191 1 1 1
v -1.66617 6.06433 22.3631 1 1 1
v -3.26549 15.4077 29.7979 1 1 1
v -2.74699 15.1591 28.1735 1 1 1
v -3.14839 15.161 29.5118 1 1 1
v -1.69055 -2.20988 20.912 1 1 1
v -1.85201 -2.49114 21.3064 1 1 1
v -1.51426 6.36597 22.6007 1 1 1
v -1.15469 5.68985 21.5184 1 1 1
v -2.40964 14.0237 27.8978 1 1 1
v -2.30544 15.2489 28.2926 1 1 1
v -2.10721 9.96899 26.577 1 1 1
v -0.954017 5.45066 21.7318 1 1 1
v -1.10616 5.76727 22.413 1 1 1
v -2.01653 14.0105 27.8261 1 1 1
v -2.01653 14.0105 27.8261 1 1 1
v -2.209 15.0954 28.8758 1 1 1
v -1.78715 13.8697 27.4466 1 1 1
v -1.78715 13.8697 27.4466 1 1 1
v -1.02533 9.54554 24.5999 1 1 1
v -0.953406 7.59587 24.0992 1 1 1
v -0.552268 5.22985 21.9878 1 1 1
v -0.338792 5.33125 21.3417 1 1 1
v -0.921893 9.38989 24.9085 1 1 1
v -0.778903 9.70382 24.8277 1 1 1
v -0.840823 9.83182 25.139 1 1 1
v -2.27245 9.821 30.7566 1 1 1
v -0.157325 3.17225 21.0339 1 1 1
v -0.50471 -3.75337 20.5557 1 1 1
v -1.4587 10.8106 28.6214 1 1 1
v -0.570673 -3.45567 21.0918 1 1 1
v -1.59454 8.932 29.3136 1 1 1
v -1.59454 8.932 29.3136 1 1 1
v -0.18573 -2.91256 20.0756 1 1 1
v -1.3166 7.97756 28.2819 1 1 1
v 0.0446036 -2.29441 19.8053 1 1 1
v 0.130124 -2.44726 19.687 1 1 1
v 0.286049 -2.33076 19.3402 1 1 1
v -1.72307 11.8862 32.5701 1 1 1
v 0.13769 -2.79019 19.8354 1 1 1
v -1.27055 12.1544 30.9024 1 1 1
v 0.273838 15.7369 25.8062 1 1 1
v 0.127614 10.7904 24.8134 1 1 1
v 0.188298 10.5049 24.4353 1 1 1
v 0.173322 16.1407 27.1185 1 1 1
v 1.61005 -2.54346 14.5958 1 1 1
v -0.0937258 -9.51235 21.5096 1 1 1
v 1.27617 5.49416 20.44 1 1 1
v 1.23213 3.02056 20.0286 1 1 1
v 1.2053 2.97838 20.1098 1 1 1
v 3.22208 -4.29652 7.27133 1 1 1
v 1.55036 6.10313 20.3611 1 1 1
v 0.755478 -2.97755 21.2178 1 1 1
v 1.50599 6.26525 20.8596 1 1 1
v 1.35799 6.48349 21.9239 1 1 1
v 1.56367 15.5714 24.8158 1 1 1
v 1.64891 6.36432 20.8122 1 1 1
v 1.75869 6.35782 20.7444 1 1 1
v 1.59094 9.70344 23.273 1 1 1
v 1.8203 6.77256 20.9058 1 1 1
v 1.25123 1.92814 22.1664 1 1 1
v 1.79002 6.86536 21.3579 1 1 1
v 1.81988 6.31602 21.205 1 1 1
v 1.72959 9.42366 23.315 1 1 1
v 2.02392 3.36408 20.148 1 1 1
v 2.30823 6.5523 20.5281 1 1 1
v 2.31236 6.66076 20.6046 1 1 1
v 2.33438 6.43186 20.4274 1 1 1
v 2.60928 16.9629 24.1865 1 1 1
v 1.36344 -8.71204 19.8303 1 1 1
v 1.37427 -10.4245 19.3947 1 1 1
v 2.16839 -1.90928 18.5595 1 1 1
v 2.45316 6.51901 21.23 1 1 1
v 2.88592 16.3972 23.4666 1 1 1
v 2.16382 -1.94457 18.7571 1 1 1
v 2.38492 7.37756 22.2744 1 1 1
v 2.40647 7.24569 22.12 1 1 1
v 2.20543 -1.9738 18.7021 1 1 1
v 2.22385 -1.93805 18.7217 1 1 1
v 2.39351 7.56207 22.8463 1 1 1
v 2.28056 -2.44893 18.8043 1 1 1
v 2.11058 12.8468 29.5576 1 1 1
v 2.37214 -2.22357 18.6335 1 1 1
v 2.76666 6.63046 21.2119 1 1 1
v 2.88029 6.49916 20.7601 1 1 1
v 2.61218 -1.05255 18.4753 1 1 1
v 2.91789 6.63781 21.1625 1 1 1
v 2.94063 5.07697 20.2981 1 1 1
v 3.02104 6.60456 20.9814 1 1 1
v 2.70115 12.2547 27.8938 1 1 1
v 3.26675 6.6798 20.8186 1 1 1
v 3.2223 4.72157 20.0293 1 1 1
v 3.40851 10.6664 23.1264 1 1 1
v 3.45882 6.86996 21.1232 1 1 1
v 3.82971 16.2389 24.6812 1 1 1
v 3.4573 6.99029 21.1684 1 1 1
v 4.1982 16.077 22.3796 1 1 1
v 4.1982 16.077 22.3796 1 1 1
v 4.24511 15.7466 22.0551 1 1 1
v 3.81348 9.66514 22.2696 1 1 1
v 3.92699 10.8961 22.3602 1 1 1
v 3.9092 11.3947 22.8864 1 1 1
v 3.13046 -2.44075 19.871 1 1 1
v 3.27409 -2.39801 18.9236 1 1 1
v 3.98993 6.69589 21.2728 1 1 1
v 4.77146 16.7647 23.6007 1 1 1
v 3.88433 2.5277 20.8824 1 1 1
v 3.68374 -2.06399 19.0479 1 1 1
v 3.68488 -2.21111 18.8446 1 1 1
v 4.40199 10.1386 25.4279 1 1 1
v 4.40199 10.1386 25.4279 1 1 1
v 4.2795 2.51735 20.2301 1 1 1
v 3.99196 -2.33377 18.6962 1 1 1
v 4.35778 2.45448 20.1856 1 1 1
v 4.0134 -2.31983 19.7302 1 1 1
v 4.42 1.20618 20.1722 1 1 1
v 4.19622 -1.48862 20.1719 1 1 1
v 4.55002 1.1743 20.2129 1 1 1
v 5.13476 9.99699 27.7198 1 1 1
v 4.46141 -0.880373 19.0989 1 1 1
v 4.64233 1.67011 20.6275 1 1 1
v 4.34376 -2.68951 19.7284 1 1 1
v 4.89688 4.61832 21.9985 1 1 1
v 4.51144 -0.907377 19.2199 1 1 1
v 4.66331 1.11225 19.9915 1 1 1
v 5.23224 9.74213 27.284 1 1 1
v 4.68865 0.811625 20.7348 1 1 1
v 4.975 4.62279 22.7937 1 1 1
v 4.975 4.62279 22.7937 1 1 1
v 4.53623 -2.33643 19.3401 1 1 1
v 5.93714 15.3455 23.9303 1 1 1
v 5.40102 9.19191 26.5639 1 1 1
v 5.44424 9.63846 27.0754 1 1 1
v 5.47538 9.67145 26.7062 1 1 1
v 4.61046 -2.17429 18.9676 1 1 1
v 6.01277 15.5419 24.4075 1 1 1
v 5.15405 3.52339 21.0728 1 1 1
v 4.75703 -1.55875 18.4973 1 1 1
v 4.76471 -1.63946 19.0305 1 1 1
v 5.01285 1.16942 20.5277 1 1 1
v 5.11458 1.62835 20.3111 1 1 1
v 5.12267 1.82892 21.0454 1 1 1
v 5.25032 2.95069 21.2533 1 1 1
v 6.12022 12.9456 28.4535 1 1 1
v 4.91898 -1.55011 19.0229 1 1 1
v 5.31072 1.3695 20.0229 1 1 1
v 5.43423 1.64801 22.3784 1 1 1
v 6.76819 15.8718 24.241 1 1 1
v 6.72619 11.7766 28.9409 1 1 1
v 7.0904 15.8917 26.7053 1 1 1
v 5.96949 0.727147 24.7671 1 1 1
v 7.25006 13.0557 30.8461 1 1 1
v 7.2279 14.7322 25.5181 1 1 1
v 7.68739 15.1025 27.1936 1 1 1
v 7.681 14.6104 25.3766 1 1 1
v 7.99308 13.463 27.13 1 1 1
v 8.22823 13.9734 28.1725 1 1 1
v 8.30031 14.1955 26.6017 1 1 1
v 8.45838 14.3835 27.253 1 1 1
v 8.45838 14.3835 27.253 1 1 1
v 8.8843 13.6043 28.9667 1 1 1
v 8.80273 13.2187 28.4499 1 1 1
v 9.19414 15.5647 24.0246 1 1 1
v 9.6868 13.1306 29.9382 1 1 1
v 9.63022 12.7379 28.5675 1 1 1
v 10.3164 12.8205 30.0465 1 1 1
v 9.60835 15.5328 21.7811 1 1 1
v 9.46287 15.2419 20.5259 1 1 1
v 10.3046 15.9555 24.0008 1 1 1
v 10.6151 12.2439 27.768 1 1 1
v 10.6151 12.2439 27.768 1 1 1
v 11.3937 11.735 32.3174 1 1 1
v 11.599 14.5744 22.7385 1 1 1
v 11.8 14.7271 22.7263 1 1 1
v 11.8 14.7271 22.7263 1 1 1
v 14.5818 10.0617 32.8052 1 1 1
v 14.176 9.48293 31.394 1 1 1
v 14.6359 11.0513 29.6161 1 1 1
v -11.5939 12.4547 28.444 1 1 1
v -12.3307 12.8915 29.827 1 1 1
v -12.0328 12.6325 29.5185 1 1 1
v -11.6832 12.4294 28.9201 1 1 1
v -7.842 -5.82022 21.2772 1 1 1
v -7.69893 -5.24359 24.1365 1 1 1
v -10.0919 15.0152 33.4551 1 1 1
v -10.2766 15.3227 33.9162 1 1 1
v -9.9414 1.93534 35.4956 1 1 1
v -10.7929 12.2863 39.6248 1 1 1
v -9.94731 1.75288 37.0122 1 1 1
v -4.7827 10.9885 24.9572 1 1 1
v -4.86641 11.1108 25.2158 1 1 1
v -5.29801 11.7905 26.4662 1 1 1
v -5.7009 12.8166 27.989 1 1 1
v -9.49416 1.48739 36.9301 1 1 1
v -5.0755 7.44043 27.7838 1 1 1
v -4.64087 13.3277 27.9561 1 1 1
v -4.01265 11 25.7303 1 1 1
v -4.63025 13.5508 27.9703 1 1 1
v -4.85632 15.2775 29.0423 1 1 1
v -3.89957 11.2585 26.1998 1 1 1
v -4.46738 13.3681 28.2674 1 1 1
v -2.92705 5.22529 24.1429 1 1 1
v -2.5533 4.60788 22.8283 1 1 1
v -7.94844 -0.10315 40.0474 1 1 1
v -2.83994 2.85122 23.8099 1 1 1
v -3.8322 15.1754 29.67 1 1 1
v -2.47479 5.22388 23.6099 1 1 1
v -3.61341 14.2483 29.0593 1 1 1
v -2.26904 5.50392 23.0218 1 1 1
v -2.12233 -0.944893 21.8461 1 1 1
v -1.83233 4.961 21.7881 1 1 1
v -1.85466 4.98456 21.8826 1 1 1
v -2.25834 -1.17313 22.3467 1 1 1
v -1.97569 -1.1394 21.7895 1 1 1
v -1.97569 -1.1394 21.7895 1 1 1
v -1.83083 -2.05373 21.1685 1 1 1
v -1.79997 5.66124 22.4039 1 1 1
v -1.58877 2.24779 21.197 1 1 1
v -1.61962 2.2678 21.3304 1 1 1
v -3.09129 14.8464 29.0849 1 1 1
v -1.57093 7.16215 23.48 1 1 1
v -1.36934 8.31077 25.1283 1 1 1
v -0.895809 10.9212 24.9826 1 1 1
v -1.16461 15.9477 27.8251 1 1 1
v -2.27174 12.3955 33.7797 1 1 1
v -0.17521 -2.7537 20.4114 1 1 1
v -0.120688 11.8006 23.9812 1 1 1
v -0.120688 11.8006 23.9812 1 1 1
v 0.0904433 -2.49794 19.426 1 1 1
v -2.00754 12.5561 33.9744 1 1 1
v -1.91258 12.5449 33.9396 1 1 1
v -2.0427 13.1983 35.0142 1 1 1
v 0.233203 -2.2703 19.5152 1 1 1
v 0.196338 -2.33301 19.645 1 1 1
v 0.265388 -2.51922 19.2506 1 1 1
v 0.378322 -2.12451 19.1419 1 1 1
v 0.162972 6.18414 22.6306 1 1 1
v 0.241819 -2.39267 19.7947 1 1 1
v -2.18079 13.3456 36.6801 1 1 1
v 0.108445 16.7918 26.8353 1 1 1
v -1.47956 11.9225 34.4488 1 1 1
v -1.91449 12.9918 37.5654 1 1 1
v 0.824619 11.4231 24.7463 1 1 1
v -0.101198 -12.8216 24.0507 1 1 1
v 1.37063 9.51613 22.9919 1 1 1
v 1.42452 6.33055 21.4699 1 1 1
v 1.52436 6.01703 20.7734 1 1 1
v 1.32424 16.3159 26.6382 1 1 1
v 1.45293 10.4237 24.1604 1 1 1
v 0.435387 -10.2364 24.2786 1 1 1
v 1.86167 -1.8683 18.36 1 1 1
v 1.94518 -1.70638 18.9589 1 1 1
v 2.28372 17.1318 25.6203 1 1 1
v 2.41939 7.16107 21.5165 1 1 1
v 2.20569 -2.18377 18.5554 1 1 1
v 2.17896 -2.29156 18.9583 1 1 1
v 2.2928 -1.92122 18.384 1 1 1
v 2.29712 -2.11379 18.5 1 1 1
v 2.61533 6.60653 20.5537 1 1 1
v 2.54356 -3.1664 15.7969 1 1 1
v 2.70787 6.10707 20.3 1 1 1
v 2.95783 13.3355 22.2719 1 1 1
v 2.20106 13.6169 31.1185 1 1 1
v 2.73145 6.95541 21.2398 1 1 1
v 2.72919 6.97805 21.3191 1 1 1
v 2.91985 4.79743 19.9925 1 1 1
v 3.24127 -1.97982 12.9932 1 1 1
v 3.27106 6.47928 20.4329 1 1 1
v 3.27391 5.02069 19.8151 1 1 1
v 3.48599 5.78531 19.7367 1 1 1
v 2.60976 -3.10119 25.8896 1 1 1
v 2.60905 -3.10319 25.9137 1 1 1
v 2.64887 -3.19744 26.39 1 1 1
v 3.85614 7.51754 21.5436 1 1 1
v 3.5894 -2.03012 18.0664 1 1 1
v 4.1056 7.58259 21.8381 1 1 1
v 4.10066 3.36207 20.2377 1 1 1
v 4.13481 3.6247 20.6205 1 1 1
v 3.82114 -2.45018 19.3219 1 1 1
v 3.82114 -2.45018 19.3219 1 1 1
v 3.89109 -1.95619 18.9465 1 1 1
v 4.27304 3.47654 20.2899 1 1 1
v 3.97794 -1.68865 18.2533 1 1 1
v 4.58588 8.2516 23.8245 1 1 1
v 4.2989 2.69234 20.3066 1 1 1
v 4.13353 -2.50081 18.5603 1 1 1
v 4.492 1.33232 20.324 1 1 1
v 5.27204 9.98568 27.6701 1 1 1
v 5.24111 9.65319 26.6312 1 1 1
v 4.6497 1.24257 20.6236 1 1 1
v 4.923 4.37446 21.3815 1 1 1
v 5.3653 9.66884 27.3986 1 1 1
v 4.9342 4.40853 21.54 1 1 1
v 4.63547 -0.278015 19.5661 1 1 1
v 4.7627 -1.57747 18.9478 1 1 1
v 5.21272 3.47587 21.0162 1 1 1
v 4.82486 -1.56899 18.8075 1 1 1
v 4.9698 -1.8151 19.3757 1 1 1
v 4.98089 -1.80823 19.5158 1 1 1
v 5.12712 -1.71574 19.644 1 1 1
v 5.18184 -1.7594 19.7351 1 1 1
v 5.18995 -1.69296 19.6515 1 1 1
v 7.17347 15.0639 27.3762 1 1 1
v 6.39196 -13.3303 40.7343 1 1 1
v 7.43244 12.8684 29.2901 1 1 1
v 7.74796 13.8764 31.5873 1 1 1
v 6.50159 -18.0008 41.0712 1 1 1
v 5.76434 -19.151 33.0012 1 1 1
v 7.89736 16.2728 28.3951 1 1 1
v 7.86178 15.5849 25.4352 1 1 1
v 6.82412 3.62848 22.2296 1 1 1
v 7.53291 -17.4347 41.1796 1 1 1
v 7.68846 -18.3166 40.8122 1 1 1
v 8.98497 13.4777 31.6725 1 1 1
v 9.39094 4.26234 40.6172 1 1 1
v 7.84143 -18.2912 40.734 1 1 1
v 8.12692 -15.8652 41.4694 1 1 1
v 8.15231 -16.2547 40.8678 1 1 1
v 7.80563 -20.4445 40.1153 1 1 1
v 7.71309 -17.7475 37.9553 1 1 1
v 8.36165 -14.3123 40.6952 1 1 1
v 9.08666 -0.725467 38.64 1 1 1
v 8.19676 -18.5628 41.4407 1 1 1
v 8.19676 -18.5628 41.4407 1 1 1
v 8.55629 -13.3764 41.2896 1 1 1
v 8.04061 -19.4533 40.2652 1 1 1
v 8.12008 -18.4568 40.2937 1 1 1
v 9.71541 10.8779 36.4092 1 1 1
v 8.33599 -16.9159 40.8202 1 1 1
v 8.18301 -18.1963 40.2282 1 1 1
v 8.16566 -19.8247 40.3631 1 1 1
v 8.07592 -21.0246 39.9923 1 1 1
v 8.31894 -19.507 40.6236 1 1 1
v 8.31645 -19.128 40.4017 1 1 1
v 8.47849 -18.5648 40.3851 1 1 1
v 9.02994 -13.3494 41.4845 1 1 1
v 9.02994 -13.3494 41.4845 1 1 1
v 8.499 -19.1569 40.5248 1 1 1
v 8.54726 -19.0534 39.9695 1 1 1
v 8.54726 -19.0534 39.9695 1 1 1
v 8.54726 -19.0534 39.9695 1 1 1
v 8.32033 -22.0725 39.3154 1 1 1
v 8.77832 -17.6403 39.8345 1 1 1
v 8.07844 -24.439 38.2614 1 1 1
v 10.3373 2.34732 39.7921 1 1 1
v 10.3373 2.34732 39.7921 1 1 1
v 9.71769 13.1929 29.8515 1 1 1
v 8.68409 -21.7127 39.562 1 1 1
v 9.13723 -17.5056 40.365 1 1 1
v 8.61525 16.6745 20.187 1 1 1
v 8.81159 -18.3309 37.6928 1 1 1
v 9.02337 -19.0416 39.1954 1 1 1
v 9.52979 -16.3172 40.8255 1 1 1
v 9.52979 -16.3172 40.8255 1 1 1
v 8.927 -22.5278 38.9749 1 1 1
v 9.54009 -17.2447 40.3813 1 1 1
v 9.46679 -19.3393 40.0948 1 1 1
v 9.83612 -19.5149 40.2739 1 1 1
v 10.086 -17.2455 40.4483 1 1 1
v 10.0174 0.445176 32.2868 1 1 1
v 10.9503 11.5828 32.2166 1 1 1
v 10.2 -18.4705 40.2822 1 1 1
v 11.6383 10.9937 36.0144 1 1 1
v 11.4294 10.5461 35.0746 1 1 1
v 10.5507 -19.4005 39.8104 1 1 1
v 10.7215 -19.5962 39.4383 1 1 1
v 11.1065 -18.545 39.8108 1 1 1
v 10.6469 -23.158 38.5784 1 1 1
v 11.2873 -19.7421 39.4743 1 1 1
v 10.8712 -23.1794 38.3422 1 1 1
v 10.9661 -22.8877 38.7684 1 1 1
v 12.4389 -11.88 41.6139 1 1 1
v 12.9342 10.9522 35.7341 1 1 1
v 11.2035 -23.0674 38.9889 1 1 1
v 11.4701 -21.962 39.5418 1 1 1
v 11.4701 -21.962 39.5418 1 1 1
v 11.8156 -21.6467 39.9773 1 1 1
v 12.4612 -16.9015 40.7295 1 1 1
v 13.1148 -12.6366 41.5663 1 1 1
v 12.7831 -15.9592 40.6487 1 1 1
v 13.8095 10.6902 35.5293 1 1 1
v 12.9059 -17.3065 40.743 1 1 1
v 12.9511 -16.7979 40.3407 1 1 1
v 13.5578 -14.6955 41.3201 1 1 1
v 13.5272 -17.6752 41.5127 1 1 1
v 13.7114 -15.2351 41.3206 1 1 1
v 13.8283 -14.7225 41.5632 1 1 1
v 13.1917 -19.1077 40.045 1 1 1
v 12.1479 -24.8842 37.3986 1 1 1
v 13.7771 -17.4604 40.8815 1 1 1
v 14.2526 -13.7051 41.4834 1 1 1
v 14.0152 -17.6366 40.7183 1 1 1
v 14.196 -17.5959 39.9658 1 1 1
v 14.0055 -22.4719 37.9291 1 1 1
v 11.4715 -0.45886 23.4239 1 1 1
v 14.0934 -22.9018 38.0502 1 1 1
v 16.4513 10.345 36.7257 1 1 1
v 16.4513 10.345 36.7257 1 1 1
v 14.7139 11.3668 30.5367 1 1 1
v -12.7426 13.3343 30.6586 1 1 1
v -12.8009 13.384 30.7759 1 1 1
v -9.04265 0.438462 23.4318 1 1 1
v -14.8106 -1.08335 35.8024 1 1 1
v -15.3633 -1.24749 37.2517 1 1 1
v -13.8806 0.511665 34.4857 1 1 1
v -15.0238 -1.49498 38.1665 1 1 1
v -14.5011 -1.25799 37.4024 1 1 1
v -13.864 0.42427 36.5859 1 1 1
v -13.864 0.42427 36.5859 1 1 1
v -13.4641 -1.3086 35.7085 1 1 1
v -13.5358 -1.59856 36.9348 1 1 1
v -13.8315 -1.41949 37.6984 1 1 1
v -14.0324 -1.51764 38.2287 1 1 1
v -13.2464 -1.05656 36.9412 1 1 1
v -13.2444 -1.617 37.135 1 1 1
v -12.9326 -1.79279 36.8524 1 1 1
v -13.0919 -2.0283 37.4274 1 1 1
v -12.6367 -1.03481 36.7068 1 1 1
v -13.0474 -2.90428 37.6998 1 1 1
v -12.8022 -0.91742 37.3848 1 1 1
v -12.8022 -0.91742 37.3848 1 1 1
v -12.898 -2.23129 37.6294 1 1 1
v -12.9774 -0.0848553 38.165 1 1 1
v -12.9774 -0.0848553 38.165 1 1 1
v -12.5716 -1.24907 37.2709 1 1 1
v -12.9131 -2.77399 38.0274 1 1 1
v -12.66 -2.48983 37.5527 1 1 1
v -12.4733 -2.11031 37.4111 1 1 1
v -12.4393 -2.57257 37.4359 1 1 1
v -12.1551 -2.0477 36.8805 1 1 1
v -12.3909 -1.94338 37.5026 1 1 1
v -12.6165 -0.215374 38.3301 1 1 1
v -11.9052 -2.48869 36.6059 1 1 1
v -11.7162 -2.61819 36.389 1 1 1
v -12.2399 -0.212956 37.8727 1 1 1
v -12.1063 -1.04296 37.7365 1 1 1
v -12.6593 -0.849443 39.1439 1 1 1
v -12.2588 -1.438 38.1631 1 1 1
v -12.0298 -0.525703 37.7553 1 1 1
v -11.8 -2.32498 37.1221 1 1 1
v -12.0783 -1.9973 37.9709 1 1 1
v -12.1437 -2.00966 38.139 1 1 1
v -12.0971 -2.61071 38.0328 1 1 1
v -12.0626 -2.69214 38.0022 1 1 1
v -12.0819 -0.906603 38.3302 1 1 1
v -11.8511 -2.1886 37.9237 1 1 1
v -12.1082 -1.17245 38.8387 1 1 1
v -12.059 -1.31407 38.9493 1 1 1
v -12.059 -1.31407 38.9493 1 1 1
v -11.8971 -1.49072 38.6409 1 1 1
v -11.6778 -2.34541 38.1006 1 1 1
v -11.6726 -2.11817 38.4978 1 1 1
v -11.6538 -1.07023 38.5149 1 1 1
v -11.7881 -1.61279 39.0425 1 1 1
v -11.5038 -1.819 38.4709 1 1 1
v -11.9296 -1.55736 39.7591 1 1 1
v -11.5016 -1.29046 38.7301 1 1 1
v -11.5152 -0.741054 38.8924 1 1 1
v -11.6022 -1.9464 39.3815 1 1 1
v -11.8024 -1.57897 40.0311 1 1 1
v -11.6334 -1.21921 39.6359 1 1 1
v -11.6536 -1.5014 39.8368 1 1 1
v -11.9193 -2.69942 40.5306 1 1 1
v -10.4665 1.97654 36.9509 1 1 1
v -11.5773 -1.16142 39.8131 1 1 1
v -11.4612 -1.37831 39.5514 1 1 1
v -11.4126 2.29586 39.7125 1 1 1
v -11.6278 -1.98586 40.2335 1 1 1
v -9.87408 2.04126 35.8246 1 1 1
v -11.4292 12.8935 40.7272 1 1 1
v -11.4083 -1.37136 39.9328 1 1 1
v -12.1138 -2.72956 41.832 1 1 1
v -9.68075 1.78128 35.457 1 1 1
v -11.0113 -1.48984 39.3289 1 1 1
v -11.0113 -1.48984 39.3289 1 1 1
v -11.6888 -2.4181 41.6557 1 1 1
v -3.71268 -10.4029 19.2741 1 1 1
v -10.9262 -1.35887 40.6114 1 1 1
v -10.8386 -1.47721 40.5731 1 1 1
v -9.59954 1.32728 37.4915 1 1 1
v -10.4809 -1.41824 40.3085 1 1 1
v -10.7423 -1.32345 41.1738 1 1 1
v -10.8446 -2.02111 41.436 1 1 1
v -11.1686 -2.0502 42.4516 1 1 1
v -10.609 12.955 42.2162 1 1 1
v -10.6614 12.1088 42.3849 1 1 1
v -10.5459 -1.45863 41.2057 1 1 1
v -6.49829 17.9113 30.5595 1 1 1
v -11.079 -1.94002 42.8972 1 1 1
v -5.94749 17.3289 28.8904 1 1 1
v -6.72887 18.4357 31.4202 1 1 1
v -10.5243 -1.57976 41.7506 1 1 1
v -10.5303 -1.95891 42.6085 1 1 1
v -10.2314 -1.19432 42.0231 1 1 1
v -4.88128 12.5388 26.6895 1 1 1
v -5.96272 17.8187 30.8508 1 1 1
v -4.38546 12.1652 26.6607 1 1 1
v -5.21948 17.6287 30.4135 1 1 1
v -4.36612 11.0716 27.7414 1 1 1
v -3.63611 12.1909 25.7151 1 1 1
v -4.22593 10.8372 27.9286 1 1 1
v -3.0916 4.43261 23.6959 1 1 1
v -4.01317 10.8785 27.8432 1 1 1
v -7.61368 0.584903 40.5375 1 1 1
v -2.94425 4.86596 23.7881 1 1 1
v -2.81351 3.52699 23.5321 1 1 1
v -2.55692 3.5214 22.712 1 1 1
v -3.03881 -0.131064 24.4089 1 1 1
v -2.50069 2.36148 23.0291 1 1 1
v -3.53889 15.0761 29.7666 1 1 1
v -2.12511 6.10333 23.1843 1 1 1
v -1.89725 5.70414 22.3594 1 1 1
v -1.53574 3.32482 20.6845 1 1 1
v -2.08006 6.50162 23.3355 1 1 1
v -2.08006 6.50162 23.3355 1 1 1
v -1.88303 -1.3898 21.6629 1 1 1
v -1.74654 -1.91596 21.0758 1 1 1
v -1.98896 6.54374 23.1988 1 1 1
v -2.03514 -2.96458 22.9563 1 1 1
v -1.83182 7.13689 23.7614 1 1 1
v -1.55489 6.65064 22.5377 1 1 1
v -2.73468 16.624 29.7206 1 1 1
v -1.55375 7.31294 24.1615 1 1 1
v -1.55375 7.31294 24.1615 1 1 1
v -1.62713 8.40208 25.4417 1 1 1
v -1.9463 10.758 27.7115 1 1 1
v -1.66056 8.85258 26.043 1 1 1
v -0.913738 5.92119 22.4579 1 1 1
v -0.819348 -3.54459 20.576 1 1 1
v -1.07726 11.4537 25.9282 1 1 1
v -1.09509 11.6267 26.1054 1 1 1
v -0.188611 -2.44604 19.0838 1 1 1
v -0.638919 -3.39698 21.5203 1 1 1
v -0.955662 10.8919 25.8924 1 1 1
v -0.481132 -3.62989 21.75 1 1 1
v -0.571282 -3.7181 22.4205 1 1 1
v -0.571282 -3.7181 22.4205 1 1 1
v -2.17979 13.5893 36.1815 1 1 1
v -1.82261 13.2102 35.5328 1 1 1
v -1.90875 13.4673 36.2304 1 1 1
v 0.176894 -2.5936 19.9477 1 1 1
v 0.395181 16.8112 27.6082 1 1 1
v 0.788573 5.72306 21.7439 1 1 1
v 0.443457 11.4295 26.208 1 1 1
v 1.19772 11.5231 25.732 1 1 1
v 1.14356 17.246 28.7261 1 1 1
v 1.14356 17.246 28.7261 1 1 1
v 1.22566 2.20721 22.763 1 1 1
v 1.50318 10.6663 24.4329 1 1 1
v 1.73897 6.87285 20.9193 1 1 1
v 1.75533 -2.55336 19.1359 1 1 1
v 1.75357 -3.72581 18.9164 1 1 1
v 1.65941 -3.9991 20.0585 1 1 1
v 2.166 17.9668 26.5133 1 1 1
v 2.24251 6.88457 20.7541 1 1 1
v 2.46233 18.6268 26.7181 1 1 1
v 2.73985 14.5276 24.2503 1 1 1
v 2.53308 8.361 23.4775 1 1 1
v 3.1317 6.43582 20.5184 1 1 1
v 3.55216 19.0722 25.849 1 1 1
v 3.50497 18.0778 24.8269 1 1 1
v 3.25768 11.5275 24.4926 1 1 1
v 3.18846 7.04041 21.5874 1 1 1
v 3.44951 12.228 24.8308 1 1 1
v 3.24143 -2.09662 18.1917 1 1 1
v 3.60061 6.1949 20.3032 1 1 1
v 3.82024 10.4645 23.1652 1 1 1
v 4.18284 3.55858 20.6655 1 1 1
v 3.95302 -1.62837 18.1849 1 1 1
v 3.97517 -1.70383 18.3322 1 1 1
v 5.16237 17.7719 24.7903 1 1 1
v 4.62805 6.5337 22.7425 1 1 1
v 4.08186 -1.4524 18.327 1 1 1
v 5.42283 15.9385 28.7258 1 1 1
v 5.40736 9.20038 27.3268 1 1 1
v 5.61829 10.5072 27.7722 1 1 1
v 4.73033 0.601347 20.2686 1 1 1
v 4.75095 0.610434 20.4629 1 1 1
v 4.85418 0.982297 20.7662 1 1 1
v 4.86699 0.990912 20.8811 1 1 1
v 4.95789 3.58362 20.2192 1 1 1
v 5.60066 7.49405 26.5757 1 1 1
v 4.90151 0.909382 20.7802 1 1 1
v 4.90151 0.909382 20.7802 1 1 1
v 4.7076 -1.28745 18.6949 1 1 1
v 4.71997 -1.2245 18.5938 1 1 1
v 4.75324 -2.09705 19.7491 1 1 1
v 6.10911 17.0854 25.7547 1 1 1
v 5.37768 4.78648 23.269 1 1 1
v 5.09854 2.00391 20.5511 1 1 1
v 4.90878 -1.88926 19.4947 1 1 1
v 6.49195 -13.9379 42.678 1 1 1
v 6.46495 -13.8197 42.2978 1 1 1
v 6.87618 -11.6225 42.9743 1 1 1
v 5.23264 -1.57464 19.9007 1 1 1
v 6.95926 -14.3975 43.606 1 1 1
v 6.86324 -16.1629 42.9095 1 1 1
v 6.58082 -21.7615 42.7339 1 1 1
v 7.08629 -14.1476 43.9266 1 1 1
v 6.60966 -22.6679 42.5461 1 1 1
v 7.45826 13.7967 32.4124 1 1 1
v 7.44768 -11.3571 43.9923 1 1 1
v 7.02382 -16.8187 42.4526 1 1 1
v 7.17524 15.6854 28.0999 1 1 1
v 7.22439 -16.0406 42.7623 1 1 1
v 7.10629 -18.9696 42.9864 1 1 1
v 6.9472 -20.1145 42.0088 1 1 1
v 7.09514 -13.6553 40.3549 1 1 1
v 6.7647 -23.9356 41.0765 1 1 1
v 6.76609 -24.25 41.1699 1 1 1
v 7.01907 -20.3078 41.3201 1 1 1
v 6.9824 -20.9148 41.0107 1 1 1
v 7.53101 -14.9586 42.4527 1 1 1
v 7.71284 -15.3988 43.0746 1 1 1
v 7.53915 16.3187 28.04 1 1 1
v 7.3105 -20.8927 41.6641 1 1 1
v 7.20248 -23.6847 41.8162 1 1 1
v 7.30649 -22.0262 41.8696 1 1 1
v 7.88367 -15.9235 43.8652 1 1 1
v 7.40497 -21.2007 42.0319 1 1 1
v 7.40497 -21.2007 42.0319 1 1 1
v 7.44098 -21.9747 42.1266 1 1 1
v 7.91253 -15.9062 43.3533 1 1 1
v 7.34449 -21.4556 40.7468 1 1 1
v 7.48498 -20.7427 41.4618 1 1 1
v 8.01346 -15.9026 43.8352 1 1 1
v 7.66588 -16.9636 41.4415 1 1 1
v 7.47701 -20.9471 41.2254 1 1 1
v 7.72478 -15.647 41.0208 1 1 1
v 8.01443 -15.4606 43.209 1 1 1
v 6.97635 -26.2626 38.926 1 1 1
v 7.94167 -15.8632 42.3153 1 1 1
v 7.5813 -18.2615 40.3239 1 1 1
v 7.59363 -21.3601 41.6023 1 1 1
v 7.62324 -21.0769 41.5999 1 1 1
v 7.62324 -21.0769 41.5999 1 1 1
v 7.59825 -18.3116 39.8989 1 1 1
v 7.6009 -21.8179 41.1093 1 1 1
v 7.6009 -21.8179 41.1093 1 1 1
v 7.621 -22.4039 41.3857 1 1 1
v 7.621 -22.4039 41.3857 1 1 1
v 7.66504 -21.2458 41.2321 1 1 1
v 8.04499 -16.1599 42.1234 1 1 1
v 7.60391 -20.6578 40.396 1 1 1
v 7.77575 -20.3032 40.7412 1 1 1
v 7.79525 -21.5199 41.0986 1 1 1
v 7.94139 -18.0706 40.835 1 1 1
v 7.90556 -17.7407 40.4098 1 1 1
v 8.40173 -14.8594 42.3416 1 1 1
v 7.87834 -21.3328 40.7939 1 1 1
v 8.39134 -14.4133 41.7931 1 1 1
v 8.82931 -12.079 44.0333 1 1 1
v 8.82931 -12.079 44.0333 1 1 1
v 7.93213 -22.6895 40.756 1 1 1
v 7.94509 -21.3303 40.1913 1 1 1
v 7.97817 -21.5003 40.1693 1 1 1
v 8.3821 -13.5403 40.1759 1 1 1
v 8.19272 -19.8368 40.5213 1 1 1
v 8.95468 -13.625 43.5072 1 1 1
v 8.76928 -15.9178 42.8126 1 1 1
v 8.16905 -21.8247 40.2664 1 1 1
v 8.5397 -8.98587 37.6935 1 1 1
v 8.78479 -13.1314 40.8969 1 1 1
v 9.14411 -13.2314 42.8776 1 1 1
v 8.18353 -23.439 39.4986 1 1 1
v 8.44776 -17.588 39.2512 1 1 1
v 8.44776 -17.588 39.2512 1 1 1
v 9.28158 -12.7481 42.7543 1 1 1
v 9.42092 -12.7207 43.6473 1 1 1
v 8.4802 -20.7911 39.8183 1 1 1
v 8.03678 -25.0946 38.2551 1 1 1
v 8.35859 -25.6539 40.097 1 1 1
v 8.62958 15.2812 28.1652 1 1 1
v 8.53766 -17.5645 38.5006 1 1 1
v 8.53766 -17.5645 38.5006 1 1 1
v 8.52436 -23.588 40.2221 1 1 1
v 9.22355 -9.2723 39.8979 1 1 1
v 8.64023 -23.6987 40.976 1 1 1
v 8.57955 -18.1287 38.4561 1 1 1
v 9.51654 -12.5072 42.516 1 1 1
v 10.9088 8.35247 44.4241 1 1 1
v 8.24618 -25.4327 38.4773 1 1 1
v 8.24618 -25.4327 38.4773 1 1 1
v 9.80301 -12.3921 43.8411 1 1 1
v 8.30659 -24.9404 38.4156 1 1 1
v 8.74815 -23.0155 40.2242 1 1 1
v 8.89481 -23.7082 41.0334 1 1 1
v 8.51877 -24.997 38.2837 1 1 1
v 8.58858 -25.4932 38.8524 1 1 1
v 8.9045 -23.4967 40.1276 1 1 1
v 9.26038 -19.1924 40.3961 1 1 1
v 9.92383 -13.0118 42.2652 1 1 1
v 8.5075 -24.1288 36.7048 1 1 1
v 10.4313 -10.8192 43.7046 1 1 1
v 8.95423 -23.9329 39.0673 1 1 1
v 8.47547 -23.9776 36.121 1 1 1
v 9.16312 -18.8552 38.0933 1 1 1
v 10.8931 -7.98785 44.1352 1 1 1
v 9.02836 -25.3848 38.8188 1 1 1
v 9.02836 -25.3848 38.8188 1 1 1
v 9.2509 -23.4283 39.0378 1 1 1
v 9.17991 -25.7965 38.9885 1 1 1
v 9.38831 -23.1687 38.979 1 1 1
v 10.0062 13.9994 31.2981 1 1 1
v 9.46316 -23.5642 39.2502 1 1 1
v 9.45873 -25.6973 38.9447 1 1 1
v 9.40516 -24.9748 38.3715 1 1 1
v 9.40516 -24.9748 38.3715 1 1 1
v 9.57528 -26.1509 39.3244 1 1 1
v 10.1311 -19.3415 39.4365 1 1 1
v 9.69323 -25.5965 38.6095 1 1 1
v 9.79851 -25.549 38.8716 1 1 1
v 10.2002 -24.0444 40.309 1 1 1
v 10.5428 14.0687 31.4737 1 1 1
v 10.5428 14.0687 31.4737 1 1 1
v 9.42374 16.4059 24.8981 1 1 1
v 10.0087 -23.1193 38.1287 1 1 1
v 10.0087 -23.1193 38.1287 1 1 1
v 11.0407 13.0056 33.0755 1 1 1
v 11.0407 13.0056 33.0755 1 1 1
v 12.0585 -6.43724 43.0235 1 1 1
v 12.0585 -6.43724 43.0235 1 1 1
v 11.7566 -6.41681 41.4644 1 1 1
v 9.87701 -24.861 36.9966 1 1 1
v 12.1111 11.7355 36.9767 1 1 1
v 12.3921 -7.71487 43.2199 1 1 1
v 9.831 -23.838 35.5238 1 1 1
v 10.1052 -24.9487 36.7456 1 1 1
v 10.5023 -24.8954 37.1773 1 1 1
v 11.2544 13.9781 30.4 1 1 1
v 13.0241 -9.28003 43.7657 1 1 1
v 12.527 -11.896 41.962 1 1 1
v 13.0197 -9.6283 43.4027 1 1 1
v 12.5923 -12.914 42.3632 1 1 1
v 11.014 -24.6495 36.7741 1 1 1
v 12.0987 -22.6862 40.5105 1 1 1
v 13.7356 10.8304 38.0198 1 1 1
v 11.7 -25.2954 37.8105 1 1 1
v 13.4547 -15.7747 41.5819 1 1 1
v 13.6079 -16.5123 41.7424 1 1 1
v 13.5252 -15.7111 41.1333 1 1 1
v 13.6784 -13.1084 41.0313 1 1 1
v 12.6749 -15.9511 37.7971 1 1 1
v 13.4615 -16.0047 40.5042 1 1 1
v 15.4543 10.4265 39.7071 1 1 1
v 13.7536 -21.643 39.947 1 1 1
v 13.8931 -21.4659 39.8663 1 1 1
v 14.8487 -18.6285 42.0982 1 1 1
v 13.8715 -22.9173 39.3925 1 1 1
v 14.0574 -23.6559 40.0697 1 1 1
v 14.0256 -24.3213 39.6276 1 1 1
v 14.0951 -23.4141 39.0284 1 1 1
v 14.6861 -21.7265 40.3899 1 1 1
v 14.1409 -23.0839 38.8906 1 1 1
v 14.4118 -22.7636 39.4163 1 1 1
v 14.7221 -16.5154 39.187 1 1 1
v 14.5306 -22.9545 39.7939 1 1 1
v 14.9715 -21.4909 40.7406 1 1 1
v 14.493 -24.2848 39.61 1 1 1
v 14.5933 -22.0066 39.0683 1 1 1
v 14.6827 -23.3651 39.5161 1 1 1
v 15.1665 -22.9209 39.3315 1 1 1
v -9.97832 -6.77521 25.5793 1 1 1
v -10.3568 -6.96661 26.4105 1 1 1
v -6.1738 15.0492 29.9026 1 1 1
v -4.50245 0.332743 25.2264 1 1 1
v -4.06017 6.71056 24.041 1 1 1
v -4.36857 13.5573 27.6073 1 1 1
v -4.64983 14.4239 29.0459 1 1 1
v -4.40912 11.4965 28.1541 1 1 1
v -5.13624 17.6564 31.744 1 1 1
v -3.19437 5.29455 25.0062 1 1 1
v -2.70395 3.53326 23.0509 1 1 1
v -2.80316 1.76128 23.6187 1 1 1
v -3.13782 2.0245 25.3472 1 1 1
v -2.75569 6.75199 25.4431 1 1 1
v -1.9184 -0.940699 20.9874 1 1 1
v -1.9184 -0.940699 20.9874 1 1 1
v -1.6212 -1.30091 19.7451 1 1 1
v -2.68756 6.8064 25.3232 1 1 1
v -1.81077 5.55573 21.9467 1 1 1
v -1.81077 5.55573 21.9467 1 1 1
v -1.91939 6.9698 23.3952 1 1 1
v -1.34538 2.36227 20.4398 1 1 1
v -1.80255 6.53911 23.0853 1 1 1
v -2.72338 15.3649 29.2874 1 1 1
v -1.20365 -0.696083 20.5705 1 1 1
v -1.19399 -0.733451 20.4838 1 1 1
v -2.88997 18.2467 32.0946 1 1 1
v -1.68922 7.89367 24.7554 1 1 1
v -0.703873 -2.96283 19.7552 1 1 1
v -0.672244 -8.41452 19.6451 1 1 1
v -1.51578 11.6434 27.1432 1 1 1
v -1.74104 17.9526 29.947 1 1 1
v -0.447313 -3.18287 19.6359 1 1 1
v -1.33167 11.0104 26.7488 1 1 1
v -0.422421 -8.2481 19.4221 1 1 1
v -0.670895 5.84186 22.8426 1 1 1
v -1.01781 11.6688 27.6925 1 1 1
v 0.261212 -1.94373 18.3756 1 1 1
v -0.107906 15.2838 24.5768 1 1 1
v 0.206289 9.92664 28.282 1 1 1
v 0.753704 12.376 25.8264 1 1 1
v 0.622935 12.5508 28.6919 1 1 1
v 1.04698 10.5972 24.5089 1 1 1
v 1.40085 11.3951 25.1296 1 1 1
v 1.416 18.9438 28.2534 1 1 1
v 1.7679 9.87833 23.2296 1 1 1
v 1.8659 7.1336 21.3073 1 1 1
v 2.06543 6.32895 20.9871 1 1 1
v 2.06543 6.32895 20.9871 1 1 1
v 2.14451 -1.50708 17.7847 1 1 1
v 2.40568 7.32322 21.3641 1 1 1
v 2.34466 -1.98112 18.1208 1 1 1
v 2.33049 -2.06406 17.9258 1 1 1
v 2.51139 7.05516 21.4255 1 1 1
v 2.43911 -1.849 17.2178 1 1 1
v 2.84494 20.0375 27.3671 1 1 1
v 2.71261 -0.547757 18.5381 1 1 1
v 3.05769 7.78078 22.1145 1 1 1
v 3.27731 13.8538 23.2468 1 1 1
v 3.17847 6.57955 20.6273 1 1 1
v 3.53397 11.6172 24.5824 1 1 1
v 3.26597 4.50762 20.0989 1 1 1
v 3.61382 7.42009 21.1306 1 1 1
v 3.68004 7.81173 21.7331 1 1 1
v 4.02371 6.15949 22.575 1 1 1
v 4.1693 -2.20614 19.1327 1 1 1
v 4.20874 -1.06331 18.3985 1 1 1
v 5.73744 10.5627 28.3225 1 1 1
v 4.50543 -0.469402 18.5288 1 1 1
v 4.46253 -0.0243881 17.5663 1 1 1
v 6.53981 15.3628 31.8037 1 1 1
v 4.63902 -1.62626 17.9827 1 1 1
v 4.80369 -1.46521 17.8228 1 1 1
v 4.82156 -1.21308 17.8982 1 1 1
v 4.97296 -1.4372 18.562 1 1 1
v 6.91858 16.5994 28.9181 1 1 1
v 6.91858 16.5994 28.9181 1 1 1
v 6.7198 8.13453 28.9182 1 1 1
v 5.18872 -1.20784 18.9707 1 1 1
v 5.3408 -1.24772 19.2454 1 1 1
v 8.10828 15.3921 33.2711 1 1 1
v 7.302 19.4115 26.1213 1 1 1
v 9.85955 15.2697 32.1048 1 1 1
v 7.80931 0.482832 21.8304 1 1 1
v 10.6014 18.7817 25.0105 1 1 1
v -8.58485 2.08202 31.0792 1 1 1
v -5.49999 12.6399 27.3016 1 1 1
v -6.23395 18.5944 30.0794 1 1 1
v -4.76962 14.3452 28.9005 1 1 1
v -4.41912 12.4026 27.4937 1 1 1
v -4.41912 12.4026 27.4937 1 1 1
v -4.80129 19.4222 29.7287 1 1 1
v -3.89928 11.8475 26.4315 1 1 1
v -3.44388 4.05021 25.1634 1 1 1
v -3.5159 6.4904 25.8587 1 1 1
v -4.07222 11.4891 28.5107 1 1 1
v -2.68387 3.93488 23.7444 1 1 1
v -2.73727 5.47506 24.077 1 1 1
v -2.96239 7.79352 26.6416 1 1 1
v -2.04612 4.12658 21.6021 1 1 1
v -1.99988 -0.759717 22.5965 1 1 1
v -1.55652 -2.20221 19.8856 1 1 1
v -1.51197 -1.90221 20.2963 1 1 1
v -1.91694 5.55983 22.7627 1 1 1
v -2.00581 -2.87325 23.8713 1 1 1
v -2.76487 9.34023 28.7076 1 1 1
v -1.88786 7.63743 24.1912 1 1 1
v -1.22408 -0.754108 21.094 1 1 1
v -1.75132 8.54546 24.5848 1 1 1
v -1.66076 9.08482 26.2138 1 1 1
v -1.01912 6.28954 22.3671 1 1 1
v -1.34665 11.3379 26.4968 1 1 1
v -0.352385 -3.33345 19.5356 1 1 1
v -0.924392 7.67741 24.789 1 1 1
v -0.686345 6.21047 23.4071 1 1 1
v -1.10038 12.6648 27.5467 1 1 1
v -0.851172 11.3416 25.1933 1 1 1
v -0.303556 -3.39946 21.4944 1 1 1
v -1.40681 13.8504 33.5071 1 1 1
v 0.311663 -2.00331 18.6063 1 1 1
v 0.314585 -2.01303 19.446 1 1 1
v 0.404156 -2.97316 19.1284 1 1 1
v -0.0425675 19.2113 29.6166 1 1 1
v 0.910105 18.8845 29.381 1 1 1
v 1.1886 10.5806 23.8785 1 1 1
v 1.52612 6.70877 21.5183 1 1 1
v 1.62214 7.9191 22.3573 1 1 1
v 2.25278 19.679 27.7977 1 1 1
v 2.4041 7.28497 21.4429 1 1 1
v 2.54121 6.66361 21.43 1 1 1
v 2.62118 7.19663 21.3833 1 1 1
v 2.71094 6.51011 21.1009 1 1 1
v 3.31717 14.7555 23.6916 1 1 1
v 3.58189 12.2804 24.9385 1 1 1
v 3.33566 7.08666 20.7968 1 1 1
v 3.3948 5.04917 21.1819 1 1 1
v 3.6825 12.8768 24.821 1 1 1
v 3.97733 18.7784 26.6349 1 1 1
v 3.98335 12.3749 23.5919 1 1 1
v 3.94041 3.03038 20.4703 1 1 1
v 3.97959 1.91255 19.3201 1 1 1
v 3.89042 -1.61318 18.4202 1 1 1
v 5.2247 14.9133 28.6308 1 1 1
v 5.18869 9.707 27.1584 1 1 1
v 4.50198 3.21781 21.0251 1 1 1
v 5.62 11.3359 29.0377 1 1 1
v 4.53041 1.62303 20.4044 1 1 1
v 4.61164 2.06237 20.8207 1 1 1
v 4.55489 2.08712 20.2305 1 1 1
v 4.47531 -0.334672 19.3621 1 1 1
v 5.79835 11.1355 28.5249 1 1 1
v 4.81327 1.71311 20.5626 1 1 1
v 5.76472 8.14479 26.8883 1 1 1
v 6.56875 15.472 31.8028 1 1 1
v 4.70955 -1.83611 19.4958 1 1 1
v 4.90362 1.06472 20.452 1 1 1
v 5.29615 4.26842 22.0199 1 1 1
v 5.03852 -1.49188 19.1834 1 1 1
v 5.16821 -1.0636 19.7259 1 1 1
v 6.29017 3.25291 24.6477 1 1 1
v 7.2144 17.8569 28.6936 1 1 1
v 7.37541 16.6905 28.8861 1 1 1
v 7.99024 17.1767 29.5615 1 1 1
v -4.77244 0.703228 26.9647 1 1 1
v -3.1942 5.20981 24.8497 1 1 1
v -2.64601 4.7978 22.6074 1 1 1
v -2.97053 5.26687 24.5957 1 1 1
v -3.09494 6.18435 25.8018 1 1 1
v -4.0049 16.3713 31.0872 1 1 1
v -1.96721 -0.384414 21.5265 1 1 1
v -1.1117 -8.66303 17.1556 1 1 1
v -1.89077 -1.09146 22.5754 1 1 1
v -1.87769 7.10563 23.0114 1 1 1
v -2.89341 17.398 31.394 1 1 1
v -2.89341 17.398 31.394 1 1 1
v -2.37156 11.7597 30.6339 1 1 1
v -1.83165 8.62241 26.3134 1 1 1
v -1.24593 15.7349 27.6315 1 1 1
v -0.078134 -2.89831 18.5035 1 1 1
v 0.179746 -1.88029 20.0848 1 1 1
v -0.559935 19.2603 29.9669 1 1 1
v 0.500706 12.4895 26.9976 1 1 1
v 0.843003 6.3204 22.5886 1 1 1
v 1.28099 2.68512 23.5494 1 1 1
v 1.29762 2.89039 24.9425 1 1 1
v 1.58978 7.69576 22.7028 1 1 1
v 1.94653 19.2221 28.7579 1 1 1
v 2.08657 19.1577 29.6789 1 1 1
v 2.58176 -5.33634 15.1682 1 1 1
v 2.55034 -1.85188 17.2461 1 1 1
v 3.05547 17.8869 26.8229 1 1 1
v 2.9395 6.50644 20.4874 1 1 1
v 4.2706 7.85623 23.8371 1 1 1
v 4.55514 9.59923 23.4922 1 1 1
v 4.55514 9.59923 23.4922 1 1 1
v 4.19622 -1.97139 19.4733 1 1 1
v 4.99922 9.35818 25.539 1 1 1
v 5.71697 10.9639 28.5447 1 1 1
v 4.69267 1.47661 20.2743 1 1 1
v 5.31831 4.12575 21.2131 1 1 1
v 5.35152 4.15589 21.368 1 1 1
v 5.01403 -1.28289 18.9968 1 1 1
v 7.16667 17.7819 29.7383 1 1 1
v 5.37919 -0.991014 18.9968 1 1 1
v -3.53103 6.28634 27.4403 1 1 1
v -3.26097 5.95309 26.2561 1 1 1
v -3.51252 8.81652 28.9234 1 1 1
v -3.00597 7.73458 28.2069 1 1 1
v -2.20307 -1.22196 24.4615 1 1 1
v -2.28042 -0.417159 25.0461 1 1 1
v -2.15106 -0.690967 24.7005 1 1 1
v -2.56606 8.96099 27.5721 1 1 1
v -2.21902 8.10789 26.5692 1 1 1
v -1.55373 -3.25917 24.9201 1 1 1
v -1.34973 -0.479738 23.2906 1 1 1
v -1.442 13.0587 28.4675 1 1 1
v -1.54496 12.5992 31.2301 1 1 1
v -0.989444 7.32564 24.4522 1 1 1
v -1.41335 12.5029 29.2102 1 1 1
v -1.1522 13.1884 28.3542 1 1 1
v -0.26318 -3.54147 23.7105 1 1 1
v 0.85933 12.6596 27.5207 1 1 1
v 1.21918 12.6753 26.5741 1 1 1
v 1.28988 19.7503 31.8446 1 1 1
v 1.57883 13.3131 27.8868 1 1 1
v 1.79782 -4.16116 21.9394 1 1 1
v 1.56884 8.08735 21.7171 1 1 1
v 1.7358 7.6648 23.0869 1 1 1
v 2.21156 11.4037 30.7402 1 1 1
v 1.65326 -19.373 167.16 1 1 1
v 2.40228 -1.30888 20.1897 1 1 1
v 2.46535 -1.52061 19.7289 1 1 1
v 2.47947 -1.53301 19.853 1 1 1
v 2.59843 8.28721 22.7374 1 1 1
v 2.62865 19.1404 25.5234 1 1 1
v 2.92521 16.9599 27.1133 1 1 1
v 3.53618 5.6814 21.9401 1 1 1
v 3.58706 5.44604 22.1946 1 1 1
v 4.17201 11.8941 24.4961 1 1 1
v 4.15486 6.70454 22.7662 1 1 1
v 3.83812 19.0865 22.6556 1 1 1
v 4.09764 8.30792 22.5142 1 1 1
v 6.80854 16.3886 32.6984 1 1 1
v 9.73102 -19.8926 42.3452 1 1 1
v 5.34289 0.333545 22.6857 1 1 1
v 8.46522 16.3901 35.3596 1 1 1
v 8.46964 16.6404 34.1217 1 1 1
v 8.52385 18.0258 30.295 1 1 1
v 7.02658 18.8999 24.7072 1 1 1
v 9.82239 15.7861 34.5545 1 1 1
v 7.88221 4.53819 26.588 1 1 1
v 9.98736 18.8784 34.8506 1 1 1
v 8.9806 16.7464 30.3809 1 1 1
v 12.2109 16.2361 32.8911 1 1 1
v 12.2109 16.2361 32.8911 1 1 1
v 14.6358 14.5876 37.9927 1 1 1
v -3.27504 -10.6978 57.0491 1 1 1
v -3.27504 -10.6978 57.0491 1 1 1
v -2.37878 -10.3703 57.0485 1 1 1
v -2.31118 -9.5034 56.2679 1 1 1
v -2.3079 -9.31413 56.4498 1 1 1
v -2.11161 -9.18554 56.2612 1 1 1
v -2.11161 -9.18554 56.2612 1 1 1
v 1.8177 -14.6567 58.6067 1 1 1
v 3.50076 -8.46016 55.7792 1 1 1
v 3.62799 -9.47073 56.2604 1 1 1
v 3.64987 -9.12829 55.6168 1 1 1
v 3.699 -8.32397 56.2818 1 1 1
v 3.74657 -9.10209 56.4929 1 1 1
v 3.86422 -8.24988 55.6874 1 1 1
v 4.02673 -9.51085 56.512 1 1 1
v 4.10491 -8.83896 55.9958 1 1 1
v 4.18506 -9.09519 56.4882 1 1 1
v 4.74483 -9.63811 55.6108 1 1 1
v 6.08149 -9.3056 54.829 1 1 1
v 6.94437 -8.97626 53.9098 1 1 1
v 6.94437 -8.97626 53.9098 1 1 1
v 8.17512 -9.05392 53.7067 1 1 1
v 8.63941 -8.65282 53.4245 1 1 1
v 8.7842 -7.4879 53.3596 1 1 1
v 8.13726 1.237 50.5712 1 1 1
v 8.85572 -7.19418 53.0049 1 1 1
v 8.85572 -7.19418 53.0049 1 1 1
v 8.23151 4.89509 50.5206 1 1 1
v 8.62623 1.00089 50.2358 1 1 1
v 8.80711 0.204812 50.2477 1 1 1
v 8.91844 0.474891 50.0809 1 1 1
v 9.52794 -4.54931 51.5258 1 1 1
v 9.67199 -4.18644 51.061 1 1 1
v 9.82161 -4.89573 50.5969 1 1 1
v 9.60819 0.633382 49.3014 1 1 1
v 9.82959 1.55868 50.2049 1 1 1
v 10.9872 -7.27892 53.1869 1 1 1
v 10.8396 -6.48826 50.3831 1 1 1
v 10.8396 -6.48826 50.3831 1 1 1
v 0.900932 -4.33552 2.70161 1 1 1
v 1.95086 -3.27467 0.903219 1 1 1
v 2.61585 -2.05267 0.263378 1 1 1
v 3.77783 -3.583 3.11932 1 1 1

# Camera centers
# Regular cameras: blue (0.2 0.4 1.0)
# Loop closure cameras: green (0.2 1.0 0.3)
v 0 0 0 0.2 1.0 0.3
v -1.04343 0.00684446 -0.0987999 0.2 0.4 1.0
v -2.61303 -0.126675 0.00717385 0.2 0.4 1.0
v -4.11149 -0.366533 -0.0571423 0.2 0.4 1.0
v -5.45187 -0.519557 -0.104525 0.2 0.4 1.0
v -7.29578 -0.828168 -0.0813439 0.2 0.4 1.0
v -9.2674 -1.27279 0.13553 0.2 0.4 1.0
v -10.6288 -2.00207 0.330842 0.2 0.4 1.0
v -11.8498 -3.88483 -0.303704 0.2 0.4 1.0
v -12.9232 -5.21491 -0.838695 0.2 0.4 1.0
v -13.6592 -6.88103 -1.64723 0.2 0.4 1.0
v -13.7831 -7.77886 -2.17131 0.2 0.4 1.0
v -13.8356 -8.07473 -2.35471 0.2 0.4 1.0
v -13.5193 -8.85182 -2.78657 0.2 0.4 1.0
v -12.3445 -9.86973 -3.56564 0.2 0.4 1.0
v -10.0238 -10.3883 -4.32374 0.2 0.4 1.0
v -8.4962 -10.1729 -4.47853 0.2 0.4 1.0
v -7.1587 -10.13 -4.73359 0.2 0.4 1.0
v -5.93905 -9.8932 -4.99227 0.2 0.4 1.0
v -5.12695 -9.5904 -5.19714 0.2 0.4 1.0
v -4.34292 -9.25377 -5.50121 0.2 0.4 1.0
v -3.24741 -8.68927 -5.68656 0.2 0.4 1.0
v -2.49159 -8.34297 -5.83958 0.2 0.4 1.0
v -1.86397 -8.04187 -5.97351 0.2 0.4 1.0
v -1.33919 -7.80576 -6.05728 0.2 0.4 1.0
v -0.560958 -7.29649 -6.33728 0.2 0.4 1.0
v -0.279633 -7.04558 -6.56437 0.2 0.4 1.0
v -0.05444 -6.14459 -6.9659 0.2 0.4 1.0
v 0.345874 -5.83246 -6.91812 0.2 0.4 1.0
v 1.28079 -5.66862 -6.78908 0.2 0.4 1.0
v 1.52059 -5.55394 -6.65744 0.2 0.4 1.0
v 2.40762 -5.42149 -6.30508 0.2 0.4 1.0
v 4.1757 -5.28364 -5.77176 0.2 0.4 1.0
v 5.98631 -5.22937 -5.32718 0.2 0.4 1.0
v 7.93733 -5.00506 -4.48662 0.2 0.4 1.0
v 9.19264 -4.69838 -3.76759 0.2 0.4 1.0
v 10.0157 -4.44241 -3.24047 0.2 0.4 1.0
v 11.0616 -4.01727 -2.39854 0.2 0.4 1.0
v 12.1248 -3.53516 -1.47659 0.2 0.4 1.0
v 13.0499 -2.84917 -0.529673 0.2 0.4 1.0
v 13.4901 -1.84969 0.243068 0.2 0.4 1.0
v 13.8456 -0.0632317 1.35913 0.2 0.4 1.0
v 14.2167 2.84184 2.93465 0.2 0.4 1.0
v 14.2376 3.51105 3.2836 0.2 0.4 1.0
v 14.1986 4.04606 3.54626 0.2 0.4 1.0
v 14.0901 4.4035 3.78922 0.2 0.4 1.0
v 13.8752 5.38979 4.07489 0.2 0.4 1.0
v 13.2955 4.08448 2.84477 0.2 0.4 1.0
v 12.7346 2.46927 1.88114 0.2 0.4 1.0
v 12.3077 1.76556 1.42835 0.2 0.4 1.0
v 11.8008 1.08934 1.1675 0.2 0.4 1.0
v 11.3655 0.545224 0.815193 0.2 0.4 1.0
v 10.707 -0.13879 0.477528 0.2 0.4 1.0
v 10.0917 -0.394467 0.286973 0.2 0.4 1.0
v 9.30062 -0.484442 0.134142 0.2 0.4 1.0
v 8.6185 -0.511338 -0.113753 0.2 0.4 1.0
v 8.14863 -0.64092 -0.0641898 0.2 0.4 1.0
v 7.16712 -0.80785 -0.34928 0.2 0.4 1.0
v 6.09029 -0.882582 -0.475524 0.2 0.4 1.0
v 4.93776 -0.833868 -0.503532 0.2 0.4 1.0
v 4.24672 -0.791423 -0.443483 0.2 0.4 1.0
v 3.39142 -0.756897 -0.333169 0.2 0.4 1.0
v 2.50983 -0.590384 -0.268116 0.2 0.4 1.0
v 1.8797 -0.488721 -0.396193 0.2 0.4 1.0
v 1.24652 -0.390626 -0.422887 0.2 0.4 1.0
v 0.637401 -0.297369 -0.451917 0.2 0.4 1.0
v 0 0 0 0.2 1.0 0.3
v 3.06546 -2.26571 -1.02786 0.2 0.4 1.0
v 2.99253 -2.21838 -0.887131 0.2 0.4 1.0

# Camera axes (Optional small lines)
v 0.1 0 0
v 0 0.1 0
v 0 0 0.1
v -0.943878 0.00254705 -0.0903512
v -1.03943 0.106697 -0.0951223
v -1.05202 0.0035213 0.000774714
v -2.51395 -0.132746 0.0192513
v -2.60754 -0.026954 0.0122349
v -2.62538 -0.131026 0.106313
v -4.01305 -0.374441 -0.0414012
v -4.10452 -0.266983 -0.0507199
v -4.12767 -0.371758 0.0414019
v -5.35403 -0.528979 -0.0860743
v -5.44377 -0.420191 -0.0967262
v -5.47093 -0.525692 -0.00655237
v -7.19874 -0.8391 -0.0597988
v -7.28672 -0.729035 -0.0718233
v -7.31818 -0.835456 0.0158424
v -9.17139 -1.28548 0.160467
v -9.25727 -1.17395 0.146862
v -9.29349 -1.28114 0.231706
v -10.5339 -2.01684 0.358792
v -10.6175 -1.90367 0.344658
v -10.6583 -2.01203 0.425857
v -11.7557 -3.90112 -0.274061
v -11.8381 -3.78689 -0.287268
v -11.8815 -3.89681 -0.209624
v -12.8293 -5.23217 -0.80903
v -12.9113 -5.11748 -0.819575
v -12.9554 -5.22935 -0.74513
v -13.5662 -6.90075 -1.61608
v -13.6462 -6.78445 -1.62476
v -13.6937 -6.89787 -1.55489
v -13.69 -7.79958 -2.14112
v -13.77 -7.68302 -2.14594
v -13.8173 -7.79852 -2.07942
v -13.7424 -8.09574 -2.32528
v -13.8227 -7.97936 -2.32753
v -13.8694 -8.09626 -2.26308
v -13.4258 -8.87354 -2.75882
v -13.5063 -8.75729 -2.75668
v -13.5521 -8.87617 -2.69527
v -12.2499 -9.89115 -3.54132
v -12.3317 -9.77607 -3.53302
v -12.3743 -9.89747 -3.4743
v -9.92762 -10.4071 -4.30375
v -10.0126 -10.2949 -4.28982
v -10.0488 -10.4186 -4.23181
v -8.39899 -10.1892 -4.46171
v -8.4863 -10.0793 -4.44479
v -8.51746 -10.204 -4.38591
v -7.06075 -10.144 -4.71915
v -7.15013 -10.036 -4.70057
v -7.17691 -10.1611 -4.64032
v -5.84047 -9.90481 -4.98014
v -5.93182 -9.79865 -4.9605
v -5.95421 -9.92363 -4.89823
v -5.02796 -9.60004 -5.1868
v -5.12082 -9.49524 -5.167
v -5.13969 -9.6196 -5.10235
v -4.24357 -9.26133 -5.49264
v -4.3381 -9.15804 -5.47271
v -4.35328 -9.28167 -5.40574
v -3.14782 -8.69505 -5.6795
v -3.24372 -8.593 -5.65978
v -3.25576 -8.71568 -5.59047
v -2.39182 -8.34703 -5.83418
v -2.48902 -8.24626 -5.81427
v -2.49783 -8.36809 -5.74298
v -1.76408 -8.04442 -5.96954
v -1.86243 -7.94474 -5.94976
v -1.86843 -8.06553 -5.87646
v -1.23924 -7.80673 -6.05438
v -1.33891 -7.70837 -6.03456
v -1.34224 -7.82846 -5.95994
v -0.460982 -7.29596 -6.33516
v -0.561908 -7.19859 -6.31693
v -0.562926 -7.31686 -6.2394
v -0.179649 -7.04401 -6.56345
v -0.281354 -6.94743 -6.54534
v -0.280235 -7.06463 -6.4662
v 0.0453724 -6.1399 -6.96984
v -0.0585118 -6.04571 -6.95152
v -0.0498673 -6.15878 -6.86702
v 0.445564 -5.82694 -6.92373
v 0.341135 -5.73344 -6.90495
v 0.352153 -5.84532 -6.81915
v 1.38028 -5.66222 -6.7969
v 1.27521 -5.5693 -6.77883
v 1.28921 -5.67838 -6.68991
v 1.61986 -5.54656 -6.66697
v 1.51416 -5.45465 -6.64749
v 1.53078 -5.56321 -6.5584
v 2.50628 -5.41204 -6.31841
v 2.3994 -5.32228 -6.29559
v 2.42175 -5.42976 -6.20643
v 4.27358 -5.27244 -5.78887
v 4.16579 -5.18447 -5.76351
v 4.19359 -5.29001 -5.67358
v 6.08339 -5.21651 -5.34744
v 5.97466 -5.1303 -5.32014
v 6.00729 -5.23384 -5.2295
v 8.03332 -4.99032 -4.5105
v 7.92345 -4.90617 -4.48136
v 7.96172 -5.00679 -4.38966
v 9.28752 -4.6822 -3.7947
v 9.17686 -4.5997 -3.76392
v 9.21998 -4.69758 -3.6714
v 10.1097 -4.42517 -3.27019
v 9.99836 -4.34396 -3.23826
v 10.0454 -4.43932 -3.14501
v 11.1541 -3.99877 -2.43161
v 11.0422 -3.91917 -2.39788
v 11.0942 -4.01148 -2.30417
v 12.2161 -3.51586 -1.51269
v 12.1036 -3.43743 -1.47786
v 12.1598 -3.52636 -1.38334
v 13.1398 -2.82947 -0.568719
v 13.0269 -2.75191 -0.533404
v 13.0871 -2.83686 -0.437687
v 13.579 -1.82991 0.201753
v 13.4657 -1.75292 0.236861
v 13.5288 -1.83408 0.333923
v 13.9338 -0.0440596 1.31615
v 13.8201 0.0330308 1.34984
v 13.8852 -0.0441012 1.44894
v 14.3047 2.85874 2.8904
v 14.1908 2.93724 2.91954
v 14.2563 2.86661 3.02305
v 14.3252 3.52813 3.23857
v 14.2111 3.60624 3.26819
v 14.2778 3.53647 3.37155
v 14.2859 4.06336 3.50067
v 14.1718 4.14116 3.53092
v 14.2393 4.07169 3.63393
v 14.178 4.42112 3.74484
v 14.0638 4.49894 3.77504
v 14.13 4.42763 3.87771
v 13.9634 5.4077 4.03142
v 13.8493 5.48549 4.06181
v 13.9144 5.41258 4.16399
v 13.3843 4.10352 2.80306
v 13.2703 4.18079 2.8352
v 13.3338 4.10347 2.93515
v 12.8245 2.48898 1.84216
v 12.7105 2.56613 1.87468
v 12.771 2.48445 1.973
v 12.3987 1.78522 1.39188
v 12.2848 1.86278 1.42358
v 12.3422 1.77827 1.52134
v 11.8928 1.10892 1.13344
v 11.7791 1.18691 1.16483
v 11.8335 1.0992 1.26148
v 11.4585 0.564218 0.783524
v 11.345 0.643088 0.813718
v 11.3963 0.553088 0.910034
v 10.8009 -0.120768 0.448111
v 10.6881 -0.040605 0.477168
v 10.7359 -0.132873 0.573103
v 10.1864 -0.377364 0.259836
v 10.0741 -0.296031 0.287568
v 10.1185 -0.390254 0.383218
v 9.39613 -0.468448 0.109205
v 9.28448 -0.385764 0.13562
v 9.32546 -0.481829 0.230972
v 8.71483 -0.496864 -0.136351
v 8.60412 -0.412399 -0.111649
v 8.64116 -0.510116 -0.0163623
v 8.24552 -0.627505 -0.0850083
v 8.13553 -0.541824 -0.0613407
v 8.16965 -0.640952 0.0335776
v 7.26492 -0.796507 -0.366778
v 7.15625 -0.70851 -0.345614
v 7.18491 -0.809535 -0.250891
v 6.18836 -0.872044 -0.491983
v 6.08039 -0.783181 -0.470877
v 6.10714 -0.885509 -0.376997
v 5.03651 -0.825507 -0.516921
v 4.93009 -0.734321 -0.497907
v 4.95156 -0.838396 -0.404592
v 4.34595 -0.784953 -0.454084
v 4.24088 -0.69178 -0.437388
v 4.25768 -0.796851 -0.344233
v 3.49102 -0.752612 -0.341026
v 3.38763 -0.657166 -0.326886
v 3.39953 -0.762856 -0.233676
v 2.60969 -0.588485 -0.273181
v 2.50824 -0.490581 -0.262048
v 2.515 -0.596362 -0.168429
v 1.97965 -0.488579 -0.399469
v 1.87973 -0.388847 -0.391181
v 1.88298 -0.493731 -0.296372
v 1.3465 -0.392007 -0.424506
v 1.24796 -0.290714 -0.418951
v 1.24808 -0.394585 -0.322977
v 0.737362 -0.300105 -0.452417
v 0.640149 -0.197449 -0.449042
v 0.637822 -0.300257 -0.351959
v 0.0998833 -0.00455495 0.00160819
v 0.0045055 0.0998538 0.00298812
v -0.00174195 -0.00291217 0.0999424
v 3.16425 -2.26681 -1.04335
v 3.06586 -2.16581 -1.03242
v 3.08098 -2.26127 -0.92917
v 3.09151 -2.22041 -0.901252
v 2.99386 -2.11852 -0.892145
v 3.00673 -2.21361 -0.78826
