# OBJ file generated by OpenCV reconstruction demo
# Number of 3D points: 13788
# Number of cameras: 69
# Scene points saved: yes
# Loop closure: Frame 0 <-> Frame 66 (colored green)

# 3D points (white)
v -15.5473 -2.93424 45.3686 1 1 1
v -15.3833 -1.94867 45.9244 1 1 1
v -15.2466 -2.71423 46.2834 1 1 1
v -15.248 -2.4684 46.3172 1 1 1
v -15.1882 -2.59128 46.3135 1 1 1
v -14.981 -2.72092 46.1572 1 1 1
v -14.8608 -2.88111 46.3141 1 1 1
v -15.2221 -3.92277 47.4441 1 1 1
v -14.9016 -3.72415 46.9215 1 1 1
v -14.6183 -2.57289 46.7583 1 1 1
v -13.0461 1.26626 41.8586 1 1 1
v -14.5071 -2.77813 47.2936 1 1 1
v -12.9438 1.12277 42.4883 1 1 1
v -14.6164 -3.61407 48.1498 1 1 1
v -14.1292 -2.88949 47.3205 1 1 1
v -14.1293 -2.77362 47.3986 1 1 1
v -14.0678 -3.03504 47.4012 1 1 1
v -13.9282 -3.18253 46.9719 1 1 1
v -13.9282 -3.18253 46.9719 1 1 1
v -13.8044 -2.93858 47.1059 1 1 1
v -13.8901 -3.09551 48.1902 1 1 1
v -13.305 -2.59708 47.7294 1 1 1
v -11.2328 -1.78334 46.9079 1 1 1
v -7.12474 -0.198135 31.7898 1 1 1
v -10.6453 -0.724001 48.6259 1 1 1
v -5.70207 -14.4376 27.0855 1 1 1
v -5.70207 -14.4376 27.0855 1 1 1
v -5.34729 -14.3421 26.9255 1 1 1
v -7.0252 21.3433 38.067 1 1 1
v -2.20605 5.1704 11.8456 1 1 1
v -5.59075 13.5322 36.6754 1 1 1
v -4.66473 6.10132 31.3052 1 1 1
v -1.81315 5.22834 11.5905 1 1 1
v -5.295 13.0273 36.1033 1 1 1
v -4.56382 6.4932 31.4926 1 1 1
v -4.83096 6.89306 33.3394 1 1 1
v -4.14048 -2.538 29.8232 1 1 1
v -4.43336 5.56854 32.0206 1 1 1
v -4.0042 -2.70692 29.9189 1 1 1
v -4.0042 -2.70692 29.9189 1 1 1
v -4.88685 13.2966 36.5214 1 1 1
v -3.42617 13.4067 22.2539 1 1 1
v -4.02241 5.73316 30.2756 1 1 1
v -3.71108 3.25561 28.0305 1 1 1
v -3.68827 -5.23506 28.1086 1 1 1
v -3.76584 -4.75656 29.2661 1 1 1
v -3.76584 -4.75656 29.2661 1 1 1
v -4.04095 7.90392 31.4242 1 1 1
v -4.10347 7.04715 32.1077 1 1 1
v -3.58558 -2.53362 28.2429 1 1 1
v -3.58558 -2.53362 28.2429 1 1 1
v -3.70627 -3.03645 29.2535 1 1 1
v -3.74282 5.28354 29.5601 1 1 1
v -3.73348 5.24015 29.7643 1 1 1
v -3.88733 6.29625 32.0814 1 1 1
v -3.89018 8.072 33.1326 1 1 1
v -3.92103 7.81567 33.8448 1 1 1
v -3.93818 7.56152 34.0771 1 1 1
v -3.44153 6.08101 30.9655 1 1 1
v -3.98306 12.5826 37.0342 1 1 1
v -3.62048 18.2672 27.3886 1 1 1
v -3.94608 13.0248 37.1695 1 1 1
v -2.78879 -5.80379 27.8132 1 1 1
v -2.66678 -5.55204 27.634 1 1 1
v -2.74435 -2.41414 28.6566 1 1 1
v -2.95245 6.67582 31.6996 1 1 1
v -2.92705 7.77704 31.6527 1 1 1
v -2.74965 7.21149 29.9601 1 1 1
v -2.46017 3.47169 27.1993 1 1 1
v -2.53818 6.16148 28.4427 1 1 1
v -2.42688 -6.38756 28.3334 1 1 1
v -2.41748 2.17577 28.2765 1 1 1
v -2.19723 2.2342 27.0779 1 1 1
v -2.4408 8.43956 32.0602 1 1 1
v -2.4408 8.43956 32.0602 1 1 1
v -1.93437 -6.41465 29.0316 1 1 1
v -1.77833 8.92562 32.0016 1 1 1
v -2.14985 20.5643 38.7043 1 1 1
v -1.89864 13.3408 35.5925 1 1 1
v -0.997878 5.6306 14.1884 1 1 1
v -1.70555 13.9128 36.1982 1 1 1
v -1.67309 13.6941 36.406 1 1 1
v -1.05276 5.8359 27.8004 1 1 1
v -1.28222 14.4967 35.851 1 1 1
v -1.39815 22.0133 40.1028 1 1 1
v -1.06234 8.08961 19.3706 1 1 1
v -1.06234 8.08961 19.3706 1 1 1
v -1.03925 13.0557 34.6413 1 1 1
v -1.05702 14.7098 36.1929 1 1 1
v -0.699756 -4.50772 27.373 1 1 1
v -1.28215 13.7491 24.8449 1 1 1
v -0.560637 -4.31592 25.6004 1 1 1
v -0.560637 -4.31592 25.6004 1 1 1
v -0.318836 -5.27415 26.1906 1 1 1
v 0.044158 13.3362 48.1042 1 1 1
v 0.130176 -5.88607 22.4228 1 1 1
v 0.281112 22.6178 39.3356 1 1 1
v -0.449343 20.1104 47.0644 1 1 1
v 1.06588 22.104 39.2335 1 1 1
v 0.878714 14.4263 35.762 1 1 1
v 1.11475 14.6267 35.8768 1 1 1
v 1.21502 15.8188 37.4563 1 1 1
v 1.33223 -8.19618 40.702 1 1 1
v 1.4279 22.1255 38.996 1 1 1
v 1.46985 14.8774 35.4168 1 1 1
v 1.65529 32.0141 71.2536 1 1 1
v 1.4213 3.25743 28.8972 1 1 1
v 1.85621 13.2379 34.2019 1 1 1
v 6.1324 73.4705 169.58 1 1 1
v 2.26073 22.6323 39.7913 1 1 1
v 2.46188 24.4024 42.3909 1 1 1
v 2.3725 23.2967 40.6254 1 1 1
v 1.93253 12.7048 33.086 1 1 1
v 2.15583 13.8267 34.5391 1 1 1
v 2.69626 23.9217 41.9256 1 1 1
v 2.04458 6.8746 29.5444 1 1 1
v 2.21977 8.03558 31.0923 1 1 1
v 1.98509 6.3235 27.7005 1 1 1
v 2.28394 8.18247 31.7073 1 1 1
v 1.98059 8.15946 27.0018 1 1 1
v 1.99788 -4.57347 26.5757 1 1 1
v 2.00736 -4.58877 26.6583 1 1 1
v 2.37557 8.65618 31.1533 1 1 1
v 2.39266 8.69703 31.3097 1 1 1
v 2.02709 26.8206 43.2773 1 1 1
v 2.18449 -4.80281 26.9344 1 1 1
v 2.54182 3.53429 29.2335 1 1 1
v 2.90151 8.81824 30.74 1 1 1
v 2.9985 9.07816 31.7356 1 1 1
v 2.86096 7.18956 29.8447 1 1 1
v 2.65546 -4.72948 27.0432 1 1 1
v 5.22404 -28.4132 50.2519 1 1 1
v 5.22404 -28.4132 50.2519 1 1 1
v 3.2763 8.50898 30.0846 1 1 1
v 3.27752 8.77212 29.9117 1 1 1
v 3.49137 9.39345 31.8847 1 1 1
v 3.43932 8.50219 30.2875 1 1 1
v 3.61189 9.08082 31.5094 1 1 1
v 3.35923 7.34367 29.0695 1 1 1
v 3.40514 7.62252 28.77 1 1 1
v 3.38795 7.52177 27.669 1 1 1
v 5.12914 21.9728 40.7316 1 1 1
v 6.61291 -26.4524 51.125 1 1 1
v 3.9015 7.27461 29.722 1 1 1
v 4.88256 24.2127 36.4383 1 1 1
v 6.8814 -26.0327 50.8505 1 1 1
v 4.0739 7.51069 29.92 1 1 1
v 4.22548 7.49894 30.9081 1 1 1
v 6.96676 37.3292 64.4341 1 1 1
v 5.93289 13.0584 42.6777 1 1 1
v 4.20222 7.56648 30.2538 1 1 1
v 4.26323 7.54524 30.5847 1 1 1
v 5.48496 22.5528 38.8259 1 1 1
v 9.47944 47.0264 82.6614 1 1 1
v 5.32394 15.4435 36.7273 1 1 1
v 7.68047 -28.0686 51.1049 1 1 1
v 7.68047 -28.0686 51.1049 1 1 1
v 4.45733 5.36334 29.4418 1 1 1
v 4.73414 8.47671 31.0823 1 1 1
v 4.72615 8.51873 30.9657 1 1 1
v 7.83068 -26.6884 51.1489 1 1 1
v 7.89874 -26.9997 51.585 1 1 1
v 5.13162 13.8931 32.6232 1 1 1
v 4.82645 6.00188 30.3545 1 1 1
v 4.89909 7.28155 30.2909 1 1 1
v 5.044 7.52602 31.1937 1 1 1
v 5.65012 14.5758 34.8736 1 1 1
v 5.35385 18.0692 33.0059 1 1 1
v 5.69031 15.5572 34.9572 1 1 1
v 8.52279 -28.01 51.0141 1 1 1
v 8.5163 -25.4926 50.9344 1 1 1
v 5.90691 15.7578 34.8748 1 1 1
v 5.35936 9.29462 31.4936 1 1 1
v 7.41813 21.3997 42.7961 1 1 1
v 5.00357 2.20443 28.4168 1 1 1
v 5.55821 7.89919 31.5156 1 1 1
v 9.41187 -26.4596 52.7922 1 1 1
v 5.69157 12.7131 31.7053 1 1 1
v 5.36595 0.732043 29.5492 1 1 1
v 5.76205 9.14099 31.7374 1 1 1
v 6.00189 7.42262 32.6735 1 1 1
v 5.70999 3.35756 30.2071 1 1 1
v 5.62425 3.49146 29.9027 1 1 1
v 5.47654 -4.89522 28.6339 1 1 1
v 7.12209 10.9064 35.7037 1 1 1
v 5.9548 0.265884 29.5813 1 1 1
v 7.92189 12.135 38.8294 1 1 1
v 5.63081 -0.312171 27.6 1 1 1
v 6.14165 -0.238424 29.8678 1 1 1
v 74.11 207.204 401.846 1 1 1
v 6.67251 0.82993 31.9321 1 1 1
v 8.86076 13.2714 41.4043 1 1 1
v 7.45892 3.54581 32.6043 1 1 1
v 7.50268 3.56157 32.7724 1 1 1
v 6.97684 3.65795 30.3327 1 1 1
v 10.2708 15.9785 44.2863 1 1 1
v 6.98984 3.01152 29.5687 1 1 1
v 13.2715 -12.1193 55.2637 1 1 1
v 10.9712 16.9335 45.087 1 1 1
v 10.6208 16.5466 41.8114 1 1 1
v 13.1841 16.8387 46.1121 1 1 1
v 12.9277 16.9275 41.7361 1 1 1
v 15.7305 13.709 45.3394 1 1 1
v -13.307 -6.15179 37.9622 1 1 1
v -14.1284 -1.22903 39.7548 1 1 1
v -18.2878 19.0998 49.105 1 1 1
v -13.5412 -3.21024 38.5177 1 1 1
v -13.766 -3.58737 39.3701 1 1 1
v -14.8837 -3.48304 43.2127 1 1 1
v -14.9368 -2.99047 43.8683 1 1 1
v -1.72045 1.47328 1.81629 1 1 1
v -15.2401 -3.33661 45.4777 1 1 1
v -13.4933 22.1421 35.8164 1 1 1
v -1.71882 1.47434 1.81915 1 1 1
v -15.7237 -2.22799 46.9966 1 1 1
v -15.2732 -2.91923 45.8319 1 1 1
v -15.2515 -2.76568 45.9195 1 1 1
v -15.2675 -2.44108 46.3723 1 1 1
v -15.0887 -2.31451 46.3667 1 1 1
v -14.4225 -2.70649 47.35 1 1 1
v -13.3665 1.45756 43.1845 1 1 1
v -21.2913 -24.82 76.1864 1 1 1
v -21.2913 -24.82 76.1864 1 1 1
v -11.7025 24.6299 33.6864 1 1 1
v -11.8044 24.854 34.0116 1 1 1
v -11.7025 24.6299 33.6864 1 1 1
v -15.1875 -4.13724 51.5636 1 1 1
v -12.8008 0.72699 44.217 1 1 1
v -12.2733 20.4192 38.5768 1 1 1
v -21.1926 -13.4342 79.3555 1 1 1
v -13.2424 13.6526 46.5683 1 1 1
v -13.1427 13.7845 46.4562 1 1 1
v -15.377 -34.9696 66.3504 1 1 1
v -15.377 -34.9696 66.3504 1 1 1
v -13.1005 13.9678 47.7362 1 1 1
v -13.1005 13.9678 47.7362 1 1 1
v -12.144 -2.44069 47.2208 1 1 1
v -15.8725 -32.7138 69.5998 1 1 1
v -14.8172 -35.9359 66.1266 1 1 1
v -15.9508 -31.932 70.1784 1 1 1
v -15.9508 -31.932 70.1784 1 1 1
v -14.8759 -35.3678 66.7213 1 1 1
v -14.8759 -35.3678 66.7213 1 1 1
v -15.1131 -32.6628 69.5386 1 1 1
v -15.1131 -32.6628 69.5386 1 1 1
v -15.2231 -32.154 70.391 1 1 1
v -15.2231 -32.154 70.391 1 1 1
v -13.9791 -35.9795 65.7929 1 1 1
v -13.9791 -35.9795 65.7929 1 1 1
v -12.1576 13.6449 48.0664 1 1 1
v -14.2956 -31.6915 69.8187 1 1 1
v -7.09926 -17.4659 32.9286 1 1 1
v -7.09926 -17.4659 32.9286 1 1 1
v -16.5431 -10.1107 76.8775 1 1 1
v -7.15805 -15.5446 34.15 1 1 1
v -10.7577 -0.526195 48.6803 1 1 1
v -9.71988 20.349 39.5395 1 1 1
v -9.71988 20.349 39.5395 1 1 1
v -12.614 -32.3339 69.0207 1 1 1
v -6.26381 -17.6739 32.4962 1 1 1
v -6.26014 -17.2836 32.6291 1 1 1
v -10.4242 -28.9038 58.1515 1 1 1
v -10.4242 -28.9038 58.1515 1 1 1
v -11.7921 -32.2613 68.9473 1 1 1
v -11.7921 -32.2613 68.9473 1 1 1
v -6.28659 -15.2768 33.6548 1 1 1
v -6.28659 -15.2768 33.6548 1 1 1
v -14.4797 -11.339 79.2202 1 1 1
v -10.9873 -32.2751 69.011 1 1 1
v -10.9873 -32.2751 69.011 1 1 1
v -5.90106 -14.8784 33.7104 1 1 1
v -11.0867 -31.5612 70.0299 1 1 1
v -11.0867 -31.5612 70.0299 1 1 1
v -8.06587 22.9288 36.1955 1 1 1
v -10.0689 -36.1546 66.5261 1 1 1
v -10.0689 -36.1546 66.5261 1 1 1
v -10.0966 -35.5231 67.1165 1 1 1
v -10.0966 -35.5231 67.1165 1 1 1
v -7.25031 11.0665 36.5195 1 1 1
v -8.47026 -1.31931 50.1971 1 1 1
v -7.28748 17.6628 37.9107 1 1 1
v -9.33749 -32.3028 69.3096 1 1 1
v -9.33749 -32.3028 69.3096 1 1 1
v -8.55634 -35.7238 66.3114 1 1 1
v -6.42966 14.4594 34.65 1 1 1
v -7.25666 21.6057 38.7762 1 1 1
v -7.23691 21.605 38.7832 1 1 1
v -8.3437 -33.5275 67.4879 1 1 1
v -8.62044 -31.4204 69.2953 1 1 1
v -6.33024 15.3506 35.1334 1 1 1
v -6.9361 21.7877 37.9032 1 1 1
v -6.71883 21.505 38.1682 1 1 1
v -8.32179 8.27994 56.3612 1 1 1
v -6.57335 20.8227 38.3001 1 1 1
v -6.28702 23.0236 36.2291 1 1 1
v -5.80507 16.0139 36.0907 1 1 1
v -4.91335 6.72614 33.05 1 1 1
v -5.47343 14.5513 35.7867 1 1 1
v -5.47343 14.5513 35.7867 1 1 1
v -4.81061 6.63389 33.0132 1 1 1
v -5.51046 15.9437 35.8073 1 1 1
v -4.04841 -2.39864 29.9959 1 1 1
v -5.59286 16.7082 36.7751 1 1 1
v -3.5638 -4.7979 27.484 1 1 1
v -3.87509 -2.94786 29.8242 1 1 1
v -3.87658 -2.94903 29.8564 1 1 1
v -5.71551 21.4581 38.9762 1 1 1
v -4.34413 5.01573 32.3566 1 1 1
v -3.58758 -5.28891 29.5461 1 1 1
v -4.91492 14.2905 35.0903 1 1 1
v -4.07249 3.74257 31.0517 1 1 1
v -4.91101 13.6655 35.9925 1 1 1
v -3.96299 3.45229 31.101 1 1 1
v -4.68516 13.2093 36.5403 1 1 1
v -4.51376 15.1197 34.6502 1 1 1
v -4.99469 22.5093 37.134 1 1 1
v -3.7684 6.25347 31.9399 1 1 1
v -4.28808 -35.8185 67.7814 1 1 1
v -4.32247 -32.8074 63.4953 1 1 1
v -4.08272 14.9973 33.9602 1 1 1
v -3.13112 4.02411 27.3121 1 1 1
v -2.76878 -5.96267 28.57 1 1 1
v -4.18133 12.9542 37.5595 1 1 1
v -4.67226 19.396 41.1769 1 1 1
v -2.66102 -5.62929 27.9548 1 1 1
v -4.60367 20.5536 40.2625 1 1 1
v -4.36076 24.4631 35.6291 1 1 1
v -4.19864 18.203 39.014 1 1 1
v -2.61418 -2.31643 28.6457 1 1 1
v -3.49856 -33.7297 68.3023 1 1 1
v -2.38566 -5.64964 28.122 1 1 1
v -2.92088 6.60882 31.1505 1 1 1
v -3.87234 25.4678 33.876 1 1 1
v -2.87167 6.83933 30.63 1 1 1
v -2.20725 -6.185 28.8357 1 1 1
v -2.53017 2.07385 28.3936 1 1 1
v -2.92703 7.79685 31.6903 1 1 1
v -2.59982 3.82515 28.8805 1 1 1
v -3.83617 19.6772 40.9482 1 1 1
v -3.89632 20.7101 41.2113 1 1 1
v -2.84807 7.95088 31.7504 1 1 1
v -2.84807 7.95088 31.7504 1 1 1
v -2.0411 -5.69391 27.6775 1 1 1
v -3.39032 20.8997 40.0199 1 1 1
v -1.8838 -34.9233 65.4619 1 1 1
v -1.86375 -6.99946 31.9771 1 1 1
v -2.01225 -32.7665 65.0193 1 1 1
v -3.25252 15.5206 44.6197 1 1 1
v -1.78799 -32.1846 67.4514 1 1 1
v -2.40308 8.36791 32.1139 1 1 1
v -1.74897 -32.5254 68.273 1 1 1
v -1.61163 -32.7316 65.7225 1 1 1
v -1.45883 -33.1778 67.4326 1 1 1
v -1.20107 -33.2333 66.5828 1 1 1
v -1.08602 -34.5043 64.4941 1 1 1
v -1.10083 -34.7807 65.2488 1 1 1
v -1.14504 -32.7546 65.9731 1 1 1
v -2.71408 15.3686 45.1072 1 1 1
v -1.09149 -33.4 66.0122 1 1 1
v -2.08695 8.41985 32.6768 1 1 1
v -0.908853 -33.9467 64.2755 1 1 1
v -0.744039 -35.6823 64.5227 1 1 1
v -2.70062 20.9661 40.1483 1 1 1
v -0.857061 -32.0801 64.5577 1 1 1
v -0.72317 -34.0099 65.3529 1 1 1
v -0.620074 -35.9942 65.0743 1 1 1
v -1.87226 8.32809 31.5107 1 1 1
v -1.87226 8.32809 31.5107 1 1 1
v -0.543827 -31.5776 67.4398 1 1 1
v -0.817415 -30.5193 65.9436 1 1 1
v -0.235611 -37.4707 66.0597 1 1 1
v -2.3561 20.2599 40.5815 1 1 1
v -1.00012 -6.28435 28.8987 1 1 1
v -1.01999 -1.97084 8.22138 1 1 1
v -1.38495 7.18224 29.4995 1 1 1
v -0.787684 -4.66907 26.4449 1 1 1
v -1.34609 9.09849 33.5054 1 1 1
v -1.22868 13.8135 35.3096 1 1 1
v -0.958581 13.9615 34.9476 1 1 1
v -0.617958 3.61128 29.6704 1 1 1
v -0.617958 3.61128 29.6704 1 1 1
v 0.35134 -7.16268 27.3025 1 1 1
v 2.94299 -25.8705 59.5358 1 1 1
v 2.8808 -26.3197 55.9762 1 1 1
v 0.258997 9.69142 31.6911 1 1 1
v 0.273438 15.5388 33.8119 1 1 1
v 3.43886 -26.9246 58.4082 1 1 1
v 3.53232 -27.4734 59.49 1 1 1
v 3.16255 -26.5922 54.2094 1 1 1
v 3.52667 -27.631 54.0277 1 1 1
v 3.63885 -28.1219 55.0184 1 1 1
v 3.73019 -28.4083 54.538 1 1 1
v 3.73019 -28.4083 54.538 1 1 1
v 3.71225 -22.8223 56.8591 1 1 1
v 3.77198 -33.6117 51.5581 1 1 1
v 3.78514 -25.3764 56.6435 1 1 1
v 3.83198 -25.6191 57.058 1 1 1
v 3.83461 -33.5957 52.064 1 1 1
v 3.57279 -25.3605 55.3447 1 1 1
v 3.83829 -23.6267 56.4738 1 1 1
v 3.91548 -26.4628 56.0609 1 1 1
v 1.27577 -7.41058 28.8314 1 1 1
v 3.92063 -31.4892 52.1165 1 1 1
v 4.0217 -28.4538 54.1129 1 1 1
v 4.04828 -28.5956 54.4322 1 1 1
v 3.87906 -22.2841 55.3257 1 1 1
v 3.87906 -22.2841 55.3257 1 1 1
v 3.8323 -32.032 49.3759 1 1 1
v 0.971901 6.69381 30.8 1 1 1
v 2.02784 14.0013 48.7824 1 1 1
v 4.03227 -32.6964 50.7343 1 1 1
v 4.03227 -32.6964 50.7343 1 1 1
v 3.76719 -24.518 54.7003 1 1 1
v 4.77557 -21.7576 65.7468 1 1 1
v 4.28673 -28.2656 54.4291 1 1 1
v 4.18665 -33.0188 50.7007 1 1 1
v 4.20797 -33.1677 51.0256 1 1 1
v 1.03513 22.5678 38.2859 1 1 1
v 4.11679 -19.0769 56.3629 1 1 1
v 4.14951 -19.2058 56.173 1 1 1
v 3.84127 -22.6831 50.0835 1 1 1
v 4.35688 -31.7776 51.7215 1 1 1
v 4.26241 -22.0129 55.0177 1 1 1
v 4.38665 -22.5733 55.962 1 1 1
v 4.55875 -25.9733 56.3933 1 1 1
v 4.55875 -25.9733 56.3933 1 1 1
v 4.54771 -25.8825 55.8346 1 1 1
v 4.43927 -29.9804 52.1851 1 1 1
v 4.46325 -29.9452 51.8879 1 1 1
v 4.53014 -33.5556 50.5949 1 1 1
v 4.59279 -25.2128 55.2108 1 1 1
v 4.66558 -33.7676 51.2782 1 1 1
v 4.70797 -21.9019 55.122 1 1 1
v 4.74319 -30.8579 51.829 1 1 1
v 4.65505 -22.1201 54.5008 1 1 1
v 4.75735 -33.1332 50.6203 1 1 1
v 4.7766 -26.1301 53.7588 1 1 1
v 4.7766 -26.1301 53.7588 1 1 1
v 5.74815 -15.0144 69.1375 1 1 1
v 4.80864 -31.1036 51.0755 1 1 1
v 5.08043 -25.801 55.0456 1 1 1
v 4.89836 -30.5395 51.0027 1 1 1
v 4.86283 -18.1628 55.5375 1 1 1
v 1.5523 -3.66161 26.0737 1 1 1
v 5.17396 -31.5728 52.8512 1 1 1
v 1.54258 -6.10176 24.4345 1 1 1
v 5.18248 -32.8242 51.2818 1 1 1
v 5.06811 -18.198 55.6686 1 1 1
v 5.15154 -18.1521 56.345 1 1 1
v 5.24066 -29.0256 52.9866 1 1 1
v 5.17632 -28.7491 52.3737 1 1 1
v 5.22394 -19.3662 55.3198 1 1 1
v 5.16098 -19.1255 55.1694 1 1 1
v 5.45169 -16.3446 58.7101 1 1 1
v 5.24436 -18.1387 55.8494 1 1 1
v 5.28013 -21.4119 54.7638 1 1 1
v 5.17967 -21.4294 53.2512 1 1 1
v 5.18767 -21.4642 53.3605 1 1 1
v 5.49126 -16.0458 58.3619 1 1 1
v 5.40807 -30.554 51.8082 1 1 1
v 5.61338 -16.3721 58.8168 1 1 1
v 5.63284 -16.3655 59.1108 1 1 1
v 5.42072 -30.7096 51.2641 1 1 1
v 5.40004 -20.0228 55.3668 1 1 1
v 5.40004 -20.0228 55.3668 1 1 1
v 1.86275 12.4016 32.7841 1 1 1
v 5.46158 -19.4291 55.1893 1 1 1
v 5.35183 -15.8538 57.4119 1 1 1
v 5.04471 -19.457 54.1759 1 1 1
v 5.395 -15.6244 57.5319 1 1 1
v 4.93239 -25.4819 50.6066 1 1 1
v 5.58851 -33.0787 50.6036 1 1 1
v 5.5854 -30.3319 51.2641 1 1 1
v 5.63761 -29.6454 51.7345 1 1 1
v 5.61311 -29.6603 51.4249 1 1 1
v 5.2899 -19.2606 54.1636 1 1 1
v 2.37898 21.35 39.4207 1 1 1
v 2.37898 21.35 39.4207 1 1 1
v 2.0571 -4.56486 27.1204 1 1 1
v 5.56849 -24.2394 52.8095 1 1 1
v 5.71851 -18.4527 55.7372 1 1 1
v 5.76999 -19.2692 55.6886 1 1 1
v 5.39886 -19.746 53.6874 1 1 1
v 5.42723 -19.3845 53.8548 1 1 1
v 2.09466 -4.07821 26.9967 1 1 1
v 5.81862 -29.0963 51.1792 1 1 1
v 5.99879 -18.9442 55.7329 1 1 1
v 5.8867 -29.8483 51.158 1 1 1
v 5.8532 -30.4329 50.6058 1 1 1
v 5.43103 -22.5749 52.0796 1 1 1
v 5.92699 -30.36 50.905 1 1 1
v 2.18348 8.35494 30.9114 1 1 1
v 6.23512 -18.0395 56.9986 1 1 1
v 5.98137 -29.522 51.2497 1 1 1
v 5.97535 -29.1335 50.6574 1 1 1
v 5.87808 -20.7613 53.6736 1 1 1
v 6.06416 -29.3644 50.5949 1 1 1
v 2.28405 8.38439 30.6584 1 1 1
v 6.1188 -30.1117 50.6607 1 1 1
v 2.34547 -4.65696 27.0275 1 1 1
v 6.60574 -18.2712 57.8283 1 1 1
v 2.38114 -4.19109 26.727 1 1 1
v 2.37258 -4.3539 26.4404 1 1 1
v 6.45977 -22.4016 54.0032 1 1 1
v 6.43392 -18.0585 55.1916 1 1 1
v 6.34903 -28.8263 50.4557 1 1 1
v 6.79323 -21.8652 56.0429 1 1 1
v 2.45672 8.59969 30.5667 1 1 1
v 6.70426 -18.0652 56.0231 1 1 1
v 6.63393 -22.7865 53.9051 1 1 1
v 6.36035 -29.0187 50.2341 1 1 1
v 2.50548 3.5689 29.098 1 1 1
v 2.52205 8.81048 30.7267 1 1 1
v 6.68675 -22.3361 54.1192 1 1 1
v 6.55782 -30.8343 50.4067 1 1 1
v 6.91619 -24.325 55.0346 1 1 1
v 6.45904 -24.1142 51.5208 1 1 1
v 6.76889 -23.2557 53.6861 1 1 1
v 6.7174 -31.1204 50.3101 1 1 1
v 6.61081 -28.6701 50.028 1 1 1
v 6.86288 -17.367 54.9235 1 1 1
v 6.86288 -17.367 54.9235 1 1 1
v 7.04138 -18.1443 55.9794 1 1 1
v 6.7368 -30.0783 50.1992 1 1 1
v 7.03104 -17.8569 55.7929 1 1 1
v 6.82211 -17.4087 55.1369 1 1 1
v 2.86458 -5.06454 27.7206 1 1 1
v 6.75513 -26.0498 50.6623 1 1 1
v 6.75152 -27.6847 50.4046 1 1 1
v 6.81645 -32.0058 49.242 1 1 1
v 6.85706 -25.9249 50.788 1 1 1
v 7.11493 -23.7848 53.1777 1 1 1
v 7.03993 -17.1313 55.1817 1 1 1
v 7.03616 -32.8662 50.0099 1 1 1
v 7.01586 -33.0526 49.5639 1 1 1
v 6.99438 -31.4274 50.0323 1 1 1
v 7.20156 -23.2614 52.8835 1 1 1
v 6.96588 -26.1295 50.452 1 1 1
v 6.96588 -26.1295 50.452 1 1 1
v 7.16498 -29.8207 50.8178 1 1 1
v 7.12142 -27.0578 51.1896 1 1 1
v 7.39549 -21.2177 54.5052 1 1 1
v 7.01892 -20.5106 53.3065 1 1 1
v 7.09884 -27.6448 50.5336 1 1 1
v 7.57845 -35.1893 51.4632 1 1 1
v 7.3771 -21.8453 53.6041 1 1 1
v 7.3771 -21.8453 53.6041 1 1 1
v 7.08498 -26.1449 50.5152 1 1 1
v 6.97072 -20.7409 52.7321 1 1 1
v 3.57453 22.5033 38.0388 1 1 1
v 7.53788 -33.4716 50.8675 1 1 1
v 7.30745 -29.9318 50.0647 1 1 1
v 7.24857 -23.7472 51.5171 1 1 1
v 7.7506 -17.3608 56.2429 1 1 1
v 7.40283 -22.876 52.1767 1 1 1
v 7.38204 -27.2968 50.6114 1 1 1
v 7.17931 -20.4801 52.3945 1 1 1
v 8.02988 -17.3628 56.6356 1 1 1
v 7.62154 -27.8777 50.7305 1 1 1
v 8.04856 -18.3276 55.7098 1 1 1
v 7.62428 -30.8164 49.5966 1 1 1
v 3.01862 -2.35195 26.3004 1 1 1
v 3.68873 10.5508 33.6631 1 1 1
v 7.69728 -26.8127 50.6575 1 1 1
v 7.29955 -22.0241 50.8874 1 1 1
v 3.38254 7.50696 30.2123 1 1 1
v 8.3051 -21.0616 54.6236 1 1 1
v 7.85913 -28.4078 50.025 1 1 1
v 3.34333 8.51684 30.0209 1 1 1
v 3.34333 8.51684 30.0209 1 1 1
v 7.98689 -27.6862 50.7469 1 1 1
v 7.86128 -18.901 53.194 1 1 1
v 8.30609 -19.5061 54.0843 1 1 1
v 8.75893 -17.6297 57.1758 1 1 1
v 8.23963 -17.865 53.3649 1 1 1
v 4.1017 23.5762 37.1696 1 1 1
v 3.6926 7.35948 30.4516 1 1 1
v 8.51141 -20.4185 53.5016 1 1 1
v 8.60481 -20.7158 53.53 1 1 1
v 3.80739 8.18923 30.9533 1 1 1
v 8.62182 -25.048 52.2883 1 1 1
v 8.93701 -20.5042 54.7407 1 1 1
v 9.25037 -17.1716 57.2885 1 1 1
v 8.66312 -20.3324 52.9214 1 1 1
v 8.84001 -20.7616 53.7854 1 1 1
v 3.84649 7.1104 30.2918 1 1 1
v 3.84545 7.01528 30.2253 1 1 1
v 3.78868 -4.83039 27.3569 1 1 1
v 9.02898 -19.6895 54.2756 1 1 1
v 3.81963 -4.64209 27.1571 1 1 1
v 8.76378 -28.053 50.6361 1 1 1
v 9.70356 -17.4148 58.016 1 1 1
v 8.645 -28.1185 49.6069 1 1 1
v 4.63422 23.8466 37.4299 1 1 1
v 9.4452 -19.6069 54.3888 1 1 1
v 9.3913 -34.4693 50.623 1 1 1
v 9.0233 -18.1281 53.0561 1 1 1
v 10.111 -16.8542 57.6586 1 1 1
v 9.91503 -16.9571 56.6113 1 1 1
v 9.85665 -16.8643 56.2946 1 1 1
v 9.30669 -28.4313 50.5742 1 1 1
v 4.74373 23.5342 35.9019 1 1 1
v 5.14866 21.2594 37.6209 1 1 1
v 4.73186 22.2578 35.418 1 1 1
v 9.8782 -20.053 53.6826 1 1 1
v 10.4941 -16.4801 57.5155 1 1 1
v 4.46919 5.0947 29.6469 1 1 1
v 9.6403 -27.6769 50.4735 1 1 1
v 9.87683 -25.7579 51.6782 1 1 1
v 9.63142 -28.2351 50.0419 1 1 1
v 9.68974 -26.7407 50.6682 1 1 1
v 5.00023 24.5737 35.5342 1 1 1
v 5.02913 24.6899 35.6924 1 1 1
v 5.13476 24.2407 35.801 1 1 1
v 10.5318 -17.0732 54.9965 1 1 1
v 11.0575 -16.2964 57.7913 1 1 1
v 10.0991 -15.3742 54.2629 1 1 1
v 10.8772 -15.9834 56.4463 1 1 1
v 10.8772 -15.9834 56.4463 1 1 1
v 5.34134 14.1366 34.0488 1 1 1
v 9.89871 -27.7007 49.7502 1 1 1
v 5.03626 9.07833 31.5162 1 1 1
v 5.10452 18.3816 33.1318 1 1 1
v 4.7274 -4.3039 27.1399 1 1 1
v 5.55104 15.2722 34.4255 1 1 1
v 4.8025 26.563 32.7234 1 1 1
v 4.8025 26.563 32.7234 1 1 1
v 10.4402 -28.7627 50.1497 1 1 1
v 5.52411 15.3394 33.9717 1 1 1
v 10.8728 -33.7779 50.3553 1 1 1
v 5.17261 16.8145 31.9614 1 1 1
v 11.5335 -13.3523 56.7424 1 1 1
v 11.704 -13.2909 57.4297 1 1 1
v 11.458 -13.6335 55.9957 1 1 1
v 10.7782 -33.0921 49.1853 1 1 1
v 11.5895 -13.3728 55.9733 1 1 1
v 11.6504 -13.4297 56.2121 1 1 1
v 11.6172 -13.7239 55.7313 1 1 1
v 12.0518 -13.2868 57.4886 1 1 1
v 5.8244 7.29996 32.0001 1 1 1
v 11.2561 -31.8166 50.0343 1 1 1
v 11.2561 -31.8166 50.0343 1 1 1
v 11.139 -28.7266 50.0703 1 1 1
v 5.5255 0.448204 29.1541 1 1 1
v 12.2044 -12.8309 56.1714 1 1 1
v 12.2707 -12.8231 56.5057 1 1 1
v 11.4876 -31.1449 50.1678 1 1 1
v 5.60031 0.778666 29.1767 1 1 1
v 6.21087 22.1084 35.0902 1 1 1
v 11.6913 -31.8451 50.5836 1 1 1
v 12.2647 -12.945 55.8499 1 1 1
v 12.092 -13.2177 55.0379 1 1 1
v 5.85593 3.28649 30.0637 1 1 1
v 5.86269 3.66813 30.1274 1 1 1
v 12.4976 -13.1012 56.0514 1 1 1
v 5.65203 -2.62876 28.1095 1 1 1
v 5.90577 3.65387 30.0968 1 1 1
v 5.86467 0.341821 29.3593 1 1 1
v 6.07871 0.925014 30.2915 1 1 1
v 12.5782 -11.5164 55.8104 1 1 1
v 12.6642 -13.3427 55.7404 1 1 1
v 5.77119 -2.85561 27.9017 1 1 1
v 7.91904 17.1057 39.1125 1 1 1
v 5.98069 -3.25188 28.1474 1 1 1
v 5.98069 -3.25188 28.1474 1 1 1
v 5.9931 -2.59318 28.3018 1 1 1
v 13.8757 -11.5266 59.0665 1 1 1
v 13.0242 -11.5078 55.3233 1 1 1
v 13.1326 -12.2229 55.4186 1 1 1
v 13.1326 -12.2229 55.4186 1 1 1
v 12.4823 -31.923 50.0824 1 1 1
v 5.95978 -2.9147 27.8794 1 1 1
v 13.4027 -12.4514 55.7012 1 1 1
v 6.09856 -2.55781 28.0226 1 1 1
v 13.4751 -12.1791 55.9751 1 1 1
v 13.8169 -12.2809 57.1603 1 1 1
v 13.7193 -12.1217 56.8342 1 1 1
v 12.8937 -25.3253 51.7312 1 1 1
v 13.165 -19.6624 53.006 1 1 1
v 14.8676 -11.8806 60.4932 1 1 1
v 6.27256 -3.82299 28.0341 1 1 1
v 13.8668 -12.078 56.5255 1 1 1
v 13.5894 -15.3117 54.9606 1 1 1
v 13.509 -19.0846 53.8966 1 1 1
v 13.4856 -26.0915 52.6614 1 1 1
v 13.7147 -24.709 52.9064 1 1 1
v 13.4858 -25.5425 51.8766 1 1 1
v 14.3245 -15.8826 56.1278 1 1 1
v 13.4266 -24.9187 51.46 1 1 1
v 14.3906 -16.7342 55.4418 1 1 1
v 7.33148 3.31355 31.377 1 1 1
v 13.774 -28.2372 51.0574 1 1 1
v 15.0606 -13.2584 57.4153 1 1 1
v 14.1059 -19.7133 53.2768 1 1 1
v 14.5263 -16.7969 54.9272 1 1 1
v 13.8189 -25.6164 51.3555 1 1 1
v 15.5168 -10.9478 59.1509 1 1 1
v 14.1258 -25.7708 52.2239 1 1 1
v 8.13982 23.9762 35.9953 1 1 1
v 15.8291 -10.7228 59.2907 1 1 1
v 14.1389 -25.4158 51.4515 1 1 1
v 14.063 -21.9873 51.2615 1 1 1
v 14.1118 -31.4619 50.4465 1 1 1
v 14.4588 -24.6276 52.2874 1 1 1
v 13.6084 -23.5318 50.6987 1 1 1
v 15.6636 -10.7036 58.0398 1 1 1
v 14.3257 -30.9963 50.6559 1 1 1
v 14.7401 -26.3755 52.246 1 1 1
v 14.8162 -24.788 52.2605 1 1 1
v 7.25264 27.0307 31.6541 1 1 1
v 14.9121 -33.5489 51.0081 1 1 1
v 14.9121 -33.5489 51.0081 1 1 1
v 14.8079 -30.6143 50.524 1 1 1
v 15.2017 -32.4309 51.3708 1 1 1
v 15.3668 -26.8102 52.1914 1 1 1
v 14.8742 -33.2325 49.7236 1 1 1
v 10.2148 20.4123 39.9231 1 1 1
v 15.4105 -32.0897 51.4887 1 1 1
v 15.1446 -33.8797 50.1873 1 1 1
v 15.5222 -28.1639 52.0164 1 1 1
v 14.5241 -32.5592 47.92 1 1 1
v 14.7551 -32.9881 48.5649 1 1 1
v 15.5832 -29.229 51.6803 1 1 1
v 15.6057 -29.2131 51.7818 1 1 1
v 15.544 -30.3161 51.3579 1 1 1
v 14.2405 -32.0165 46.5484 1 1 1
v 14.2405 -32.0165 46.5484 1 1 1
v 14.5519 -32.5967 47.4064 1 1 1
v 15.4529 -32.7895 50.2433 1 1 1
v 15.4529 -32.7895 50.2433 1 1 1
v 15.4529 -32.7895 50.2433 1 1 1
v 21.8512 -5.65865 73.0237 1 1 1
v 10.7511 21.4207 39.9734 1 1 1
v 10.7511 21.4207 39.9734 1 1 1
v 15.9658 -31.8954 50.9967 1 1 1
v 17.1549 -30.4976 54.7817 1 1 1
v 18.057 -30.9494 56.9714 1 1 1
v 18.6884 -31.9671 58.351 1 1 1
v 17.2733 -32.0239 53.9254 1 1 1
v 15.927 -33.1538 49.6014 1 1 1
v 11.7418 20.4034 41.3661 1 1 1
v 18.4661 -31.9055 56.6664 1 1 1
v 11.4122 21.7438 39.4853 1 1 1
v 11.5276 21.2944 39.5143 1 1 1
v 12.017 20.369 40.8754 1 1 1
v 12.017 20.369 40.8754 1 1 1
v 15.8586 12.3887 50.4181 1 1 1
v 15.8586 12.3887 50.4181 1 1 1
v 13.507 18.2376 43.7426 1 1 1
v 13.3925 18.0691 43.3949 1 1 1
v 11.8849 21.823 39.2992 1 1 1
v 22.891 -0.790565 66.7339 1 1 1
v 19.7153 -2.43944 56.0008 1 1 1
v 16.7723 14.7627 48.4409 1 1 1
v 21.5525 4.65811 60.1988 1 1 1
v 12.4008 22.8478 37.3898 1 1 1
v 24.3476 -0.00236679 66.1991 1 1 1
v 24.8024 -0.552453 67.2884 1 1 1
v 19.3829 12.1812 51.2847 1 1 1
v 15.7735 18.0994 42.6618 1 1 1
v 15.8824 18.1659 42.9259 1 1 1
v 18.3462 13.7893 48.5583 1 1 1
v 16.6107 17.5193 44.5743 1 1 1
v 16.6107 17.5193 44.5743 1 1 1
v 14.8387 22.1639 37.5145 1 1 1
v 14.175 23.7114 36.0223 1 1 1
v 24.0004 6.63523 57.1451 1 1 1
v 29.9265 -3.29806 69.1778 1 1 1
v 26.6746 -5.62854 61.5443 1 1 1
v 31.4583 -3.35207 71.7497 1 1 1
v 21.4105 12.4779 50.2185 1 1 1
v 22.6977 10.4042 52.6885 1 1 1
v 23.0761 -34.8745 50.7378 1 1 1
v 26.1487 -38.0841 56.234 1 1 1
v 16.62 22.3917 37.347 1 1 1
v 21.9797 14.4268 46.9681 1 1 1
v 22.2731 14.7386 46.6238 1 1 1
v 32.6743 -2.19117 64.8106 1 1 1
v 32.8446 -2.2135 65.1213 1 1 1
v 16.7134 -21.9102 32.3306 1 1 1
v 16.7134 -21.9102 32.3306 1 1 1
v -17.0302 17.7085 45.4509 1 1 1
v -9.43675 -19.5284 30.2012 1 1 1
v -9.43675 -19.5284 30.2012 1 1 1
v -9.36328 -19.5131 30.2969 1 1 1
v -15.0834 -3.59266 47.724 1 1 1
v -14.6631 -2.893 48.1345 1 1 1
v -13.4965 1.34896 43.4884 1 1 1
v -13.6103 1.38187 44.0263 1 1 1
v -13.9063 14.0053 43.309 1 1 1
v -13.9611 -3.07886 48.5265 1 1 1
v -13.1957 1.30612 44.5444 1 1 1
v -15.6681 -36.8 66.5443 1 1 1
v -15.6565 -35.3555 66.917 1 1 1
v -9.28665 -15.6839 35.109 1 1 1
v -15.0843 -35.0307 68.2153 1 1 1
v -15.0843 -35.0307 68.2153 1 1 1
v -15.0173 -34.003 68.2216 1 1 1
v -15.0173 -34.003 68.2216 1 1 1
v -11.333 26.3767 32.9649 1 1 1
v -14.2939 -35.0366 68.2675 1 1 1
v -14.2939 -35.0366 68.2675 1 1 1
v -14.4409 -32.9014 70.2561 1 1 1
v -14.4409 -32.9014 70.2561 1 1 1
v -13.3357 -36.0802 66.5921 1 1 1
v -13.2978 -35.8554 66.2893 1 1 1
v -14.7926 -32.2662 72.7477 1 1 1
v -13.4351 -35.6672 67.5197 1 1 1
v -13.4351 -35.6672 67.5197 1 1 1
v -12.6066 13.4315 48.5588 1 1 1
v -11.0983 -1.34843 48.2152 1 1 1
v -7.52731 -15.3869 33.992 1 1 1
v -7.52731 -15.3869 33.992 1 1 1
v -12.8 -30.9791 70.1489 1 1 1
v -9.80226 -1.07851 49.6208 1 1 1
v -9.31214 -34.6048 65.7578 1 1 1
v -9.27003 -35.7691 66.2312 1 1 1
v -9.29979 -35.028 66.8532 1 1 1
v -9.29979 -35.028 66.8532 1 1 1
v -9.25141 -1.65572 56.4649 1 1 1
v -9.25141 -1.65572 56.4649 1 1 1
v -9.07054 12.5485 50.0343 1 1 1
v -8.20958 18.5606 42.1038 1 1 1
v -8.20498 13.2668 49.1693 1 1 1
v -6.98687 15.1523 39.8671 1 1 1
v -7.73803 -9.37072 67.7232 1 1 1
v -5.68324 -34.3889 69.4335 1 1 1
v -7.40487 -2.43725 70.0753 1 1 1
v -4.76281 0.193681 32.5708 1 1 1
v -6.30252 23.1813 36.5166 1 1 1
v -4.97902 6.59508 33.2399 1 1 1
v -3.998 -4.5661 29.9799 1 1 1
v -4.85363 6.98754 33.6568 1 1 1
v -4.30776 -2.23462 35.9606 1 1 1
v -3.88919 -3.94842 30.0775 1 1 1
v -5.43967 16.6094 36.6716 1 1 1
v -4.66733 7.45398 33.6413 1 1 1
v -3.77391 -4.06892 29.9542 1 1 1
v -4.23175 1.6642 32.8368 1 1 1
v -4.4968 6.06188 33.3417 1 1 1
v -3.62895 -5.02997 29.184 1 1 1
v -5.06504 13.386 37.0024 1 1 1
v -3.57547 -5.44114 29.6854 1 1 1
v -4.88703 13.3386 36.5868 1 1 1
v -4.89544 13.3848 36.7824 1 1 1
v -4.29426 6.21363 32.6921 1 1 1
v -4.4697 9.10786 35.6799 1 1 1
v -3.80919 1.58579 30.4727 1 1 1
v -4.06057 8.53297 34.8694 1 1 1
v -3.76384 6.75683 32.9875 1 1 1
v -2.7398 -4.67782 24.2672 1 1 1
v -2.64798 -5.92038 28.1013 1 1 1
v -2.83778 -2.68268 29.9871 1 1 1
v -3.84351 13.993 39.8759 1 1 1
v -3.45927 9.10288 37.1358 1 1 1
v -2.53828 -5.37712 28.0414 1 1 1
v -2.53828 -5.37712 28.0414 1 1 1
v -4.27585 23.5443 35.648 1 1 1
v -0.745637 -32.7465 67.9122 1 1 1
v -2.83077 3.97614 29.4881 1 1 1
v -2.83077 3.97614 29.4881 1 1 1
v -2.23817 -4.32337 30.3712 1 1 1
v -2.22486 -4.38352 30.3714 1 1 1
v -3.0747 15.7193 45.4437 1 1 1
v -2.68329 16.3171 44.6549 1 1 1
v -2.58804 15.8996 45.9382 1 1 1
v -2.26079 15.7667 46.9287 1 1 1
v -1.45119 -4.73649 27.3176 1 1 1
v -1.15254 -5.06732 27.6338 1 1 1
v -0.483532 -7.52625 36.3191 1 1 1
v -1.78207 13.762 36.0267 1 1 1
v -1.50114 13.0433 35.1581 1 1 1
v -1.52895 13.9008 35.4768 1 1 1
v -1.54861 13.4541 35.7336 1 1 1
v -1.299 7.001 30.7594 1 1 1
v -0.750948 -4.75909 27.5633 1 1 1
v -1.19861 6.38227 29.5892 1 1 1
v -0.738295 -4.41732 27.5709 1 1 1
v -0.384059 -5.17338 26.6814 1 1 1
v 3.86872 -23.5725 58.3155 1 1 1
v 3.90712 -28.2384 54.613 1 1 1
v 3.90712 -28.2384 54.613 1 1 1
v 4.11792 -28.1268 55.286 1 1 1
v 4.04335 -32.9999 51.6661 1 1 1
v 4.11291 -33.351 51.6955 1 1 1
v -1.25879 -2.60451 13.0864 1 1 1
v 4.15527 -30.9917 52.7264 1 1 1
v 0.722808 -7.69861 30.1824 1 1 1
v 4.25988 -30.0849 53.7595 1 1 1
v 4.51485 -32.0436 52.5669 1 1 1
v 5.05408 -19.6255 63.9444 1 1 1
v 0.424832 14.4742 35.5565 1 1 1
v 0.2955 15.679 34.0804 1 1 1
v 0.859784 -7.01918 27.1532 1 1 1
v 4.90351 -21.6622 54.9753 1 1 1
v 5.07709 -18.5299 55.7641 1 1 1
v 5.39212 -31.2043 52.7461 1 1 1
v 5.14161 -17.9089 57.2564 1 1 1
v 5.15847 -29.3853 51.1596 1 1 1
v 5.36542 -21.2543 55.2289 1 1 1
v 5.43257 -30.1041 51.5668 1 1 1
v 0.550435 -4.57419 23.4222 1 1 1
v 5.89223 -16.3655 60.1216 1 1 1
v 5.59923 -29.3864 51.3631 1 1 1
v 5.94734 -18.4698 57.9144 1 1 1
v 5.94734 -18.4698 57.9144 1 1 1
v 1.37633 14.0875 36.0326 1 1 1
v 5.8261 -30.3017 50.6712 1 1 1
v 6.01643 -16.6417 56.7031 1 1 1
v 1.48461 -5.42768 28.0342 1 1 1
v 6.06668 -20.8559 55.007 1 1 1
v 6.1349 -22.5272 54.6731 1 1 1
v 6.06904 -29.2093 50.5309 1 1 1
v 1.99059 -5.88615 30.5362 1 1 1
v 6.49447 -22.7974 54.4953 1 1 1
v 6.62637 -17.8274 56.9961 1 1 1
v 6.35324 -30.1024 50.6944 1 1 1
v 6.11935 -31.9682 47.6653 1 1 1
v 6.35924 -26.7071 50.909 1 1 1
v 6.57088 -30.6152 50.7415 1 1 1
v 6.50694 -30.3807 50.4484 1 1 1
v 6.44936 -22.4468 52.4792 1 1 1
v 6.90346 -18.0557 56.4995 1 1 1
v 6.81924 -31.3541 50.8401 1 1 1
v 7.68351 -25.0572 58.3272 1 1 1
v 1.9328 8.69773 32.6259 1 1 1
v 1.88938 8.50569 32.2252 1 1 1
v 6.63011 -29.6291 50.0459 1 1 1
v 1.81902 13.5881 33.3335 1 1 1
v 1.82465 13.5983 33.3636 1 1 1
v 6.93306 -27.2137 51.257 1 1 1
v 6.88685 -28.1116 50.2949 1 1 1
v 7.1319 -32.0665 50.0167 1 1 1
v 1.96423 -4.39751 26.6458 1 1 1
v 2.11501 13.4567 33.0682 1 1 1
v 7.20713 -27.4833 50.6338 1 1 1
v 7.54239 -21.6407 54.3395 1 1 1
v 7.28694 -29.828 50.0342 1 1 1
v 7.28331 -28.5181 50.3624 1 1 1
v 2.72506 22.3013 38.8328 1 1 1
v 7.52158 -32.8044 50.1067 1 1 1
v 2.83451 22.1521 39.0022 1 1 1
v 7.38845 -32.4881 49.0441 1 1 1
v 7.42692 -26.3028 50.4826 1 1 1
v 7.3686 -26.4424 49.9782 1 1 1
v 2.23997 9.55963 31.0193 1 1 1
v 7.80046 -21.9074 53.331 1 1 1
v 7.34025 -21.0265 51.9872 1 1 1
v 7.68402 -27.5415 50.839 1 1 1
v 2.345 9.63604 31.2816 1 1 1
v 7.82116 -21.7885 52.5996 1 1 1
v 5.20066 -7.75766 41.9032 1 1 1
v 2.81364 12.8433 34.1231 1 1 1
v 2.43143 -4.62251 26.8118 1 1 1
v 2.64992 9.41389 31.6996 1 1 1
v 8.27804 -27.7594 50.7213 1 1 1
v 8.43905 -28.8559 51.0361 1 1 1
v 8.46347 -28.2207 50.9199 1 1 1
v 9.67652 -37.1662 54.702 1 1 1
v 8.94149 -25.5997 53.6037 1 1 1
v 2.83808 7.20769 29.76 1 1 1
v 8.75702 -16.8459 54.3638 1 1 1
v 8.63582 -16.7453 54.1177 1 1 1
v 8.737 -28.6406 49.9251 1 1 1
v 8.737 -28.6406 49.9251 1 1 1
v 9.03034 -28.7714 50.5429 1 1 1
v 4.74569 14.6793 39.5765 1 1 1
v 9.81657 -19.0904 55.482 1 1 1
v 5.83279 17.0626 44.8805 1 1 1
v 9.81182 -17.7724 54.7845 1 1 1
v 3.53833 -4.87503 28.0239 1 1 1
v 3.76549 8.10673 31.1543 1 1 1
v 10.5514 -16.1704 56.512 1 1 1
v 3.68152 6.70539 30.2104 1 1 1
v 3.78637 8.41927 30.598 1 1 1
v 10.062 -15.633 54.1653 1 1 1
v 9.15386 -31.0342 45.6475 1 1 1
v 5.71694 12.7185 39.2971 1 1 1
v 10.9398 -16.3649 55.7788 1 1 1
v 3.93731 7.62149 30.4421 1 1 1
v 5.1278 22.8502 37.9277 1 1 1
v 5.34762 22.841 38.6881 1 1 1
v 4.1799 8.43223 30.723 1 1 1
v 4.2606 8.48307 31.0593 1 1 1
v 4.1376 7.63221 30.0575 1 1 1
v 10.7561 -33.475 49.1371 1 1 1
v 10.9699 -27.1178 50.5114 1 1 1
v 4.1757 -4.51816 26.9538 1 1 1
v 11.6354 -13.2983 55.4773 1 1 1
v 5.69531 21.7982 38.1986 1 1 1
v 4.4562 6.53464 29.9507 1 1 1
v 11.8957 -13.1111 55.434 1 1 1
v 10.6664 -31.758 46.6858 1 1 1
v 11.324 -28.8648 49.6923 1 1 1
v 10.8627 -32.171 47.3084 1 1 1
v 11.7994 -32.3973 50.5678 1 1 1
v 12.2287 -13.3327 55.5093 1 1 1
v 5.06782 9.14646 31.6292 1 1 1
v 5.09404 17.8805 32.7422 1 1 1
v 4.58075 -4.19021 26.6682 1 1 1
v 4.70878 -4.31468 27.1032 1 1 1
v 12.5059 -13.8431 54.3611 1 1 1
v 4.87456 -4.72644 27.3554 1 1 1
v 4.79267 -4.11811 26.8114 1 1 1
v 5.14791 0.983633 28.9338 1 1 1
v 13.3616 -11.6564 55.8276 1 1 1
v 5.73771 7.14378 31.5874 1 1 1
v 5.80056 9.2075 32.1167 1 1 1
v 13.3564 -19.9979 53.5513 1 1 1
v 5.71408 2.61316 30.2293 1 1 1
v 13.449 -19.0202 53.652 1 1 1
v 5.83405 9.22982 31.554 1 1 1
v 5.77899 3.79009 30.2656 1 1 1
v 12.8348 -15.3824 51.6096 1 1 1
v 12.8348 -15.3824 51.6096 1 1 1
v 5.65808 3.99211 29.6453 1 1 1
v 13.6158 -18.4416 53.104 1 1 1
v 5.99666 -0.423551 29.6769 1 1 1
v 15.0661 -11.5504 58.8837 1 1 1
v 6.36222 7.021 31.9148 1 1 1
v 15.0857 -16.1129 57.7682 1 1 1
v 15.4692 -11.2588 59.4707 1 1 1
v 13.4419 -21.1461 51.6862 1 1 1
v 5.94586 -1.94363 28.6889 1 1 1
v 15.5067 -12.2723 58.4419 1 1 1
v 14.0507 -25.5787 51.5639 1 1 1
v 15.7515 -11.5195 58.9809 1 1 1
v 13.9673 -32.1961 49.1664 1 1 1
v 15.3176 -15.3068 56.1518 1 1 1
v 10.6937 16.8657 45.6215 1 1 1
v 10.024 15.6307 43.1266 1 1 1
v 6.20023 -3.60294 27.996 1 1 1
v 15.2285 -17.348 54.6546 1 1 1
v 6.19365 -1.91925 28.0391 1 1 1
v 6.30666 -3.35099 28.1295 1 1 1
v 15.4099 -20.4725 54.2251 1 1 1
v 6.4995 -1.64791 28.5096 1 1 1
v 7.13595 4.00915 31.2441 1 1 1
v 7.13595 4.00915 31.2441 1 1 1
v 6.73816 -4.22428 28.7201 1 1 1
v 15.0955 -33.3195 50.2516 1 1 1
v 6.61861 -3.28875 28.3074 1 1 1
v 6.58133 -3.24019 28.2144 1 1 1
v 6.784 -3.0813 28.8042 1 1 1
v 14.9931 -30.3587 50.2525 1 1 1
v 9.14022 21.7643 38.2513 1 1 1
v 17.4648 -29.9243 55.7477 1 1 1
v 8.68496 24.1344 36.4884 1 1 1
v 21.3246 -16.0272 67.6412 1 1 1
v 21.3246 -16.0272 67.6412 1 1 1
v 21.3164 -14.8344 67.616 1 1 1
v 21.2661 -14.472 67.4346 1 1 1
v 18.9259 -31.2478 58.4461 1 1 1
v 13.216 16.6961 45.1126 1 1 1
v 8.58274 -19.3309 28.2292 1 1 1
v 12.7375 19.1347 42.9513 1 1 1
v 19.2599 -35.3069 51.7392 1 1 1
v 12.2126 20.95 39.5384 1 1 1
v 12.2126 20.95 39.5384 1 1 1
v 13.0573 19.9232 41.0388 1 1 1
v 20.2825 -35.6741 52.3991 1 1 1
v 26.1896 -0.844104 67.1002 1 1 1
v 10.2402 26.1646 32.1385 1 1 1
v 18.9724 11.9762 50.3405 1 1 1
v 12.406 -17.4981 26.8186 1 1 1
v 15.8932 23.4889 35.0802 1 1 1
v 34.2022 -1.81887 66.0674 1 1 1
v 34.4608 -1.8073 66.5175 1 1 1
v 34.7248 -1.07734 64.7267 1 1 1
v -16.1388 -2.12808 47.6852 1 1 1
v -16.2541 -1.52877 48.158 1 1 1
v -15.9461 -2.35891 47.2455 1 1 1
v -15.7682 -3.02638 46.8573 1 1 1
v -15.7123 -4.13277 47.0561 1 1 1
v -15.6102 -3.82958 47.4004 1 1 1
v -15.7229 -2.62059 47.4861 1 1 1
v -15.6457 -2.24374 47.1538 1 1 1
v -15.4634 -2.65361 47.0379 1 1 1
v -15.3654 -3.19936 47.069 1 1 1
v -15.2909 -3.88474 47.7278 1 1 1
v -15.1685 -2.86601 47.4521 1 1 1
v -15.1314 -2.89591 47.3215 1 1 1
v -15.0557 -3.70053 47.4757 1 1 1
v -14.8292 -2.52606 47.5358 1 1 1
v -14.4203 -2.98648 48.063 1 1 1
v -14.3536 -2.82708 48.1574 1 1 1
v -14.426 -3.16438 48.6702 1 1 1
v -14.426 -3.16438 48.6702 1 1 1
v -14.3009 -2.73734 48.0568 1 1 1
v -14.3041 -2.99507 48.3393 1 1 1
v -14.1517 -2.90608 48.4119 1 1 1
v -13.7149 1.30554 45.8317 1 1 1
v -7.97531 -12.8137 24.296 1 1 1
v -8.92062 -17.5992 33.614 1 1 1
v -8.92062 -17.5992 33.614 1 1 1
v -13.0885 -0.423901 48.8397 1 1 1
v -12.9223 21.1895 38.6042 1 1 1
v -9.83598 -22.219 42.6227 1 1 1
v -13.7086 13.9868 47.7501 1 1 1
v -8.00954 -16.768 30.5944 1 1 1
v -12.5067 -35.8658 66.0814 1 1 1
v -12.4326 20.6732 39.2009 1 1 1
v -11.8072 -2.36897 47.6733 1 1 1
v -11.738 -35.9184 66.54 1 1 1
v -11.7856 -35.2812 67.0425 1 1 1
v -11.7856 -35.2812 67.0425 1 1 1
v -12.0277 20.6513 38.9862 1 1 1
v -8.21209 -3.75642 28.5118 1 1 1
v -10.9884 -35.4019 67.2681 1 1 1
v -10.9884 -35.4019 67.2681 1 1 1
v -12.1606 13.6147 48.1093 1 1 1
v -7.29032 -14.0054 31.509 1 1 1
v -10.1549 -34.4947 67.6021 1 1 1
v -10.1549 -34.4947 67.6021 1 1 1
v -8.59029 -35.6529 66.449 1 1 1
v -8.43115 -34.8953 66.7092 1 1 1
v -8.49596 -34.4396 67.5376 1 1 1
v -8.50336 -34.2708 67.3654 1 1 1
v -10.0912 -2.35712 64.6698 1 1 1
v -8.16436 18.873 43.9348 1 1 1
v -4.20961 -33.9952 65.6796 1 1 1
v -6.63941 14.608 34.8565 1 1 1
v -6.65548 14.8213 35.3578 1 1 1
v -6.69224 15.275 35.8857 1 1 1
v -6.49623 1.12048 65.9841 1 1 1
v -6.53661 15.3537 35.2742 1 1 1
v -6.42361 14.1671 51.5997 1 1 1
v -3.32633 -20.1971 63.252 1 1 1
v -5.60563 16.7407 36.9872 1 1 1
v -5.29791 13.0821 36.2789 1 1 1
v -5.48139 15.6104 35.2148 1 1 1
v -4.75839 6.13969 33.3159 1 1 1
v -4.02676 -3.00619 30.6105 1 1 1
v -4.02247 -2.54416 30.4548 1 1 1
v -3.80665 -5.03926 30.0976 1 1 1
v -3.78481 -4.03401 29.8394 1 1 1
v -3.85247 -2.43782 30.7246 1 1 1
v -3.62958 -5.23554 30.1379 1 1 1
v -3.7898 -3.0938 30.3662 1 1 1
v -4.40744 5.38678 33.0847 1 1 1
v -3.65362 -4.56277 29.9652 1 1 1
v -1.18412 -34.066 65.1564 1 1 1
v -3.67155 -4.33801 29.4961 1 1 1
v -3.62942 -4.63804 29.8615 1 1 1
v -3.65387 -3.99441 29.5461 1 1 1
v -3.48147 -5.61871 31.4043 1 1 1
v -3.45061 -3.80746 31.0092 1 1 1
v -0.672689 -31.4977 66.3418 1 1 1
v -4.00689 5.7919 31.7234 1 1 1
v -4.84002 20.7171 40.8329 1 1 1
v -4.14462 14.2078 35.1148 1 1 1
v -3.03517 -2.55172 28.9357 1 1 1
v -2.76472 -2.20097 29.0863 1 1 1
v -3.7157 15.5985 35.4008 1 1 1
v -2.97353 10.3111 42.2231 1 1 1
v -3.67044 15.0663 33.835 1 1 1
v -3.43402 20.2139 41.4052 1 1 1
v -2.18519 -6.22781 28.0205 1 1 1
v -2.90207 7.0037 32.4468 1 1 1
v -2.90207 7.0037 32.4468 1 1 1
v -2.87438 7.18854 31.8457 1 1 1
v -2.85425 7.40673 31.7726 1 1 1
v 2.19438 -32.5929 64.6758 1 1 1
v -2.46083 16.0175 46.4787 1 1 1
v -2.46083 16.0175 46.4787 1 1 1
v -2.72891 6.77214 30.7978 1 1 1
v -2.71719 6.80904 30.9309 1 1 1
v -2.46943 2.08595 28.8249 1 1 1
v -2.0611 -5.51081 25.7476 1 1 1
v -1.92645 -5.7099 26.7435 1 1 1
v -1.92645 -5.7099 26.7435 1 1 1
v -1.80801 -5.8851 27.6193 1 1 1
v -1.80801 -5.8851 27.6193 1 1 1
v -2.20304 20.864 39.2161 1 1 1
v 3.49315 -27.0507 59.0231 1 1 1
v 3.48999 -26.9571 58.9451 1 1 1
v -1.39385 13.1321 37.611 1 1 1
v 4.3222 -24.7165 67.825 1 1 1
v -1.53393 7.69458 30.7072 1 1 1
v 3.50412 -27.7208 54.6876 1 1 1
v -1.50789 7.37489 30.3107 1 1 1
v 4.50308 -24.1401 62.7405 1 1 1
v -0.809889 -4.3521 27.673 1 1 1
v -1.1323 20.6026 40.2828 1 1 1
v 4.31206 -34.3242 53.3583 1 1 1
v 4.05827 -22.8137 58.2731 1 1 1
v 4.64296 -35.463 55.1599 1 1 1
v 4.13092 -23.1159 58.1082 1 1 1
v 3.82795 -24.4762 55.2374 1 1 1
v 3.58817 -31.1103 47.2652 1 1 1
v 4.49385 -25.5395 56.9283 1 1 1
v 4.75547 -13.0688 66.3243 1 1 1
v 4.13512 -24.6581 54.8904 1 1 1
v 4.41832 -29.9939 53.1714 1 1 1
v 4.34537 -31.0165 51.8079 1 1 1
v 4.12497 -29.0564 50.6172 1 1 1
v 4.55771 -27.1202 54.4991 1 1 1
v 4.12764 -22.5389 53.7808 1 1 1
v -0.29597 -5.23478 27.4087 1 1 1
v 4.31046 -18.1955 55.7561 1 1 1
v 6.03479 -14.3031 69.1408 1 1 1
v 4.16208 -17.687 54.4086 1 1 1
v 5.51967 -19.5296 59.2314 1 1 1
v 5.20504 -20.9777 54.5697 1 1 1
v 5.50077 -15.9151 58.8969 1 1 1
v 5.26556 -28.4354 51.2853 1 1 1
v 5.39796 -19.712 55.0974 1 1 1
v 0.109896 7.75676 32.4023 1 1 1
v 0.935494 -7.72425 30.7464 1 1 1
v 0.940862 18.6046 41.1494 1 1 1
v 5.39182 -20.3512 52.969 1 1 1
v 6.23378 -30.4111 51.971 1 1 1
v 6.08037 -21.9384 54.3682 1 1 1
v 5.88298 -29.3351 49.1423 1 1 1
v 6.368 -30.1469 51.4048 1 1 1
v 1.24725 1.43203 32.7357 1 1 1
v 6.27866 -28.4928 50.342 1 1 1
v 6.42451 -30.2879 50.2808 1 1 1
v 6.53891 -27.9057 50.9392 1 1 1
v 6.51688 -26.0406 50.9593 1 1 1
v 6.65141 -23.561 52.5547 1 1 1
v 6.34212 -21.7855 52.4913 1 1 1
v 6.92969 -22.2226 54.0685 1 1 1
v 6.18293 -22.1944 51.2927 1 1 1
v 7.00748 -32.68 50.0839 1 1 1
v 1.91032 -7.69839 31.0485 1 1 1
v 7.027 -23.5819 52.4241 1 1 1
v 7.1258 -23.2855 52.957 1 1 1
v 7.04632 -31.9739 48.9954 1 1 1
v 7.06937 -27.8217 50.5201 1 1 1
v 7.38869 -32.3907 50.1881 1 1 1
v 7.413 -17.2856 55.0976 1 1 1
v 3.98474 14.3965 48.06 1 1 1
v 7.60759 -17.9174 55.5331 1 1 1
v 4.45509 15.1144 50.4095 1 1 1
v 7.20577 -26.9149 47.8854 1 1 1
v 1.94005 13.8804 34.7807 1 1 1
v 7.88939 -26.4793 50.4755 1 1 1
v 7.88939 -26.4793 50.4755 1 1 1
v 7.92065 -25.5739 50.1741 1 1 1
v 1.98677 7.94408 30.8111 1 1 1
v 8.74389 -20.1146 53.018 1 1 1
v 8.72987 -28.1464 50.4204 1 1 1
v 2.09978 -4.55289 26.8322 1 1 1
v 8.64329 -24.6063 50.2017 1 1 1
v 2.7378 11.0124 33.7763 1 1 1
v 2.30424 7.15139 30.6411 1 1 1
v 2.88768 22.6995 37.4473 1 1 1
v 2.28046 -4.0286 27.1325 1 1 1
v 2.34432 -4.03985 27.0795 1 1 1
v 2.34432 -4.03985 27.0795 1 1 1
v 2.30206 -3.97206 26.9485 1 1 1
v 2.29577 -3.84491 26.9676 1 1 1
v 3.82108 22.0079 40.6105 1 1 1
v 10.2367 -28.7943 52.3741 1 1 1
v 3.98021 10.841 36.808 1 1 1
v 3.73745 22.9388 38.7203 1 1 1
v 10.5212 -16.9254 54.9612 1 1 1
v 10.9259 -14.5923 56.1667 1 1 1
v 9.63888 -31.0175 46.3787 1 1 1
v 10.6306 -31.4184 49.5399 1 1 1
v 11.2783 -13.8551 56.3158 1 1 1
v 5.23773 21.9978 40.8416 1 1 1
v 4.36531 8.44774 33.5717 1 1 1
v 3.98448 8.21647 32.033 1 1 1
v 11.4 -31.0663 49.9549 1 1 1
v 11.479 -16.5085 53.3137 1 1 1
v 11.7274 -31.7964 50.1328 1 1 1
v 12.1244 -13.8409 55.4075 1 1 1
v 3.79928 8.67588 30.1549 1 1 1
v 4.29328 7.53823 30.8019 1 1 1
v 5.62739 23.2729 38.5842 1 1 1
v 4.50525 9.48693 31.7912 1 1 1
v 6.26822 23.1136 40.4171 1 1 1
v 4.4236 7.43407 30.6707 1 1 1
v 4.37257 8.8291 30.6958 1 1 1
v 13.1214 -12.0631 55.0269 1 1 1
v 13.251 -11.9084 55.1877 1 1 1
v 4.31249 -4.52886 26.938 1 1 1
v 13.4275 -12.9457 54.8253 1 1 1
v 5.12372 8.95275 32.1686 1 1 1
v 13.4369 -13.5213 54.6733 1 1 1
v 12.7884 -24.4702 50.5337 1 1 1
v 15.1399 -13.842 58.1243 1 1 1
v 13.9917 -23.359 51.7856 1 1 1
v 5.81237 7.00105 31.9311 1 1 1
v 5.25796 7.72391 30.309 1 1 1
v 13.6183 -21.4981 51.2005 1 1 1
v 14.6133 -26.3833 52.4567 1 1 1
v 14.4164 -25.2393 51.8775 1 1 1
v 5.43812 -4.64786 28.3449 1 1 1
v 14.8589 -24.3921 53.1396 1 1 1
v 6.63028 16.3416 35.5435 1 1 1
v 5.80037 2.68013 30.4746 1 1 1
v 6.45839 23.0617 36.0789 1 1 1
v 15.4982 -19.5166 53.8258 1 1 1
v 6.03101 2.56656 30.1107 1 1 1
v 6.24267 4.41327 30.8815 1 1 1
v 6.14558 1.10709 29.8713 1 1 1
v 5.72873 -2.64478 27.9487 1 1 1
v 18.1275 -19.1749 60.3589 1 1 1
v 6.20109 -2.03348 28.9003 1 1 1
v 6.06592 -2.25056 28.3983 1 1 1
v 16.2106 -30.4237 52.0286 1 1 1
v 18.3571 -15.4037 60.39 1 1 1
v 15.986 -12.7818 53.903 1 1 1
v 6.42819 -4.20831 28.458 1 1 1
v 11.4209 15.0216 45.0024 1 1 1
v 6.17315 -3.38104 27.6577 1 1 1
v 6.57072 -2.18393 28.2881 1 1 1
v 6.88548 -3.97537 28.8508 1 1 1
v 19.1379 -16.2062 59.3727 1 1 1
v 6.86933 -3.23525 28.7443 1 1 1
v 6.86933 -3.23525 28.7443 1 1 1
v 6.98169 -2.23418 29.1058 1 1 1
v 7.26538 -2.65762 29.1213 1 1 1
v 7.66176 -2.74563 30.0156 1 1 1
v 11.5017 21.8258 40.5644 1 1 1
v 11.8261 24.9676 37.347 1 1 1
v 11.4984 27.8479 32.5776 1 1 1
v 1.43137 -0.574085 10.3499 1 1 1
v 23.1582 14.8666 48.25 1 1 1
v -15.3364 -2.24643 47.022 1 1 1
v -20.447 -12.9833 77.3659 1 1 1
v -19.8579 -12.7249 78.1473 1 1 1
v -15.4564 -31.0948 67.1404 1 1 1
v -15.6866 -31.9061 68.9885 1 1 1
v -19.3296 -12.7351 79.6871 1 1 1
v -15.1739 -31.5461 69.6369 1 1 1
v -15.1739 -31.5461 69.6369 1 1 1
v -14.026 -3.05665 48.8143 1 1 1
v -14.4027 -31.4589 69.9369 1 1 1
v -14.4027 -31.4589 69.9369 1 1 1
v -13.9068 -2.69937 50.9074 1 1 1
v -17.3521 -9.8705 78.2072 1 1 1
v -13.4971 -31.9374 68.7622 1 1 1
v -12.8954 0.8955 45.1555 1 1 1
v -8.4303 -11.7304 25.3182 1 1 1
v -12.7409 0.636579 44.8002 1 1 1
v -9.34895 -17.846 36.808 1 1 1
v -12.852 -30.5657 69.8847 1 1 1
v -13.4863 13.5644 47.0644 1 1 1
v -15.6785 -12.4209 81.368 1 1 1
v -13.4589 13.746 47.2416 1 1 1
v -8.89871 -16.738 36.6724 1 1 1
v -13.367 13.8992 47.1994 1 1 1
v -10.9586 -35.5756 66.0356 1 1 1
v -10.1961 -27.7682 56.3994 1 1 1
v -12.5725 12.8512 44.365 1 1 1
v -12.5725 12.8512 44.365 1 1 1
v -14.7944 -11.4356 80.4734 1 1 1
v -12.5432 12.6771 49.0026 1 1 1
v -10.1741 -32.4716 67.959 1 1 1
v -11.7788 24.7173 33.8735 1 1 1
v -12.1363 13.4926 47.8185 1 1 1
v -10.6832 -0.595963 48.3656 1 1 1
v -9.93346 -5.76521 46.4795 1 1 1
v -9.44047 -32.2841 65.8864 1 1 1
v -9.44047 -32.2841 65.8864 1 1 1
v -9.47978 -30.8658 67.1326 1 1 1
v -9.47978 -30.8658 67.1326 1 1 1
v -11.0242 10.8671 49.6926 1 1 1
v -8.82808 -30.2567 67.6191 1 1 1
v -8.60771 -30.7847 67.0633 1 1 1
v -10.9943 27.1211 42.4835 1 1 1
v -10.9943 27.1211 42.4835 1 1 1
v -9.03573 20.8618 37.4257 1 1 1
v -4.44375 -33.0669 63.4892 1 1 1
v -7.03881 1.49624 62.9845 1 1 1
v -7.06853 1.543 63.82 1 1 1
v -6.65332 13.5386 48.0358 1 1 1
v -6.81463 16.7121 46.3151 1 1 1
v -7.21122 21.1163 38.0418 1 1 1
v -5.66002 7.64239 56.0313 1 1 1
v -6.518 14.8523 35.3342 1 1 1
v -6.08273 12.997 48.8478 1 1 1
v -7.00006 21.4619 38.3243 1 1 1
v -5.76924 12.8367 49.457 1 1 1
v -6.77235 21.4397 38.0804 1 1 1
v -4.80887 0.37261 39.0213 1 1 1
v -1.28397 -32.3842 65.7425 1 1 1
v -0.809213 -35.4786 64.9208 1 1 1
v -3.14931 -6.24076 73.6822 1 1 1
v -1.06035 -31.5301 64.0088 1 1 1
v -0.595612 -33.6401 64.3861 1 1 1
v -0.323021 -36.4084 64.793 1 1 1
v -5.63291 13.2056 35.7416 1 1 1
v -6.33283 22.8774 36.0794 1 1 1
v -4.50163 3.52327 35.1386 1 1 1
v -4.11151 -2.95434 29.8123 1 1 1
v -3.78499 -5.37221 30.847 1 1 1
v -3.82194 -4.70068 30.1376 1 1 1
v -4.69892 6.39118 32.5003 1 1 1
v -3.79376 -4.73988 30.3589 1 1 1
v -4.66756 7.06158 33.6631 1 1 1
v -4.72161 7.57421 33.7994 1 1 1
v -5.54743 20.1144 38.4779 1 1 1
v -3.80113 -2.89058 30.0381 1 1 1
v -3.56071 -5.15575 30.4142 1 1 1
v -3.65103 -4.33122 29.6928 1 1 1
v -3.67472 -4.21864 29.4248 1 1 1
v -4.3348 7.47453 33.6525 1 1 1
v -4.69048 19.6213 41.6925 1 1 1
v -4.00713 5.82826 31.7845 1 1 1
v -3.96785 5.70349 31.6674 1 1 1
v -5.07682 22.4567 37.0415 1 1 1
v -3.9071 6.52763 32.9321 1 1 1
v -4.51765 15.1432 34.7355 1 1 1
v -3.77648 6.3795 32.1053 1 1 1
v -3.59506 14.498 42.6622 1 1 1
v -3.6765 6.60554 32.2642 1 1 1
v -4.1822 14.7902 33.5008 1 1 1
v -3.91532 19.435 40.4589 1 1 1
v -3.10989 15.7761 45.536 1 1 1
v -2.68245 -5.41754 28.7072 1 1 1
v -2.40493 -5.93924 31.1573 1 1 1
v -2.88877 -2.33954 28.5762 1 1 1
v -2.76039 -2.17263 29.1376 1 1 1
v -2.64864 14.7581 44.1022 1 1 1
v -2.39293 -5.44342 28.3988 1 1 1
v -2.95171 7.24849 32.8594 1 1 1
v -2.27616 -5.6997 28.2391 1 1 1
v -3.85663 23.4145 35.0942 1 1 1
v 3.32996 -28.5353 61.1122 1 1 1
v -2.66716 3.89483 28.5099 1 1 1
v 3.35525 -26.5949 58.3334 1 1 1
v -2.54678 4.04131 29.2533 1 1 1
v 3.50604 -28.0371 54.8544 1 1 1
v 3.56898 -28.2087 55.0408 1 1 1
v 3.28372 -27.5097 53.0958 1 1 1
v 3.5338 -23.0001 55.9813 1 1 1
v -1.89477 13.5038 35.2135 1 1 1
v 4.13 -32.6888 51.1306 1 1 1
v 4.25007 -27.975 54.5152 1 1 1
v 4.3333 -31.7501 51.812 1 1 1
v 4.22045 -21.9029 54.9692 1 1 1
v -1.70308 7.30003 30.6745 1 1 1
v 4.36784 -24.5572 53.5386 1 1 1
v 4.30557 -19.9371 55.0329 1 1 1
v -1.29427 9.35341 33.0008 1 1 1
v -0.951082 -4.07579 27.5055 1 1 1
v 4.89493 -17.8331 55.6812 1 1 1
v 1.2236 27.1962 55.289 1 1 1
v 5.27347 -30.1974 51.2031 1 1 1
v -0.611619 -4.25088 27.5624 1 1 1
v 5.48443 -21.8199 55.3957 1 1 1
v -1.28935 6.08618 28.4228 1 1 1
v 5.0988 -17.1709 55.6915 1 1 1
v 4.92361 -16.9854 55.2236 1 1 1
v 5.51036 -29.1962 51.6206 1 1 1
v 4.8648 -18.4529 53.8069 1 1 1
v 5.45096 -19.702 54.8958 1 1 1
v 5.70235 -30.6405 50.3525 1 1 1
v 5.26081 -18.2906 53.996 1 1 1
v 6.17345 -17.1623 58.9315 1 1 1
v 5.79918 -17.5091 56.2219 1 1 1
v 5.84944 -20.7721 54.0883 1 1 1
v 0.574179 -7.60655 30.5975 1 1 1
v 6.06043 -18.0604 55.1311 1 1 1
v 6.38839 -22.9241 54.1541 1 1 1
v 6.38839 -22.9241 54.1541 1 1 1
v 6.47878 -22.949 53.8193 1 1 1
v 7.0236 -22.8247 55.4114 1 1 1
v 6.8908 -32.2544 50.2263 1 1 1
v 6.70512 -25.7583 50.7815 1 1 1
v 6.49948 -20.5608 52.6412 1 1 1
v 7.16495 -32.1056 49.606 1 1 1
v 7.33588 -17.5342 55.3331 1 1 1
v 7.44863 -17.2584 55.4384 1 1 1
v 7.52123 -17.7786 55.4407 1 1 1
v 7.44583 -31.6633 49.4399 1 1 1
v 7.27869 -22.4822 51.9985 1 1 1
v 7.45662 -27.2796 50.4688 1 1 1
v 0.917465 14.2466 34.7915 1 1 1
v 1.15195 14.6865 34.4385 1 1 1
v 1.40518 14.7168 34.3742 1 1 1
v 8.49912 -20.0345 52.4607 1 1 1
v 8.60785 -27.9632 49.9011 1 1 1
v 8.41742 -18.7714 52.6903 1 1 1
v 2.05588 20.6998 38.1744 1 1 1
v 6.859 -13.7078 47.0144 1 1 1
v 2.0868 21.8182 38.2445 1 1 1
v 1.81009 21.6732 37.3047 1 1 1
v 8.56759 -18.353 52.1903 1 1 1
v 2.06984 21.1708 36.9755 1 1 1
v 1.60471 13.3404 32.5555 1 1 1
v 2.83656 14.7017 37.4567 1 1 1
v 9.78671 -17.6548 54.6937 1 1 1
v 1.78331 13.421 32.6286 1 1 1
v 1.79146 7.97926 30.5351 1 1 1
v 10.3768 -16.7345 54.6208 1 1 1
v 2.01516 -4.30427 26.9306 1 1 1
v 2.3735 13.109 32.9916 1 1 1
v 1.99129 7.93269 30.0038 1 1 1
v 2.09123 -4.18368 27.008 1 1 1
v 2.09123 -4.18368 27.008 1 1 1
v 10.5174 -14.8588 54.7563 1 1 1
v 10.3 -28.3022 50.0968 1 1 1
v 2.1454 8.52586 30.1926 1 1 1
v 2.15705 14.7564 31.8275 1 1 1
v 2.3358 8.77797 30.2944 1 1 1
v 2.32287 8.58237 30.1913 1 1 1
v 2.5144 -4.09668 27.4242 1 1 1
v 11.4187 -29.0586 49.9483 1 1 1
v 3.23734 10.1137 31.8561 1 1 1
v 11.8338 -12.439 54.6986 1 1 1
v 11.7151 -28.0832 49.9172 1 1 1
v 4.67567 20.8516 38.1619 1 1 1
v 3.22194 8.63705 29.7735 1 1 1
v 3.21166 8.53826 29.6695 1 1 1
v 3.99259 22.5066 35.0692 1 1 1
v 5.04905 20.9586 37.8847 1 1 1
v 3.61628 -4.68818 27.5434 1 1 1
v 3.66769 -4.70467 27.6722 1 1 1
v 3.3401 8.81709 29.6373 1 1 1
v 4.6588 21.9666 36.3993 1 1 1
v 12.7103 -9.62898 54.0769 1 1 1
v 13.1287 -15.3259 53.2255 1 1 1
v 4.04621 7.40969 30.3322 1 1 1
v 4.08217 7.72931 29.5617 1 1 1
v 4.48204 17.7072 32.442 1 1 1
v 14.3949 -22.824 52.0656 1 1 1
v 3.98761 -4.15306 26.2846 1 1 1
v 14.7005 -24.1805 52.2987 1 1 1
v 15.6827 -11.269 56.493 1 1 1
v 4.54325 -4.38166 26.8348 1 1 1
v 5.17689 15.1093 32.0424 1 1 1
v 5.16993 17.9287 32.5444 1 1 1
v 5.3367 8.92356 30.5634 1 1 1
v 5.55875 2.59544 29.9748 1 1 1
v 5.23815 0.698678 28.5442 1 1 1
v 5.658 5.84237 30.4629 1 1 1
v 5.6195 8.98274 30.6932 1 1 1
v 5.55955 8.97692 30.5319 1 1 1
v 5.64537 4.10832 29.757 1 1 1
v 5.65664 -2.88888 27.4862 1 1 1
v 5.92126 -2.48943 28.1551 1 1 1
v 5.93913 -2.19381 28.1437 1 1 1
v 6.79581 0.425041 30.3748 1 1 1
v 5.99614 -4.23852 27.5459 1 1 1
v 6.69966 5.34813 30.6652 1 1 1
v 6.38127 -3.92994 28.1502 1 1 1
v 6.27895 -2.82421 27.992 1 1 1
v 6.46325 -2.06474 28.0752 1 1 1
v 6.48511 -3.36949 27.8064 1 1 1
v 6.75936 -3.26427 28.3761 1 1 1
v 9.70576 19.9756 38.756 1 1 1
v -0.894215 -0.753553 9.20016 1 1 1
v 14.7064 17.4487 40.685 1 1 1
v 19.9159 12.2066 47.5577 1 1 1
v 14.0884 21.6163 36.2111 1 1 1
v 33.7388 -0.839511 63.3387 1 1 1
v 23.8069 -28.6038 44.8022 1 1 1
v 15.3196 21.3442 35.2362 1 1 1
v 22.0158 -25.8784 39.5859 1 1 1
v 22.8393 -25.1828 40.4131 1 1 1
v -16.3535 -9.27132 52.1201 1 1 1
v -17.4463 -4.77435 55.4426 1 1 1
v -15.7205 -3.02552 46.6424 1 1 1
v -15.6345 -3.54114 46.607 1 1 1
v -15.6265 -2.76236 46.0812 1 1 1
v -15.7273 -1.6313 46.0856 1 1 1
v -15.5426 -2.44132 46.55 1 1 1
v -7.9918 1.07221 2.46043 1 1 1
v -15.5898 -1.86266 46.6361 1 1 1
v -15.5107 -2.16465 46.4404 1 1 1
v -15.2994 -2.64736 47.063 1 1 1
v -14.9323 -2.62961 47.9746 1 1 1
v -16.0253 16.3811 43.8979 1 1 1
v -10.7452 -20.354 37.4506 1 1 1
v -10.7452 -20.354 37.4506 1 1 1
v -15.3614 25.576 32.7804 1 1 1
v -15.3586 25.601 32.8539 1 1 1
v -12.6487 -34.8852 66.8845 1 1 1
v -12.6487 -34.8852 66.8845 1 1 1
v -16.5029 -9.72935 74.2019 1 1 1
v -16.6469 -9.9101 75.7041 1 1 1
v -17.1041 -10.4212 79.9139 1 1 1
v -12.7347 -33.6636 68.4726 1 1 1
v -11.7858 -35.4032 66.209 1 1 1
v -11.7858 -35.4032 66.209 1 1 1
v -13.3032 1.40914 45.4112 1 1 1
v -12.6795 0.579392 45.1196 1 1 1
v -11.0306 -35.0072 67.1427 1 1 1
v -11.8016 -30.5501 69.6606 1 1 1
v -11.8016 -30.5501 69.6606 1 1 1
v -15.1558 -12.4363 83.1072 1 1 1
v -13.6856 22.3185 36.3998 1 1 1
v -10.288 -32.2953 70.1456 1 1 1
v -10.288 -32.2953 70.1456 1 1 1
v -9.53442 -30.06 67.9058 1 1 1
v -12.613 20.4472 39.1934 1 1 1
v -12.613 20.4472 39.1934 1 1 1
v -10.7847 -0.361689 48.5231 1 1 1
v -8.58768 -32.6845 68.8561 1 1 1
v -8.58768 -32.6845 68.8561 1 1 1
v -8.58768 -32.6845 68.8561 1 1 1
v -10.4039 -6.57412 54.6783 1 1 1
v -10.5013 -0.652157 48.7999 1 1 1
v -12.0101 20.5316 38.8628 1 1 1
v -11.7564 24.6001 33.6907 1 1 1
v -11.7564 24.6001 33.6907 1 1 1
v -9.06253 12.4487 49.6316 1 1 1
v -9.71254 20.2775 39.5605 1 1 1
v -3.81774 -32.0069 65.7627 1 1 1
v -8.03704 10.6388 51.6509 1 1 1
v -1.62872 -35.9133 68.1957 1 1 1
v -3.71845 -17.649 57.0418 1 1 1
v -2.07712 -30.5456 64.6716 1 1 1
v -1.69669 -32.0703 67.8835 1 1 1
v -6.98855 12.934 49.2406 1 1 1
v -4.7798 0.131585 65.5188 1 1 1
v -0.66874 -33.4759 68.2978 1 1 1
v -8.31671 24.8243 33.5742 1 1 1
v -0.805501 -32.4204 66.6463 1 1 1
v -0.703912 -34.1803 65.2443 1 1 1
v -6.42596 13.4247 48.473 1 1 1
v -5.75577 12.9172 49.6626 1 1 1
v -1.71534 -9.51739 77.7929 1 1 1
v -1.7087 -9.53196 78.3721 1 1 1
v -7.20203 21.3889 38.4572 1 1 1
v -3.00209 -0.129532 65.8943 1 1 1
v -3.00209 -0.129532 65.8943 1 1 1
v -6.95711 21.4629 37.4707 1 1 1
v -6.58199 20.855 37.9449 1 1 1
v -6.15764 15.6267 35.5687 1 1 1
v -5.59567 14.0195 34.7523 1 1 1
v -5.12904 13.4104 36.7962 1 1 1
v -4.18039 -2.30042 30.2294 1 1 1
v -3.93323 -2.1955 30.6449 1 1 1
v -3.96099 -2.39826 30.0796 1 1 1
v -3.95991 -2.43028 29.9003 1 1 1
v -4.82443 12.8645 35.5155 1 1 1
v -3.54474 -5.66766 30.2926 1 1 1
v -4.47714 4.56207 30.9079 1 1 1
v -3.66608 -4.55132 29.7369 1 1 1
v -3.44145 -5.45382 30.8734 1 1 1
v -3.3925 -5.51711 30.7351 1 1 1
v -3.61035 -3.45113 29.9484 1 1 1
v -4.50503 19.1946 40.3611 1 1 1
v -3.38674 -5.4317 29.3903 1 1 1
v -4.67189 19.8965 39.0228 1 1 1
v -4.6802 20.1573 39.3981 1 1 1
v -3.37515 -5.19068 29.3557 1 1 1
v -3.3098 -5.40654 29.1714 1 1 1
v -4.16474 18.9664 40.8529 1 1 1
v -3.02439 -5.67364 30.4269 1 1 1
v -3.93634 6.04357 31.3389 1 1 1
v -3.96341 18.8093 40.348 1 1 1
v -3.00325 -5.21134 28.9194 1 1 1
v -2.68401 -5.87192 30.586 1 1 1
v -2.93909 -5.22317 28.4774 1 1 1
v 3.26903 -26.3803 58.0809 1 1 1
v -2.14356 10.2104 41.9085 1 1 1
v 5.21705 -16.4946 73.1176 1 1 1
v -3.46399 20.4883 39.1517 1 1 1
v 3.28411 -22.3582 56.738 1 1 1
v -2.3235 -4.10024 30.1934 1 1 1
v -2.2423 -5.97814 29.133 1 1 1
v -2.43755 -5.23548 28.1179 1 1 1
v 3.73719 -30.5901 50.9917 1 1 1
v 4.0872 -25.2793 56.0429 1 1 1
v 4.36808 -28.1905 55.8393 1 1 1
v -1.96312 -3.94415 31.1194 1 1 1
v 4.32168 -30.7275 53.2506 1 1 1
v -2.92845 7.97961 31.48 1 1 1
v -2.92845 7.97961 31.48 1 1 1
v -2.45964 19.3713 40.4704 1 1 1
v -2.8117 20.5454 39.1584 1 1 1
v -2.88058 8.4269 31.7503 1 1 1
v -2.77011 8.38528 32.3434 1 1 1
v 4.40798 -31.9123 52.3129 1 1 1
v 4.40926 -31.4955 52.3082 1 1 1
v 4.29576 -26.5146 53.6528 1 1 1
v -2.43655 19.9794 39.832 1 1 1
v 4.06739 -18.7226 56.4103 1 1 1
v 4.04864 -24.0104 54.0686 1 1 1
v -2.81573 7.105 30.9656 1 1 1
v 4.268 -21.3375 55.523 1 1 1
v 3.92606 -27.2215 51.2604 1 1 1
v -2.64489 2.08023 28.2935 1 1 1
v 4.6376 -25.2395 54.9951 1 1 1
v 4.3414 -18.8119 56.3243 1 1 1
v -2.40395 8.68461 32.7587 1 1 1
v -2.02117 -5.70993 27.88 1 1 1
v 4.2661 -25.122 52.8396 1 1 1
v 4.65716 -22.8926 55.2405 1 1 1
v -2.61998 2.10858 27.8421 1 1 1
v 4.73643 -17.8957 56.0666 1 1 1
v -2.22104 8.27835 31.8094 1 1 1
v 4.78332 -17.783 54.8689 1 1 1
v 4.70019 -19.9033 53.0435 1 1 1
v -1.60048 12.3509 35.2185 1 1 1
v 5.40218 -19.5913 55.4073 1 1 1
v 4.94099 -28.1816 49.6697 1 1 1
v 5.30665 -19.7699 54.6512 1 1 1
v 5.51414 -29.5298 50.9405 1 1 1
v -1.5517 -4.42366 27.3488 1 1 1
v 5.16313 -19.5983 53.8388 1 1 1
v -1.46074 13.683 35.2287 1 1 1
v 5.80109 -21.3579 54.8704 1 1 1
v 5.69542 -30.5618 50.4949 1 1 1
v 5.84364 -30.8892 50.8905 1 1 1
v 5.1568 -20.0935 52.7875 1 1 1
v 5.56551 -23.2828 52.5949 1 1 1
v 5.73741 -29.7276 50.7366 1 1 1
v 5.37838 -16.1679 55.5872 1 1 1
v -1.62128 8.60989 31.6049 1 1 1
v 5.91355 -29.5054 50.9559 1 1 1
v -1.4793 14.019 34.4679 1 1 1
v -1.34005 14.3819 35.2762 1 1 1
v 6.04484 -29.1184 51.3537 1 1 1
v 5.89052 -21.5055 53.4772 1 1 1
v -1.62499 7.58595 30.5728 1 1 1
v 5.76668 -21.6365 52.5174 1 1 1
v 6.04089 -21.1762 53.7038 1 1 1
v -0.961378 21.3356 38.9451 1 1 1
v -0.969592 21.3136 38.8894 1 1 1
v 6.17447 -29.4947 50.3712 1 1 1
v -1.1257 13.5975 34.6135 1 1 1
v 6.42981 -30.137 50.7104 1 1 1
v 6.08386 -22.0121 52.324 1 1 1
v -1.04638 13.9647 34.7719 1 1 1
v 6.03684 -21.1517 52.9064 1 1 1
v 6.51286 -22.3814 53.8451 1 1 1
v -1.63843 6.664 28.9156 1 1 1
v 6.53744 -30.4846 50.2229 1 1 1
v 6.33202 -16.8944 54.7113 1 1 1
v 6.19415 -16.7565 53.5983 1 1 1
v 6.96334 -17.7904 55.7231 1 1 1
v 6.98942 -17.8089 55.8211 1 1 1
v -0.773605 -4.20121 27.4692 1 1 1
v 6.72105 -21.8768 52.6822 1 1 1
v 6.53314 -21.1759 52.562 1 1 1
v 6.5474 -22.7383 51.5032 1 1 1
v 6.82607 -16.5493 54.4569 1 1 1
v 6.9155 -26.2925 50.6603 1 1 1
v 6.81607 -27.5496 49.3259 1 1 1
v 6.48018 -20.6273 51.5718 1 1 1
v 6.48018 -20.6273 51.5718 1 1 1
v 6.21415 -25.8291 48.4307 1 1 1
v 6.5854 -25.0535 49.1325 1 1 1
v 0.876247 -7.77139 31.8095 1 1 1
v -0.0277736 -6.80964 28.364 1 1 1
v 7.04233 -22.1365 51.3212 1 1 1
v 7.46976 -30.3359 49.574 1 1 1
v 6.33313 -24.9129 47.9989 1 1 1
v 7.17301 -17.1717 53.4822 1 1 1
v -0.186519 21.2122 36.7427 1 1 1
v 7.36836 -26.7629 49.9551 1 1 1
v 7.49595 -26.9664 50.5254 1 1 1
v 0.313119 16.8038 37.0691 1 1 1
v 7.73195 -26.913 50.2321 1 1 1
v 8.16527 -16.7694 55.3162 1 1 1
v 8.18199 -21.1837 53.3541 1 1 1
v 7.35386 -19.7056 50.6617 1 1 1
v 8.04632 -27.277 50.4379 1 1 1
v 7.9165 -23.5947 49.7992 1 1 1
v 8.46133 -19.5196 53.1203 1 1 1
v 0.758472 21.3884 37.7152 1 1 1
v 0.132588 15.3926 33.2972 1 1 1
v 0.111833 15.4939 33.3954 1 1 1
v 8.31645 -24.1564 50.8851 1 1 1
v 8.6693 -19.0184 53.194 1 1 1
v 0.790287 21.8551 36.9098 1 1 1
v 1.34468 -6.93537 28.5483 1 1 1
v 1.09833 14.6213 34.2737 1 1 1
v 9.28014 -27.5907 49.2789 1 1 1
v 10.4427 -15.9186 56.3425 1 1 1
v 10.4427 -15.9186 56.3425 1 1 1
v 2.03443 20.679 38.1053 1 1 1
v 1.37107 14.7 34.0243 1 1 1
v 10.5449 -15.2398 54.7558 1 1 1
v 0.646658 -14.9536 22.4829 1 1 1
v 2.32192 21.3844 37.0828 1 1 1
v 1.6353 13.4777 32.729 1 1 1
v 0.630405 25.4845 32.2757 1 1 1
v 1.68499 12.4751 32.0831 1 1 1
v 1.73185 7.67645 30.4623 1 1 1
v 1.73185 7.67645 30.4623 1 1 1
v 3.47846 21.2615 39.0493 1 1 1
v 6.66745 14.5358 46.0436 1 1 1
v 10.5295 -9.23739 51.4512 1 1 1
v 3.39044 21.6606 37.7007 1 1 1
v 11.5861 -27.8466 49.6937 1 1 1
v 1.96346 -4.16438 27.0266 1 1 1
v 3.17342 21.9465 36.738 1 1 1
v 2.08511 8.43593 30.1025 1 1 1
v 13.0829 -10.9029 57.6732 1 1 1
v 1.99187 -4.33361 26.8064 1 1 1
v 1.96565 6.94649 29.301 1 1 1
v 12.1681 -12.6888 54.2627 1 1 1
v 2.07911 -4.14437 26.6708 1 1 1
v 11.477 -23.5834 49.1415 1 1 1
v 2.6546 13.2849 31.4171 1 1 1
v 4.30954 20.1588 37.4672 1 1 1
v 12.5732 -24.1059 50.4964 1 1 1
v 13.0522 -12.2561 53.8381 1 1 1
v 12.0317 -22.6378 49.5316 1 1 1
v 3.56238 22.743 35.4949 1 1 1
v 2.53397 -4.14321 26.5635 1 1 1
v 13.6947 -13.7927 54.7833 1 1 1
v 13.4784 -24.9658 51.5899 1 1 1
v 13.3295 -30.421 49.6833 1 1 1
v 13.3064 -27.2926 50.143 1 1 1
v 2.74333 7.98074 29.1863 1 1 1
v 13.9602 -15.9631 53.7418 1 1 1
v 13.6334 -25.0355 50.7436 1 1 1
v 2.58583 9.38115 28.6519 1 1 1
v 15.0026 -13.1808 56.1886 1 1 1
v 15.0026 -13.1808 56.1886 1 1 1
v 15.0026 -13.1808 56.1886 1 1 1
v 4.2799 22.9309 35.1247 1 1 1
v 13.9013 -30.0772 49.5267 1 1 1
v 3.9055 19.1806 33.2486 1 1 1
v 5.33848 21.467 37.3302 1 1 1
v 14.3205 -25.3512 50.8606 1 1 1
v 5.0878 22.2332 36.5533 1 1 1
v 3.6273 8.45096 30.0854 1 1 1
v 3.6273 8.45096 30.0854 1 1 1
v 3.46672 7.02274 29.323 1 1 1
v 15.1414 -30.0833 51.4317 1 1 1
v 4.43401 23.3511 34.821 1 1 1
v 4.55924 22.3788 34.8399 1 1 1
v 3.96565 8.14255 30.7414 1 1 1
v 5.29302 15.0107 34.9082 1 1 1
v 3.63753 8.32153 29.5472 1 1 1
v 4.71255 23.5643 34.5452 1 1 1
v 4.4882 23.8867 34.1694 1 1 1
v 4.05849 7.23093 29.7643 1 1 1
v 8.38411 16.2186 42.0145 1 1 1
v 5.10033 14.7458 33.6883 1 1 1
v 4.00297 7.17492 29.2123 1 1 1
v 3.96615 5.25864 28.892 1 1 1
v 14.992 -31.1674 48.1097 1 1 1
v 4.66626 8.77752 30.3635 1 1 1
v 5.3096 14.6099 33.0225 1 1 1
v 4.3779 -4.11048 26.849 1 1 1
v 3.15233 27.0649 29.3483 1 1 1
v 3.15233 27.0649 29.3483 1 1 1
v 8.32836 -21.4827 32.72 1 1 1
v 4.80196 -4.70027 27.5323 1 1 1
v 4.68457 16.4596 30.8396 1 1 1
v 16.5623 -31.7625 49.4336 1 1 1
v 8.04574 -20.9829 31.7708 1 1 1
v 5.20978 9.04981 30.4634 1 1 1
v 5.60661 2.84037 30.1046 1 1 1
v 4.75814 -3.87366 26.8031 1 1 1
v 5.61489 1.13548 29.3083 1 1 1
v 5.73155 0.776724 29.1046 1 1 1
v 5.96761 2.6277 29.7506 1 1 1
v 6.3229 -3.36631 28.8839 1 1 1
v 5.73484 -2.02241 27.7961 1 1 1
v 7.87513 17.5424 35.4172 1 1 1
v 6.51558 2.05854 29.6865 1 1 1
v 6.10258 -1.81969 27.5513 1 1 1
v 7.16367 3.32831 30.3404 1 1 1
v 7.85154 23.0309 34.5065 1 1 1
v 9.85977 20.5505 37.8679 1 1 1
v 10.5041 19.4122 38.7289 1 1 1
v 12.4423 17.2035 41.4879 1 1 1
v 10.1673 20.4295 37.6075 1 1 1
v 8.62119 -2.66548 31.1779 1 1 1
v 15.3497 14.16 45.4015 1 1 1
v 2.44365 -1.34407 18.6833 1 1 1
v 10.9841 20.9559 37.2689 1 1 1
v 11.4035 20.5995 36.6481 1 1 1
v 10.1766 22.9571 34.0055 1 1 1
v 19.2317 10.9234 48.2377 1 1 1
v 14.9196 16.6862 41.5089 1 1 1
v 15.1926 16.6932 41.789 1 1 1
v 14.6736 17.5402 40.6488 1 1 1
v 32.0033 -2.41143 68.4468 1 1 1
v 11.29 21.8111 35.2126 1 1 1
v 11.1621 22.1998 34.7456 1 1 1
v 28.0175 5.17087 55.9128 1 1 1
v 10.0473 25.8374 29.8926 1 1 1
v 31.9421 -32.7461 53.8722 1 1 1
v 14.6503 22.6165 33.2394 1 1 1
v 21.2269 -25.1898 38.638 1 1 1
v -16.1094 -1.60825 43.8069 1 1 1
v -16.0542 -1.24525 43.4738 1 1 1
v -15.0957 -3.52536 39.183 1 1 1
v -15.9528 -1.9524 43.7492 1 1 1
v -15.8925 -2.88045 44.3235 1 1 1
v -15.6522 -3.69118 43.9222 1 1 1
v -15.7532 -1.71154 44.3482 1 1 1
v -15.6358 -2.19769 45.5903 1 1 1
v -15.7208 -1.6243 45.9625 1 1 1
v -15.5771 -2.03916 46.375 1 1 1
v -11.1624 -18.2852 30.1464 1 1 1
v -11.2079 -19.651 32.6216 1 1 1
v -15.2908 -3.1666 47.3604 1 1 1
v -17.2114 17.4801 41.4822 1 1 1
v -15.1495 -3.61125 47.5952 1 1 1
v -14.6461 -2.92602 47.2334 1 1 1
v -14.6622 -2.81443 47.9735 1 1 1
v -13.9991 -2.95913 48.3436 1 1 1
v -11.0105 -33.0632 63.616 1 1 1
v -13.6051 -2.5403 49.1752 1 1 1
v -13.5584 -2.56043 48.6299 1 1 1
v -13.5385 1.42509 43.5166 1 1 1
v -13.297 1.26879 43.0758 1 1 1
v -11.1425 -30.6496 66.6188 1 1 1
v -11.1425 -30.6496 66.6188 1 1 1
v -11.2426 -30.1475 67.965 1 1 1
v -11.2426 -30.1475 67.965 1 1 1
v -11.2729 -29.86 68.7238 1 1 1
v -10.253 -33.1365 63.7752 1 1 1
v -10.253 -33.1365 63.7752 1 1 1
v -12.9702 -0.39183 45.7637 1 1 1
v -10.3572 -29.9011 67.0173 1 1 1
v -10.3486 -30.5998 68.6181 1 1 1
v -9.47634 -32.4675 64.396 1 1 1
v -9.47634 -32.4675 64.396 1 1 1
v -8.79001 -33.5947 63.2063 1 1 1
v -8.69306 -31.9352 65.4417 1 1 1
v -11.1309 -1.08389 46.9628 1 1 1
v -13.0295 14.0648 48.3394 1 1 1
v -12.7761 13.1101 49.4774 1 1 1
v -10.6398 -0.340622 47.9732 1 1 1
v -10.5125 -0.642884 48.1719 1 1 1
v -10.7937 -2.31626 78.228 1 1 1
v -9.72962 -2.33577 58.9946 1 1 1
v -9.59672 -1.80276 49.186 1 1 1
v -10.7697 10.8497 51.6713 1 1 1
v -11.003 28.4756 44.2663 1 1 1
v -11.003 28.4756 44.2663 1 1 1
v -6.81913 1.03905 60.8105 1 1 1
v -6.40041 1.20705 66.4053 1 1 1
v -1.40152 -33.4465 64.9939 1 1 1
v -1.53801 -32.4093 63.7547 1 1 1
v -1.7137 -31.9165 62.8059 1 1 1
v -1.40002 -32.9793 63.8215 1 1 1
v -1.26292 -32.4421 61.9458 1 1 1
v -1.20745 -30.6929 64.4557 1 1 1
v -1.0194 -9.59729 79.3659 1 1 1
v -9.57099 26.5818 31.4892 1 1 1
v -2.74201 0.0947729 65.4644 1 1 1
v 1.62184 -15.8298 75.2198 1 1 1
v -4.56165 0.5041 40.3234 1 1 1
v 1.10891 -9.26651 76.9746 1 1 1
v -6.68836 14.8953 34.9281 1 1 1
v -6.56848 14.8117 35.2318 1 1 1
v -5.40593 13.1833 36.5037 1 1 1
v -5.47067 13.1797 36.0623 1 1 1
v -4.95398 7.09678 33.3797 1 1 1
v 2.08851 -24.2539 56.6636 1 1 1
v 3.62503 -32.848 58.6023 1 1 1
v -5.00977 6.25401 32.7686 1 1 1
v -4.20323 1.85611 33.541 1 1 1
v -4.56863 5.95365 33.8704 1 1 1
v -5.00912 -4.39506 24.3047 1 1 1
v -4.04352 -2.82448 30.8087 1 1 1
v -4.6174 6.10563 32.8765 1 1 1
v -4.35732 -2.22255 29.7993 1 1 1
v -3.75077 -5.20743 30.3051 1 1 1
v 4.77507 -14.283 73.179 1 1 1
v 5.50293 -15.5813 74.7755 1 1 1
v -3.69436 -4.96641 29.7257 1 1 1
v -3.69436 -4.96641 29.7257 1 1 1
v -3.56762 -5.02665 30.2326 1 1 1
v -3.56762 -5.02665 30.2326 1 1 1
v 5.57961 -15.1743 74.6328 1 1 1
v -4.14345 -2.60464 29.5037 1 1 1
v -3.59547 -4.96121 30.1237 1 1 1
v -3.82103 -4.394 29.4486 1 1 1
v 5.6363 -15.4902 74.3506 1 1 1
v -3.64939 14.0986 40.7269 1 1 1
v 4.76901 -24.4313 63.922 1 1 1
v 5.16629 -15.0897 71.1139 1 1 1
v -3.75283 -4.10822 29.2097 1 1 1
v 5.05053 -13.7688 70.3856 1 1 1
v -3.97731 7.68657 34.0124 1 1 1
v 3.68217 -27.6251 54.0475 1 1 1
v 3.02587 -26.5745 52.0714 1 1 1
v -3.92742 13.2425 37.3657 1 1 1
v -3.47768 -5.08399 29.0556 1 1 1
v -3.94495 3.71543 31.6125 1 1 1
v 3.41425 -30.5659 50.9694 1 1 1
v 3.46074 -29.2568 52.216 1 1 1
v -3.40066 -5.26019 29.3601 1 1 1
v 3.34112 -28.7581 51.845 1 1 1
v 2.72325 -29.1019 48.9857 1 1 1
v -3.326 -5.09015 29.2994 1 1 1
v -3.40101 -4.91918 28.8845 1 1 1
v -3.55471 -4.8299 28.3568 1 1 1
v -3.30967 -5.28482 28.7785 1 1 1
v -3.30967 -5.28482 28.7785 1 1 1
v 4.09134 -24.5528 55.3375 1 1 1
v -3.0518 -5.44444 29.6312 1 1 1
v -3.0518 -5.44444 29.6312 1 1 1
v 3.32041 -21.6914 53.3562 1 1 1
v 4.17632 -31.1604 51.7654 1 1 1
v -3.28671 -4.91382 28.5143 1 1 1
v 4.33904 -19.483 58.454 1 1 1
v -2.93664 -5.87779 29.7035 1 1 1
v 3.9124 -18.7765 55.9698 1 1 1
v -3.1679 19.3793 40.8615 1 1 1
v 3.98141 -30.1395 50.1061 1 1 1
v 3.85509 -23.935 53.1669 1 1 1
v -3.1008 -5.1791 28.5647 1 1 1
v -2.8483 -5.82775 29.4401 1 1 1
v -3.36705 -5.19615 26.8863 1 1 1
v 3.85869 -23.7759 52.1891 1 1 1
v -4.32004 -2.18357 23.9781 1 1 1
v -2.60543 -5.43987 30.2389 1 1 1
v 4.13352 -24.3432 52.2808 1 1 1
v -3.86258 -2.17872 25.6897 1 1 1
v -2.7604 -5.83827 28.7056 1 1 1
v 4.02796 -28.914 49.2714 1 1 1
v 4.1113 -23.9418 51.97 1 1 1
v 4.15657 -26.8963 49.9482 1 1 1
v -2.33405 11.0486 37.8668 1 1 1
v 4.16951 -17.2392 54.0964 1 1 1
v -3.13818 7.14248 32.6411 1 1 1
v -3.15075 7.19724 31.909 1 1 1
v 5.24598 -27.1321 53.0014 1 1 1
v 4.56998 -15.3327 56.1252 1 1 1
v 4.95946 -15.4109 56.7211 1 1 1
v 4.45639 -19.9105 52.343 1 1 1
v 4.57315 -20.6097 52.3692 1 1 1
v -2.65171 -2.02832 29.0211 1 1 1
v -2.97297 8.0042 31.8944 1 1 1
v 5.437 -19.5997 55.5489 1 1 1
v 4.37778 -21.9517 50.6889 1 1 1
v 4.75954 -20.3086 52.1174 1 1 1
v -2.5693 -5.41012 27.3783 1 1 1
v 5.08429 -20.4525 52.8959 1 1 1
v -2.56572 7.90101 32.9159 1 1 1
v -2.18417 -5.98215 28.5338 1 1 1
v 4.72924 -17.4151 52.8678 1 1 1
v 5.13024 -17.8158 53.9813 1 1 1
v 4.96972 -19.613 52.5451 1 1 1
v 5.90282 -16.6156 57.1441 1 1 1
v 4.85126 -28.2213 48.2108 1 1 1
v 4.81888 -18.7625 52.3587 1 1 1
v 5.19982 -20.6241 51.5527 1 1 1
v 6.09852 -17.527 56.7584 1 1 1
v 6.09852 -17.527 56.7584 1 1 1
v 6.12733 -16.6143 57.0932 1 1 1
v -2.67295 -5.40725 25.8841 1 1 1
v -2.25211 4.57928 31.2443 1 1 1
v 5.68491 -20.058 52.3474 1 1 1
v 5.46335 -28.3898 47.8246 1 1 1
v 5.08074 -27.9562 47.1659 1 1 1
v 5.45643 -21.9855 50.7612 1 1 1
v 7.21932 -23.4807 55.8293 1 1 1
v 5.21374 -28.4661 47.0649 1 1 1
v 5.91708 -29.0326 48.4268 1 1 1
v 6.15445 -23.4289 50.9901 1 1 1
v 6.56449 -30.1462 49.8082 1 1 1
v 6.87702 -22.8746 53.6316 1 1 1
v 6.42244 -28.1149 49.9198 1 1 1
v -1.47868 13.8521 35.8804 1 1 1
v 5.77741 -25.2776 48.3522 1 1 1
v 6.51916 -25.1153 50.1454 1 1 1
v 7.01748 -22.9428 52.1052 1 1 1
v 7.55205 -16.6506 55.4132 1 1 1
v -1.03059 14.5286 35.3512 1 1 1
v -1.22443 13.0828 34.0942 1 1 1
v -1.02024 13.2569 34.6088 1 1 1
v 6.62574 -19.3473 49.845 1 1 1
v 6.62671 -24.519 48.0238 1 1 1
v 7.38859 -21.2206 51.6133 1 1 1
v 6.99766 -25.6886 47.6219 1 1 1
v -0.755134 -5.07621 27.7187 1 1 1
v 7.79905 -26.4842 48.4843 1 1 1
v 8.10457 -19.3482 51.7043 1 1 1
v -0.658213 -6.58553 27.1186 1 1 1
v 8.62445 -27.5858 50.5526 1 1 1
v 0.511006 -7.18015 30.0743 1 1 1
v 0.239783 14.278 34.8224 1 1 1
v 9.99634 -15.1475 54.8331 1 1 1
v 11.1377 -15.6487 57.5539 1 1 1
v 1.1467 1.59267 32.6498 1 1 1
v 9.8606 -15.2978 53.0652 1 1 1
v 9.90052 -14.3569 53.545 1 1 1
v 1.1888 14.2339 34.583 1 1 1
v 9.56859 -26.3848 46.4281 1 1 1
v 13.4478 -10.9831 58.9901 1 1 1
v 1.60507 12.9502 32.6832 1 1 1
v 1.74912 13.6684 33.0429 1 1 1
v 13.287 -10.8366 57.047 1 1 1
v 1.84544 13.7106 32.9622 1 1 1
v 1.89916 12.5827 32.7791 1 1 1
v 12.3898 -23.7864 51.1447 1 1 1
v 2.85288 22.9054 37.3706 1 1 1
v 1.92911 12.9103 32.6347 1 1 1
v 1.96854 4.06343 30.1469 1 1 1
v 12.0472 -17.765 50.9422 1 1 1
v 13.3189 -18.675 53.4254 1 1 1
v 12.9133 -21.8109 51.5403 1 1 1
v 2.35962 8.53204 31.8218 1 1 1
v 1.89249 8.19671 30.7718 1 1 1
v 13.7936 -23.5854 51.9484 1 1 1
v 15.4812 -10.2084 58.5681 1 1 1
v 15.9551 -10.8602 59.4887 1 1 1
v 15.4485 -10.3122 57.9354 1 1 1
v 1.89424 7.11749 29.4269 1 1 1
v 15.7609 -11.0879 58.4622 1 1 1
v 1.96288 -3.59178 26.9807 1 1 1
v 15.2173 -31.3162 52.3331 1 1 1
v 13.714 -24.9508 50.2615 1 1 1
v 16.7076 -10.9991 59.7823 1 1 1
v 14.9852 -31.8497 51.1959 1 1 1
v 15.6156 -31.3727 52.5165 1 1 1
v 14.1568 -19.2387 51.7323 1 1 1
v 14.95 -30.7535 50.9266 1 1 1
v 2.23841 -3.80518 26.9133 1 1 1
v 2.23841 -3.80518 26.9133 1 1 1
v 14.9224 -20.3754 52.9593 1 1 1
v 3.91696 22.6898 35.7982 1 1 1
v 13.912 -25.9807 48.7937 1 1 1
v 4.09809 10.3116 33.249 1 1 1
v 4.09809 10.3116 33.249 1 1 1
v 15.6635 -10.4995 55.1644 1 1 1
v 3.23485 -4.66031 28.2049 1 1 1
v 4.49309 21.5396 36.124 1 1 1
v 4.55683 22.1636 36.3281 1 1 1
v 13.6342 -8.22464 50.5384 1 1 1
v 2.86534 8.20921 29.5545 1 1 1
v 2.86534 8.20921 29.5545 1 1 1
v 5.61874 21.9195 37.9776 1 1 1
v 3.61116 13.4962 31.4572 1 1 1
v 3.36744 8.68756 29.9627 1 1 1
v 5.00393 14.893 34.7309 1 1 1
v 3.09025 7.4445 28.9083 1 1 1
v 5.40786 15.4764 35.3383 1 1 1
v 7.83047 13.4085 39.8591 1 1 1
v 3.96336 16.8488 32.2117 1 1 1
v 4.67736 21.1521 34.6477 1 1 1
v 5.23342 22.3142 35.3224 1 1 1
v 4.53971 7.66979 30.9432 1 1 1
v 4.77121 18.817 33.5307 1 1 1
v 3.8623 -4.51453 27.3225 1 1 1
v 4.4353 -4.57657 28.4611 1 1 1
v 4.18963 17.6502 31.9507 1 1 1
v 3.74817 8.29056 29.4912 1 1 1
v 4.04166 8.30452 29.5395 1 1 1
v 3.93736 8.30568 29.2374 1 1 1
v 4.36255 9.23194 30.2924 1 1 1
v 3.6204 5.16107 28.3528 1 1 1
v 5.70734 12.2866 33.2888 1 1 1
v 4.08003 8.09645 29.2872 1 1 1
v 3.9705 5.52404 28.4936 1 1 1
v 4.32041 -4.65343 27.3351 1 1 1
v 4.38626 -4.56923 27.3343 1 1 1
v 5.25588 9.50225 31.2376 1 1 1
v 5.43302 21.9012 33.4871 1 1 1
v 6.81553 9.15959 33.8481 1 1 1
v 4.5807 16.4072 30.6574 1 1 1
v 2.98395 27.2205 29.1618 1 1 1
v 5.82691 15.6514 32.8551 1 1 1
v 4.29677 -4.02418 26.3946 1 1 1
v 5.32357 7.12546 30.0514 1 1 1
v 4.66964 -4.43921 26.7428 1 1 1
v 5.33981 3.85415 29.2608 1 1 1
v 5.53004 -0.394603 28.6574 1 1 1
v 5.62656 4.49076 29.6802 1 1 1
v 5.84333 0.687757 29.1741 1 1 1
v 5.6691 -4.4106 28.0816 1 1 1
v 5.87857 -4.42618 28.1662 1 1 1
v 8.75639 -3.61254 33.3635 1 1 1
v 5.8046 -2.28304 28.0352 1 1 1
v 5.57403 0.183015 27.9896 1 1 1
v 7.61323 23.4536 34.7094 1 1 1
v 6.80904 1.11962 29.8928 1 1 1
v 5.83523 -3.10979 27.4898 1 1 1
v 12.0431 18.9859 41.2941 1 1 1
v 6.2803 -3.14656 27.4742 1 1 1
v 6.34914 -3.18694 27.3838 1 1 1
v 10.9387 19.9063 37.9602 1 1 1
v 34.4701 -0.672071 64.4046 1 1 1
v 13.2926 21.1678 35.0867 1 1 1
v 14.6809 21.1298 34.4773 1 1 1
v 13.2539 -18.7833 28.4355 1 1 1
v -18.2589 -12.0355 75.9476 1 1 1
v -18.2512 -12.0284 75.8731 1 1 1
v -14.2632 -28.7151 65.549 1 1 1
v -14.1291 -29.6839 67.1779 1 1 1
v -13.1609 -32.8585 64.0117 1 1 1
v -12.3608 -22.4642 44.3933 1 1 1
v -12.3608 -22.4642 44.3933 1 1 1
v -15.3731 -3.14565 46.8617 1 1 1
v -15.4552 -2.01889 46.9145 1 1 1
v -15.1756 -2.792 47.2713 1 1 1
v -12.8345 -30.3075 68.2141 1 1 1
v -14.9719 -2.39082 47.6243 1 1 1
v -11.2698 -23.0146 43.9115 1 1 1
v -14.7689 -2.74226 48.0599 1 1 1
v -11.0951 -34.7918 65.3497 1 1 1
v -11.0572 -34.3588 64.453 1 1 1
v -11.0572 -34.3588 64.453 1 1 1
v -14.1527 -2.80189 48.0282 1 1 1
v -10.8626 -33.1647 65.3027 1 1 1
v -10.8626 -33.1647 65.3027 1 1 1
v -15.109 -12.1483 81.4086 1 1 1
v -10.8204 -32.9608 66.3538 1 1 1
v -10.8204 -32.9608 66.3538 1 1 1
v -10.2539 -34.3316 64.68 1 1 1
v -10.2539 -34.3316 64.68 1 1 1
v -14.0348 3.0502 43.4189 1 1 1
v -10.3997 -31.5697 66.8315 1 1 1
v -10.3997 -31.5697 66.8315 1 1 1
v -9.51895 -34.2274 64.2764 1 1 1
v -9.54375 -33.5803 64.9681 1 1 1
v -9.54375 -33.5803 64.9681 1 1 1
v -8.69989 -33.428 64.6548 1 1 1
v -8.8032 -31.3204 66.399 1 1 1
v -13.5306 13.7726 47.2464 1 1 1
v -9.76142 -0.93308 49.4049 1 1 1
v -7.59376 -2.23047 68.0006 1 1 1
v -2.09947 -30.8599 63.6298 1 1 1
v -1.68487 -30.8848 62.6692 1 1 1
v -1.68487 -30.8848 62.6692 1 1 1
v -1.39362 -33.5525 61.8525 1 1 1
v -1.52197 -33.152 61.2794 1 1 1
v -1.52197 -33.152 61.2794 1 1 1
v -1.35718 -32.3746 61.9988 1 1 1
v -0.971338 -32.895 63.0294 1 1 1
v -6.78682 13.2943 47.1532 1 1 1
v 1.20488 -17.0716 72.2512 1 1 1
v 1.20488 -17.0716 72.2512 1 1 1
v 1.15804 -9.06774 76.3631 1 1 1
v 1.40071 -9.26321 76.3691 1 1 1
v -5.03037 11.6565 49.848 1 1 1
v -2.40541 6.03422 56.317 1 1 1
v -7.18116 21.4934 38.5859 1 1 1
v -6.79315 18.4305 37.2078 1 1 1
v -0.775897 4.46897 58.7305 1 1 1
v -6.2335 15.3845 34.9552 1 1 1
v 2.81094 -25.0275 54.2804 1 1 1
v 2.71205 -23.7297 53.6724 1 1 1
v 2.82493 -24.5348 52.6524 1 1 1
v 5.15957 -8.09152 72.8792 1 1 1
v 2.90682 -26.4483 51.8674 1 1 1
v 3.40038 -28.9036 52.2933 1 1 1
v -5.93673 12.9567 31.9019 1 1 1
v -5.30071 17.8656 37.9435 1 1 1
v -5.12897 13.1156 35.8131 1 1 1
v -5.06035 13.5324 35.5421 1 1 1
v 2.92515 -27.9927 48.7546 1 1 1
v -4.41614 9.56921 35.78 1 1 1
v -4.4498 -2.54788 29.0603 1 1 1
v -4.71034 5.25953 31.9125 1 1 1
v 3.01851 -29.4041 48.6181 1 1 1
v 3.04127 -28.8071 48.7423 1 1 1
v 3.13331 -27.6081 48.6451 1 1 1
v -3.97664 -4.32098 29.2807 1 1 1
v -3.85728 1.00083 31.9256 1 1 1
v -4.14332 -3.3207 28.4633 1 1 1
v -3.73704 13.0737 38.4537 1 1 1
v -3.53386 -5.46693 29.5608 1 1 1
v -4.44364 14.0778 35.0784 1 1 1
v -3.54922 -5.39192 29.0051 1 1 1
v -4.10583 6.43584 31.9402 1 1 1
v 4.40087 -28.522 49.4243 1 1 1
v 4.1829 -16.8144 54.1407 1 1 1
v -4.26821 5.71091 30.8034 1 1 1
v 4.09155 -19.5478 51.3427 1 1 1
v -3.4455 -5.36292 28.2067 1 1 1
v 4.55295 -28.7102 48.7064 1 1 1
v 4.44025 -27.5147 48.665 1 1 1
v 4.56835 -16.7436 53.1928 1 1 1
v -3.4992 -4.85457 27.5045 1 1 1
v -3.68606 18.3384 37.2363 1 1 1
v -3.68606 18.3384 37.2363 1 1 1
v 4.3164 -28.4671 47.2895 1 1 1
v 4.69852 -20.342 51.8932 1 1 1
v 4.43414 -27.5195 47.9393 1 1 1
v 4.81281 -20.0431 51.8131 1 1 1
v 4.52124 -27.2592 48.0659 1 1 1
v 4.79827 -16.6915 52.6045 1 1 1
v 5.06387 -28.2258 48.2331 1 1 1
v 5.06967 -27.583 48.2957 1 1 1
v -3.15385 -4.98142 27.5852 1 1 1
v 4.88549 -25.0729 47.8777 1 1 1
v 4.88549 -25.0729 47.8777 1 1 1
v 7.32078 -28.2359 55.0556 1 1 1
v 7.32078 -28.2359 55.0556 1 1 1
v -2.74938 -3.8492 29.2268 1 1 1
v 5.48945 -21.0268 51.5145 1 1 1
v 5.02297 -20.652 50.4766 1 1 1
v -3.2326 -1.87149 28.2953 1 1 1
v 5.41556 -25.2138 48.684 1 1 1
v 5.43751 -21.4277 50.4437 1 1 1
v 5.83482 -26.57 49.2952 1 1 1
v -1.99528 10.3918 36.6873 1 1 1
v 6.21069 -22.867 51.6789 1 1 1
v 5.4779 -22.0331 49.7521 1 1 1
v -2.76758 -5.20198 27.6481 1 1 1
v -2.76758 -5.20198 27.6481 1 1 1
v 5.33101 -24.362 48.2038 1 1 1
v -2.56588 -5.84438 27.7229 1 1 1
v -1.95002 9.33425 35.4228 1 1 1
v 5.98033 -26.6202 48.2952 1 1 1
v 5.89607 -26.5243 48.2162 1 1 1
v -2.84906 6.99997 31.2867 1 1 1
v 5.64935 -21.9116 49.273 1 1 1
v 6.07419 -19.5067 51.0019 1 1 1
v 5.39547 -24.7709 46.7865 1 1 1
v 6.5836 -16.2135 53.3114 1 1 1
v 6.21983 -21.7559 49.6989 1 1 1
v 6.29778 -21.8294 49.8925 1 1 1
v -1.6357 12.4277 35.1008 1 1 1
v 6.33233 -26.0784 46.8991 1 1 1
v 6.78766 -25.6988 47.5493 1 1 1
v 7.06966 -18.2253 51.4656 1 1 1
v 6.39116 -23.7234 47.1143 1 1 1
v -1.83563 -5.26422 27.1913 1 1 1
v 6.96448 -18.7143 50.0641 1 1 1
v 6.21103 -24.9373 45.2408 1 1 1
v 7.35936 -23.0328 49.1305 1 1 1
v -1.46683 13.8395 34.3967 1 1 1
v -2.07909 -4.29198 26.3776 1 1 1
v -1.37233 13.7749 34.0998 1 1 1
v 9.36789 -15.5585 55.9242 1 1 1
v -1.83341 -4.48637 26.5541 1 1 1
v -1.34427 7.69501 30.7146 1 1 1
v 12.464 -21.4166 60.5105 1 1 1
v 9.67592 -14.942 53.8622 1 1 1
v 9.46788 -12.3545 52.0254 1 1 1
v 9.4638 -12.6313 52.0336 1 1 1
v 10.1553 -12.2752 53.6716 1 1 1
v 10.2919 -12.332 53.2838 1 1 1
v 10.2058 -28.9796 48.121 1 1 1
v 10.5302 -12.8035 53.235 1 1 1
v 0.456008 21.4911 36.2062 1 1 1
v 3.48545 13.1341 41.4856 1 1 1
v 10.3624 -12.0877 52.3941 1 1 1
v 0.719042 14.3119 34.595 1 1 1
v 10.4153 -11.59 52.3331 1 1 1
v 20.8652 -43.1621 69.9218 1 1 1
v 10.7675 -12.9073 52.5039 1 1 1
v 10.5195 -11.7162 52.203 1 1 1
v 10.7544 -12.3321 52.2793 1 1 1
v 10.5344 -12.2357 51.9593 1 1 1
v 0.8249 14.7798 34.3623 1 1 1
v 0.686994 10.3443 32.6402 1 1 1
v 12.4034 -10.2634 55.6072 1 1 1
v 12.3396 -10.2088 55.5893 1 1 1
v 1.21882 13.7173 34.3171 1 1 1
v 10.8446 -27.7771 47.0825 1 1 1
v 11.2512 -23.3822 48.559 1 1 1
v 4.75356 13.3736 42.1758 1 1 1
v 2.06022 21.1425 36.6061 1 1 1
v 12.1741 -12.1858 52.3947 1 1 1
v 12.1655 -11.7908 52.4067 1 1 1
v 12.7657 -9.90352 53.9773 1 1 1
v 12.9289 -12.8023 53.6163 1 1 1
v 13.4625 -12.4468 54.6844 1 1 1
v 4.76554 13.1458 40.4348 1 1 1
v 11.9883 -22.4568 48.2916 1 1 1
v 12.5736 -22.7003 48.9261 1 1 1
v 12.2813 -23.9519 48.2568 1 1 1
v 12.9149 -21.5619 49.5389 1 1 1
v 13.7817 -29.3676 49.1652 1 1 1
v 13.859 -29.9501 48.8856 1 1 1
v 13.7574 -29.8734 48.832 1 1 1
v 22.3457 -39.5246 63.424 1 1 1
v 1.3205 -3.56112 25.7818 1 1 1
v 1.328 -4.04008 25.6068 1 1 1
v 4.80646 21.2704 37.2481 1 1 1
v 4.45056 21.2168 36.1113 1 1 1
v 5.72025 12.1927 36.4835 1 1 1
v 2.43611 7.32801 29.0791 1 1 1
v 27.5619 -42.6408 68.3181 1 1 1
v 27.3813 -42.4385 67.9383 1 1 1
v 7.30891 16.9058 39.563 1 1 1
v 4.3947 14.1797 33.5009 1 1 1
v 26.2898 -40.8434 65.4355 1 1 1
v 4.57688 14.4742 33.6035 1 1 1
v 3.54991 7.71684 29.8781 1 1 1
v 5.13116 14.6349 34.1899 1 1 1
v 3.93688 9.67339 30.9873 1 1 1
v 5.33572 22.7776 35.8708 1 1 1
v 3.7869 9.55064 30.3767 1 1 1
v 3.30815 8.20551 28.9885 1 1 1
v 2.94387 -5.05156 26.0722 1 1 1
v 4.80832 13.8668 32.9314 1 1 1
v 5.80124 13.3583 34.4814 1 1 1
v 4.01713 7.30811 30.0484 1 1 1
v 4.06117 7.28457 29.8859 1 1 1
v 5.01579 14.9669 32.8559 1 1 1
v 4.23516 14.0819 31.379 1 1 1
v 3.23683 5.23786 28.0745 1 1 1
v 3.8958 7.23163 29.2785 1 1 1
v 3.87152 7.21245 29.23 1 1 1
v 4.27812 17.7353 31.49 1 1 1
v 7.4354 13.1418 36.2121 1 1 1
v 4.44571 17.3182 31.1395 1 1 1
v 30.7138 -42.1154 68.0971 1 1 1
v 4.99109 15.7269 31.2829 1 1 1
v 5.57689 15.5866 32.1649 1 1 1
v 3.72948 -4.48063 25.7328 1 1 1
v 4.38265 5.99107 28.1297 1 1 1
v 5.12415 6.12057 29.2681 1 1 1
v 5.20277 2.75896 28.883 1 1 1
v 4.81588 2.69007 28.4159 1 1 1
v 8.51447 19.8476 36.6825 1 1 1
v 5.44195 4.89593 29.1774 1 1 1
v 6.06945 16.1565 31.6927 1 1 1
v 4.67716 2.22588 27.7333 1 1 1
v 5.73015 0.837544 28.5048 1 1 1
v 4.66937 -2.25063 26.529 1 1 1
v 5.85653 0.716622 28.5421 1 1 1
v 3.14811 27.0772 27.5793 1 1 1
v 5.05822 -3.36204 26.5585 1 1 1
v 9.28769 19.8289 35.5405 1 1 1
v 10.7408 20.2624 35.8579 1 1 1
v 38.197 -40.0662 63.982 1 1 1
v 41.0064 -40.9148 65.2294 1 1 1
v 36.0963 -0.620316 61.5649 1 1 1
v -16.6151 -2.68887 46.5851 1 1 1
v -16.2367 -3.81116 46.2076 1 1 1
v -16.2259 -3.43952 46.2323 1 1 1
v -16.415 -1.69298 45.7447 1 1 1
v -16.415 -1.69298 45.7447 1 1 1
v -16.5364 -1.48697 46.5286 1 1 1
v -19.77 22.8976 38.0627 1 1 1
v -16.2059 -2.85141 46.6573 1 1 1
v -16.2847 -1.87857 46.5862 1 1 1
v -16.2038 -2.17868 46.5377 1 1 1
v -16.1019 -2.37477 46.6452 1 1 1
v -12.4873 -34.5463 68.3046 1 1 1
v -15.9555 -1.96785 46.2701 1 1 1
v -12.993 -30.5817 70.6426 1 1 1
v -15.7556 -1.98912 46.1518 1 1 1
v -15.5817 -3.32765 47.5135 1 1 1
v -15.6475 -2.07606 47.4389 1 1 1
v -15.7062 -1.74126 47.0233 1 1 1
v -15.5548 -2.27167 47.4718 1 1 1
v -15.3969 -2.91243 47.8663 1 1 1
v -15.903 -12.3813 81.8303 1 1 1
v -11.1338 -34.4619 66.8195 1 1 1
v -11.1338 -34.4619 66.8195 1 1 1
v -11.1737 -32.962 67.7871 1 1 1
v -11.1737 -32.962 67.7871 1 1 1
v -15.0308 -11.3487 81.952 1 1 1
v -10.392 -33.0102 65.7829 1 1 1
v -10.392 -33.0102 65.7829 1 1 1
v -14.4356 -2.68933 48.55 1 1 1
v -14.3363 -2.60337 48.4807 1 1 1
v -8.79477 -32.8221 65.4401 1 1 1
v -8.79477 -32.8221 65.4401 1 1 1
v -8.81227 -31.3895 66.6324 1 1 1
v -8.81227 -31.3895 66.6324 1 1 1
v -11.4686 -11.5412 81.4201 1 1 1
v -13.7863 14.2929 48.0174 1 1 1
v -13.7297 14.3335 47.9149 1 1 1
v -13.6507 13.908 47.5002 1 1 1
v -8.79425 -10.5855 75.7414 1 1 1
v -12.9981 14.7505 49.9416 1 1 1
v -12.3926 12.8125 49.4778 1 1 1
v -4.70033 -32.0905 62.7067 1 1 1
v -12.2 13.6126 47.9516 1 1 1
v -10.7901 5.49667 45.9447 1 1 1
v -8.78597 0.345691 51.667 1 1 1
v -2.46854 -33.2642 63.3957 1 1 1
v -12.3412 20.5552 39.0889 1 1 1
v -12.3347 20.7818 39.4375 1 1 1
v -2.34243 -30.3352 64.6561 1 1 1
v -2.42454 -31.0165 62.6477 1 1 1
v -8.42465 8.06058 54.1637 1 1 1
v -1.72926 -30.5543 62.5228 1 1 1
v -1.42515 -30.663 63.3524 1 1 1
v -1.10704 -30.0708 65.4671 1 1 1
v -0.923819 -30.8553 66.0209 1 1 1
v -2.1519 -9.29152 76.1048 1 1 1
v -11.7844 25.1739 34.2955 1 1 1
v -8.15902 17.8487 41.5962 1 1 1
v -8.15902 17.8487 41.5962 1 1 1
v -6.63759 13.6444 46.9898 1 1 1
v -6.01125 12.621 48.2903 1 1 1
v -6.01125 12.621 48.2903 1 1 1
v -7.02555 15.5984 43.3865 1 1 1
v -2.23897 6.01976 56.8553 1 1 1
v -2.23897 6.01976 56.8553 1 1 1
v -0.811096 2.32422 61.2016 1 1 1
v -5.17945 0.135073 36.0489 1 1 1
v 3.82333 -7.91714 71.5953 1 1 1
v 2.36458 -31.1765 49.4795 1 1 1
v 3.49014 -22.6491 59.6045 1 1 1
v -6.73843 15.0158 35.1978 1 1 1
v 5.3928 -14.7547 72.3325 1 1 1
v -6.86408 22.3137 38.6383 1 1 1
v 2.97659 -31.3501 49.6015 1 1 1
v 2.99814 -31.1479 49.6599 1 1 1
v 2.58098 -28.5944 49.5422 1 1 1
v 2.58098 -28.5944 49.5422 1 1 1
v 4.18263 -18.7857 61.4631 1 1 1
v 2.98367 -26.1456 52.1875 1 1 1
v 2.62032 -21.1268 53.5311 1 1 1
v 2.84803 -27.8313 50.2631 1 1 1
v 2.84803 -27.8313 50.2631 1 1 1
v -6.05274 16.0566 36.2166 1 1 1
v 3.02411 -30.7548 48.8156 1 1 1
v 5.43885 -14.0198 67.4693 1 1 1
v 5.37038 -6.24732 71.1928 1 1 1
v 3.92957 -29.103 52.3663 1 1 1
v 3.41472 -18.3748 56.1956 1 1 1
v 3.52164 -23.9603 53.2341 1 1 1
v 5.42027 -6.6452 69.5984 1 1 1
v 2.90511 -27.523 48.712 1 1 1
v -5.76708 21.1651 38.3175 1 1 1
v 3.62438 -31.0058 49.0711 1 1 1
v 3.75314 -23.8649 53.2159 1 1 1
v 2.87719 -20.2232 51.2404 1 1 1
v -4.27945 2.02263 33.5682 1 1 1
v -4.67611 6.05401 33.805 1 1 1
v -4.8386 18.2846 39.1254 1 1 1
v 3.82787 -30.2395 48.3097 1 1 1
v 3.84933 -23.6846 51.3877 1 1 1
v -4.85451 6.62653 32.7124 1 1 1
v -4.4815 9.508 35.5792 1 1 1
v 3.34307 -20.4155 51.0808 1 1 1
v -4.48554 6.26096 33.7877 1 1 1
v 3.53544 -20.8807 51.4358 1 1 1
v -4.33306 -2.14317 30.0439 1 1 1
v 3.84757 -24.9008 50.0431 1 1 1
v -4.76833 6.46249 32.5666 1 1 1
v -4.28074 18.7934 39.7435 1 1 1
v 3.67988 -20.4349 50.8847 1 1 1
v 3.86253 -17.077 53.221 1 1 1
v 3.81758 -16.6555 52.9175 1 1 1
v 3.81334 -27.6922 47.8684 1 1 1
v -4.52004 5.729 32.3638 1 1 1
v 4.23882 -16.6795 53.9719 1 1 1
v -4.67168 4.94271 31.0572 1 1 1
v 4.35948 -17.0268 53.4066 1 1 1
v -3.90851 -3.07966 29.8324 1 1 1
v 4.73049 -19.5096 53.6383 1 1 1
v 4.29574 -18.444 52.3258 1 1 1
v 4.53206 -18.9478 52.8673 1 1 1
v -3.89685 -3.81974 29.251 1 1 1
v -4.13743 -3.88646 28.6885 1 1 1
v -3.61112 -5.16585 29.4594 1 1 1
v -4.27792 3.97773 31.1444 1 1 1
v 4.61728 -19.8465 51.7589 1 1 1
v 4.44464 -28.2043 47.7033 1 1 1
v 4.44464 -28.2043 47.7033 1 1 1
v 4.31202 -27.092 47.733 1 1 1
v 4.55229 -18.9529 51.8271 1 1 1
v -3.63354 18.8422 39.3659 1 1 1
v 4.88502 -17.509 53.4011 1 1 1
v 4.99901 -15.6623 54.4586 1 1 1
v 4.57889 -27.5739 47.8856 1 1 1
v 4.70585 -19.2006 51.7611 1 1 1
v 4.32903 -20.3309 50.1459 1 1 1
v 5.01281 -20.5204 51.8763 1 1 1
v 5.10787 -30.2042 47.928 1 1 1
v -3.32982 -5.4293 29.1839 1 1 1
v 5.15136 -17.1499 52.7198 1 1 1
v 5.07553 -17.1063 52.62 1 1 1
v 5.02902 -27.6737 47.8034 1 1 1
v 5.36074 -16.4097 53.603 1 1 1
v -3.49449 -5.17179 28.5315 1 1 1
v -3.49449 -5.17179 28.5315 1 1 1
v 4.40664 -19.583 49.2443 1 1 1
v -3.46834 -5.04057 28.5603 1 1 1
v -3.62862 -4.84534 28.07 1 1 1
v -4.4582 14.7907 33.3322 1 1 1
v -3.11479 -5.67537 29.1658 1 1 1
v 4.76312 -27.9321 46.752 1 1 1
v 4.61004 -26.1789 46.7747 1 1 1
v 5.86655 -21.8914 52.2507 1 1 1
v 4.71041 -26.6718 46.7882 1 1 1
v 4.8605 -28.1661 46.594 1 1 1
v 5.1701 -16.4626 52.0383 1 1 1
v -2.27359 10.9989 37.9844 1 1 1
v 5.26376 -29.6795 46.692 1 1 1
v 5.5496 -30.2437 47.326 1 1 1
v 5.55676 -27.963 47.8103 1 1 1
v 5.55676 -27.963 47.8103 1 1 1
v 6.91036 -22.6127 54.1577 1 1 1
v 4.96136 -26.2608 46.7986 1 1 1
v 5.45193 -29.0314 46.9471 1 1 1
v 5.35988 -21.4655 49.6768 1 1 1
v 5.61283 -29.6721 47.0772 1 1 1
v -2.94839 -5.65942 28.5925 1 1 1
v 5.1199 -25.498 47.0309 1 1 1
v 5.29295 -23.9462 47.7061 1 1 1
v 6.2566 -16.1852 53.7532 1 1 1
v 5.53066 -25.8776 47.5312 1 1 1
v 5.89734 -29.8711 47.1447 1 1 1
v 5.24752 -24.3168 47.0503 1 1 1
v 5.62464 -25.6041 47.4578 1 1 1
v 6.42701 -22.0966 51.0111 1 1 1
v -3.15676 7.1693 31.7415 1 1 1
v 5.46036 -24.0975 47.2074 1 1 1
v -3.12093 7.4593 31.5437 1 1 1
v -2.59124 -5.58589 28.437 1 1 1
v 6.33366 -28.694 47.2081 1 1 1
v 6.33366 -28.694 47.2081 1 1 1
v 6.53538 -30.1157 47.122 1 1 1
v 6.16588 -25.2848 47.5771 1 1 1
v -2.47944 -5.73901 28.3077 1 1 1
v -2.94087 8.54089 31.5946 1 1 1
v -3.22824 4.17904 29.3195 1 1 1
v -2.98461 4.27363 29.7694 1 1 1
v 6.39313 -25.2884 47.1742 1 1 1
v -2.22648 13.5034 34.7611 1 1 1
v 8.59268 -15.8937 55.2307 1 1 1
v -2.41436 8.54624 31.9039 1 1 1
v -2.41311 4.69833 30.5392 1 1 1
v 6.68803 -23.329 47.2945 1 1 1
v 6.78069 -25.4943 46.8061 1 1 1
v 6.9983 -26.0226 47.0791 1 1 1
v 7.57819 -19.1238 50.7089 1 1 1
v 5.17347 -16.9184 44.1501 1 1 1
v -1.91548 13.3659 34.2453 1 1 1
v -1.51407 13.4102 35.042 1 1 1
v -1.52193 14.3546 34.9359 1 1 1
v -1.43107 14.5002 35.2048 1 1 1
v -1.48836 13.8593 34.7436 1 1 1
v 7.79313 -25.4324 47.0123 1 1 1
v 7.61338 -25.7993 46.3891 1 1 1
v -1.30667 13.0601 33.9666 1 1 1
v -0.797462 10.2018 34.3175 1 1 1
v 8.58986 -15.4674 50.9508 1 1 1
v 9.29836 -13.4479 52.6425 1 1 1
v -1.75209 6.68685 29.3044 1 1 1
v -1.41746 -4.40854 26.8454 1 1 1
v -0.216775 16.404 35.7765 1 1 1
v 9.42574 -30.102 47.0342 1 1 1
v -1.48465 6.88083 29.532 1 1 1
v -1.311 -3.97242 26.9425 1 1 1
v 8.43845 -24.456 45.8828 1 1 1
v 9.57435 -30.1307 46.6997 1 1 1
v 9.93182 -30.2621 47.57 1 1 1
v 9.56601 -30.0949 46.6539 1 1 1
v 9.97044 -11.831 52.7181 1 1 1
v -1.47743 -4.00059 26.5795 1 1 1
v 8.75093 -25.9905 45.8019 1 1 1
v -1.40894 -3.89826 26.6889 1 1 1
v 9.42059 -29.1594 46.2472 1 1 1
v -0.972144 -4.05557 27.3318 1 1 1
v 10.1222 -15.5205 51.0003 1 1 1
v 10.1222 -15.5205 51.0003 1 1 1
v 10.3597 -10.4839 52.7283 1 1 1
v -0.169093 7.88799 31.8654 1 1 1
v 10.7043 -11.8738 52.295 1 1 1
v 10.9389 -30.1862 47.898 1 1 1
v 10.8333 -10.4275 52.3913 1 1 1
v 9.17411 -23.2755 44.9391 1 1 1
v 10.7725 -10.9031 51.5582 1 1 1
v 1.91519 14.8409 37.2371 1 1 1
v 11.4839 -10.4081 53.0613 1 1 1
v 4.87163 14.0098 43.7007 1 1 1
v 10.8621 -10.616 51.1232 1 1 1
v 10.8621 -10.616 51.1232 1 1 1
v 1.23895 19.7142 36.164 1 1 1
v 10.3899 -25.8852 46.1491 1 1 1
v 11.4284 -10.3121 51.9898 1 1 1
v 11.9459 -11.1101 52.6867 1 1 1
v 11.413 -10.949 51.6512 1 1 1
v 11.3521 -10.7126 51.5121 1 1 1
v 12.0715 -10.1823 52.8591 1 1 1
v 1.13481 13.4776 33.5526 1 1 1
v 12.5299 -10.0346 53.448 1 1 1
v 12.6431 -26.6471 49.4244 1 1 1
v 1.23049 14.2604 33.6506 1 1 1
v 0.963802 13.9916 33.1098 1 1 1
v 13.4057 -9.85043 55.069 1 1 1
v 12.1516 -30.5966 47.4453 1 1 1
v 12.865 -10.071 53.6223 1 1 1
v 12.6884 -10.8068 53.1045 1 1 1
v 12.0637 -23.8885 48.5334 1 1 1
v 11.5037 -28.3903 46.0741 1 1 1
v 1.27439 12.8556 33.0572 1 1 1
v 17.9705 -17.3339 62.3687 1 1 1
v 11.6637 -29.9639 45.9482 1 1 1
v 13.6433 -9.779 54.5025 1 1 1
v 13.9557 -9.83338 55.1493 1 1 1
v 12.354 -28.6913 47.5483 1 1 1
v 15.1656 -13.0145 56.8996 1 1 1
v 12.4975 -30.3736 47.0389 1 1 1
v 14.6887 -10.176 55.9437 1 1 1
v 13.7651 -28.5907 49.3432 1 1 1
v 1.55334 12.4285 32.1278 1 1 1
v 14.6392 -29.014 50.0903 1 1 1
v 13.3642 -30.4804 47.1193 1 1 1
v 2.15036 9.0039 32.0072 1 1 1
v 12.9015 -28.5977 46.1736 1 1 1
v 2.22302 9.83015 32.0213 1 1 1
v 13.0212 -29.6362 45.5409 1 1 1
v 3.04619 19.0756 35.1259 1 1 1
v 2.53919 12.1905 32.5503 1 1 1
v 14.4129 -28.8134 48.1063 1 1 1
v -0.245916 -5.57897 22.9691 1 1 1
v 1.16907 7.99702 28.6616 1 1 1
v 1.77941 8.52078 29.4543 1 1 1
v 3.83552 19.8277 35.5465 1 1 1
v 1.58123 -4.05589 26.4747 1 1 1
v 1.48946 -3.60503 26.3073 1 1 1
v 2.23879 -5.71326 27.3355 1 1 1
v 1.2052 -3.5617 25.6202 1 1 1
v 1.62978 -3.56574 26.1997 1 1 1
v 1.2052 -3.5617 25.6202 1 1 1
v 2.76196 7.67152 29.8232 1 1 1
v 2.47886 -4.31084 27.1717 1 1 1
v 2.33096 8.06957 29.0893 1 1 1
v 15.2187 -30.084 46.3406 1 1 1
v 2.33323 -3.83578 26.5701 1 1 1
v 3.90429 22.8913 33.9764 1 1 1
v 3.093 20.6082 32.1753 1 1 1
v 5.19339 15.2326 34.8826 1 1 1
v 5.47812 15.5478 35.4299 1 1 1
v 5.47812 15.5478 35.4299 1 1 1
v 2.05585 8.1167 28.0166 1 1 1
v 1.91621 -3.19293 25.571 1 1 1
v 4.92212 21.9649 34.8006 1 1 1
v 2.7495 8.38077 28.6 1 1 1
v 4.8254 15.0423 32.9362 1 1 1
v 4.87834 15.1025 33.0352 1 1 1
v 3.39224 8.98482 29.3896 1 1 1
v 4.66521 9.10006 30.6429 1 1 1
v 3.84562 4.5167 28.4347 1 1 1
v 7.40798 16.9619 35.5537 1 1 1
v 4.85115 3.04527 29.2153 1 1 1
v 4.8201 3.02853 29.1595 1 1 1
v 4.11485 2.65166 28.0999 1 1 1
v 4.67703 2.68676 28.7764 1 1 1
v 4.25164 26.0534 31.4557 1 1 1
v 6.82665 17.037 34.1062 1 1 1
v 3.08803 -3.72419 24.8315 1 1 1
v 5.2685 6.28937 29.6602 1 1 1
v 5.29843 6.29581 29.692 1 1 1
v 5.56303 -3.10919 28.5386 1 1 1
v 4.66472 4.78469 28.1541 1 1 1
v 4.37828 -1.66747 26.6795 1 1 1
v 4.9854 -2.12088 27.1535 1 1 1
v 6.38058 -1.75974 29.215 1 1 1
v 5.58536 0.713463 28.3486 1 1 1
v 5.97126 6.20094 29.5244 1 1 1
v 4.70216 -2.70316 26.205 1 1 1
v 5.31221 -3.03289 26.7632 1 1 1
v 6.92981 -2.27445 28.7104 1 1 1
v 34.4807 -0.919131 64.3343 1 1 1
v 21.7564 -28.2827 43.669 1 1 1
v 27.3364 -29.2778 48.1196 1 1 1
v 26.5823 -27.6909 46.0746 1 1 1
v 31.3261 6.23716 51.5556 1 1 1
v -18.7443 0.180291 46.8089 1 1 1
v -18.619 0.0269989 45.8657 1 1 1
v -18.6881 0.446527 45.8256 1 1 1
v -18.3524 -1.40333 46.4694 1 1 1
v -13.3337 -17.5241 28.311 1 1 1
v -17.3027 -2.84992 46.3192 1 1 1
v -16.9336 -0.673195 45.236 1 1 1
v -16.5078 -3.55305 45.7042 1 1 1
v -16.4353 -3.97491 45.9596 1 1 1
v -17.4595 -9.8178 78.222 1 1 1
v -17.4595 -9.8178 78.222 1 1 1
v -16.4677 -3.32219 46.5278 1 1 1
v -16.4677 -3.32219 46.5278 1 1 1
v -16.5009 -1.35003 46.4481 1 1 1
v -16.3936 -1.25811 46.0702 1 1 1
v -16.4144 -1.20763 46.529 1 1 1
v -16.2287 -1.62453 46.7486 1 1 1
v -16.2284 -1.55566 46.3619 1 1 1
v -15.8478 -3.6728 46.3661 1 1 1
v -15.8337 -3.46496 46.8015 1 1 1
v -15.8338 -3.46146 46.8796 1 1 1
v -15.8338 -3.46146 46.8796 1 1 1
v -15.843 -2.90536 46.6941 1 1 1
v -15.843 -2.90536 46.6941 1 1 1
v -16.0525 -9.54301 76.0045 1 1 1
v -15.8118 -2.62971 47.1905 1 1 1
v -15.6424 -3.64836 48.7651 1 1 1
v -15.6551 -3.63767 49.4602 1 1 1
v -11.3042 -31.335 66.1944 1 1 1
v -11.3042 -31.335 66.1944 1 1 1
v -11.3158 -30.7951 67.1701 1 1 1
v -11.3158 -30.7951 67.1701 1 1 1
v -15.2931 -3.5499 48.2231 1 1 1
v -11.3477 -29.9949 67.7388 1 1 1
v -15.4153 -3.21151 53.8705 1 1 1
v -10.4669 -33.175 64.0328 1 1 1
v -10.4873 -31.9033 65.3873 1 1 1
v -10.4873 -31.9033 65.3873 1 1 1
v -11.9002 -16.8894 27.2048 1 1 1
v -11.9002 -16.8894 27.2048 1 1 1
v -14.7848 -2.70777 48.1264 1 1 1
v -9.62301 -33.105 63.4984 1 1 1
v -9.62301 -33.105 63.4984 1 1 1
v -9.67518 -32.4836 64.6175 1 1 1
v -9.67518 -32.4836 64.6175 1 1 1
v -14.3812 -2.8296 49.2359 1 1 1
v -9.7761 -29.2742 67.6242 1 1 1
v -9.4289 -30.8007 65.9698 1 1 1
v -13.6581 -2.46209 49.2625 1 1 1
v -9.06851 -29.7537 66.7349 1 1 1
v -8.82373 -30.4164 66.6008 1 1 1
v -13.8546 0.189591 48.0385 1 1 1
v -13.8546 0.189591 48.0385 1 1 1
v -13.6718 1.52229 43.7448 1 1 1
v -10.9129 -0.224181 48.1189 1 1 1
v -10.7935 -0.477123 48.4208 1 1 1
v -9.69396 -1.27673 62.6046 1 1 1
v -12.6269 12.6239 48.5711 1 1 1
v -8.93443 -1.12226 49.8826 1 1 1
v -2.31778 -31.2766 63.3729 1 1 1
v -2.00147 -31.4463 63.6587 1 1 1
v -2.29757 -31.2623 60.7577 1 1 1
v -1.5779 -31.9603 65.8644 1 1 1
v -7.18721 0.800821 59.446 1 1 1
v -1.96474 -32.6196 59.9435 1 1 1
v -1.89542 -30.7642 62.5276 1 1 1
v -1.89542 -30.7642 62.5276 1 1 1
v -1.94764 -31.6717 61.0294 1 1 1
v -9.432 6.73931 46.9076 1 1 1
v -2.18556 -30.4654 59.3659 1 1 1
v -8.58382 8.19811 53.9711 1 1 1
v -1.42767 -33.6918 60.5392 1 1 1
v -1.41307 -33.7137 60.5657 1 1 1
v -3.66616 -6.07545 71.4235 1 1 1
v -8.42972 9.79492 48.7341 1 1 1
v -7.13592 12.1581 47.0053 1 1 1
v -6.43181 12.6339 47.3515 1 1 1
v -8.28406 17.5934 40.9956 1 1 1
v 2.50163 -9.72358 73.803 1 1 1
v 4.32772 -14.3458 70.1822 1 1 1
v 2.23684 -21.4079 56.0414 1 1 1
v 4.78147 -14.9108 70.3129 1 1 1
v 1.99819 -25.4945 51.8165 1 1 1
v 5.18471 -14.9231 70.6362 1 1 1
v 3.8198 -12.2506 65.8336 1 1 1
v 5.38685 -14.247 70.7651 1 1 1
v 2.45497 -23.5228 53.1786 1 1 1
v 2.29141 -25.7329 51.1614 1 1 1
v 2.29141 -25.7329 51.1614 1 1 1
v -6.98351 18.2702 36.806 1 1 1
v 2.56049 -21.9808 53.6126 1 1 1
v 2.77267 -26.3664 51.7888 1 1 1
v 2.53648 -29.2998 49.0793 1 1 1
v 5.02596 -5.629 71.3029 1 1 1
v 4.26096 -7.22291 67.4503 1 1 1
v 2.74712 -23.2825 52.7894 1 1 1
v -6.934 20.4527 37.041 1 1 1
v 2.44553 -27.6574 49.1914 1 1 1
v -7.01197 21.0702 36.7723 1 1 1
v 2.33335 -27.9591 47.9996 1 1 1
v 4.1265 -6.99834 65.2182 1 1 1
v 4.85261 -5.2807 68.8963 1 1 1
v 2.97638 -23.2161 52.4403 1 1 1
v 2.66109 -29.0567 47.9615 1 1 1
v 2.64391 -28.6779 47.9062 1 1 1
v 3.84413 -2.44674 65.1351 1 1 1
v 3.91714 -3.00319 65.092 1 1 1
v 5.28581 -5.01713 68.3299 1 1 1
v -9.43355 25.1847 27.9446 1 1 1
v 3.5228 -23.7452 51.8915 1 1 1
v -6.14658 19.4103 36.5937 1 1 1
v 5.27401 -5.6389 66.1623 1 1 1
v 5.41498 -4.42593 67.0059 1 1 1
v 3.06828 -17.0016 52.5649 1 1 1
v 3.26788 -26.8808 48.7502 1 1 1
v 3.26788 -26.8808 48.7502 1 1 1
v 5.34614 -6.17319 65.5229 1 1 1
v -5.95693 15.4424 34.6359 1 1 1
v -5.95693 15.4424 34.6359 1 1 1
v -5.3963 19.0769 37.6879 1 1 1
v -5.73396 14.1195 34.133 1 1 1
v 3.44607 -22.8636 49.5543 1 1 1
v 4.05835 -14.7556 54.8756 1 1 1
v -5.00568 7.53715 33.2311 1 1 1
v 3.91252 -25.3742 49.5562 1 1 1
v 3.61543 -27.8084 47.6109 1 1 1
v -4.55962 9.37668 35.271 1 1 1
v 4.19289 -14.7144 54.8411 1 1 1
v 3.82279 -16.8236 52.6044 1 1 1
v 3.75998 -17.7215 51.6763 1 1 1
v 3.71744 -26.3531 47.8276 1 1 1
v 3.87872 -18.4648 51.6282 1 1 1
v 3.87872 -18.4648 51.6282 1 1 1
v 3.71147 -26.7087 47.4367 1 1 1
v -4.85847 -2.55812 28.5595 1 1 1
v -4.67693 -2.47191 29.2612 1 1 1
v -4.33331 -4.32263 29.5092 1 1 1
v -4.33331 -4.32263 29.5092 1 1 1
v -5.03545 17.0471 36.1165 1 1 1
v -4.77915 -2.0277 28.8624 1 1 1
v -4.47562 11.9582 35.5307 1 1 1
v 3.83277 -28.012 46.3699 1 1 1
v 4.02796 -27.4698 47.0278 1 1 1
v 4.38437 -26.8881 48.0954 1 1 1
v 4.99208 -27.3063 49.7591 1 1 1
v -4.29606 -2.12339 29.6728 1 1 1
v 4.02866 -26.9987 46.7001 1 1 1
v -4.00744 -4.25306 29.4784 1 1 1
v -3.41677 9.20302 36.6969 1 1 1
v 4.65601 -16.2331 52.5011 1 1 1
v 4.13399 -27.3042 46.5387 1 1 1
v -3.41784 13.1106 38.1312 1 1 1
v -4.19581 1.48475 30.902 1 1 1
v 4.7225 -27.9971 47.7089 1 1 1
v 4.52633 -27.5478 47.1321 1 1 1
v -4.10402 1.05146 30.6404 1 1 1
v 5.32446 -20.5328 51.4902 1 1 1
v 4.99988 -16.7554 51.8768 1 1 1
v -4.43088 5.75829 30.8145 1 1 1
v 4.44057 -23.8669 47.0387 1 1 1
v 5.28644 -29.2101 47.5708 1 1 1
v 5.17564 -20.4798 50.1189 1 1 1
v 4.41804 -21.741 47.0386 1 1 1
v -3.85931 -4.97051 27.8931 1 1 1
v 5.03288 -23.5314 47.562 1 1 1
v 5.75712 -16.9015 51.93 1 1 1
v -3.72191 -4.72428 27.8171 1 1 1
v 6.08007 -19.9933 51.0007 1 1 1
v 5.95697 -16.0956 51.9774 1 1 1
v 5.32265 -21.6521 47.3654 1 1 1
v 5.64427 -20.7779 48.6036 1 1 1
v 5.66386 -19.8402 47.9518 1 1 1
v -3.5186 -2.1655 27.6458 1 1 1
v 5.73095 -23.7901 46.7011 1 1 1
v -3.71533 7.74709 30.0185 1 1 1
v -3.38048 7.86815 30.806 1 1 1
v -3.38048 7.86815 30.806 1 1 1
v 6.38876 -25.4205 46.7611 1 1 1
v -2.99097 17.2703 34.5752 1 1 1
v 6.33976 -25.4667 46.1462 1 1 1
v -3.08934 -1.44777 28.1584 1 1 1
v -3.23302 6.61692 29.9685 1 1 1
v -2.49529 -4.88023 27.855 1 1 1
v -2.49529 -4.88023 27.855 1 1 1
v 7.49493 -17.879 50.1921 1 1 1
v 8.35372 -15.1251 52.6837 1 1 1
v 9.21007 -15.1732 53.9729 1 1 1
v 9.21007 -15.1732 53.9729 1 1 1
v 7.62673 -23.0705 47.3746 1 1 1
v -2.74226 7.55017 29.3886 1 1 1
v -1.99365 13.3259 32.8592 1 1 1
v 9.12875 -14.4286 53.0397 1 1 1
v 8.25466 -14.0321 50.4719 1 1 1
v 7.92809 -25.7903 45.7593 1 1 1
v 8.8436 -13.8175 51.059 1 1 1
v -2.32435 -4.28534 26.4218 1 1 1
v 8.4197 -28.555 45.6224 1 1 1
v -1.25203 19.3702 34.0078 1 1 1
v 11.1494 -31.4956 49.5949 1 1 1
v -1.84611 -3.77651 26.2272 1 1 1
v -1.06437 12.792 31.8965 1 1 1
v 10.0125 -10.8082 51.4877 1 1 1
v 11.3804 -9.95276 54.5461 1 1 1
v 11.3804 -9.95276 54.5461 1 1 1
v 17.0536 -29.0084 62.2945 1 1 1
v -0.240362 19.3689 34.3285 1 1 1
v 11.7243 -31.3524 49.1123 1 1 1
v 11.047 -14.2866 51.5291 1 1 1
v 15.2017 -6.81221 62.3789 1 1 1
v 9.45262 -22.5621 45.8425 1 1 1
v 15.9427 -9.50327 63.0687 1 1 1
v 10.7411 -10.0398 51.236 1 1 1
v 16.1107 -7.04215 63.7831 1 1 1
v 16.1107 -7.04215 63.7831 1 1 1
v 9.62216 -23.5871 45.5389 1 1 1
v 16.0731 -7.0035 63.2695 1 1 1
v 10.3251 -21.917 47.1604 1 1 1
v 11.125 -10.2497 51.4848 1 1 1
v -0.407965 13.2187 31.5213 1 1 1
v 12.2408 -31.2761 48.924 1 1 1
v 7.20941 -9.77141 42.856 1 1 1
v 9.14197 -10.0534 46.8964 1 1 1
v -1.1068 14.4023 29.8886 1 1 1
v 11.2046 -28.9774 46.6596 1 1 1
v 12.1245 -9.96697 52.7506 1 1 1
v 21.4595 -11.8545 72.433 1 1 1
v 0.228758 13.5938 31.9866 1 1 1
v 13.8464 -9.65388 55.5886 1 1 1
v 11.5183 -21.759 48.0874 1 1 1
v 11.5183 -21.759 48.0874 1 1 1
v 11.5808 -23.1745 47.8804 1 1 1
v 11.4671 -17.9023 48.6336 1 1 1
v 8.49126 -6.60523 44.9713 1 1 1
v 13.8027 -9.42252 55.0217 1 1 1
v 12.6138 -13.7459 51.369 1 1 1
v 11.18 -18.6759 47.0079 1 1 1
v 13.7612 -9.14837 53.8566 1 1 1
v 17.9543 -12.8718 60.9311 1 1 1
v 11.0987 -11.5368 47.3548 1 1 1
v 1.12976 18.4644 32.8542 1 1 1
v 15.8439 -28.4246 52.9342 1 1 1
v 14.0494 -30.9105 48.4485 1 1 1
v 24.7742 -23.2746 70.648 1 1 1
v 20.1941 -35.4336 57.1445 1 1 1
v 2.81562 18.3126 32.5302 1 1 1
v 1.47263 8.63783 28.5383 1 1 1
v 1.47263 8.63783 28.5383 1 1 1
v 0.926551 -3.59032 25.2371 1 1 1
v 0.90919 -3.51608 25.1878 1 1 1
v 1.34311 8.38923 27.6272 1 1 1
v 1.02466 -3.76567 24.9328 1 1 1
v 2.49224 19.129 30.7723 1 1 1
v 1.72754 8.20749 27.6954 1 1 1
v 2.025 8.2221 28.0276 1 1 1
v 1.91285 6.81038 27.3908 1 1 1
v 2.17512 6.90833 27.8558 1 1 1
v 1.7179 -3.27449 25.3096 1 1 1
v 2.18517 18.9198 29.139 1 1 1
v 2.91182 6.69916 28.3745 1 1 1
v 2.65996 6.55045 28.0042 1 1 1
v 22.6294 -34.6697 55.8286 1 1 1
v 2.95597 7.17798 28.3452 1 1 1
v 2.81864 7.62285 27.5973 1 1 1
v 3.42381 7.07151 28.2837 1 1 1
v 3.42381 7.07151 28.2837 1 1 1
v 3.05318 8.19657 27.8953 1 1 1
v 7.0095 17.8861 34.2558 1 1 1
v 4.08152 3.44016 27.852 1 1 1
v 6.44433 17.6418 33.2889 1 1 1
v 3.36294 5.59155 26.8965 1 1 1
v 3.36294 5.59155 26.8965 1 1 1
v 7.78974 17.1163 34.3676 1 1 1
v 7.78974 17.1163 34.3676 1 1 1
v 3.71221 1.46476 25.9333 1 1 1
v 4.9896 0.371368 27.6575 1 1 1
v 5.16379 0.232918 27.7391 1 1 1
v 4.14604 -2.51761 25.7513 1 1 1
v 4.45712 -2.47073 26.1456 1 1 1
v 4.65637 -2.55084 25.8918 1 1 1
v 4.50288 -3.03331 25.5045 1 1 1
v 4.77781 -3.04646 25.6164 1 1 1
v 4.71714 -3.06065 25.5151 1 1 1
v 29.1559 -1.84644 60.5251 1 1 1
v 6.21545 18.5905 28.4187 1 1 1
v 22.8123 -29.0276 45.43 1 1 1
v 31.2147 -1.01499 57.7961 1 1 1
v -17.184 -3.73713 44.7339 1 1 1
v -16.7043 -2.113 44.0988 1 1 1
v -15.857 -2.04402 45.2579 1 1 1
v -15.8396 -2.19732 45.4638 1 1 1
v -15.4593 -2.96952 46.6307 1 1 1
v -15.31 -3.57923 47.5758 1 1 1
v -15.5416 -2.05579 46.3741 1 1 1
v -15.2173 -2.39367 45.904 1 1 1
v -6.55055 -0.955792 30.4666 1 1 1
v 1.92108 -27.9935 47.2875 1 1 1
v 2.00604 -27.2292 47.1183 1 1 1
v 1.7494 -25.9202 46.6143 1 1 1
v 1.74275 -27.7543 45.4984 1 1 1
v 2.70113 -27.5828 49.2295 1 1 1
v 1.93439 -19.5566 48.6285 1 1 1
v 2.83604 -27.25 46.4279 1 1 1
v 2.94176 -26.5184 46.109 1 1 1
v 3.24704 -26.2132 46.7079 1 1 1
v 3.33621 -19.7112 49.7136 1 1 1
v 2.85941 -26.6521 44.8861 1 1 1
v 3.34843 -18.4856 49.738 1 1 1
v 3.21059 -19.2597 48.6689 1 1 1
v -5.28314 1.24866 30.3824 1 1 1
v -4.78263 1.60656 31.6255 1 1 1
v 3.62007 -26.1829 45.3193 1 1 1
v -6.13793 -1.30016 25.3159 1 1 1
v -4.33536 -5.18755 29.0189 1 1 1
v 4.30886 -20.8698 48.7286 1 1 1
v 3.9316 -26.8855 44.9193 1 1 1
v -4.8768 -2.99031 27.9712 1 1 1
v -4.37846 -4.98795 28.6603 1 1 1
v -4.37846 -4.98795 28.6603 1 1 1
v 2.47217 -18.7295 43.5673 1 1 1
v -4.41768 -4.72397 28.0781 1 1 1
v -4.23307 -4.83788 28.7693 1 1 1
v 4.91519 -21.776 48.9405 1 1 1
v -4.73262 -4.14236 27.1688 1 1 1
v -4.92885 0.230949 28.3765 1 1 1
v 2.80986 -22.5268 42.1616 1 1 1
v -4.36459 -5.15247 27.7467 1 1 1
v -4.86044 -3.98164 26.7284 1 1 1
v 4.52291 -25.2539 45.4789 1 1 1
v -4.63802 3.6643 30.1462 1 1 1
v -4.38421 -4.89064 27.2375 1 1 1
v 4.55546 -26.3738 44.4753 1 1 1
v 4.55546 -26.3738 44.4753 1 1 1
v 4.70916 -15.8509 49.0284 1 1 1
v -3.89474 -5.48342 28.0692 1 1 1
v 5.27065 -21.2202 48.1696 1 1 1
v 5.44718 -21.3418 48.6118 1 1 1
v 4.81601 -24.3926 45.3076 1 1 1
v -3.83521 -5.06466 27.821 1 1 1
v -3.77228 -5.5254 27.835 1 1 1
v 5.1358 -19.3667 47.3153 1 1 1
v -4.89787 -5.34215 24.5119 1 1 1
v -3.80834 -4.82775 27.3686 1 1 1
v 5.34627 -24.5516 45.0305 1 1 1
v -4.12818 6.23413 30.0612 1 1 1
v 5.36503 -18.032 46.3555 1 1 1
v -3.58911 -5.24657 26.7868 1 1 1
v -3.46849 -5.18734 26.5573 1 1 1
v -3.46849 -5.18734 26.5573 1 1 1
v -4.25634 6.76172 28.3724 1 1 1
v -3.32563 -5.36217 26.6765 1 1 1
v -4.00224 6.25699 28.8146 1 1 1
v 5.36284 -17.2806 45.0671 1 1 1
v 6.9397 -23.9438 45.5101 1 1 1
v 7.26589 -25.1012 45.0843 1 1 1
v -0.283831 -20.7321 27.6583 1 1 1
v -3.50549 7.13841 27.4392 1 1 1
v 8.02017 -27.0437 44.2176 1 1 1
v -2.46117 5.91678 27.6328 1 1 1
v -2.19941 -4.44625 25.1944 1 1 1
v -2.05885 6.28819 28.182 1 1 1
v -2.14081 -4.27073 25.2107 1 1 1
v 9.79533 -22.5243 46.4094 1 1 1
v -1.42254 -6.26299 26.113 1 1 1
v -0.858734 -6.72829 26.6087 1 1 1
v -0.629787 -6.58307 26.1032 1 1 1
v 11.0197 -27.6425 44.9926 1 1 1
v 10.0355 -26.2913 42.9274 1 1 1
v 10.0355 -26.2913 42.9274 1 1 1
v 10.5797 -27.2813 43.6234 1 1 1
v 11.0907 -25.8794 44.7932 1 1 1
v 8.12847 -11.3518 41.9809 1 1 1
v 11.7762 -27.5709 45.3356 1 1 1
v -0.824636 5.66156 27.2564 1 1 1
v -2.29569 -13.2092 19.6889 1 1 1
v -7.51975 -10.6708 10.1436 1 1 1
v -0.355095 6.14228 26.4398 1 1 1
v 1.61562 -19.2951 24.7642 1 1 1
v 1.61562 -19.2951 24.7642 1 1 1
v -0.293907 6.89372 25.9722 1 1 1
v -0.293907 6.89372 25.9722 1 1 1
v 2.07756 -19.5453 25.1072 1 1 1
v 0.626054 -4.09122 25.1251 1 1 1
v 0.0515763 6.99525 25.6754 1 1 1
v 0.341263 6.36386 25.571 1 1 1
v 0.569371 -3.98461 23.746 1 1 1
v 1.79421 -4.71714 25.5498 1 1 1
v 1.47501 7.14887 26.7841 1 1 1
v 0.755781 5.52842 25.1791 1 1 1
v 1.50337 6.90642 26.2211 1 1 1
v 1.50337 6.90642 26.2211 1 1 1
v 1.84491 4.3908 25.4544 1 1 1
v 2.1762 6.98444 25.8379 1 1 1
v 2.40948 -4.48867 24.6559 1 1 1
v 2.52443 1.93717 25.6094 1 1 1
v 2.72131 1.82808 25.8828 1 1 1
v 1.14354 6.01914 23.8024 1 1 1
v 1.19799 6.06695 23.8899 1 1 1
v 3.11181 0.578376 25.7782 1 1 1
v 3.42482 5.11675 26.7023 1 1 1
v 3.65254 0.264419 26.2939 1 1 1
v 3.73013 0.0417369 26.0579 1 1 1
v 4.07 -3.00113 26.2376 1 1 1
v 3.92632 3.14374 26.5461 1 1 1
v -13.3574 -11.3485 8.53317 1 1 1
v -13.6951 -9.18879 2.52783 1 1 1
v -6.04865 -13.5917 11.8086 1 1 1
v -5.88729 -13.7018 12.0684 1 1 1
v -13.8691 -14.4412 15.2832 1 1 1
v -15.6923 -2.05457 3.97582 1 1 1
v -15.6923 -2.05457 3.97582 1 1 1
v -15.6694 -2.0833 3.96048 1 1 1
v -15.6694 -2.0833 3.96048 1 1 1
v -15.6301 -3.71947 42.0989 1 1 1
v -15.6012 -2.54368 40.2185 1 1 1
v -13.9153 0.383762 38.1673 1 1 1
v 0.98467 -25.5977 44.3518 1 1 1
v 0.841908 -25.2508 43.2278 1 1 1
v 1.71827 -21.8306 46.4403 1 1 1
v 1.65218 -25.218 44.5884 1 1 1
v 1.34088 -24.8747 43.6776 1 1 1
v 1.64468 -18.7357 46.856 1 1 1
v 1.86777 -23.1383 44.8516 1 1 1
v -7.14373 10.4556 30.4698 1 1 1
v 1.6354 -24.6262 42.209 1 1 1
v 2.40512 -25.3425 44.2221 1 1 1
v 2.11981 -18.9103 46.3577 1 1 1
v 1.95591 -18.7383 45.8017 1 1 1
v 1.40831 -17.1394 44.5618 1 1 1
v -6.44784 5.10947 28.9456 1 1 1
v -5.4097 4.43205 31.6602 1 1 1
v -6.21961 4.87967 29.1786 1 1 1
v -5.47982 -4.95542 27.0705 1 1 1
v -6.20322 5.86882 29.3685 1 1 1
v -5.10306 0.80492 30.5803 1 1 1
v -5.89613 7.36236 30.8243 1 1 1
v -5.06287 -5.15124 27.6956 1 1 1
v -4.81213 -5.08012 28.5121 1 1 1
v -5.21013 -4.48133 27.4146 1 1 1
v 2.878 -18.4835 46.4083 1 1 1
v -5.994 4.93072 28.7698 1 1 1
v -4.78914 -5.2518 28.0449 1 1 1
v 2.92159 -19.3268 45.4791 1 1 1
v -4.60653 -4.98979 28.4399 1 1 1
v -4.60653 -4.98979 28.4399 1 1 1
v -4.73944 -3.40222 28.7016 1 1 1
v -5.27859 -3.12909 27.1272 1 1 1
v -4.67818 -5.34587 28.0361 1 1 1
v -4.88685 -4.06361 27.925 1 1 1
v 2.93376 -24.5675 42.9208 1 1 1
v -4.96991 -4.42181 27.1978 1 1 1
v -5.30204 -2.92889 26.8003 1 1 1
v 3.27889 -20.0446 45.5908 1 1 1
v -5.71627 6.04164 29.1029 1 1 1
v -4.81865 -3.22557 27.9563 1 1 1
v -5.98059 3.44972 27.0992 1 1 1
v -5.56707 5.92557 29.3016 1 1 1
v -5.24762 0.778007 28.1811 1 1 1
v -5.37823 -0.0667855 27.3588 1 1 1
v 3.16183 -22.5752 43.5127 1 1 1
v 3.28954 -20.1238 44.824 1 1 1
v 3.5038 -20.0578 45.2291 1 1 1
v -5.23604 0.297028 27.7096 1 1 1
v 3.27543 -23.9048 42.9439 1 1 1
v 2.63228 -21.6669 41.8993 1 1 1
v -4.87408 -3.96336 26.6041 1 1 1
v 3.34153 -22.1796 43.1624 1 1 1
v 3.79742 -18.1036 45.9258 1 1 1
v -5.53493 4.53921 27.8142 1 1 1
v 3.49152 -22.8687 43.0757 1 1 1
v 2.69536 -22.2579 41.1476 1 1 1
v 3.44759 -23.7296 42.6963 1 1 1
v 3.77489 -22.7359 43.5165 1 1 1
v -4.47296 -5.44946 26.4573 1 1 1
v 3.87351 -23.5533 43.1872 1 1 1
v 3.75132 -20.5013 43.7614 1 1 1
v 3.89421 -19.5445 44.4702 1 1 1
v 3.31393 -22.4797 41.624 1 1 1
v -5.30458 6.06998 27.9205 1 1 1
v -5.30458 6.06998 27.9205 1 1 1
v -4.72342 -5.15748 25.2506 1 1 1
v -5.10845 4.89048 27.7384 1 1 1
v 4.06839 -18.8004 44.2228 1 1 1
v 3.89901 -22.3333 42.5268 1 1 1
v 4.1532 -19.7341 44.1708 1 1 1
v -4.10043 -5.61452 26.2196 1 1 1
v 4.21902 -22.0965 42.5865 1 1 1
v 2.41643 -19.2743 38.689 1 1 1
v 2.41643 -19.2743 38.689 1 1 1
v 2.63857 -16.705 39.7765 1 1 1
v -4.25629 -2.19095 26.262 1 1 1
v -3.76607 -5.53989 26.3702 1 1 1
v -5.07194 5.73071 26.6326 1 1 1
v 4.44761 -20.8465 42.7028 1 1 1
v 4.6245 -21.8142 42.8903 1 1 1
v -3.63399 -5.17752 26.5143 1 1 1
v -4.67191 6.58172 27.6683 1 1 1
v -4.08283 10.3801 29.7035 1 1 1
v -4.08283 10.3801 29.7035 1 1 1
v -3.88816 10.1077 29.457 1 1 1
v -4.27066 6.32629 27.2201 1 1 1
v -4.19578 6.4224 27.4302 1 1 1
v 5.50742 -23.5847 42.4056 1 1 1
v 5.50662 -21.6638 42.9698 1 1 1
v 5.36723 -22.7256 42.1036 1 1 1
v -3.89213 10.376 29.1154 1 1 1
v -3.65349 11.2467 29.5148 1 1 1
v 5.79502 -23.8653 42.027 1 1 1
v -3.71482 10.4726 28.9175 1 1 1
v 5.27756 -23.7031 40.4465 1 1 1
v -3.77647 6.49616 27.2014 1 1 1
v -3.37377 10.8618 29.1342 1 1 1
v -3.49374 -4.55375 24.1571 1 1 1
v -3.69026 5.8744 26.4792 1 1 1
v 6.41728 -22.9958 42.0706 1 1 1
v 6.48407 -24.1787 41.5181 1 1 1
v -2.66653 -4.53522 25.3514 1 1 1
v 6.64638 -23.775 41.2708 1 1 1
v -2.91397 -4.03684 24.2881 1 1 1
v -2.52922 5.86283 27.3714 1 1 1
v -2.34392 -4.43878 25.2081 1 1 1
v -1.70062 10.8317 30.1738 1 1 1
v 7.86551 -21.3348 42.716 1 1 1
v -2.38727 12.1616 27.9791 1 1 1
v -2.9047 11.3137 26.6942 1 1 1
v -1.72523 11.6129 28.9609 1 1 1
v 8.19281 -20.4982 42.8055 1 1 1
v -2.1035 10.9699 27.9654 1 1 1
v -1.13094 8.50839 29.1738 1 1 1
v 8.72435 -16.6877 44.2652 1 1 1
v -1.95019 10.7147 27.6963 1 1 1
v -1.54103 11.3343 28.6858 1 1 1
v -1.85988 10.861 27.9166 1 1 1
v 8.42597 -21.6251 42.0705 1 1 1
v 8.57747 -16.8461 43.2527 1 1 1
v 7.87137 -20.8938 40.7962 1 1 1
v 7.6911 -20.7915 40.4395 1 1 1
v -0.919444 11.0854 29.4621 1 1 1
v -1.48205 10.8635 28.0123 1 1 1
v 7.39401 -17.1827 40.0311 1 1 1
v -1.27351 5.3239 26.6439 1 1 1
v -1.17454 9.974 27.341 1 1 1
v 7.72203 -9.76357 41.0193 1 1 1
v 0.925717 11.5748 30.3599 1 1 1
v -0.0584442 7.52518 27.5383 1 1 1
v -0.552362 6.59676 26.2232 1 1 1
v -1.33701 5.91396 24.2256 1 1 1
v -0.388038 6.62686 26.0609 1 1 1
v 0.0730626 -4.18723 24.4491 1 1 1
v -0.682837 6.32413 24.5477 1 1 1
v 0.402408 6.11848 25.9091 1 1 1
v 0.502422 6.58045 26.164 1 1 1
v 0.188406 6.28772 25.5196 1 1 1
v 0.251804 -3.91654 23.9767 1 1 1
v 1.01835 10.7762 27.4305 1 1 1
v 1.01835 10.7762 27.4305 1 1 1
v 1.43117 10.9249 27.9263 1 1 1
v -0.422305 -4.21004 22.3589 1 1 1
v 0.935912 5.94015 25.9669 1 1 1
v 1.32598 7.1356 26.7953 1 1 1
v 0.124486 6.47598 24.6091 1 1 1
v 2.16761 11.2431 28.6672 1 1 1
v 1.37217 7.36953 26.6063 1 1 1
v 1.27966 14.3194 27.2086 1 1 1
v 2.68216 8.71599 28.7406 1 1 1
v 1.09656 6.6195 25.7967 1 1 1
v 1.09656 6.6195 25.7967 1 1 1
v 1.09022 5.32093 25.5742 1 1 1
v 2.00438 11.5165 27.7803 1 1 1
v 1.20357 14.1628 26.6767 1 1 1
v 1.03845 3.58846 24.5459 1 1 1
v 1.39813 6.44829 25.4739 1 1 1
v 2.1315 10.3286 27.0776 1 1 1
v 1.63483 14.1233 26.7224 1 1 1
v 2.36847 12.3076 27.525 1 1 1
v 2.36847 12.3076 27.525 1 1 1
v 1.39539 4.11199 24.9312 1 1 1
v 1.80752 11.6755 26.259 1 1 1
v 1.55276 13.1527 26.02 1 1 1
v 1.55276 13.1527 26.02 1 1 1
v 2.15738 7.06248 26.0567 1 1 1
v 2.15738 7.06248 26.0567 1 1 1
v 2.29433 11.9256 26.8026 1 1 1
v 2.43921 1.84665 25.815 1 1 1
v 1.88026 -4.58708 24.1371 1 1 1
v 2.69358 13.2267 27.2669 1 1 1
v 2.35375 5.67022 25.877 1 1 1
v 2.47612 2.60998 25.6809 1 1 1
v 1.41757 4.28482 24.1094 1 1 1
v 2.65325 12.4534 26.5745 1 1 1
v 3.92583 13.9873 28.771 1 1 1
v 1.56146 -3.99424 23.0833 1 1 1
v 3.0289 1.60272 25.8046 1 1 1
v 2.82706 -0.0908232 25.2468 1 1 1
v 2.44505 -3.45449 24.248 1 1 1
v 2.01775 -4.50883 23.4375 1 1 1
v 2.76733 -2.08588 24.6783 1 1 1
v 2.61173 -4.4083 24.1652 1 1 1
v 3.31803 0.669831 25.6266 1 1 1
v 3.51512 0.00840208 25.714 1 1 1
v 2.925 -2.61715 24.5116 1 1 1
v 7.47359 7.41704 32.289 1 1 1
v 2.8725 -4.25769 24.1332 1 1 1
v 2.7815 -4.04293 23.9742 1 1 1
v 3.11981 -3.37794 24.3527 1 1 1
v 3.24247 -3.01653 24.4997 1 1 1
v 2.85789 -3.90707 23.6623 1 1 1
v 3.32905 -3.06064 24.2012 1 1 1
v 3.35421 -3.29418 24.1885 1 1 1
v 3.27652 -16.2034 18.3293 1 1 1
v 3.27652 -16.2034 18.3293 1 1 1
v -20.1285 9.58312 19.8174 1 1 1
v -13.7738 -18.9369 26.7704 1 1 1
v -20.5416 11.479 22.2206 1 1 1
v -20.5416 11.479 22.2206 1 1 1
v -20.88 13.296 23.9526 1 1 1
v -20.8227 13.1881 23.9693 1 1 1
v -18.6068 -0.925686 37.6443 1 1 1
v -13.2541 -23.6283 37.3023 1 1 1
v -19.3823 6.0943 29.3778 1 1 1
v -13.3181 -22.7909 37.5537 1 1 1
v -17.7923 -4.68478 42.4428 1 1 1
v -13.346 -22.3988 37.8652 1 1 1
v -13.346 -22.3988 37.8652 1 1 1
v -17.527 -5.2674 42.1077 1 1 1
v -20.7586 13.6964 26.1099 1 1 1
v -17.4769 -4.58741 40.5698 1 1 1
v -17.2956 -3.68769 39.13 1 1 1
v -17.1749 -9.618 66.1337 1 1 1
v -16.9548 -4.27693 39.488 1 1 1
v -20.7499 15.6002 26.3094 1 1 1
v -12.3627 -23.3073 36.4564 1 1 1
v -12.3627 -23.3073 36.4564 1 1 1
v -12.4693 -28.7508 63.2438 1 1 1
v -16.9435 -3.63373 39.8641 1 1 1
v -12.2239 -29.0299 62.6556 1 1 1
v -16.5949 -4.30562 39.4337 1 1 1
v -16.5949 -4.30562 39.4337 1 1 1
v -16.9065 -2.61258 39.1675 1 1 1
v -16.3376 -4.46367 40.434 1 1 1
v -16.3621 -4.01806 39.989 1 1 1
v -11.6949 -28.3413 62.6244 1 1 1
v -11.6959 -28.6706 63.6928 1 1 1
v -16.7082 -1.56918 38.8775 1 1 1
v -16.2219 -3.94928 40.5126 1 1 1
v -15.3063 -11.6458 70.2411 1 1 1
v -10.817 -30.7459 62.46 1 1 1
v -10.817 -30.7459 62.46 1 1 1
v -16.3235 -2.53489 39.4392 1 1 1
v -16.3599 -2.57049 39.493 1 1 1
v -16.3842 -2.39652 39.9365 1 1 1
v -16.0979 -3.48653 40.373 1 1 1
v -16.1317 -2.61161 39.8554 1 1 1
v -16.0806 -2.84949 40.0759 1 1 1
v -15.0273 -10.7855 65.5994 1 1 1
v -15.8158 -4.19608 40.5905 1 1 1
v -16.2821 -2.16803 41.5625 1 1 1
v -15.7621 -3.98577 40.4415 1 1 1
v -15.8697 -2.94203 38.7848 1 1 1
v -15.7423 -3.40221 40.4638 1 1 1
v -15.8205 -2.80958 40.4854 1 1 1
v -15.8356 -2.82888 40.584 1 1 1
v -16.0469 -2.01162 41.2474 1 1 1
v -10.0803 -30.2302 61.1466 1 1 1
v -10.0803 -30.2302 61.1466 1 1 1
v -15.6901 -2.90332 40.2583 1 1 1
v -15.4737 -4.19284 42.4102 1 1 1
v -15.4737 -4.19284 42.4102 1 1 1
v -15.5746 -2.90212 40.4524 1 1 1
v -15.451 -3.62715 40.696 1 1 1
v -15.5213 -2.98477 40.9106 1 1 1
v -10.1438 -28.7686 61.7098 1 1 1
v -10.1439 -29.0699 62.5695 1 1 1
v -15.5123 -2.7458 40.85 1 1 1
v -10.195 -27.9991 61.9756 1 1 1
v -9.30148 -30.0909 60.8566 1 1 1
v -9.38938 -29.3757 61.203 1 1 1
v -9.38938 -29.3757 61.203 1 1 1
v -9.58169 -28.054 61.6202 1 1 1
v -14.8688 -3.4 41.8014 1 1 1
v -14.6862 -4.29033 42.8199 1 1 1
v -9.34817 -28.916 62.2724 1 1 1
v -9.35934 -28.6235 61.4397 1 1 1
v -14.8003 -3.31975 41.8243 1 1 1
v -14.5928 -3.30883 41.9337 1 1 1
v -14.4834 -2.10047 33.4324 1 1 1
v -13.9878 -3.20884 42.5424 1 1 1
v -17.1701 11.4542 29.6946 1 1 1
v -13.7307 -3.12411 46.2874 1 1 1
v -13.7246 0.471995 38.4755 1 1 1
v -12.2981 -2.17446 43.3383 1 1 1
v -5.5176 -30.3863 58.9095 1 1 1
v -5.5176 -30.3863 58.9095 1 1 1
v -12.3116 -2.84591 39.0823 1 1 1
v -4.99996 -29.4907 60.1261 1 1 1
v -11.5019 -1.17422 41.7878 1 1 1
v -11.4281 -1.37596 42.037 1 1 1
v -13.5104 10.3015 39.1977 1 1 1
v -8.82537 -2.98304 57.6656 1 1 1
v -3.55102 -29.6859 58.8399 1 1 1
v -12.8003 9.3582 38.0395 1 1 1
v -3.40697 -28.6897 57.9983 1 1 1
v -3.0316 -30.3165 57.9919 1 1 1
v -11.2816 4.5449 42.7309 1 1 1
v -3.29475 -28.5729 57.0142 1 1 1
v -9.73305 -2.11711 42.6491 1 1 1
v -15.4081 17.631 24.0833 1 1 1
v -10.1528 -0.316475 40.3145 1 1 1
v -2.67791 -28.5756 58.0466 1 1 1
v -2.54922 -27.7316 59.1878 1 1 1
v -2.54922 -27.7316 59.1878 1 1 1
v -11.0379 5.65691 40.0689 1 1 1
v -11.3567 2.76107 32.1335 1 1 1
v -4.48904 -9.11227 63.2453 1 1 1
v -6.55664 -1.02792 54.6926 1 1 1
v -9.3787 7.5611 42.414 1 1 1
v -5.10688 -1.26861 54.8325 1 1 1
v -5.10688 -1.26861 54.8325 1 1 1
v -7.4199 5.28718 46.2906 1 1 1
v -1.53403 -8.91372 64.9352 1 1 1
v -12.5586 18.1081 26.2758 1 1 1
v -12.5586 18.1081 26.2758 1 1 1
v 0.332781 -22.5111 51.525 1 1 1
v 0.130092 -22.4746 50.9338 1 1 1
v -6.76906 8.58789 41.4793 1 1 1
v -8.79591 10.6977 33.8383 1 1 1
v -3.49981 0.444818 49.723 1 1 1
v 1.71822 -13.2049 62.3112 1 1 1
v 1.94359 -13.6109 61.8132 1 1 1
v -4.41164 2.11789 44.7073 1 1 1
v 0.869242 -7.9908 60.2324 1 1 1
v 1.59211 -13.5849 59.5365 1 1 1
v 1.91282 -13.8236 60.0764 1 1 1
v 0.326286 -19.9261 49.4384 1 1 1
v 1.71517 -13.5305 59.484 1 1 1
v 0.962231 -23.3392 49.0987 1 1 1
v 1.27884 -12.7727 56.8478 1 1 1
v 0.893159 -20.401 49.8484 1 1 1
v 1.16147 -24.6319 48.1793 1 1 1
v 1.16147 -24.6319 48.1793 1 1 1
v 1.3094 -7.58955 59.3854 1 1 1
v 1.37887 -25.3652 48.5374 1 1 1
v 1.15212 -22.9973 48.6127 1 1 1
v 0.668156 -19.9451 48.572 1 1 1
v 1.3097 -26.6184 46.9566 1 1 1
v 1.3097 -26.6184 46.9566 1 1 1
v 1.17095 -24.6539 47.2369 1 1 1
v 1.30565 -24.6501 47.6485 1 1 1
v 1.17095 -24.6539 47.2369 1 1 1
v 1.4055 -24.6057 48.0828 1 1 1
v 1.24624 -21.9935 48.5645 1 1 1
v 1.40109 -26.1311 46.449 1 1 1
v 1.39879 -22.117 48.7466 1 1 1
v 1.69002 -5.99968 59.3285 1 1 1
v 1.60859 -7.24709 58.2321 1 1 1
v 2.1945 -13.1069 57.0727 1 1 1
v 1.80011 -5.39891 59.6927 1 1 1
v 2.02746 -6.43721 59.6605 1 1 1
v 1.33959 -25.5302 45.7037 1 1 1
v 1.41095 -22.0712 47.9641 1 1 1
v -8.66628 16.7578 31.6612 1 1 1
v 2.1038 -5.57405 59.5165 1 1 1
v 2.4018 -6.61343 59.6521 1 1 1
v -6.36994 12.8743 37.8075 1 1 1
v 1.78 -21.8068 48.247 1 1 1
v 1.7847 -22.0963 48.0747 1 1 1
v 1.55284 -3.10172 57.6019 1 1 1
v 0.893196 -3.86218 54.811 1 1 1
v 1.65038 -3.55867 57.591 1 1 1
v -8.43266 17.2444 31.4419 1 1 1
v -8.13943 11.8379 29.5053 1 1 1
v 1.62083 -5.59403 55.9278 1 1 1
v 1.2288 -19.2204 46.9807 1 1 1
v 1.30634 -16.6551 48.1979 1 1 1
v -8.0765 16.8501 31.93 1 1 1
v -7.88177 11.6842 29.765 1 1 1
v 1.24737 -17.8229 46.8446 1 1 1
v 1.4975 -16.1374 48.4628 1 1 1
v -6.71089 10.7799 33.1531 1 1 1
v 3.19899 -6.33372 59.1877 1 1 1
v 2.76078 -4.90386 58.4478 1 1 1
v 1.59043 -21.6576 45.5598 1 1 1
v 1.82707 -22.0385 46.1406 1 1 1
v 1.75185 -19.2465 47.0429 1 1 1
v 1.55501 -5.58142 53.6155 1 1 1
v 1.71084 -19.4875 46.6059 1 1 1
v -7.73666 12.1511 29.6594 1 1 1
v 1.52858 -16.2107 47.662 1 1 1
v 1.69494 -15.8566 47.8525 1 1 1
v 2.06864 -26.0381 44.1062 1 1 1
v -6.94938 10.2338 30.6417 1 1 1
v 2.19297 -26.0133 44.0414 1 1 1
v 1.67671 -16.0021 47.346 1 1 1
v -7.45037 16.7064 31.7246 1 1 1
v 2.24373 -14.1594 49.5847 1 1 1
v 2.27606 -14.119 49.6792 1 1 1
v -6.93717 9.71097 29.9702 1 1 1
v 3.63308 -5.73734 58.3554 1 1 1
v 2.11211 -15.684 48.4538 1 1 1
v 2.29635 -18.6483 47.308 1 1 1
v 2.23408 -18.5072 47.1827 1 1 1
v 2.23408 -18.5072 47.1827 1 1 1
v -6.95204 14.5066 31.966 1 1 1
v 2.15312 -14.3263 48.96 1 1 1
v 2.31975 -15.5299 48.6921 1 1 1
v 2.18204 -17.4378 47.0235 1 1 1
v -5.56458 1.11785 29.9678 1 1 1
v -6.59047 10.4741 30.8383 1 1 1
v 2.33113 -16.9481 47.6084 1 1 1
v 3.01298 -5.13536 55.4796 1 1 1
v -5.96373 1.6178 28.5465 1 1 1
v -6.97991 11.5956 29.8575 1 1 1
v 2.48086 -14.8992 48.773 1 1 1
v 2.42625 -17.2922 47.1702 1 1 1
v 2.79411 -25.8243 44.3393 1 1 1
v 2.27979 -21.0519 44.893 1 1 1
v 2.81188 -25.5415 44.2981 1 1 1
v 2.81188 -25.5415 44.2981 1 1 1
v 2.08537 -15.2955 46.6919 1 1 1
v 2.08537 -15.2955 46.6919 1 1 1
v 2.57369 -14.8831 48.3849 1 1 1
v 2.66496 -17.7305 47.1499 1 1 1
v 2.63137 -17.3844 47.1545 1 1 1
v 2.63137 -17.3844 47.1545 1 1 1
v 2.87172 -25.7814 44.0586 1 1 1
v 2.87111 -19.4744 46.9322 1 1 1
v 3.06556 -5.1475 54.1586 1 1 1
v -4.9903 -2.46802 29.1223 1 1 1
v 2.81787 -20.3059 46.0855 1 1 1
v -5.13684 -2.30981 28.3966 1 1 1
v -4.76064 -4.84225 28.4587 1 1 1
v 2.55241 -15.634 46.9375 1 1 1
v -6.50502 13.857 31.0277 1 1 1
v 2.95897 -15.3926 48.0174 1 1 1
v 4.64371 -4.29109 58.2675 1 1 1
v -4.96619 11.4641 34.6376 1 1 1
v -5.88981 10.0623 30.9781 1 1 1
v -4.42288 -5.1173 29.0017 1 1 1
v -6.39779 15.0344 31.3882 1 1 1
v 3.26336 -25.9114 44.1039 1 1 1
v 3.08931 -16.1088 47.7059 1 1 1
v -4.46767 -4.80066 28.6793 1 1 1
v -6.83259 17.7762 30.7477 1 1 1
v 2.87492 -15.8127 46.3054 1 1 1
v 3.02256 -23.0847 43.7059 1 1 1
v 3.65732 -19.776 47.0246 1 1 1
v -3.6533 -4.96553 30.4797 1 1 1
v -5.27475 10.5337 31.8037 1 1 1
v 3.56132 -19.7048 46.1089 1 1 1
v 3.207 -24.6611 42.9782 1 1 1
v -3.87943 12.5704 36.7024 1 1 1
v -3.30621 -4.87406 31.1562 1 1 1
v 3.41855 -20.2031 45.204 1 1 1
v 3.8468 -18.7317 46.7164 1 1 1
v -5.83208 14.425 30.9161 1 1 1
v -5.83208 14.425 30.9161 1 1 1
v 3.34255 -20.3429 44.3089 1 1 1
v 3.59057 -24.3359 43.4033 1 1 1
v 3.91122 -20.8157 45.6615 1 1 1
v -4.17245 11.9294 34.2832 1 1 1
v -5.90862 12.187 29.1401 1 1 1
v 3.8415 -18.9263 45.6286 1 1 1
v 3.8415 -18.9263 45.6286 1 1 1
v 4.13463 -18.7729 46.4437 1 1 1
v 3.83652 -15.1228 46.9546 1 1 1
v 3.76292 -15.2751 46.5448 1 1 1
v 4.16231 -18.3535 45.8098 1 1 1
v -5.19957 15.5617 31.6102 1 1 1
v 4.38452 -15.9182 47.2471 1 1 1
v -3.37455 -5.27738 28.7407 1 1 1
v -4.6602 5.76796 29.0334 1 1 1
v -4.08261 -5.60779 26.302 1 1 1
v 3.81666 -17.5834 44.0057 1 1 1
v 3.81666 -17.5834 44.0057 1 1 1
v 4.97504 -14.8747 47.7138 1 1 1
v 0.968878 -22.3191 33.653 1 1 1
v -4.42415 11.02 30.4593 1 1 1
v -3.55448 -5.49013 27.0383 1 1 1
v 4.58343 -23.6744 42.8782 1 1 1
v 4.75763 -17.5317 45.398 1 1 1
v -4.56819 6.55248 28.0053 1 1 1
v -4.56819 6.55248 28.0053 1 1 1
v 4.82426 -17.2102 45.2925 1 1 1
v 5.15469 -15.2163 46.7357 1 1 1
v 4.90069 -23.9123 42.9415 1 1 1
v -3.70935 -1.63895 27.1342 1 1 1
v -4.48464 6.74021 27.754 1 1 1
v 6.48241 -14.5673 49.8504 1 1 1
v -4.4786 5.46634 27.0614 1 1 1
v -4.06706 5.86951 28.3034 1 1 1
v 5.07515 -16.6463 44.8946 1 1 1
v 5.47382 -16.231 45.7595 1 1 1
v -3.98889 16.6458 31.502 1 1 1
v -3.67899 11.2246 30.2973 1 1 1
v 6.14018 -11.4853 48.1632 1 1 1
v 6.14154 -14.1254 47.232 1 1 1
v 5.73619 -14.127 46.3076 1 1 1
v 8.39842 -18.2284 51.8336 1 1 1
v 6.00921 -13.8188 46.35 1 1 1
v 6.55714 -5.26304 50.2305 1 1 1
v 6.13874 -14.0378 46.0585 1 1 1
v 6.05354 -13.8467 45.9628 1 1 1
v 6.42867 -13.5922 46.8774 1 1 1
v -3.09831 8.03417 29.1528 1 1 1
v 6.03592 -13.1985 45.6157 1 1 1
v 6.39785 -13.9937 46.1523 1 1 1
v 9.36262 -6.40321 55.4175 1 1 1
v 6.50183 -13.1713 46.1842 1 1 1
v 6.4984 -11.6983 46.5026 1 1 1
v 6.68485 -11.4442 46.7225 1 1 1
v 6.38807 -11.3846 45.5956 1 1 1
v 6.86448 -11.5236 46.2952 1 1 1
v 7.327 -11.6866 47.3045 1 1 1
v 7.05576 -11.2437 46.7293 1 1 1
v 9.02836 -4.98997 53.2576 1 1 1
v 6.77152 -11.8702 45.5213 1 1 1
v -2.14454 13.6828 31.204 1 1 1
v -2.83911 16.3027 29.9282 1 1 1
v 9.97034 -4.88473 54.493 1 1 1
v 7.18233 -11.4998 46.1348 1 1 1
v 7.28986 -14.7331 45.551 1 1 1
v 7.07523 -11.0514 45.8328 1 1 1
v 6.88229 -11.1074 45.2929 1 1 1
v 7.2657 -10.4935 46.0046 1 1 1
v 7.36797 -9.68182 46.1859 1 1 1
v 7.36797 -9.68182 46.1859 1 1 1
v -2.09601 -3.96416 25.6467 1 1 1
v 9.05878 -9.54668 49.645 1 1 1
v 10.9538 -7.15591 54.4117 1 1 1
v 11.3488 -5.44595 55.7103 1 1 1
v 7.73154 -11.4737 45.9584 1 1 1
v 7.7095 -10.0788 46.2746 1 1 1
v -2.54462 5.89861 26.8799 1 1 1
v 10.4817 -8.96836 52.7518 1 1 1
v 10.8635 -6.78745 54.0193 1 1 1
v -2.00668 17.4363 30.7057 1 1 1
v 11.3944 -8.06806 54.6916 1 1 1
v 11.6627 -7.42725 55.135 1 1 1
v 7.78487 -12.1178 45.2239 1 1 1
v 7.70422 -10.1892 45.5457 1 1 1
v 11.9131 -6.87396 55.6816 1 1 1
v 0.391268 13.4106 34.7336 1 1 1
v 12.8351 -6.57003 57.4093 1 1 1
v 8.04578 -10.6755 45.3475 1 1 1
v 7.87173 -10.506 44.8968 1 1 1
v 12.126 -6.01967 55.2139 1 1 1
v 7.92339 -10.3124 44.7685 1 1 1
v -0.942307 16.6478 31.407 1 1 1
v 12.0766 -5.41237 54.8648 1 1 1
v -1.79868 13.778 28.8586 1 1 1
v 8.35051 -11.3364 45.2517 1 1 1
v 10.1788 -8.77259 49.861 1 1 1
v 9.06202 -21.9275 44.4532 1 1 1
v 0.457476 9.41357 32.4648 1 1 1
v 8.74146 -13.8934 45.3437 1 1 1
v 12.3494 -5.68898 54.8494 1 1 1
v 9.94975 -9.03688 48.6057 1 1 1
v 7.96962 -10.3102 44.0515 1 1 1
v 9.22673 -9.79221 46.6415 1 1 1
v 10.0111 -9.29251 48.2468 1 1 1
v 0.652384 12.349 32.9452 1 1 1
v 0.652384 12.349 32.9452 1 1 1
v 7.62162 -18.1969 41.1815 1 1 1
v 10.2779 -8.63463 48.8497 1 1 1
v 12.7607 -5.54138 54.7664 1 1 1
v 12.1812 -5.62974 53.4404 1 1 1
v 9.9992 -9.46717 47.7999 1 1 1
v 12.1124 -8.51074 52.3135 1 1 1
v 8.70969 -12.9797 44.0619 1 1 1
v 9.27423 -20.8796 43.4683 1 1 1
v 9.56358 -19.8438 44.0476 1 1 1
v 10.4079 -9.066 47.7664 1 1 1
v 9.47196 -20.9453 43.3058 1 1 1
v -0.355427 18.0506 30.7072 1 1 1
v 9.6355 -10.5892 45.6217 1 1 1
v -0.154734 7.45524 28.9906 1 1 1
v -0.102299 17.2516 30.2751 1 1 1
v 13.8328 -6.70833 53.8796 1 1 1
v 0.894828 16.7368 31.1837 1 1 1
v -0.603499 6.03284 26.4189 1 1 1
v 0.421437 18.2472 29.6499 1 1 1
v -0.532526 9.94138 26.0999 1 1 1
v 0.703095 18.1443 29.4398 1 1 1
v 1.24676 17.307 30.3758 1 1 1
v 1.4312 17.2761 30.7004 1 1 1
v 3.07809 13.2921 33.0543 1 1 1
v 0.646639 18.0179 29.1774 1 1 1
v 1.5186 16.6603 30.422 1 1 1
v 0.39055 -3.54231 24.9832 1 1 1
v 1.37809 17.5157 30.0061 1 1 1
v 0.250269 -3.95112 24.5667 1 1 1
v 0.371065 -3.62485 24.7663 1 1 1
v 0.371065 -3.62485 24.7663 1 1 1
v 0.371065 -3.62485 24.7663 1 1 1
v 3.29861 12.6886 32.4219 1 1 1
v 1.05806 18.817 29.0152 1 1 1
v 1.11766 17.9147 28.9002 1 1 1
v 2.87414 11.6703 31.0476 1 1 1
v 1.59416 17.2515 29.3773 1 1 1
v 1.58813 17.6683 29.3013 1 1 1
v 1.10108 18.6302 28.3295 1 1 1
v 1.08156 19.0194 28.3029 1 1 1
v 1.84995 11.6792 28.4608 1 1 1
v 1.662 15.4343 28.5329 1 1 1
v 1.37603 15.0043 27.9458 1 1 1
v 1.38457 11.5309 27.4793 1 1 1
v 1.61742 6.2548 26.5353 1 1 1
v 1.61742 6.2548 26.5353 1 1 1
v 1.47411 14.6406 27.2275 1 1 1
v 1.10509 -2.54422 24.2552 1 1 1
v 1.52493 4.24072 25.7715 1 1 1
v 2.19717 17.9076 28.4369 1 1 1
v 18.6249 -4.58388 53.0389 1 1 1
v 0.865836 20.6475 25.8371 1 1 1
v 0.865836 20.6475 25.8371 1 1 1
v 2.30209 6.16469 26.3551 1 1 1
v 1.81517 13.5096 26.3083 1 1 1
v 2.79984 2.11641 26.533 1 1 1
v 2.09159 4.37506 25.5178 1 1 1
v 2.07882 4.36589 25.4867 1 1 1
v 2.65662 1.86117 26.1521 1 1 1
v 2.15898 4.5542 25.3584 1 1 1
v 6.17057 15.4243 32.2697 1 1 1
v 6.43849 15.7984 32.7294 1 1 1
v 2.47676 -3.6192 24.3859 1 1 1
v 0.521297 23.0326 23.6674 1 1 1
v 2.68545 -3.36637 24.5589 1 1 1
v 5.8671 16.27 31.325 1 1 1
v 2.72664 -1.87755 24.5115 1 1 1
v -0.18146 24.6435 22.3559 1 1 1
v 3.95502 0.088125 26.5336 1 1 1
v 3.63643 -2.0973 25.784 1 1 1
v 4.30325 -2.50137 25.8413 1 1 1
v 21.8822 -2.83289 50.4156 1 1 1
v 21.333 -2.94665 49.5774 1 1 1
v 21.8666 -3.01771 50.1298 1 1 1
v 5.84038 18.3798 28.2191 1 1 1
v 22.0895 -2.18303 48.1028 1 1 1
v 20.6231 -2.51305 45.9753 1 1 1
v 23.4122 -2.54122 47.4245 1 1 1
v 5.90863 21.2095 24.9375 1 1 1
v 11.8559 16.6934 28.8873 1 1 1
v -19.9659 -0.609724 36.9964 1 1 1
v -19.6839 -2.49188 38.382 1 1 1
v -19.9212 -0.353979 37.1847 1 1 1
v -19.9567 -0.401046 37.8082 1 1 1
v -19.7909 -0.269608 36.8979 1 1 1
v -19.301 -2.53462 38.2592 1 1 1
v -20.7647 -13.4866 72.6011 1 1 1
v -19.6405 -0.605965 37.4236 1 1 1
v -19.6275 -0.491691 37.3611 1 1 1
v -19.3147 -3.70686 41.7007 1 1 1
v -19.2263 -2.82392 39.8342 1 1 1
v -19.3894 -0.816569 37.3021 1 1 1
v -19.0609 -3.49699 41.0071 1 1 1
v -18.7779 -2.68052 38.4931 1 1 1
v -19.7142 -12.6331 72.8466 1 1 1
v -13.2782 -26.7984 47.6886 1 1 1
v -13.2156 -29.8052 64.01 1 1 1
v -13.2156 -29.8052 64.01 1 1 1
v -13.3477 -28.4887 64.321 1 1 1
v -11.6184 -30.9701 62.9168 1 1 1
v -11.6184 -30.9701 62.9168 1 1 1
v -11.7019 -29.5781 63.692 1 1 1
v -11.7019 -29.5781 63.692 1 1 1
v -15.9745 -11.8502 70.0012 1 1 1
v -15.8749 -3.99428 41.1645 1 1 1
v -10.9007 -30.0687 62.9132 1 1 1
v -16.1423 -2.48928 41.2551 1 1 1
v -15.7101 -3.72145 41.2682 1 1 1
v -15.8902 -2.65385 40.7123 1 1 1
v -15.3905 -3.34305 41.9491 1 1 1
v -15.4075 -3.34277 42.2467 1 1 1
v -11.7353 -15.9734 16.6 1 1 1
v -9.24786 -31.7423 61.1364 1 1 1
v -14.9301 -3.38256 42.2688 1 1 1
v -14.8162 -3.43651 43.682 1 1 1
v -14.8162 -3.43651 43.682 1 1 1
v -13.1733 -11.243 72.4014 1 1 1
v -14.5033 -3.31456 42.6377 1 1 1
v -18.6053 21.1218 24.8656 1 1 1
v -14.1543 10.9773 40.2462 1 1 1
v -14.139 10.8768 39.9866 1 1 1
v -13.5779 10.9423 40.3916 1 1 1
v -3.6124 -31.377 59.4055 1 1 1
v -3.47069 -29.9281 59.5608 1 1 1
v -3.3603 -28.9158 61.3356 1 1 1
v -9.97354 -0.708717 43.3023 1 1 1
v -2.87585 -30.8844 58.1989 1 1 1
v -3.08131 -29.9291 57.892 1 1 1
v -2.87346 -30.1865 58.3032 1 1 1
v -5.298 -9.58891 72.7346 1 1 1
v -2.66001 -30.5011 58.7562 1 1 1
v -2.65237 -29.0549 57.8769 1 1 1
v -10.1925 6.247 44.7027 1 1 1
v -9.60219 6.09784 46.5253 1 1 1
v -5.10487 -6.18767 64.7499 1 1 1
v -7.32506 5.78447 47.9737 1 1 1
v -11.6538 26.0914 40.2468 1 1 1
v -8.17658 10.7864 40.8815 1 1 1
v -7.96179 10.2447 40.5515 1 1 1
v 0.477073 -9.52563 66.7133 1 1 1
v 2.23895 -13.4259 65.3833 1 1 1
v 2.09811 -14.9354 63.1713 1 1 1
v 0.731836 -26.9679 46.6582 1 1 1
v -3.01868 2.77905 50.2285 1 1 1
v 1.32111 -21.0251 50.5766 1 1 1
v 1.57537 -22.5217 49.5242 1 1 1
v 1.87151 -25.1765 48.7893 1 1 1
v 2.2914 -5.18723 62.4032 1 1 1
v 1.92709 -22.2571 48.6884 1 1 1
v -7.66382 12.4624 29.9802 1 1 1
v -6.4326 5.59408 29.3048 1 1 1
v 3.52737 -4.99088 61.6595 1 1 1
v 2.21871 -15.9237 49.8334 1 1 1
v -6.56547 10.9465 30.6771 1 1 1
v -6.20738 6.80132 29.5941 1 1 1
v -5.32683 -4.86691 26.7277 1 1 1
v 2.03714 -15.8414 48.4827 1 1 1
v -6.51232 16.0584 32.9572 1 1 1
v -6.07014 3.7979 28.1884 1 1 1
v 2.36617 -17.0539 48.5308 1 1 1
v 2.36617 -17.0539 48.5308 1 1 1
v 2.78993 -25.2897 45.8664 1 1 1
v 2.56325 -14.2024 50.543 1 1 1
v 2.53822 -25.5137 44.4462 1 1 1
v 2.92031 -24.771 46.0116 1 1 1
v -4.85045 -5.4678 27.3075 1 1 1
v -4.97006 -4.96485 27.1466 1 1 1
v -5.09913 -4.5344 26.6388 1 1 1
v -5.29034 -2.98593 26.6626 1 1 1
v 3.10361 -14.934 50.5679 1 1 1
v -5.18859 -3.41898 26.4578 1 1 1
v 2.83067 -14.9419 49.4389 1 1 1
v 2.98716 -18.74 47.7819 1 1 1
v -5.79553 4.57331 27.7165 1 1 1
v -5.60725 15.6488 33.4455 1 1 1
v -5.59313 15.6934 33.504 1 1 1
v -5.67453 2.53083 27.0037 1 1 1
v -4.62855 -4.89497 27.2739 1 1 1
v 3.24533 -25.705 44.7236 1 1 1
v 3.26573 -26.1437 44.3212 1 1 1
v -4.81307 -5.44358 25.8898 1 1 1
v -5.52959 16.3366 32.6612 1 1 1
v 3.30612 -25.2759 43.8559 1 1 1
v 3.52704 -20.1083 46.7808 1 1 1
v 3.52325 -19.5943 46.9271 1 1 1
v 3.56023 -20.701 45.7979 1 1 1
v 3.58371 -20.0709 46.0784 1 1 1
v 3.13276 -25.3882 42.285 1 1 1
v 3.55584 -15.7692 47.5796 1 1 1
v 4.01121 -16.1075 48.159 1 1 1
v 4.03283 -23.1005 45.0066 1 1 1
v 4.09439 -18.4493 47.0602 1 1 1
v 3.75137 -15.5158 46.9243 1 1 1
v 4.36044 -15.8157 48.4642 1 1 1
v 4.22722 -15.7913 48.061 1 1 1
v 3.68663 -23.5739 43.1877 1 1 1
v -5.02453 -5.51745 22.6588 1 1 1
v -4.40738 -2.39658 25.6995 1 1 1
v -4.58035 5.96793 28.1558 1 1 1
v 4.80418 -15.4093 49.024 1 1 1
v 4.83837 -15.3848 49.1214 1 1 1
v -4.25417 -2.40824 25.77 1 1 1
v -4.00202 -5.32287 25.3128 1 1 1
v -3.79727 -5.99567 25.6726 1 1 1
v 4.39794 -18.8993 45.9189 1 1 1
v -4.0924 16.1531 32.6945 1 1 1
v -4.15646 15.8607 32.2195 1 1 1
v 4.28004 -22.5376 43.6831 1 1 1
v 4.47862 -17.0551 45.7892 1 1 1
v 4.48882 -16.9959 45.7554 1 1 1
v 4.3734 -17.0036 45.4362 1 1 1
v -3.90785 9.38302 29.9773 1 1 1
v -3.27365 -5.60459 26.0142 1 1 1
v 4.90615 -17.7865 45.6743 1 1 1
v -3.78336 10.292 29.9054 1 1 1
v 5.40493 -15.2363 47.4848 1 1 1
v -3.4759 10.8259 30.3374 1 1 1
v -3.26822 -5.76645 25.0152 1 1 1
v 5.22553 -21.7267 43.4665 1 1 1
v -3.52297 8.44757 28.0113 1 1 1
v -2.32794 17.153 31.1338 1 1 1
v -2.74158 -4.29479 24.1848 1 1 1
v -2.596 -4.30367 24.3925 1 1 1
v -1.99252 17.1159 31.4556 1 1 1
v 7.4163 -11.6565 47.89 1 1 1
v 6.6989 -25.2719 42.3385 1 1 1
v -2.40124 -5.07506 24.5053 1 1 1
v 7.30857 -24.8422 42.8372 1 1 1
v 7.71609 -11.2129 47.0949 1 1 1
v 8.45578 -9.67491 49.1317 1 1 1
v 7.8441 -11.2291 46.8902 1 1 1
v 7.25223 -25.0481 41.8812 1 1 1
v 12.2679 -5.85503 58.5416 1 1 1
v 8.01633 -13.4389 45.8232 1 1 1
v 11.1806 -7.6143 54.7929 1 1 1
v 8.07073 -10.3743 46.3722 1 1 1
v 8.35006 -10.4109 47.0366 1 1 1
v 12.6192 -8.18565 57.2727 1 1 1
v 8.16945 -20.9252 43.7745 1 1 1
v 8.10537 -11.0508 45.749 1 1 1
v 8.44631 -10.3138 46.3003 1 1 1
v 7.92243 -24.9745 41.696 1 1 1
v 14.512 -5.88006 61.0253 1 1 1
v 9.6099 -9.78979 48.0452 1 1 1
v 10.1953 -9.46137 49.3467 1 1 1
v 9.41308 -22.0258 44.1195 1 1 1
v 10.2862 -11.9118 47.9125 1 1 1
v 9.90505 -21.8068 44.66 1 1 1
v -0.182492 10.7717 28.4998 1 1 1
v 2.10193 13.7907 33.3774 1 1 1
v -0.575116 6.67598 25.6802 1 1 1
v -0.442814 6.8289 26.0011 1 1 1
v 0.112463 12.3524 28.0218 1 1 1
v -0.662541 5.1816 25.122 1 1 1
v -0.662541 5.1816 25.122 1 1 1
v 1.19192 16.8258 30.8562 1 1 1
v -0.560109 -3.82291 23.3194 1 1 1
v 1.64461 18.1663 31.4605 1 1 1
v -0.367864 -3.95491 23.5503 1 1 1
v -0.224788 -4.18784 23.4329 1 1 1
v 2.78487 12.501 31.289 1 1 1
v 0.690856 6.48789 25.6964 1 1 1
v 2.95615 11.7389 30.7433 1 1 1
v 1.46783 14.1569 26.9078 1 1 1
v 2.26572 12.5817 28.0028 1 1 1
v 1.22729 3.63057 24.8365 1 1 1
v 1.65824 1.46259 24.4214 1 1 1
v 1.40836 -4.158 23.1506 1 1 1
v 1.77953 -4.42 23.5087 1 1 1
v -0.656064 23.1864 21.48 1 1 1
v 1.71917 -3.9735 23.0817 1 1 1
v 1.86211 -4.41146 23.2428 1 1 1
v 2.58405 -0.406756 24.8496 1 1 1
v 15.0896 -5.4169 46.2385 1 1 1
v 3.21164 1.50582 25.9828 1 1 1
v 2.94193 -2.38956 24.9022 1 1 1
v 3.13332 1.14011 25.4678 1 1 1
v 3.33041 2.73954 25.9515 1 1 1
v 2.56458 -3.08092 23.7211 1 1 1
v 2.78577 -2.89839 24.0727 1 1 1
v 2.78807 -3.4602 23.5568 1 1 1
v 22.487 -2.82925 55.5406 1 1 1
v 8.05998 2.17053 30.7234 1 1 1
v 0.627138 27.0833 18.6769 1 1 1
v 15.3922 10.994 38.2208 1 1 1
v 4.95058 25.4984 20.5387 1 1 1
v 11.3229 -19.8214 28.8068 1 1 1
v 11.3229 -19.8214 28.8068 1 1 1
v 11.3898 -19.9151 28.5372 1 1 1
v 11.3898 -19.9151 28.5372 1 1 1
v -19.9173 -0.5626 37.6555 1 1 1
v -19.0397 -2.73669 38.9349 1 1 1
v -19.2271 -0.587881 37.7758 1 1 1
v -19.2271 -0.587881 37.7758 1 1 1
v -20.8172 -13.381 71.0859 1 1 1
v -21.4546 17.6364 28.0831 1 1 1
v -18.3606 -2.17867 39.6022 1 1 1
v -18.1118 -4.86521 43.2489 1 1 1
v -15.3784 -29.11 63.3411 1 1 1
v -20.0591 -12.7865 70.3019 1 1 1
v -17.8123 -4.70812 42.2779 1 1 1
v -14.5161 -30.9588 62.205 1 1 1
v -14.5161 -30.9588 62.205 1 1 1
v -17.5645 -4.52713 40.8775 1 1 1
v -17.8734 -2.21461 39.762 1 1 1
v -14.5855 -30.3939 62.9416 1 1 1
v -19.4567 -12.5847 71.1093 1 1 1
v -17.2926 -3.82057 40.5351 1 1 1
v -13.7672 -31.6119 62.0036 1 1 1
v -16.4091 -4.41542 40.5165 1 1 1
v -16.4679 -3.77633 40.6284 1 1 1
v -16.4679 -3.77633 40.6284 1 1 1
v -11.7962 -19.7075 31.0036 1 1 1
v -11.7962 -19.7075 31.0036 1 1 1
v -16.4122 -2.51861 40.1871 1 1 1
v -16.4144 -2.32662 40.1399 1 1 1
v -16.4993 -2.24537 40.7704 1 1 1
v -16.4792 -2.08375 40.6887 1 1 1
v -16.4393 -2.32997 41.3757 1 1 1
v -16.2198 -2.37681 40.6644 1 1 1
v -12.3934 -30.1737 62.8369 1 1 1
v -15.8716 -3.45169 41.0431 1 1 1
v -12.5138 -28.8493 63.5745 1 1 1
v -12.5138 -28.8493 63.5745 1 1 1
v -15.8398 -3.20721 41.0719 1 1 1
v -19.3338 18.1761 31.1703 1 1 1
v -15.6421 -3.53079 41.8514 1 1 1
v -15.7237 -2.41527 41.1489 1 1 1
v -15.3802 -4.06644 42.4097 1 1 1
v -10.7714 -16.4141 19.4069 1 1 1
v -15.3988 -3.02406 42.2985 1 1 1
v -10.8163 -31.3616 61.9073 1 1 1
v -15.0911 -2.9785 41.6752 1 1 1
v -10.875 -29.7971 62.0338 1 1 1
v -10.6248 -19.3523 29.9409 1 1 1
v -10.0187 -32.2469 62.1652 1 1 1
v -14.6723 -3.36704 42.8383 1 1 1
v -14.7955 -3.39553 45.1093 1 1 1
v -14.6244 -3.58702 43.7503 1 1 1
v -10.1312 -29.7843 62.3171 1 1 1
v -10.2548 -14.7518 13.5573 1 1 1
v -9.33673 -31.1447 61.559 1 1 1
v -9.33895 -31.0316 61.1816 1 1 1
v -14.3448 -1.6838 54.8253 1 1 1
v -8.59013 -31.7165 60.3157 1 1 1
v -14.0626 0.712785 38.9825 1 1 1
v -13.3214 -1.38501 54.7086 1 1 1
v -14.2593 11.5483 41.3523 1 1 1
v -14.0077 10.9923 40.439 1 1 1
v -15.8166 21.4301 27.6244 1 1 1
v -14.7258 19.7315 29.717 1 1 1
v -11.2888 4.5734 44.1031 1 1 1
v -13.4695 17.0148 32.3206 1 1 1
v -12.776 16.8695 33.1084 1 1 1
v -8.54852 0.660665 55.3012 1 1 1
v -8.07996 0.373688 56.303 1 1 1
v -8.05232 0.124353 54.681 1 1 1
v -2.36867 -30.7646 59.0807 1 1 1
v -2.12112 -31.323 60.444 1 1 1
v -2.46915 -28.6923 59.1084 1 1 1
v -1.19748 -31.272 59.9294 1 1 1
v -3.69595 -9.07588 70.2559 1 1 1
v -8.21349 12.9339 38.1772 1 1 1
v -10.7257 21.8872 26.2944 1 1 1
v -10.7257 21.8872 26.2944 1 1 1
v -6.2353 0.0898591 33.3434 1 1 1
v -10.2368 22.5003 25.08 1 1 1
v -8.44847 16.8625 31.5298 1 1 1
v -6.51905 5.07433 28.7281 1 1 1
v -5.4599 -5.00935 26.9366 1 1 1
v -6.73025 10.529 31.0762 1 1 1
v -6.33774 4.60115 28.7466 1 1 1
v 1.53063 -25.4871 49.8882 1 1 1
v -6.32443 5.74864 28.973 1 1 1
v -4.96919 -5.12474 28.2153 1 1 1
v -5.45485 -2.56122 27.2535 1 1 1
v -5.45485 -2.56122 27.2535 1 1 1
v -6.67588 16.2637 33.3519 1 1 1
v -6.69339 14.0355 31.5676 1 1 1
v -5.38265 -2.31337 27.385 1 1 1
v -6.64072 11.1569 29.3517 1 1 1
v -6.00916 5.74366 28.9273 1 1 1
v -5.23846 0.0921043 29.2066 1 1 1
v -5.00858 -4.42157 27.3256 1 1 1
v -4.93001 -5.02961 27.253 1 1 1
v -5.54555 0.892476 27.5628 1 1 1
v -5.22127 -3.69115 26.2887 1 1 1
v 2.46548 -13.2601 58.8633 1 1 1
v 1.96456 -26.6206 47.9116 1 1 1
v -5.64342 11.1756 33.1412 1 1 1
v -5.40008 7.22995 31.5721 1 1 1
v -6.10947 15.6733 33.1808 1 1 1
v -6.06803 15.7017 33.3488 1 1 1
v 1.58766 -20.5573 49.0695 1 1 1
v -6.08241 13.7686 31.782 1 1 1
v -5.55513 2.47588 27.3572 1 1 1
v -5.58792 2.42133 27.1618 1 1 1
v -4.54596 -5.70958 27.0063 1 1 1
v 2.25516 -26.6219 47.4115 1 1 1
v -4.91146 -5.23306 25.311 1 1 1
v -5.6574 4.27547 27.2815 1 1 1
v 2.19892 -25.2524 47.868 1 1 1
v -4.92258 -4.68942 25.5235 1 1 1
v 1.90928 -22.2503 47.6841 1 1 1
v -4.78931 -5.72101 25.2462 1 1 1
v -4.41934 -5.78243 26.7456 1 1 1
v -4.25999 -5.30246 27.6787 1 1 1
v 2.92499 -5.19029 61.284 1 1 1
v 1.69905 -19.8386 47.2089 1 1 1
v 1.3489 -16.0098 47.4839 1 1 1
v -4.44756 -4.8431 26.5514 1 1 1
v 2.20123 -22.1334 47.8686 1 1 1
v 2.03906 -21.948 47.1328 1 1 1
v -5.39042 4.42029 26.9263 1 1 1
v -3.97382 -5.62631 27.9568 1 1 1
v 2.1755 -15.8133 49.7595 1 1 1
v -4.32497 -5.40649 25.5437 1 1 1
v 2.30845 -14.3372 50.4408 1 1 1
v 2.40175 -15.7383 49.9791 1 1 1
v 2.20611 -16.2727 48.6974 1 1 1
v -4.05592 -3.84781 27.2378 1 1 1
v -4.91604 5.24816 27.9654 1 1 1
v -2.90809 -4.14609 32.0161 1 1 1
v 2.74335 -14.4773 51.3391 1 1 1
v 2.59509 -17.6551 48.8758 1 1 1
v 2.4043 -17.9026 47.7746 1 1 1
v 3.16032 -26.1483 46.7838 1 1 1
v 2.63866 -23.0907 45.8531 1 1 1
v -3.8219 12.5421 35.033 1 1 1
v -3.55754 -5.17822 27.5348 1 1 1
v -4.03806 -5.25896 25.2463 1 1 1
v -3.96803 -5.25197 25.5405 1 1 1
v 2.47663 -15.9344 47.3402 1 1 1
v 2.7559 -17.8408 47.5395 1 1 1
v -4.71878 6.26765 27.4798 1 1 1
v -4.71878 6.26765 27.4798 1 1 1
v -4.75505 6.30716 27.2095 1 1 1
v 2.93668 -25.2519 44.6271 1 1 1
v -3.78523 -5.81711 25.5587 1 1 1
v -4.46865 10.8244 30.4627 1 1 1
v -3.63026 -5.66478 25.9195 1 1 1
v 3.92797 -27.0097 47.2986 1 1 1
v -4.70027 15.3184 30.7882 1 1 1
v -3.75667 -5.13296 25.407 1 1 1
v -3.80228 -5.30415 24.8845 1 1 1
v 4.46493 -4.76296 58.431 1 1 1
v -3.98376 8.12767 29.7271 1 1 1
v -8.24892 25.7876 20.1981 1 1 1
v 3.61066 -18.718 48.0046 1 1 1
v -3.9722 10.5342 30.0048 1 1 1
v -3.9722 10.5342 30.0048 1 1 1
v -3.9788 10.8333 30.0615 1 1 1
v 3.97147 -19.151 48.2277 1 1 1
v 3.88779 -19.6184 47.3756 1 1 1
v 3.93392 -20.1652 47.3064 1 1 1
v 5.72638 -4.08758 60.1044 1 1 1
v 4.32862 -19.624 48.3808 1 1 1
v 3.93718 -24.3043 44.9247 1 1 1
v -3.80206 7.13174 27.9326 1 1 1
v -3.45767 -5.94642 24.0144 1 1 1
v 4.07276 -15.3662 48.6622 1 1 1
v 3.97387 -20.3834 46.1957 1 1 1
v 4.10305 -22.7592 45.7153 1 1 1
v -3.43252 9.90345 29.7481 1 1 1
v -3.43252 9.90345 29.7481 1 1 1
v 3.97398 -21.1093 45.1588 1 1 1
v -3.57 11.0239 29.3246 1 1 1
v -3.21429 -4.37696 24.6727 1 1 1
v -3.29191 -4.4316 24.3556 1 1 1
v -3.47679 8.97874 28.528 1 1 1
v -3.7527 5.7039 26.2839 1 1 1
v -3.71069 5.99143 26.5436 1 1 1
v 4.41896 -15.4943 47.9868 1 1 1
v -3.28781 10.1295 29.1507 1 1 1
v 4.25971 -19.4056 45.5819 1 1 1
v 4.41677 -18.8026 46.0116 1 1 1
v -2.46573 11.4635 32.1281 1 1 1
v 5.37945 -25.2789 46.8887 1 1 1
v -2.45112 -3.73587 26.2295 1 1 1
v 4.73803 -23.0497 44.5026 1 1 1
v 4.73803 -23.0497 44.5026 1 1 1
v 5.28344 -26.0226 45.3979 1 1 1
v -3.50063 4.70465 25.0495 1 1 1
v 5.45323 -21.5603 46.0088 1 1 1
v 5.44523 -15.9203 47.5499 1 1 1
v 5.47004 -15.2535 47.7148 1 1 1
v 5.63147 -16.8388 47.5417 1 1 1
v -2.3471 11.0335 29.1265 1 1 1
v -2.38201 10.9384 28.9826 1 1 1
v 5.9891 -14.8204 48.4393 1 1 1
v 5.95617 -15.3262 47.7175 1 1 1
v 1.04073 -2.90931 35.3981 1 1 1
v 6.42632 -14.3533 49.0723 1 1 1
v 7.5751 -13.929 52.7618 1 1 1
v 7.61226 -13.9902 52.8636 1 1 1
v -0.185943 13.4274 35.2508 1 1 1
v 6.47732 -14.1585 48.3665 1 1 1
v -1.78594 11.1371 29.1241 1 1 1
v -1.47568 0.620248 27.1335 1 1 1
v 6.33339 -22.0358 45.2745 1 1 1
v 0.210233 13.8664 35.5009 1 1 1
v 8.7453 -11.4142 55.2055 1 1 1
v 1.19267 12.47 38.1591 1 1 1
v -2.53262 5.76888 24.6376 1 1 1
v -0.122025 13.3446 34.0689 1 1 1
v 6.55715 -13.8162 47.3409 1 1 1
v 6.78736 -2.20638 50.6276 1 1 1
v 9.03422 -4.71659 56.736 1 1 1
v -1.49624 11.3314 28.7599 1 1 1
v -1.49624 11.3314 28.7599 1 1 1
v 6.82957 -13.2912 47.7432 1 1 1
v 8.30028 -4.94422 54.2444 1 1 1
v -1.39723 11.423 28.6118 1 1 1
v -1.42489 11.3413 28.4909 1 1 1
v 6.9374 -24.8185 44.3819 1 1 1
v -0.887329 17.088 31.0505 1 1 1
v 6.66698 -11.3838 46.4526 1 1 1
v 7.14178 -11.8108 47.6646 1 1 1
v -0.872602 16.5139 30.2054 1 1 1
v 7.38497 -25.6353 44.0359 1 1 1
v -1.03042 9.75472 27.1879 1 1 1
v 7.76441 -11.1211 47.5051 1 1 1
v -0.38262 17.9814 30.5896 1 1 1
v -0.489872 17.5518 30.1299 1 1 1
v -0.619228 17.237 29.7115 1 1 1
v 7.60088 -24.8585 43.7574 1 1 1
v 7.63853 -11.0164 46.7597 1 1 1
v 7.69611 -11.5504 46.7655 1 1 1
v 7.55814 -11.5731 46.3622 1 1 1
v -0.743988 9.57129 27.2904 1 1 1
v 8.0713 -24.7602 44.6569 1 1 1
v -1.22291 2.16442 24.2859 1 1 1
v 8.61686 -9.61261 49.1805 1 1 1
v 12.2458 -5.79636 59.2832 1 1 1
v 8.0574 -11.0585 46.5343 1 1 1
v 9.37906 -9.43821 50.1514 1 1 1
v 9.37906 -9.43821 50.1514 1 1 1
v 12.3089 -5.65504 58.836 1 1 1
v 11.0362 -6.19799 55.1116 1 1 1
v 8.3296 -9.97136 46.6631 1 1 1
v 11.536 -8.71692 55.3063 1 1 1
v -0.607459 6.24783 25.5227 1 1 1
v 8.50774 -10.1373 46.6458 1 1 1
v 11.154 -9.02332 53.8505 1 1 1
v 10.0726 -3.10226 51.8746 1 1 1
v 8.6722 -9.69482 46.8751 1 1 1
v -0.542152 -4.26059 23.3206 1 1 1
v 8.79082 -17.1315 45.4672 1 1 1
v 8.76452 -17.1709 45.3954 1 1 1
v 8.85885 -0.804193 48.5819 1 1 1
v 12.6255 -6.97144 57.3194 1 1 1
v 8.98146 -11.9371 46.8133 1 1 1
v 8.8581 -16.2791 45.622 1 1 1
v -0.389292 -4.32437 23.4286 1 1 1
v -0.272352 -3.85509 23.6494 1 1 1
v 9.09384 -20.846 44.8778 1 1 1
v 14.2097 -5.37008 60.7328 1 1 1
v 9.59111 -9.80028 47.9612 1 1 1
v -0.206575 -3.88619 23.6102 1 1 1
v -0.206575 -3.88619 23.6102 1 1 1
v 13.5477 -8.1873 58.3792 1 1 1
v 13.5477 -8.1873 58.3792 1 1 1
v 9.47962 -21.5729 45.5695 1 1 1
v 9.93526 -11.9054 48.291 1 1 1
v 9.48286 -10.3945 47.3679 1 1 1
v 9.94606 -11.434 48.2267 1 1 1
v 10.178 -9.85752 49.0602 1 1 1
v 0.712286 5.75259 27.1167 1 1 1
v 10.326 -9.67265 49.0183 1 1 1
v 1.05991 17.1921 29.7464 1 1 1
v 9.62503 -18.8508 45.5251 1 1 1
v 0.490152 6.57407 26.3733 1 1 1
v 10.3269 -9.17542 48.5574 1 1 1
v 0.195976 5.70787 25.4211 1 1 1
v 0.249682 5.8263 25.4429 1 1 1
v -0.00208634 -3.95554 23.2783 1 1 1
v 0.186601 6.34304 24.9423 1 1 1
v 0.234972 6.40483 25.0723 1 1 1
v 0.20928 6.45537 24.9679 1 1 1
v 0.288618 6.36572 25.1388 1 1 1
v 14.8031 -5.18257 59.2471 1 1 1
v 0.964805 17.3349 28.4627 1 1 1
v 0.964805 17.3349 28.4627 1 1 1
v 1.69154 12.0063 29.4129 1 1 1
v 10.425 -12.0543 47.3634 1 1 1
v 10.9322 -26.1895 46.3071 1 1 1
v 0.116506 -3.67353 22.9908 1 1 1
v 10.6867 -11.6717 47.6132 1 1 1
v 10.6867 -11.6717 47.6132 1 1 1
v 0.426933 6.23713 25.0822 1 1 1
v 0.711935 5.504 25.2702 1 1 1
v 0.641014 6.09095 24.9135 1 1 1
v 13.6355 -6.72658 54.1861 1 1 1
v 1.44261 10.9684 27.4512 1 1 1
v 1.98323 11.3774 28.7076 1 1 1
v 0.838202 5.70288 24.9662 1 1 1
v 12.5821 -14.1728 50.1485 1 1 1
v 0.808768 5.38041 24.8629 1 1 1
v 0.847095 5.26825 24.8917 1 1 1
v 0.939666 6.04273 24.7743 1 1 1
v 1.64038 10.7545 26.9089 1 1 1
v 0.915687 4.88527 24.2333 1 1 1
v 0.915687 4.88527 24.2333 1 1 1
v 1.11788 3.69726 24.397 1 1 1
v 1.91 16.9328 27.6926 1 1 1
v 12.4713 -26.3261 46.8386 1 1 1
v 1.42975 12.6355 25.6446 1 1 1
v 1.42975 12.6355 25.6446 1 1 1
v 1.78918 5.88711 25.4531 1 1 1
v 2.14849 6.97897 26.1043 1 1 1
v 1.59177 4.2315 24.3105 1 1 1
v 2.3069 1.82321 25.6469 1 1 1
v -0.553984 23.3377 21.4563 1 1 1
v 15.8293 -27.9137 52.4201 1 1 1
v 0.251703 22.0341 22.9684 1 1 1
v 1.66761 4.01117 24.2091 1 1 1
v 15.376 -1.26941 53.5561 1 1 1
v 1.48173 -4.58263 22.7366 1 1 1
v 2.09176 -0.130329 24.5123 1 1 1
v 11.8264 -1.12226 45.455 1 1 1
v 2.2291 2.30556 24.9023 1 1 1
v 2.48576 2.66374 25.4636 1 1 1
v 1.92488 -4.44117 23.414 1 1 1
v 2.58234 3.33141 25.5389 1 1 1
v 15.5697 -27.1552 50.3474 1 1 1
v 15.5697 -27.1552 50.3474 1 1 1
v 2.95548 1.44371 25.7919 1 1 1
v 2.38614 -0.423766 24.3959 1 1 1
v 2.36929 -2.32123 23.9581 1 1 1
v 15.812 -27.2597 50.1277 1 1 1
v 2.81637 3.50667 25.2065 1 1 1
v 15.0153 -26.6242 48.295 1 1 1
v 2.48146 -2.79795 23.7722 1 1 1
v 3.08748 2.48844 25.4559 1 1 1
v 3.10941 -0.114286 25.2883 1 1 1
v 2.54283 -2.64077 23.8887 1 1 1
v 3.27215 0.727472 25.663 1 1 1
v 16.5508 -1.03794 53.1532 1 1 1
v 16.1703 -0.689998 52.331 1 1 1
v 3.25671 0.737122 25.4734 1 1 1
v 3.15306 -0.317329 25.0293 1 1 1
v 3.00197 -4.09496 24.2756 1 1 1
v 5.7967 14.84 31.3148 1 1 1
v 5.7967 14.84 31.3148 1 1 1
v 3.13335 -0.286945 24.7318 1 1 1
v 3.91641 0.867221 26.07 1 1 1
v 18.6981 -3.7064 55.332 1 1 1
v 2.97885 -3.46568 23.6144 1 1 1
v 17.6013 -1.70528 52.8002 1 1 1
v 5.62264 17.7824 27.7409 1 1 1
v 9.56643 12.5835 34.0214 1 1 1
v 9.40498 12.4069 33.713 1 1 1
v 5.42768 20.0464 24.082 1 1 1
v 23.7271 -1.93472 50.3036 1 1 1
v 24.4294 -2.15611 51.1868 1 1 1
v 11.3136 15.774 28.057 1 1 1
v -18.3269 -5.41856 34.4959 1 1 1
v -19.1171 -2.78471 35.499 1 1 1
v -19.6887 -0.474839 35.8414 1 1 1
v -19.6083 -0.347142 37.0262 1 1 1
v -19.7905 -4.06008 42.0884 1 1 1
v -19.2173 -2.80245 38.4077 1 1 1
v -19.4687 -0.497926 37.1706 1 1 1
v -19.0067 -2.5384 37.2654 1 1 1
v -24.218 23.2686 34.576 1 1 1
v -19.456 -0.586943 37.4803 1 1 1
v -19.2011 -2.41055 38.3811 1 1 1
v -20.91 -4.92458 49.9511 1 1 1
v -14.1957 -24.1053 39.1665 1 1 1
v -18.9798 -4.71739 43.7925 1 1 1
v -17.9136 -2.70396 39.4962 1 1 1
v -15.2138 -29.4151 61.9906 1 1 1
v -16.9772 -3.46495 39.6531 1 1 1
v -15.2788 -28.8394 62.3467 1 1 1
v -16.961 -2.44796 39.3583 1 1 1
v -16.961 -2.44796 39.3583 1 1 1
v -16.5569 -3.18928 40.5044 1 1 1
v -15.9993 -4.36656 39.7115 1 1 1
v -18.7735 23.0503 21.2673 1 1 1
v -16.0932 -2.99347 40.5534 1 1 1
v -15.8162 -4.09889 40.5503 1 1 1
v -16.1185 -2.50474 41.1063 1 1 1
v -15.7831 -3.39145 40.1293 1 1 1
v -18.7882 22.0149 25.5027 1 1 1
v -17.0207 -9.61722 64.8061 1 1 1
v -15.6789 -2.63795 42.4039 1 1 1
v -11.6493 -29.0757 62.1145 1 1 1
v -11.6493 -29.0757 62.1145 1 1 1
v -14.5332 -3.52468 42.8082 1 1 1
v -14.5341 -3.48758 42.8908 1 1 1
v -15.2495 -10.8447 69.5697 1 1 1
v -10.8914 -28.8862 61.7896 1 1 1
v -10.8914 -28.8862 61.7896 1 1 1
v -14.1688 -2.96157 44.1758 1 1 1
v -10.1507 -28.8385 61.9113 1 1 1
v -9.29683 -30.1397 61.0717 1 1 1
v -9.57283 -27.8898 60.9608 1 1 1
v -9.36919 -28.8459 62.2078 1 1 1
v -9.1158 -30.1296 62.0633 1 1 1
v -9.1158 -30.1296 62.0633 1 1 1
v -13.7795 10.3959 40.0266 1 1 1
v -14.1037 17.8327 30.2208 1 1 1
v -9.8257 -1.23215 40.7434 1 1 1
v -12.5218 19.9165 27.9893 1 1 1
v -10.2359 9.84948 42.1561 1 1 1
v -3.22912 -29.6126 59.6893 1 1 1
v -9.33966 8.44153 44.6286 1 1 1
v -2.74098 -29.3796 59.672 1 1 1
v -2.53345 -28.9972 59.627 1 1 1
v -2.64203 -27.7878 58.1906 1 1 1
v -6.49527 -0.679659 56.5378 1 1 1
v -8.26524 10.1471 41.6992 1 1 1
v -8.6701 16.8405 31.5945 1 1 1
v -7.65727 11.8126 28.966 1 1 1
v -7.24154 16.0615 32.1899 1 1 1
v -6.9912 11.21 29.2294 1 1 1
v -5.67873 -2.70328 26.1114 1 1 1
v -5.56451 -3.11296 26.2891 1 1 1
v -5.35766 -4.58279 26.3428 1 1 1
v 0.557083 -22.767 52.8915 1 1 1
v -6.00085 4.07727 27.8604 1 1 1
v -5.07041 -4.9829 26.5349 1 1 1
v -5.22219 -4.01429 25.7494 1 1 1
v -5.24408 -3.92384 25.5478 1 1 1
v -5.7371 8.96314 32.1272 1 1 1
v -5.4563 11.6552 35.4091 1 1 1
v -5.72048 5.87821 29.0016 1 1 1
v -4.75995 -5.39679 26.6818 1 1 1
v -4.99026 -4.43279 25.6399 1 1 1
v -6.10393 15.9427 32.5483 1 1 1
v -4.71669 -4.87341 26.2834 1 1 1
v -4.55204 -5.5393 26.6609 1 1 1
v -4.62077 11.8715 37.7878 1 1 1
v 1.23278 -24.7427 48.4082 1 1 1
v -5.17608 5.25834 28.3625 1 1 1
v 1.15731 -22.6016 48.773 1 1 1
v -4.38813 -5.59314 25.8675 1 1 1
v 1.26948 -20.1508 50.7205 1 1 1
v 1.48428 -8.1785 59.5801 1 1 1
v 1.62942 -24.5407 48.6929 1 1 1
v 1.75044 -26.3102 47.6596 1 1 1
v -5.83017 13.8068 27.7896 1 1 1
v -5.83017 13.8068 27.7896 1 1 1
v -4.27862 -6.05258 24.5286 1 1 1
v -4.48875 -2.19471 25.7098 1 1 1
v 1.80999 -17.0502 52.0465 1 1 1
v -4.14637 -5.41863 25.1014 1 1 1
v 2.08544 -26.4802 47.5517 1 1 1
v -5.05413 15.9298 31.9298 1 1 1
v 2.59267 -5.32104 62.2992 1 1 1
v -4.69912 15.7076 32.7092 1 1 1
v -4.7716 15.1163 31.9374 1 1 1
v -4.65937 5.01573 26.1655 1 1 1
v -4.56894 6.65221 27.4541 1 1 1
v 2.01314 -22.0794 46.9716 1 1 1
v -4.35281 7.02084 28.2901 1 1 1
v -4.34971 7.27319 28.2497 1 1 1
v -3.65717 -5.39446 25.2825 1 1 1
v 3.54732 -4.93318 61.7502 1 1 1
v -3.88245 9.7919 30.9624 1 1 1
v 2.4051 -14.0449 50.7209 1 1 1
v -4.04834 8.56433 28.262 1 1 1
v 2.67453 -25.3329 44.8393 1 1 1
v -3.89288 10.5715 29.2366 1 1 1
v 2.87541 -25.6477 45.4713 1 1 1
v 2.95816 -19.3487 48.5058 1 1 1
v 2.66429 -18.712 47.32 1 1 1
v 2.54254 -17.9207 46.7083 1 1 1
v 2.84845 -14.8798 49.4859 1 1 1
v 2.98178 -25.4234 44.6357 1 1 1
v 2.98178 -25.4234 44.6357 1 1 1
v -3.63506 10.6774 29.1267 1 1 1
v 4.45704 -4.04531 60.2811 1 1 1
v 3.15286 -18.2189 48.1747 1 1 1
v -3.53668 11.0823 29.4024 1 1 1
v -3.59438 8.05754 27.5112 1 1 1
v 3.16905 -19.317 46.1686 1 1 1
v 3.57868 -15.642 49.3855 1 1 1
v 3.78879 -19.6068 48.1992 1 1 1
v 3.56941 -24.9783 45.1089 1 1 1
v 3.57215 -15.5573 48.5084 1 1 1
v 2.61665 -18.6991 42.7719 1 1 1
v 3.7688 -22.9207 45.6206 1 1 1
v 3.86895 -20.0817 47.0546 1 1 1
v -3.44005 4.24295 24.5216 1 1 1
v 3.77421 -24.9504 44.6404 1 1 1
v -2.74483 -4.21537 24.0676 1 1 1
v 3.74102 -22.4663 45.0552 1 1 1
v 3.52819 -22.1066 44.2298 1 1 1
v 4.04144 -20.6306 46.8186 1 1 1
v -2.68219 -4.2374 23.9422 1 1 1
v 4.08758 -24.6598 45.0751 1 1 1
v 4.15304 -23.2567 45.2273 1 1 1
v 4.24585 -24.183 45.0683 1 1 1
v 4.228 -23.8363 44.9355 1 1 1
v 4.3984 -23.1423 45.7161 1 1 1
v -1.59697 20.8044 35.7788 1 1 1
v 4.55069 -24.0179 44.8906 1 1 1
v 4.43974 -23.2024 44.7029 1 1 1
v 4.66598 -19.8527 45.9362 1 1 1
v 4.23311 -22.3655 43.4185 1 1 1
v 5.49276 -17.4172 49.1545 1 1 1
v 5.60397 -14.932 49.7672 1 1 1
v 4.75835 -24.0918 43.7917 1 1 1
v 5.046 -22.5702 45.2878 1 1 1
v -1.64323 11.7228 29.2211 1 1 1
v -1.78208 11.2685 28.5417 1 1 1
v 5.27333 -24.0988 44.9968 1 1 1
v 5.50521 -14.8025 48.246 1 1 1
v 5.08075 -24.1639 43.7558 1 1 1
v 5.33355 -22.1654 45.1845 1 1 1
v 5.2179 -16.8619 46.1386 1 1 1
v 5.44877 -24.1681 44.5006 1 1 1
v 5.43809 -24.4522 44.1935 1 1 1
v -1.22196 16.8197 30.4408 1 1 1
v -0.960734 11.3955 29.5975 1 1 1
v -0.960734 11.3955 29.5975 1 1 1
v -1.04015 10.3208 28.25 1 1 1
v 7.80437 -17.6602 51.7807 1 1 1
v -1.1957 10.3179 27.2418 1 1 1
v 6.56507 -24.2663 45.6333 1 1 1
v 7.28265 -0.723981 53.0783 1 1 1
v 6.33768 -23.2301 44.8005 1 1 1
v 7.06792 -0.561697 52.2787 1 1 1
v -0.751187 6.28194 25.9498 1 1 1
v 7.35994 -12.7562 47.9137 1 1 1
v -0.500234 6.44378 25.5373 1 1 1
v 7.51657 -23.5761 45.0361 1 1 1
v 7.53926 -11.4083 47.1541 1 1 1
v 7.22471 -11.9575 45.3306 1 1 1
v -0.478193 -4.33992 22.9325 1 1 1
v 7.47673 -10.9622 46.2319 1 1 1
v -0.208993 6.36288 25.3687 1 1 1
v -0.208993 6.36288 25.3687 1 1 1
v 10.7503 -4.11517 57.0649 1 1 1
v -0.301373 -3.86666 23.3306 1 1 1
v 8.13312 -9.9685 47.5845 1 1 1
v -0.212976 6.6903 24.9814 1 1 1
v 11.2984 -2.11069 57.6998 1 1 1
v 10.794 -1.65025 55.2307 1 1 1
v 10.0023 -9.21223 51.5981 1 1 1
v 0.0569245 6.47885 24.7925 1 1 1
v 8.08299 -10.4821 45.6309 1 1 1
v 10.8711 -2.28356 54.6979 1 1 1
v 0.389138 5.76428 25.3382 1 1 1
v 8.30351 -10.4117 45.8363 1 1 1
v 8.30351 -10.4117 45.8363 1 1 1
v 12.174 -6.32766 57.2815 1 1 1
v 8.7836 -21.6459 45.061 1 1 1
v 1.37442 17.35 28.712 1 1 1
v 14.2448 -5.18245 61.9778 1 1 1
v 13.1478 -8.32833 58.2624 1 1 1
v 0.114694 -2.6767 22.4332 1 1 1
v 13.5226 -7.10279 58.9653 1 1 1
v 13.3852 -6.12961 58.2444 1 1 1
v 1.00546 5.18466 25.2845 1 1 1
v 10.4046 -9.90838 49.1891 1 1 1
v 14.0516 -5.53828 59.5278 1 1 1
v 1.0088 5.96876 25.1242 1 1 1
v 10.6692 -9.7112 49.6152 1 1 1
v 10.6359 -9.09658 49.4036 1 1 1
v 9.24155 -23.7024 43.7516 1 1 1
v 9.22476 -21.8633 43.8342 1 1 1
v 0.711188 -4.45532 22.6978 1 1 1
v 1.1718 6.06376 25.0612 1 1 1
v 10.3292 -13.0414 47.4734 1 1 1
v 1.40031 6.61556 25.6111 1 1 1
v 9.57446 -20.3181 44.4064 1 1 1
v 1.12755 5.17211 24.4936 1 1 1
v 10.0232 -22.2906 45.0699 1 1 1
v 1.58949 6.77186 25.7488 1 1 1
v 10.0926 -21.7184 45.1941 1 1 1
v 10.2397 -21.158 45.0864 1 1 1
v 11.0047 -14.5277 46.7826 1 1 1
v 12.5948 -12.2635 50.9735 1 1 1
v 2.08938 2.24522 24.9183 1 1 1
v 2.53672 -1.24321 24.8235 1 1 1
v 2.40714 -0.377733 24.4506 1 1 1
v 2.38938 -1.4831 24.2685 1 1 1
v 2.1522 -2.95854 23.1701 1 1 1
v 2.47411 -2.65283 23.7052 1 1 1
v 2.82435 -0.775535 24.6117 1 1 1
v 7.05602 12.1836 35.4317 1 1 1
v 2.64067 -1.14479 23.9144 1 1 1
v 2.8499 -3.64624 24.0675 1 1 1
v 2.74824 -3.2175 23.7394 1 1 1
v 2.80539 -3.77277 23.7244 1 1 1
v 3.13608 0.164885 24.7008 1 1 1
v 15.0324 -3.56874 51.2282 1 1 1
v 19.333 -3.5685 56.667 1 1 1
v 21.1756 -3.03367 55.3324 1 1 1
v -19.0488 -0.981501 33.4226 1 1 1
v -15.3177 -11.3902 27.8391 1 1 1
v -18.5286 -1.61136 32.1963 1 1 1
v -15.3934 -11.1646 28.0168 1 1 1
v -20.1822 -0.270376 38.3694 1 1 1
v -19.5789 -4.0616 42.4229 1 1 1
v -16.3093 -3.79524 40.6219 1 1 1
v -18.5028 -3.85799 53.8106 1 1 1
v -16.7408 -1.66042 42.036 1 1 1
v -16.253 -3.28862 40.9691 1 1 1
v -15.826 -2.29197 41.5521 1 1 1
v -15.6155 -2.54276 41.3607 1 1 1
v -14.9964 -3.17849 42.6327 1 1 1
v -8.84329 -7.7131 4.87856 1 1 1
v -9.45538 -18.855 26.3115 1 1 1
v -9.42834 -18.7844 26.0693 1 1 1
v -9.42834 -18.7844 26.0693 1 1 1
v -15.6754 20.7821 26.9011 1 1 1
v -15.2091 -1.29481 57.3051 1 1 1
v -10.8776 -29.795 62.0543 1 1 1
v -14.5668 -1.11297 57.6784 1 1 1
v -10.0869 -30.3417 61.4271 1 1 1
v -10.0869 -30.3417 61.4271 1 1 1
v -14.2557 11.3881 40.5338 1 1 1
v -14.2557 11.3881 40.5338 1 1 1
v -13.5455 -0.885982 56.7182 1 1 1
v -13.7951 11.6158 41.6565 1 1 1
v -13.5163 10.6679 39.5687 1 1 1
v -6.28475 -19.3581 55.9493 1 1 1
v -6.28475 -19.3581 55.9493 1 1 1
v -8.61866 0.990391 56.8655 1 1 1
v -3.39322 -30.1681 60.7823 1 1 1
v -6.49965 -0.571446 57.0723 1 1 1
v -7.37146 5.99333 48.1569 1 1 1
v -7.96269 10.81 41.4807 1 1 1
v -8.02439 13.9267 33.1078 1 1 1
v -6.44598 0.531907 33.4526 1 1 1
v -8.44273 16.979 30.9134 1 1 1
v -7.899 12.3579 30.6904 1 1 1
v -8.07752 16.1487 30.9444 1 1 1
v -7.1376 10.4502 30.3436 1 1 1
v -6.28258 4.53728 28.8781 1 1 1
v -5.31954 -4.67515 26.8857 1 1 1
v -5.31954 -4.67515 26.8857 1 1 1
v -5.56695 -2.37767 27.1481 1 1 1
v -5.36227 -4.3735 26.8115 1 1 1
v -5.39783 -2.38029 27.0587 1 1 1
v -5.42962 -2.21464 27.309 1 1 1
v -5.03275 -4.99129 28.0858 1 1 1
v -5.20069 -4.16057 26.707 1 1 1
v -5.50228 0.28296 27.7081 1 1 1
v -6.0452 10.2344 31.5821 1 1 1
v -6.49163 16.3626 33.3302 1 1 1
v -6.49163 16.3626 33.3302 1 1 1
v -5.71065 2.75436 26.8575 1 1 1
v -4.8145 -4.80525 26.8726 1 1 1
v -5.67405 4.25233 27.0893 1 1 1
v -4.73901 -5.09573 25.7924 1 1 1
v -4.60279 -4.7754 26.3605 1 1 1
v -4.53537 -4.88661 26.6252 1 1 1
v -4.76033 -5.60595 22.3224 1 1 1
v -4.31253 -5.6861 25.4926 1 1 1
v -4.47165 -6.06736 22.9112 1 1 1
v 1.61223 -20.7578 59.9557 1 1 1
v -5.92135 18.2988 28.5392 1 1 1
v -4.35286 -2.39347 25.088 1 1 1
v 0.828131 -7.98579 59.0811 1 1 1
v 0.828131 -7.98579 59.0811 1 1 1
v -4.60501 11.2877 31.6498 1 1 1
v 1.24693 -20.5407 51.732 1 1 1
v 2.77146 -21.8255 61.703 1 1 1
v -4.4916 2.80754 25.6127 1 1 1
v 2.47159 -21.4256 59.4969 1 1 1
v 2.47159 -21.4256 59.4969 1 1 1
v 1.58957 -24.9744 49.2214 1 1 1
v 2.02675 -27.7055 50.2597 1 1 1
v 2.02675 -27.7055 50.2597 1 1 1
v -4.31441 5.63743 26.1349 1 1 1
v -3.91214 11.6149 31.36 1 1 1
v -4.00573 11.0202 30.3482 1 1 1
v -4.02887 9.51996 29.3172 1 1 1
v -4.0513 7.16778 27.5858 1 1 1
v -3.98364 7.49215 28.195 1 1 1
v -3.96768 8.42329 28.4879 1 1 1
v -3.81465 9.56143 29.5242 1 1 1
v -3.81465 9.56143 29.5242 1 1 1
v -2.92578 -4.61167 26.0467 1 1 1
v -3.23731 -5.89449 23.3656 1 1 1
v 2.68736 -26.3025 48.8669 1 1 1
v -3.01546 -4.57366 24.5862 1 1 1
v 2.30395 -17.7294 47.2189 1 1 1
v -3.43155 4.30334 24.6109 1 1 1
v 2.61254 -15.638 49.0963 1 1 1
v -2.46006 11.4905 32.1785 1 1 1
v 2.47246 -16.0324 47.4 1 1 1
v 2.08091 -1.02215 47.6333 1 1 1
v 3.3526 -25.6327 45.0713 1 1 1
v 3.71536 -16.0661 50.004 1 1 1
v 4.8469 -4.13986 58.8752 1 1 1
v 3.26363 -20.4097 45.3641 1 1 1
v 3.81178 -25.6357 45.8064 1 1 1
v -2.51223 11.6923 27.3363 1 1 1
v -1.95825 10.5752 29.0123 1 1 1
v -2.16567 16.6102 29.6758 1 1 1
v 3.91504 -19.4903 46.873 1 1 1
v 4.11288 -19.4288 47.754 1 1 1
v -1.51291 0.714509 27.0586 1 1 1
v -1.78898 4.75717 25.5131 1 1 1
v -1.49774 11.015 27.9982 1 1 1
v 5.53482 -15.2383 48.0125 1 1 1
v -0.549315 9.84597 28.8287 1 1 1
v -0.810867 9.47018 27.1282 1 1 1
v 5.9168 -14.7008 48.1594 1 1 1
v 5.81456 -25.139 45.3352 1 1 1
v 5.81456 -25.139 45.3352 1 1 1
v -0.568264 9.82557 27.3037 1 1 1
v -0.566198 9.8177 27.2774 1 1 1
v -0.430626 9.66905 27.6317 1 1 1
v 6.00343 -22.1463 46.1154 1 1 1
v 6.28639 -24.4805 44.464 1 1 1
v 7.02413 -14.829 48.8853 1 1 1
v 6.59213 -20.871 46.1791 1 1 1
v 6.43214 -24.0775 44.986 1 1 1
v 6.85777 -13.4638 48.2692 1 1 1
v -0.259404 -3.80496 23.5222 1 1 1
v 9.69696 -6.27547 56.4224 1 1 1
v -0.0410198 -3.74824 22.3455 1 1 1
v 0.47664 5.32887 25.1116 1 1 1
v 10.6882 -4.46242 57.7686 1 1 1
v 10.6882 -4.46242 57.7686 1 1 1
v 7.73605 -24.9188 44.8668 1 1 1
v 0.458295 6.24058 24.6056 1 1 1
v 11.206 -4.75416 58.0963 1 1 1
v -4.92751 -8.19119 4.60661 1 1 1
v 10.7241 -8.72007 54.9216 1 1 1
v 0.794897 6.23205 24.6293 1 1 1
v 10.7892 -1.54635 55.5223 1 1 1
v 8.54812 -24.9986 45.5883 1 1 1
v 9.76866 -2.05908 51.9403 1 1 1
v 9.58896 -11.0082 50.0246 1 1 1
v 0.569551 19.399 24.7493 1 1 1
v 10.7979 -9.27612 53.7206 1 1 1
v 11.4359 -6.54425 55.5543 1 1 1
v 1.29302 13.4491 25.8759 1 1 1
v 11.0636 -2.66011 54.4715 1 1 1
v 11.898 -8.00859 56.1804 1 1 1
v 1.83313 16.4399 27.4228 1 1 1
v 11.9396 -7.28821 55.7755 1 1 1
v 1.93203 10.054 26.6563 1 1 1
v 10.3235 -11.8196 49.6511 1 1 1
v 9.71005 -13.9721 47.3245 1 1 1
v 10.7428 -9.81253 49.755 1 1 1
v 9.71291 -20.9701 45.0276 1 1 1
v 11.3305 -8.91109 50.0421 1 1 1
v 10.179 -22.0163 45.7884 1 1 1
v 2.32063 1.37029 24.8205 1 1 1
v 10.7149 -10.143 47.9084 1 1 1
v 2.34433 2.99641 24.9328 1 1 1
v 10.612 -22.5412 46.2913 1 1 1
v 3.1941 4.25864 26.9378 1 1 1
v 10.5041 -22.2631 45.5395 1 1 1
v 2.07413 -3.6048 22.54 1 1 1
v 11.0317 -22.9548 45.9233 1 1 1
v 2.70785 -2.97457 24.1567 1 1 1
v 14.5304 -6.57446 55.8263 1 1 1
v 15.0738 -14.228 56.838 1 1 1
v 2.95581 -2.95288 24.0595 1 1 1
v 3.29454 -3.79344 24.6797 1 1 1
v 3.25519 -3.05159 24.4902 1 1 1
v 3.36409 -2.77308 24.6648 1 1 1
v 3.35241 -3.6319 24.3173 1 1 1
v 3.12919 -3.45034 23.5773 1 1 1
v 6.75357 13.8519 32.3616 1 1 1
v -20.0866 -0.303049 37.3394 1 1 1
v -19.491 -0.51135 35.4771 1 1 1
v -19.9213 -2.68908 39.2509 1 1 1
v -17.5727 -1.17959 36.8758 1 1 1
v -16.5885 -4.21515 39.5033 1 1 1
v -16.2716 -4.33623 39.8939 1 1 1
v -16.1637 -2.18689 40.398 1 1 1
v -15.7625 -2.73351 40.0818 1 1 1
v -15.7995 -3.55579 41.6549 1 1 1
v -13.1858 -5.61712 29.7036 1 1 1
v -15.7143 -2.66633 41.0505 1 1 1
v -15.564 -2.84935 41.1098 1 1 1
v -15.3999 -2.78693 40.7941 1 1 1
v -13.2943 -3.50214 39.0606 1 1 1
v -7.95341 -16.592 20.1572 1 1 1
v -10.0897 15.5244 29.3429 1 1 1
v -7.71952 12.2656 29.5866 1 1 1
v -6.82665 10.7706 27.5116 1 1 1
v -5.32239 -4.78353 27.592 1 1 1
v -5.31795 -4.80119 27.5411 1 1 1
v -5.7839 1.09498 29.4068 1 1 1
v -6.15619 4.74619 28.894 1 1 1
v -5.36108 -4.33565 26.8768 1 1 1
v -5.56188 -2.27346 27.0083 1 1 1
v -5.36376 -4.36573 26.6516 1 1 1
v -6.22248 7.09868 29.9263 1 1 1
v -5.20199 -3.98068 26.5548 1 1 1
v -5.05995 -4.61214 28.3009 1 1 1
v -5.74564 2.93072 27.0888 1 1 1
v -4.97467 -4.79718 27.3703 1 1 1
v -5.68575 4.36296 27.2402 1 1 1
v -4.96014 -5.19571 24.4593 1 1 1
v -4.61168 -5.32273 27.8357 1 1 1
v -5.63012 11.1371 33.1498 1 1 1
v -5.96702 11.539 28.0186 1 1 1
v -4.57349 -5.27444 25.8118 1 1 1
v -5.21559 5.15644 26.5259 1 1 1
v -5.21559 5.15644 26.5259 1 1 1
v -5.68002 17.6012 32.6369 1 1 1
v -5.68002 17.6012 32.6369 1 1 1
v -4.96847 4.29399 25.6937 1 1 1
v -4.64259 3.43869 27.2086 1 1 1
v -4.81175 5.20297 26.5373 1 1 1
v -3.99047 -5.21183 25.2578 1 1 1
v -4.5225 10.0546 29.1923 1 1 1
v -3.33432 -5.69431 28.2378 1 1 1
v -3.33818 -5.70596 28.1588 1 1 1
v -2.47129 -4.60094 33.2472 1 1 1
v -3.82674 10.4 30.74 1 1 1
v -3.89344 10.2559 29.8432 1 1 1
v -3.83234 9.96316 28.4089 1 1 1
v -3.76332 5.8416 26.4033 1 1 1
v -3.24039 -5.86636 23.3744 1 1 1
v -3.59272 8.54278 28.3636 1 1 1
v -3.4555 9.0561 28.2697 1 1 1
v -2.35367 -4.95726 28.2481 1 1 1
v -2.61403 11.9994 28.7355 1 1 1
v -1.52843 -6.03708 25.0041 1 1 1
v -0.922961 11.7464 31.5375 1 1 1
v -1.49313 10.0106 27.0392 1 1 1
v 0.389261 -3.43402 31.6386 1 1 1
v -1.17105 9.42261 26.5498 1 1 1
v -1.01763 6.06292 26.2787 1 1 1
v -1.0559 9.72088 26.8518 1 1 1
v -0.268188 -3.73693 23.5624 1 1 1
v 0.40654 8.14423 27.5349 1 1 1
v -0.168591 -3.8561 23.1246 1 1 1
v -0.11885 6.14914 24.4697 1 1 1
v 0.224012 5.08312 25.5351 1 1 1
v 0.128745 5.37955 25.0795 1 1 1
v 0.605269 17.2391 27.3784 1 1 1
v 0.636319 16.0553 27.1525 1 1 1
v 0.636319 16.0553 27.1525 1 1 1
v 0.54979 14.382 26.2674 1 1 1
v 0.844333 18.227 27.4543 1 1 1
v 2.19711 12.3834 30.3784 1 1 1
v 0.799609 4.17649 23.7052 1 1 1
v 1.52333 -4.45514 25.5103 1 1 1
v 1.14497 3.74267 24.8245 1 1 1
v 1.14418 6.11013 24.9669 1 1 1
v 1.28481 6.45991 25.2385 1 1 1
v 1.57705 5.4917 24.8649 1 1 1
v 1.62729 4.29679 24.5932 1 1 1
v 1.91572 6.92935 25.7833 1 1 1
v 3.24857 13.3876 30.1773 1 1 1
v 2.21122 1.67735 25.3239 1 1 1
v 2.32605 4.72121 25.5425 1 1 1
v 1.41793 -3.9336 21.6235 1 1 1
v 2.52509 2.64187 25.4546 1 1 1
v 2.3983 -0.460296 24.3669 1 1 1
v 2.35939 -1.49547 24.1516 1 1 1
v 2.91661 -3.04682 23.8917 1 1 1
v 3.47135 -3.61592 25.0022 1 1 1
v 3.39908 -3.56365 24.4592 1 1 1
v 5.60848 15.8375 30.8335 1 1 1
v 6.06671 15.2678 32.1758 1 1 1
v 5.51865 17.6269 27.5881 1 1 1
v 6.87324 19.1908 19.2068 1 1 1
v 10.1958 14.0633 26.0305 1 1 1
v -16.0955 -4.6083 25.7833 1 1 1
v -13.3835 -7.59194 19.3515 1 1 1
v -19.3987 -2.86117 35.9961 1 1 1
v -19.6685 -0.343261 36.2665 1 1 1
v -11.7206 -2.76601 38.4887 1 1 1
v -7.3192 -16.2398 21.5066 1 1 1
v -9.81095 -10.2264 39.0441 1 1 1
v -5.77579 -11.0397 2.17768 1 1 1
v -10.915 17.8199 30.8093 1 1 1
v -7.89318 5.91074 38.4713 1 1 1
v -7.53283 11.7431 28.5771 1 1 1
v -6.9351 9.95246 27.2972 1 1 1
v -7.29052 14.3397 32.2284 1 1 1
v -6.47069 5.59128 29.0716 1 1 1
v -5.71086 -2.32748 27.0725 1 1 1
v -6.65293 10.9262 30.4502 1 1 1
v -5.23085 -4.10289 25.5808 1 1 1
v -5.89099 6.94165 30.2097 1 1 1
v -6.06217 10.2348 31.9103 1 1 1
v -6.09069 10.7793 32.8872 1 1 1
v -4.578 -4.64258 27.8743 1 1 1
v -4.71248 -5.13554 24.028 1 1 1
v -4.38239 -5.54209 25.4132 1 1 1
v -4.30238 -5.55043 26.6978 1 1 1
v -4.72712 2.73885 25.2957 1 1 1
v -3.85981 -5.67472 24.9195 1 1 1
v -4.52141 6.7544 27.5444 1 1 1
v -4.7296 16.2932 33.5709 1 1 1
v -3.80915 -4.97127 25.5987 1 1 1
v -3.7606 -5.44758 25.6889 1 1 1
v -4.55648 16.1704 31.8225 1 1 1
v -4.58256 15.2721 30.5709 1 1 1
v -4.15705 16.2379 32.6444 1 1 1
v -3.68544 9.24451 28.1402 1 1 1
v -3.54247 9.33391 29.1662 1 1 1
v -3.59072 11.3022 29.5968 1 1 1
v -3.4651 4.47017 24.69 1 1 1
v -2.90482 12.8296 35.0481 1 1 1
v -3.47466 3.31739 22.595 1 1 1
v -2.28317 12.5895 33.9404 1 1 1
v -2.09079 13.9472 36.291 1 1 1
v -2.51707 11.8378 27.4889 1 1 1
v -2.58969 13.5794 26.4102 1 1 1
v -1.53576 1.08785 27.5677 1 1 1
v -1.55079 11.4017 30.3976 1 1 1
v -1.01068 13.3518 34.2531 1 1 1
v -1.51234 11.6275 29.1593 1 1 1
v -1.03263 16.5859 31.2282 1 1 1
v -1.16142 9.95413 27.6682 1 1 1
v -1.24264 9.78849 27.054 1 1 1
v -1.20875 10.5004 27.4371 1 1 1
v -1.11499 7.94607 25.577 1 1 1
v -0.712013 9.95983 27.9971 1 1 1
v 0.0649811 11.9283 30.8754 1 1 1
v -0.638006 6.5361 25.8025 1 1 1
v -0.04179 7.1174 26.5928 1 1 1
v 0.100598 7.4479 27.2933 1 1 1
v 0.151478 6.44812 24.8127 1 1 1
v 1.73509 13.5308 33.0331 1 1 1
v 1.04566 17.3202 29.8703 1 1 1
v 1.30885 17.2276 30.6717 1 1 1
v 1.22712 16.2021 28.7006 1 1 1
v 0.977061 6.21432 26.1524 1 1 1
v 1.29674 15.9507 28.3278 1 1 1
v 0.607258 19.5067 24.9054 1 1 1
v 1.89354 11.2703 29.4786 1 1 1
v 0.898215 4.70667 24.147 1 1 1
v -0.576358 -5.44248 16.7842 1 1 1
v 1.44223 7.21661 26.2203 1 1 1
v 3.80544 -1.95148 35.501 1 1 1
v 1.2825 4.29084 25.2943 1 1 1
v 1.31549 6.57223 25.4202 1 1 1
v 1.1737 5.17227 24.6233 1 1 1
v 1.94224 16.7299 27.9596 1 1 1
v 1.86088 16.3318 27.4762 1 1 1
v 2.14195 11.9849 27.7271 1 1 1
v 2.19525 12.2156 27.9842 1 1 1
v 2.27984 2.78534 24.9225 1 1 1
v 2.7544 0.668839 25.7685 1 1 1
v 3.0618 -2.52287 26.202 1 1 1
v 2.73793 -2.13302 24.9723 1 1 1
v 2.75861 -2.01388 24.8588 1 1 1
v 3.17171 2.79333 25.9741 1 1 1
v 3.19352 2.95998 26.1822 1 1 1
v 2.90611 -0.583822 24.9724 1 1 1
v 4.42042 1.60722 28.9612 1 1 1
v 3.23986 -2.70981 24.6866 1 1 1
v -0.123544 -7.9049 6.41324 1 1 1
v -22.544 -0.50489 41.6092 1 1 1
v -23.0243 1.91364 41.9311 1 1 1
v -22.7846 -0.00498508 42.1981 1 1 1
v -22.185 -0.925174 41.0212 1 1 1
v -22.3295 -1.0511 41.5822 1 1 1
v -22.2806 -0.385457 41.2798 1 1 1
v -22.0745 1.18347 40.1375 1 1 1
v -22.0745 1.18347 40.1375 1 1 1
v -23.9445 -3.85697 47.9081 1 1 1
v -21.6169 -1.54829 40.3676 1 1 1
v -21.8349 -0.402873 40.616 1 1 1
v -26.1974 -5.16147 55.4183 1 1 1
v -21.724 -1.72033 41.1499 1 1 1
v -21.7663 -1.53455 41.3861 1 1 1
v -21.5679 0.937212 39.7643 1 1 1
v -21.8316 -0.60449 41.8746 1 1 1
v -23.5881 -4.43549 49.6693 1 1 1
v -23.7907 -4.65908 50.4696 1 1 1
v -23.1337 -4.1262 48.3497 1 1 1
v -20.8866 0.149764 39.9557 1 1 1
v -21.4442 0.84379 41.3298 1 1 1
v -21.4568 -1.89132 42.6226 1 1 1
v -21.4568 -1.89132 42.6226 1 1 1
v -21.5598 1.21124 41.7654 1 1 1
v -23.2009 -4.17196 49.1356 1 1 1
v -23.9362 -4.80482 51.8244 1 1 1
v -24.294 -4.91452 53.0789 1 1 1
v -20.7683 0.178032 40.4337 1 1 1
v -22.8338 -4.26775 48.7907 1 1 1
v -23.4791 -4.50758 51.4344 1 1 1
v -22.7627 -4.14367 49.0815 1 1 1
v -20.6131 0.163194 40.683 1 1 1
v -20.7299 -1.70605 42.228 1 1 1
v -21.118 -1.37172 43.4748 1 1 1
v -22.0523 -4.36793 47.9221 1 1 1
v -20.447 -1.68308 41.8493 1 1 1
v -20.4788 0.315218 41.3081 1 1 1
v -22.755 -4.47512 50.8277 1 1 1
v -21.8548 -3.25269 48.2783 1 1 1
v -21.8548 -3.25269 48.2783 1 1 1
v -19.8511 -2.03252 41.8719 1 1 1
v -21.0157 -3.24084 46.9583 1 1 1
v -20.7335 -2.72007 46.1024 1 1 1
v -20.7335 -2.72007 46.1024 1 1 1
v -19.0496 -2.08096 43.1665 1 1 1
v -23.0194 -3.47144 58.2637 1 1 1
v -19.2426 -3.75432 46.4952 1 1 1
v -19.7782 -4.14633 48.8983 1 1 1
v -18.5496 -3.42384 45.059 1 1 1
v -18.1884 -1.67474 43.6047 1 1 1
v -18.1089 -3.53781 44.9998 1 1 1
v -17.8844 -0.714603 43.0759 1 1 1
v -17.8329 -3.26287 45.2745 1 1 1
v -17.7963 -1.10943 44.0748 1 1 1
v -17.7963 -1.10943 44.0748 1 1 1
v -17.6269 -3.746 44.8957 1 1 1
v -17.9853 -2.3336 45.6388 1 1 1
v -17.8092 -3.00319 45.4118 1 1 1
v -17.8337 -1.32068 44.6912 1 1 1
v -17.9135 -1.83108 45.6177 1 1 1
v -17.9135 -1.83108 45.6177 1 1 1
v -17.6965 -1.52154 44.6212 1 1 1
v -17.7212 -1.35 44.9047 1 1 1
v -17.7212 -1.35 44.9047 1 1 1
v -17.6946 -1.20719 45.064 1 1 1
v -17.7605 -3.42836 46.5497 1 1 1
v -17.4192 -1.75131 44.8302 1 1 1
v -17.4574 -1.96639 45.4567 1 1 1
v -17.3944 -1.49132 45.1904 1 1 1
v -17.0775 -3.41468 45.5862 1 1 1
v -17.3933 -2.39257 46.6137 1 1 1
v -16.7538 -3.88761 45.0718 1 1 1
v -16.9652 -1.94899 45.0297 1 1 1
v -16.8379 -2.96991 45.8819 1 1 1
v -16.8169 -2.97917 45.8049 1 1 1
v -17.1441 -2.09326 46.96 1 1 1
v -16.9533 -1.86116 46.1019 1 1 1
v -16.8326 -1.63014 45.5569 1 1 1
v -16.9973 -1.95532 47.0677 1 1 1
v -16.7866 -1.74116 46.1794 1 1 1
v -16.971 -2.27589 48.4399 1 1 1
v -16.6858 -3.22412 47.888 1 1 1
v -16.3752 -1.95232 46.2321 1 1 1
v -16.3822 -2.05423 47.3822 1 1 1
v -16.1168 -2.29691 47.42 1 1 1
v -16.1465 -2.41639 47.6683 1 1 1
v -16.1465 -2.41639 47.6683 1 1 1
v -15.9187 -2.40333 47.164 1 1 1
v -15.9261 -2.33505 48.1596 1 1 1
v -15.937 -2.46565 48.4955 1 1 1
v -14.9414 1.86368 41.8549 1 1 1
v -14.6708 1.57302 41.0067 1 1 1
v -14.0632 0.784192 42.5212 1 1 1
v -14.7305 12.3409 42.4439 1 1 1
v -12.3792 -0.813955 36.6466 1 1 1
v -14.741 12.2977 42.7541 1 1 1
v -13.6344 11.0963 43.8446 1 1 1
v -12.274 -0.0906001 47.0925 1 1 1
v -12.227 -0.256847 47.4206 1 1 1
v -7.95654 -21.5384 30.6023 1 1 1
v -12.4539 9.94692 46.2889 1 1 1
v -7.7516 -19.8101 31.3475 1 1 1
v -11.2051 -0.777398 47.6021 1 1 1
v -11.2051 -0.777398 47.6021 1 1 1
v -10.3995 17.5165 32.2456 1 1 1
v -8.12866 11.8561 29.7188 1 1 1
v -8.09757 12.5326 30.0433 1 1 1
v -7.7849 11.0718 28.4821 1 1 1
v -7.67051 12.2018 29.3685 1 1 1
v -7.29412 16.0816 32.3102 1 1 1
v -6.84366 10.7187 31.1509 1 1 1
v -6.75558 11.0812 31.7016 1 1 1
v -5.63325 -2.24255 27.7185 1 1 1
v -6.11126 5.06559 28.6726 1 1 1
v -6.03005 1.98702 34.4393 1 1 1
v -6.86463 16.0816 34.0126 1 1 1
v -5.45232 -4.24162 28.4414 1 1 1
v -5.45218 -4.03483 27.9926 1 1 1
v -5.43401 -4.07463 27.9256 1 1 1
v -5.37396 -4.45365 28.4684 1 1 1
v -5.76629 4.72043 27.9227 1 1 1
v -5.18594 -3.90541 27.2771 1 1 1
v -5.5986 5.41695 28.4658 1 1 1
v -4.70805 -5.19068 28.4916 1 1 1
v -4.64708 -5.3016 28.9596 1 1 1
v -4.66068 -5.02316 26.9162 1 1 1
v -4.51761 -5.13947 27.8457 1 1 1
v -5.45752 13.4064 39.3442 1 1 1
v -5.00869 3.1294 26.676 1 1 1
v -5.60392 16.414 32.6469 1 1 1
v -5.2564 13.8946 38.1445 1 1 1
v -4.29069 -5.26684 27.0523 1 1 1
v -4.29069 -5.26684 27.0523 1 1 1
v -4.83447 6.07751 26.7549 1 1 1
v -4.17259 -3.5876 27.8834 1 1 1
v -4.09944 -4.84454 26.5202 1 1 1
v -3.8935 -4.95754 26.9521 1 1 1
v -4.751 16.5425 33.924 1 1 1
v -4.751 16.5425 33.924 1 1 1
v -2.58891 -8.46999 59.236 1 1 1
v -4.03326 10.4803 29.7037 1 1 1
v -3.92131 11.5364 30.2675 1 1 1
v -3.73789 11.4026 29.6533 1 1 1
v -3.08111 -4.28289 25.5152 1 1 1
v -3.08111 -4.28289 25.5152 1 1 1
v -3.47202 9.79895 29.4167 1 1 1
v -3.08454 8.04976 30.61 1 1 1
v -3.15745 4.73799 25.7734 1 1 1
v -2.73326 -3.86784 25.3066 1 1 1
v -2.51614 15.2595 38.9226 1 1 1
v -2.45296 15.091 38.8669 1 1 1
v -2.6345 -3.77419 25.2939 1 1 1
v -2.6345 -3.77419 25.2939 1 1 1
v -2.32255 19.0519 33.6582 1 1 1
v -2.39243 11.0636 28.9639 1 1 1
v -2.51867 12.1747 27.9104 1 1 1
v 2.52629 -22.8582 63.913 1 1 1
v -1.95845 11.3724 30.2337 1 1 1
v 2.83472 -28.5219 61.8803 1 1 1
v -2.1821 -5.3207 21.1263 1 1 1
v 2.95976 -26.4822 63.397 1 1 1
v -1.84305 16.6801 30.6494 1 1 1
v 2.91744 -28.1391 60.5954 1 1 1
v 2.91744 -28.1391 60.5954 1 1 1
v 2.91098 -24.6413 60.4255 1 1 1
v -1.7134 -4.48144 24.1365 1 1 1
v 2.69371 -17.9658 60.0467 1 1 1
v 3.2141 -27.9147 61.3252 1 1 1
v 2.90563 -21.1717 59.4904 1 1 1
v 3.30149 -31.1464 58.917 1 1 1
v 3.58322 -24.9719 61.3885 1 1 1
v -2.26568 -5.67447 16.8233 1 1 1
v 3.51217 -30.1208 58.6763 1 1 1
v -1.26707 16.4398 30.2275 1 1 1
v 3.6411 -31.6813 58.9056 1 1 1
v 3.43415 -24.5737 59.0047 1 1 1
v 3.59215 -21.6369 60.9434 1 1 1
v -1.27907 11.1193 28.3987 1 1 1
v -1.03489 16.6861 31.3419 1 1 1
v 3.44191 -17.1448 59.635 1 1 1
v 3.62751 -28.2734 58.4669 1 1 1
v 3.3826 -16.7619 58.7514 1 1 1
v 3.50345 -16.5496 59.2293 1 1 1
v 3.37526 -20.2934 57.3114 1 1 1
v 3.36515 -20.2758 57.1691 1 1 1
v 3.77738 -15.01 61.6123 1 1 1
v 3.61929 -17.2351 59.5668 1 1 1
v 3.90836 -20.1492 58.9073 1 1 1
v 4.19067 -31.1452 58.68 1 1 1
v 3.9022 -20.408 58.7102 1 1 1
v -1.10194 10.2124 26.8823 1 1 1
v 3.97117 -18.9986 59.0421 1 1 1
v 3.81461 -30.0262 55.539 1 1 1
v 4.10875 -18.2697 59.6735 1 1 1
v -1.00956 6.03252 26.2792 1 1 1
v 4.06832 -16.5854 59.5547 1 1 1
v 4.49129 -19.1135 61.1249 1 1 1
v 4.38262 -15.7268 60.0882 1 1 1
v 4.38262 -15.7268 60.0882 1 1 1
v 4.45653 -16.5022 60.4156 1 1 1
v -0.656724 17.0424 29.384 1 1 1
v 4.04466 -28.7801 54.6837 1 1 1
v 4.7837 -20.8472 60.9351 1 1 1
v -0.48066 10.8262 28.5265 1 1 1
v -0.449973 11.0504 28.9526 1 1 1
v 4.54384 -29.9806 56.7902 1 1 1
v 4.23927 -27.8575 54.7196 1 1 1
v 4.7103 -29.2558 57.3624 1 1 1
v 4.35532 -20.8465 56.3352 1 1 1
v 4.37822 -22.0701 55.6641 1 1 1
v -0.583911 7.02476 25.9463 1 1 1
v -0.583911 7.02476 25.9463 1 1 1
v -0.526847 6.79311 25.8143 1 1 1
v 4.95666 -16.9346 58.5797 1 1 1
v 4.90628 -28.748 56.1781 1 1 1
v 5.12515 -29.8767 57.4651 1 1 1
v -0.428664 -3.76364 24.4502 1 1 1
v 5.01458 -30.3389 56.277 1 1 1
v -0.40977 6.70045 25.419 1 1 1
v 5.18828 -29.6623 56.6739 1 1 1
v -0.336185 2.75726 25.2097 1 1 1
v 5.06529 -21.3028 56.2054 1 1 1
v 5.38446 -21.3098 58.0911 1 1 1
v 5.36645 -30.1202 56.7973 1 1 1
v 5.50805 -22.1971 58.7248 1 1 1
v 5.03011 -28.7803 54.8053 1 1 1
v 5.15192 -22.2542 56.4012 1 1 1
v 5.40322 -16.429 58.6225 1 1 1
v -0.120085 -3.39852 25.0894 1 1 1
v -0.199122 -3.46143 24.4289 1 1 1
v -0.241286 -3.46608 24.2499 1 1 1
v 5.3248 -21.9456 56.6728 1 1 1
v -0.193605 -3.77645 24.3099 1 1 1
v 5.43968 -28.3507 56.0677 1 1 1
v 5.84471 -22.0221 59.1788 1 1 1
v 5.40942 -28.5751 55.1747 1 1 1
v -0.0928959 -3.67655 24.314 1 1 1
v 5.3022 -25.2085 54.9069 1 1 1
v 5.63192 -22.2764 56.9882 1 1 1
v 5.7645 -30.5402 56.3936 1 1 1
v 5.99196 -21.3049 58.7296 1 1 1
v 5.79718 -20.43 57.6248 1 1 1
v 5.26182 -24.3537 53.8802 1 1 1
v -0.0573585 5.74335 25.067 1 1 1
v 5.97424 -19.9565 57.9844 1 1 1
v 5.95436 -22.5293 57.6023 1 1 1
v 5.87759 -22.8188 57.1224 1 1 1
v 5.59585 -25.0925 55.1069 1 1 1
v 6.13707 -16.7701 59.0175 1 1 1
v 5.96456 -30.9074 56.4066 1 1 1
v 6.006 -29.8351 56.3915 1 1 1
v 5.51437 -24.6391 54.0288 1 1 1
v 1.49455 11.656 33.583 1 1 1
v 6.05868 -31.475 56.0319 1 1 1
v 6.03127 -16.2795 57.3268 1 1 1
v 6.16144 -20.4379 57.4665 1 1 1
v 6.16144 -20.4379 57.4665 1 1 1
v 0.193999 6.4849 25.1579 1 1 1
v 5.90785 -25.7965 54.9501 1 1 1
v 5.78868 -30.7497 53.4443 1 1 1
v 1.18046 17.1614 31.2429 1 1 1
v 6.05464 -22.8159 55.6259 1 1 1
v 6.56697 -16.9432 58.8586 1 1 1
v 6.43097 -20.2295 57.7942 1 1 1
v 6.1664 -31.1566 55.1089 1 1 1
v 5.90862 -25.2479 54.2149 1 1 1
v 6.16189 -26.7299 55.325 1 1 1
v 6.16189 -26.7299 55.325 1 1 1
v 6.26915 -31.7548 54.9453 1 1 1
v 6.11541 -20.2106 55.0819 1 1 1
v 0.602677 5.90705 26.0756 1 1 1
v 6.5132 -29.6081 55.9189 1 1 1
v 6.5132 -29.6081 55.9189 1 1 1
v 6.13678 -20.3489 54.4438 1 1 1
v 6.51559 -26.9093 55.9733 1 1 1
v 6.95991 -20.3705 58.6655 1 1 1
v 1.03238 18.2234 29.092 1 1 1
v 6.51866 -26.8589 55.1903 1 1 1
v 6.51866 -26.8589 55.1903 1 1 1
v 6.83115 -15.9256 57.699 1 1 1
v 0.953625 18.0918 27.8625 1 1 1
v 0.800328 6.04518 26.3049 1 1 1
v 7.02076 -33.092 57.0241 1 1 1
v 6.62315 -26.6332 55.3349 1 1 1
v 7.34091 -15.6276 59.9008 1 1 1
v 6.5364 -25.7086 54.8254 1 1 1
v 6.43628 -25.0829 54.272 1 1 1
v 6.43628 -25.0829 54.272 1 1 1
v 7.84636 -15.8413 61.3412 1 1 1
v 6.87772 -18.8705 55.7268 1 1 1
v 6.78199 -18.9334 54.7722 1 1 1
v 6.9175 -24.9457 54.9332 1 1 1
v 2.44662 17.3215 33.7929 1 1 1
v 7.46775 -16.894 57.741 1 1 1
v 7.52149 -18.2053 57.3777 1 1 1
v 7.53204 -23.8221 56.5019 1 1 1
v 7.3124 -26.8539 54.9807 1 1 1
v 7.37847 -24.5876 55.3544 1 1 1
v 8.25923 -15.718 59.7843 1 1 1
v 8.25923 -15.718 59.7843 1 1 1
v 7.47947 -27.3753 54.9729 1 1 1
v 7.76017 -17.8934 56.7093 1 1 1
v 8.18822 -17.3986 58.5161 1 1 1
v 7.72467 -17.2344 56.0619 1 1 1
v 7.60921 -26.9838 54.5232 1 1 1
v 7.64804 -27.3735 54.2967 1 1 1
v 7.9879 -28.273 55.7209 1 1 1
v 7.9879 -28.273 55.7209 1 1 1
v 7.6521 -23.9629 54.0128 1 1 1
v 8.43798 -18.6401 57.0217 1 1 1
v 1.81796 -3.56818 26.2366 1 1 1
v 8.82394 -14.7434 57.6266 1 1 1
v 8.79021 -14.4055 57.5216 1 1 1
v 1.95955 5.16189 26.2391 1 1 1
v 9.27328 -15.812 59.4131 1 1 1
v 8.50808 -24.1801 54.9564 1 1 1
v 9.00387 -14.6589 57.2705 1 1 1
v 8.97103 -13.6194 56.6476 1 1 1
v 1.79903 -3.67724 24.6563 1 1 1
v 8.63573 -26.8552 54.8854 1 1 1
v 8.80264 -26.0719 55.6397 1 1 1
v 8.93394 -27.9031 55.8811 1 1 1
v 9.92861 -11.7432 59.9716 1 1 1
v 2.11458 -3.3244 25.1541 1 1 1
v 2.11458 -3.3244 25.1541 1 1 1
v 9.44335 -11.6175 56.8197 1 1 1
v 2.8493 8.08039 28.1313 1 1 1
v 10.1263 -11.3639 59.4597 1 1 1
v 2.63587 5.66558 27.1772 1 1 1
v 10.0064 -12.1315 58.6112 1 1 1
v 9.04636 -27.1577 54.2577 1 1 1
v 4.18049 13.1638 33.2054 1 1 1
v 4.25991 13.2799 33.4884 1 1 1
v 10.2291 -11.7276 58.7686 1 1 1
v 10.0218 -11.5315 57.54 1 1 1
v 2.39499 1.74812 25.3285 1 1 1
v 10.0891 -10.9827 57.5287 1 1 1
v 2.6996 0.854938 26.4152 1 1 1
v 9.92532 -11.1338 56.0972 1 1 1
v 2.72594 0.347698 26.1857 1 1 1
v 10.7415 -11.1092 59.4152 1 1 1
v 10.3931 -11.7345 57.8121 1 1 1
v 10.292 -10.2973 57.3737 1 1 1
v 2.73602 0.220973 26.0464 1 1 1
v 5.31615 13.1644 36.3018 1 1 1
v 10.4989 -9.78988 57.2429 1 1 1
v 2.58743 -1.72574 25.0444 1 1 1
v 10.0705 -31.2524 55.6693 1 1 1
v 2.918 1.92564 26.1334 1 1 1
v 10.1846 -26.4529 55.7691 1 1 1
v 10.5066 -11.4599 56.708 1 1 1
v 11.1039 -9.30398 58.6775 1 1 1
v 5.98721 11.711 37.7689 1 1 1
v 10.3588 -12.2842 55.0574 1 1 1
v 2.68239 -2.6684 24.5877 1 1 1
v 6.06977 13.8317 37.4705 1 1 1
v 10.0775 -27.6984 54.0368 1 1 1
v 2.81789 -2.60197 24.4954 1 1 1
v 11.3444 -10.5606 57.5262 1 1 1
v 10.9107 -9.92955 55.8501 1 1 1
v 11.1887 -10.1107 56.6133 1 1 1
v 10.8905 -28.2267 55.5713 1 1 1
v 2.947 -3.34446 24.4999 1 1 1
v 11.1519 -10.0137 55.6762 1 1 1
v 3.9411 0.901619 27.6635 1 1 1
v 11.7204 -18.4083 56.1593 1 1 1
v 11.7204 -18.4083 56.1593 1 1 1
v 11.8479 -17.4165 56.5389 1 1 1
v 12.785 -14.1438 59.6892 1 1 1
v 11.8947 -9.33002 56.1931 1 1 1
v 11.9655 -10.7069 56.2545 1 1 1
v 11.8417 -24.1599 56.0931 1 1 1
v 11.5145 -22.7608 54.4364 1 1 1
v 11.934 -20.2568 55.8081 1 1 1
v 13.555 -17.8042 61.3857 1 1 1
v 12.2505 -24.0049 56.145 1 1 1
v 12.4537 -14.9231 56.2347 1 1 1
v 12.3111 -24.1706 55.8028 1 1 1
v 7.78325 13.6875 37.9687 1 1 1
v 12.2709 -24.3381 55.4378 1 1 1
v 12.5143 -23.8552 56.2552 1 1 1
v 13.2673 -11.9032 58.2158 1 1 1
v 12.8298 -18.4682 56.9123 1 1 1
v 13.057 -20.7947 57.453 1 1 1
v 13.3334 -13.6791 57.3987 1 1 1
v 12.6911 -24.2267 54.666 1 1 1
v 13.2474 -23.2538 56.0283 1 1 1
v 13.2474 -23.2538 56.0283 1 1 1
v 13.2947 -24.8456 55.8503 1 1 1
v 14.3011 -25.4645 58.608 1 1 1
v 13.5881 -23.3754 55.8966 1 1 1
v 13.4038 -30.7472 55.6065 1 1 1
v 13.4448 -27.1724 53.7758 1 1 1
v 13.6682 -6.3378 53.0228 1 1 1
v 15.4322 -23.6811 58.7039 1 1 1
v 14.3061 -31.2477 55.8854 1 1 1
v 5.11079 19.2429 23.458 1 1 1
v 15.931 -10.7413 59.1361 1 1 1
v 14.3796 -30.7733 55.5885 1 1 1
v 15.7505 -31.0712 59.7994 1 1 1
v 15.2568 -31.8465 57.6878 1 1 1
v 14.9668 -30.6477 56.6291 1 1 1
v 15.2849 -28.8856 57.4137 1 1 1
v 15.3117 -29.5427 56.3819 1 1 1
v 16.6686 -29.9876 60.0617 1 1 1
v 10.5611 14.2706 36.7831 1 1 1
v 10.5611 14.2706 36.7831 1 1 1
v 12.7953 12.2149 42.1613 1 1 1
v 15.7246 11.3061 44.2707 1 1 1
v 16.0338 12.3506 40.2373 1 1 1
v 11.9712 16.868 29.4906 1 1 1
v -16.6741 -3.94814 27.8009 1 1 1
v -12.7128 20.1743 28.2807 1 1 1
v -12.7128 20.1743 28.2807 1 1 1
v -11.2652 22.1288 24.4851 1 1 1
v -5.45777 7.40963 7.86311 1 1 1
v -7.47753 11.7197 32.5786 1 1 1
v -7.33328 13.1821 30.702 1 1 1
v -5.19392 5.88317 6.64376 1 1 1
v -7.03104 12.4867 30.1275 1 1 1
v -6.50248 5.25592 30.0969 1 1 1
v -6.76933 11.9344 30.4821 1 1 1
v -6.8679 17.518 30.2706 1 1 1
v -5.53164 -2.77741 26.9565 1 1 1
v -6.15626 6.41371 30.0679 1 1 1
v -5.46535 -4.51641 28.1017 1 1 1
v -5.7644 4.59472 27.4758 1 1 1
v -5.73863 7.24796 31.7965 1 1 1
v -6.14083 21.2751 27.8661 1 1 1
v -5.30575 6.40475 28.9005 1 1 1
v -5.54408 10.7749 32.7143 1 1 1
v -4.77814 2.95819 25.7049 1 1 1
v -4.75774 4.68947 25.9548 1 1 1
v -4.75625 4.70129 25.9386 1 1 1
v -4.09017 -4.95795 23.4299 1 1 1
v -4.08821 10.4369 29.1444 1 1 1
v -4.05936 9.99462 28.3303 1 1 1
v -3.8612 9.38912 28.8371 1 1 1
v -3.66197 9.54351 28.7852 1 1 1
v -3.41904 4.401 24.6203 1 1 1
v -3.01208 -3.8713 24.1337 1 1 1
v -2.55428 6.2931 27.5911 1 1 1
v -2.5283 12.0156 27.6325 1 1 1
v -1.96376 11.5483 30.4809 1 1 1
v -1.58791 11.502 28.8076 1 1 1
v -1.07435 6.35053 26.2223 1 1 1
v -1.1059 8.4422 25.9866 1 1 1
v -0.910447 6.60221 26.1999 1 1 1
v -0.917211 6.51706 26.0352 1 1 1
v -0.77855 9.96159 27.8155 1 1 1
v -1.25581 -5.26728 19.2119 1 1 1
v -0.660068 6.94735 26.1307 1 1 1
v -0.069976 17.7499 30.9 1 1 1
v 0.0363027 11.7079 30.4943 1 1 1
v -0.206662 9.78548 28.0787 1 1 1
v -0.28388 -3.47482 23.9799 1 1 1
v -1.93315 -6.4826 8.83059 1 1 1
v 0.168089 -3.88931 25.0341 1 1 1
v 0.100078 5.4526 24.8932 1 1 1
v 0.403146 16.8657 27.8094 1 1 1
v 0.97926 19.5812 30.1514 1 1 1
v 0.424466 6.3803 25.2265 1 1 1
v 1.15767 17.3583 30.3961 1 1 1
v 0.936882 15.5352 27.392 1 1 1
v 1.05623 6.68695 25.6318 1 1 1
v 1.81418 1.85427 25.5018 1 1 1
v 1.86488 2.07922 25.6258 1 1 1
v 1.84304 0.574788 24.7401 1 1 1
v 2.58028 2.78369 27.7879 1 1 1
v 2.27946 2.87217 26.1027 1 1 1
v -0.112815 -5.29888 13.6628 1 1 1
v 3.46475 14.6153 31.6869 1 1 1
v 2.34768 2.80713 25.6314 1 1 1
v 2.39022 -1.14296 24.5602 1 1 1
v 2.39022 -1.14296 24.5602 1 1 1
v 2.6678 -0.56559 24.9592 1 1 1
v 2.87005 -2.34794 25.59 1 1 1
v 3.12742 2.94683 25.9734 1 1 1
v 2.87323 0.018036 24.8305 1 1 1
v 4.73147 -2.28414 28.1936 1 1 1
v 5.46939 -0.169536 29.0845 1 1 1
v -16.1088 -6.53467 27.8375 1 1 1
v -5.8832 -8.77478 30.1161 1 1 1
v -5.73645 -3.01617 29.2537 1 1 1
v -5.76304 4.57042 27.3495 1 1 1
v -5.20708 -5.08656 29.6884 1 1 1
v -5.03036 -4.49376 27.4459 1 1 1
v -4.5086 -4.90783 27.0898 1 1 1
v -4.43175 -5.27893 27.2298 1 1 1
v -4.31985 6.23218 26.8155 1 1 1
v -3.76389 6.05486 26.6008 1 1 1
v -3.68479 5.27613 25.3108 1 1 1
v -3.15948 -5.38949 25.0167 1 1 1
v -3.15948 -5.38949 25.0167 1 1 1
v -3.11629 -4.46398 23.0589 1 1 1
v -3.01936 5.2301 24.1384 1 1 1
v -2.82532 -4.18005 22.9181 1 1 1
v -1.87389 4.41778 24.1739 1 1 1
v -1.58063 1.28566 27.9284 1 1 1
v -1.73734 -4.52367 22.24 1 1 1
v -1.05044 6.75988 27.3786 1 1 1
v -0.347307 -3.76888 29.3312 1 1 1
v -0.196043 5.10021 23.5283 1 1 1
v 0.18256 5.86923 24.4352 1 1 1
v 0.826787 -3.69167 25.7019 1 1 1
v 0.486842 -4.16578 22.669 1 1 1
v 1.0608 6.0121 24.4427 1 1 1
v 0.906918 3.53052 23.2368 1 1 1
v 1.37587 7.01971 25.9774 1 1 1
v 1.27815 -4.19165 24.449 1 1 1
v 1.64007 -4.514 21.3954 1 1 1
v 2.43198 0.661141 25.3573 1 1 1
v 2.61376 -1.08407 23.9382 1 1 1
v -4.52654 2.16518 22.9912 1 1 1
v -4.52654 2.16518 22.9912 1 1 1
v -2.80484 -4.073 23.5467 1 1 1
v -0.647509 -3.36896 23.2999 1 1 1
v -0.486088 -4.1488 21.1538 1 1 1
v -0.448677 -3.84826 20.4987 1 1 1
v -0.348719 -3.99487 20.8019 1 1 1
v 0.530933 -4.17437 20.5473 1 1 1
v 2.01949 -2.39429 22.7786 1 1 1
v -0.669848 -11.1403 3.38293 1 1 1
v -20.5685 0.971859 39.6788 1 1 1
v -16.7345 -0.973656 42.3456 1 1 1
v -16.1093 -3.56573 41.5496 1 1 1
v -14.336 1.38237 40.4421 1 1 1
v -14.2071 1.3387 40.9191 1 1 1
v -14.5162 0.740355 43.2501 1 1 1
v -13.652 0.796496 41.166 1 1 1
v -13.4138 -2.51836 42.185 1 1 1
v -8.34064 12.9537 29.9942 1 1 1
v -7.721 11.3502 27.8545 1 1 1
v -7.51517 10.3786 27.0986 1 1 1
v -6.85072 11.6191 27.8876 1 1 1
v -6.86467 9.69856 28.5628 1 1 1
v -6.13691 4.09639 25.5091 1 1 1
v -6.37686 10.3135 27.4625 1 1 1
v -6.08923 4.05009 26.5442 1 1 1
v -6.0484 4.00084 26.5404 1 1 1
v -6.28868 9.60633 27.7271 1 1 1
v -5.81037 9.88326 24.6277 1 1 1
v -6.19442 11.2259 27.5408 1 1 1
v -5.95824 6.37722 27.891 1 1 1
v -5.76494 5.09454 26.5708 1 1 1
v -5.74178 18.6041 24.7933 1 1 1
v -5.74178 18.6041 24.7933 1 1 1
v -5.34141 -2.60548 24.3513 1 1 1
v -5.42217 3.56326 24.4988 1 1 1
v -5.42217 3.56326 24.4988 1 1 1
v -5.2684 3.30968 23.3759 1 1 1
v -5.22279 -3.62596 24.4232 1 1 1
v -5.12769 -2.64197 24.0823 1 1 1
v -5.1213 -4.26626 24.2617 1 1 1
v -5.1213 -4.26626 24.2617 1 1 1
v -5.09908 -4.51424 24.1937 1 1 1
v -5.07705 -4.53085 24.0823 1 1 1
v -5.43917 4.94649 26.2019 1 1 1
v -5.43917 4.94649 26.2019 1 1 1
v -5.12935 -3.79152 24.6511 1 1 1
v -5.37316 4.47916 25.8486 1 1 1
v -5.47922 5.52279 27.0817 1 1 1
v -5.96112 10.1407 30.8628 1 1 1
v -4.97903 -4.13793 23.9461 1 1 1
v -4.98676 -4.69644 24.5084 1 1 1
v -5.74882 9.48952 29.9901 1 1 1
v -5.74882 9.48952 29.9901 1 1 1
v -5.63026 9.4851 29.1816 1 1 1
v -5.92042 15.3102 31.1913 1 1 1
v -4.92657 -4.57927 25.0603 1 1 1
v -4.93713 4.96323 25.1054 1 1 1
v -4.51948 3.69707 23.2077 1 1 1
v -4.51948 3.69707 23.2077 1 1 1
v -4.51853 4.0924 23.5825 1 1 1
v -4.37102 -2.41065 23.1479 1 1 1
v -4.43741 -5.39743 24.1409 1 1 1
v -4.28432 -5.37596 24.1328 1 1 1
v -4.8793 15.5183 31.0079 1 1 1
v -4.009 -5.02419 22.9673 1 1 1
v -4.009 -5.02419 22.9673 1 1 1
v -4.92909 11.6162 35.3684 1 1 1
v -3.80663 -4.9345 23.168 1 1 1
v -3.69916 -5.3867 22.8154 1 1 1
v -3.68008 9.3608 26.0892 1 1 1
v -3.43088 -5.34869 23.7933 1 1 1
v -3.82803 15.5657 29.7146 1 1 1
v -3.53174 9.54607 26.7318 1 1 1
v -3.50304 10.0768 27.0697 1 1 1
v -3.38528 9.15909 26.5753 1 1 1
v -3.36609 9.86563 26.8824 1 1 1
v -3.08018 -4.49342 21.6788 1 1 1
v -3.08018 -4.49342 21.6788 1 1 1
v -3.10367 3.5556 22.6198 1 1 1
v -2.98542 -5.1382 23.6296 1 1 1
v -3.40995 12.6152 34.4045 1 1 1
v -2.78609 -4.11761 21.6084 1 1 1
v -3.11238 13.377 36.5507 1 1 1
v -2.48166 5.17229 25.0307 1 1 1
v -2.46218 15.2726 28.0949 1 1 1
v -2.34984 10.0893 26.9311 1 1 1
v -2.34984 10.0893 26.9311 1 1 1
v -2.3242 -4.62498 23.205 1 1 1
v -1.97335 10.2568 27.9314 1 1 1
v -1.88396 4.36343 23.7836 1 1 1
v -1.85073 9.96556 27.7682 1 1 1
v -1.61938 9.89876 25.7709 1 1 1
v -1.65545 0.551254 24.8232 1 1 1
v -1.65545 0.551254 24.8232 1 1 1
v -1.52412 10.0685 25.8118 1 1 1
v -1.56186 -6.16148 24.0246 1 1 1
v -1.42247 1.74966 21.9857 1 1 1
v -1.22837 4.80899 22.8217 1 1 1
v -1.08291 4.9603 22.3348 1 1 1
v -1.07762 4.89008 22.1871 1 1 1
v -0.844393 5.69994 22.7155 1 1 1
v -0.844393 5.69994 22.7155 1 1 1
v -0.751912 8.48544 24.2626 1 1 1
v -0.760958 5.32163 22.4852 1 1 1
v -0.911735 -4.60404 20.9615 1 1 1
v -0.539111 8.15278 24.5584 1 1 1
v -0.828645 -3.47327 20.7507 1 1 1
v -0.635739 5.23754 22.038 1 1 1
v -0.70823 -4.5419 21.7618 1 1 1
v -0.586665 1.83599 22.0637 1 1 1
v -0.795285 -5.58905 18.9819 1 1 1
v -0.591113 -3.81822 21.0073 1 1 1
v -0.282695 4.58602 22.1534 1 1 1
v -0.150033 5.76486 22.6004 1 1 1
v -0.150033 5.76486 22.6004 1 1 1
v -0.154078 5.14754 21.8201 1 1 1
v -0.0893838 5.35565 22.0064 1 1 1
v 0.439752 16.9272 27.6826 1 1 1
v -0.0404369 4.79149 22.5623 1 1 1
v -0.292554 -4.26232 20.678 1 1 1
v -0.0313297 4.75364 21.8047 1 1 1
v -0.580896 -6.00622 15.4078 1 1 1
v 0.015966 5.31773 21.7668 1 1 1
v 0.552274 16.1702 25.716 1 1 1
v 0.116793 5.05938 22.1339 1 1 1
v 0.116793 5.05938 22.1339 1 1 1
v 0.506332 14.6353 25.1917 1 1 1
v 0.506332 14.6353 25.1917 1 1 1
v 0.147816 4.33665 22.0962 1 1 1
v 0.629832 16.5415 25.1906 1 1 1
v 0.197984 5.25324 22.0711 1 1 1
v 0.724458 15.9477 24.9709 1 1 1
v 0.406563 4.19077 21.5693 1 1 1
v 0.903386 10.5783 22.3501 1 1 1
v 0.84697 5.18182 22.4594 1 1 1
v 0.736587 3.08057 21.8484 1 1 1
v 0.721936 2.56935 21.2796 1 1 1
v 1.21651 9.91122 24.5498 1 1 1
v 0.867839 5.36212 21.8397 1 1 1
v 0.867487 4.25462 21.9164 1 1 1
v 1.67928 15.0819 25.7091 1 1 1
v 0.881493 -3.84067 22.267 1 1 1
v 1.55159 8.74782 24.0051 1 1 1
v 1.43221 5.51902 22.458 1 1 1
v 1.40219 3.74164 22.5465 1 1 1
v 1.30096 0.849143 21.8219 1 1 1
v 1.33163 -0.2056 21.4203 1 1 1
v 1.55721 1.49317 21.6061 1 1 1
v 1.84565 1.24847 23.0618 1 1 1
v 1.76596 1.74612 22.0909 1 1 1
v 1.73144 1.03153 21.8274 1 1 1
v 2.78068 8.45675 28.5425 1 1 1
v 2.19314 4.7279 24.4969 1 1 1
v 2.20914 4.7625 24.6008 1 1 1
v 2.95696 8.3497 29.0429 1 1 1
v 3.11124 8.92853 29.7589 1 1 1
v 1.67746 -4.3275 21.5834 1 1 1
v 1.93026 -0.102643 22.1536 1 1 1
v 2.0248 -0.337619 22.476 1 1 1
v 3.332 8.93853 29.9963 1 1 1
v 2.05168 -0.374981 22.552 1 1 1
v 2.02994 -0.454802 22.2378 1 1 1
v 3.4648 8.82108 29.2755 1 1 1
v 1.90927 -2.72719 20.8002 1 1 1
v 4.26276 13.3623 33.2598 1 1 1
v 2.14257 -1.54162 21.3548 1 1 1
v 2.35422 -1.06012 22.2252 1 1 1
v 3.08801 2.22372 24.8403 1 1 1
v 5.83228 -20.711 46.3828 1 1 1
v 5.34059 12.0965 33.5275 1 1 1
v 5.1679 14.3296 29.954 1 1 1
v 5.1679 14.3296 29.954 1 1 1
v 5.21368 14.6861 28.0232 1 1 1
v 5.56901 14.2552 29.7721 1 1 1
v 5.67263 14.3199 30.2573 1 1 1
v 6.29931 -27.6386 43.1644 1 1 1
v 4.99402 16.0954 25.4202 1 1 1
v 7.893 -22.6466 44.8932 1 1 1
v 10.6713 -20.241 46.1466 1 1 1
v 9.58781 12.8458 33.5502 1 1 1
v 12.3536 9.57101 40.1439 1 1 1
v 14.1301 9.88244 39.7656 1 1 1
v 14.1301 9.88244 39.7656 1 1 1
v 10.9808 15.4135 27.118 1 1 1
v -5.47343 -11.964 5.68039 1 1 1
v -5.47343 -11.964 5.68039 1 1 1
v -1.4151 -5.46788 10.4133 1 1 1
v 0.920843 -4.5579 15.9469 1 1 1
v 0.82909 -4.05817 14.5194 1 1 1
v 1.23414 6.66584 7.41048 1 1 1
v -23.5195 -2.29268 41.0624 1 1 1
v -23.8922 -2.87037 42.1809 1 1 1
v -21.2569 -0.887519 36.8052 1 1 1
v -22.9926 -2.21313 40.8893 1 1 1
v -22.6023 -2.01146 40.0648 1 1 1
v -20.7607 0.867975 36.0088 1 1 1
v -20.9102 -1.011 36.713 1 1 1
v -22.2092 -1.82644 39.4995 1 1 1
v -21.0596 -1.08523 37.1026 1 1 1
v -20.2635 1.00796 35.4113 1 1 1
v -20.9654 -0.885127 37.2292 1 1 1
v -22.3297 -1.9757 40.3174 1 1 1
v -23.0832 -2.79996 42.1207 1 1 1
v -20.4023 0.778357 36.3141 1 1 1
v -22.4599 -2.15402 40.9644 1 1 1
v -20.7124 -1.29399 37.2195 1 1 1
v -22.662 -2.27982 41.4696 1 1 1
v -20.727 -0.773632 37.437 1 1 1
v -20.727 -0.773632 37.437 1 1 1
v -22.758 -3.9621 42.0874 1 1 1
v -21.144 1.17464 38.2558 1 1 1
v -20.717 -0.66263 37.6309 1 1 1
v -20.717 -0.66263 37.6309 1 1 1
v -21.8713 -1.96008 40.2275 1 1 1
v -21.073 -1.06859 38.4918 1 1 1
v -22.8166 -3.80022 42.6322 1 1 1
v -20.2179 0.454887 36.6383 1 1 1
v -20.5668 -0.726952 37.6242 1 1 1
v -20.0309 0.586469 36.3414 1 1 1
v -22.5608 -4.0051 42.4522 1 1 1
v -20.4196 -1.48017 37.6044 1 1 1
v -22.5087 -3.80028 42.798 1 1 1
v -20.2876 -1.57503 37.805 1 1 1
v -20.7201 -1.62911 38.7311 1 1 1
v -20.2661 0.765499 37.6023 1 1 1
v -21.722 -3.52576 41.5602 1 1 1
v -19.7976 0.255076 37.1064 1 1 1
v -20.5536 -1.18433 38.8724 1 1 1
v -20.7957 -1.90736 39.6227 1 1 1
v -21.8835 -3.62985 42.2972 1 1 1
v -19.9845 -1.75379 38.1135 1 1 1
v -19.7429 0.0236796 37.6464 1 1 1
v -19.7395 -0.200293 37.6916 1 1 1
v -20.1118 0.535946 38.4182 1 1 1
v -19.1442 0.480838 36.3529 1 1 1
v -20.4318 -2.05962 39.4233 1 1 1
v -21.5785 -3.83341 42.2385 1 1 1
v -19.7785 -2.05946 38.1221 1 1 1
v -21.883 -4.07001 43.0751 1 1 1
v -19.3325 0.207079 37.2023 1 1 1
v -20.1794 -2.25794 39.5513 1 1 1
v -19.3954 0.282924 37.7691 1 1 1
v -19.9366 -2.00393 39.3492 1 1 1
v -19.9366 -2.00393 39.3492 1 1 1
v -19.1967 -0.0614019 37.5982 1 1 1
v -19.6141 -2.23012 39.19 1 1 1
v -18.9346 -1.91198 38.4152 1 1 1
v -19.0387 -1.78884 38.7471 1 1 1
v -18.407 -0.303194 37.7014 1 1 1
v -20.518 -4.19552 43.4315 1 1 1
v -20.0437 -4.14712 42.6301 1 1 1
v -20.1934 -4.52534 43.5189 1 1 1
v -19.6215 -3.33034 42.7934 1 1 1
v -9.93972 -14.3983 19.1185 1 1 1
v -18.9527 -3.27366 41.9705 1 1 1
v -17.7425 -2.34881 39.806 1 1 1
v -6.11664 -9.22693 9.54516 1 1 1
v -17.7897 -0.441422 40.2215 1 1 1
v -17.1884 -2.95299 39.879 1 1 1
v -17.0762 -3.15248 40.3564 1 1 1
v -17.1127 -1.69372 40.7015 1 1 1
v -17.1127 -1.69372 40.7015 1 1 1
v -16.971 -3.43805 40.5495 1 1 1
v -16.5179 -0.939288 39.4142 1 1 1
v -16.5179 -0.939288 39.4142 1 1 1
v -16.2083 -2.31855 38.6444 1 1 1
v -16.3302 -1.14166 40.0681 1 1 1
v -15.9594 -1.62303 39.2415 1 1 1
v -16.4289 -1.98425 41.1442 1 1 1
v -16.1071 -1.5814 40.2199 1 1 1
v -16.2581 -3.6833 40.8984 1 1 1
v -15.8168 -3.22388 40.0928 1 1 1
v -15.9772 -1.87234 40.547 1 1 1
v -15.8642 -2.13857 40.5981 1 1 1
v -14.8784 -3.30778 38.4172 1 1 1
v -15.5556 -2.04931 40.6644 1 1 1
v -15.6765 -2.59138 41.1505 1 1 1
v -15.8874 -2.70212 42.133 1 1 1
v -15.2753 -2.56021 40.2755 1 1 1
v -15.8515 -1.87408 42.4314 1 1 1
v -15.3047 -1.79459 40.8544 1 1 1
v -15.1792 -2.33199 40.7223 1 1 1
v -15.4361 -2.95083 41.5955 1 1 1
v -15.4532 -2.14235 42.0324 1 1 1
v -15.4532 -2.14235 42.0324 1 1 1
v -15.3926 -3.18329 43.513 1 1 1
v -13.6437 0.981978 37.8356 1 1 1
v -13.3741 0.848771 37.774 1 1 1
v -14.5828 -2.55336 42.2948 1 1 1
v -14.5828 -2.55336 42.2948 1 1 1
v -14.3092 -2.51491 42.3699 1 1 1
v -13.0066 10.3577 37.6166 1 1 1
v -14.4166 -2.76155 43.1193 1 1 1
v -14.1483 -2.54493 42.579 1 1 1
v -14.3214 -2.15039 45.2631 1 1 1
v -13.2657 -2.41683 41.4483 1 1 1
v -12.0347 9.19338 37.6634 1 1 1
v -12.4425 9.79104 39.7366 1 1 1
v -11.863 10.0714 37.7906 1 1 1
v -11.863 10.0714 37.7906 1 1 1
v -11.1302 -0.606131 42.1865 1 1 1
v -11.1302 -0.606131 42.1865 1 1 1
v -7.7943 14.2005 27.3417 1 1 1
v -6.76541 11.6888 27.2298 1 1 1
v -6.46616 10.1669 25.9259 1 1 1
v -6.72915 14.1589 27.5118 1 1 1
v -6.80005 9.42342 27.8983 1 1 1
v -6.28888 10.5063 25.4457 1 1 1
v -6.32797 10.7218 26.0415 1 1 1
v -6.57484 4.8896 27.5958 1 1 1
v -6.57484 4.8896 27.5958 1 1 1
v -6.71059 13.9738 28.7784 1 1 1
v -6.28724 14.9788 26.5094 1 1 1
v -6.36865 5.04046 27.1822 1 1 1
v -6.13581 10.9605 26.4186 1 1 1
v -6.40104 9.27254 27.9575 1 1 1
v -6.32637 4.43315 27.6223 1 1 1
v -6.46619 5.88596 28.6623 1 1 1
v -6.30285 9.35378 28.0145 1 1 1
v -6.17629 4.08715 27.3468 1 1 1
v -6.23698 4.91201 27.9666 1 1 1
v -6.2263 4.89993 27.9312 1 1 1
v -5.98895 4.23434 26.5486 1 1 1
v -5.72448 10.3963 25.7299 1 1 1
v -6.07096 5.64273 27.9202 1 1 1
v -5.81377 4.29227 26.4665 1 1 1
v -5.46205 11.0133 25.9754 1 1 1
v -5.79499 -3.24567 27.382 1 1 1
v -5.82625 6.33256 28.23 1 1 1
v -5.80039 5.67454 28.0173 1 1 1
v -5.97532 -4.42325 28.5347 1 1 1
v -5.67422 -3.56274 26.9601 1 1 1
v -5.82327 -2.04293 28.0417 1 1 1
v -5.81065 -4.12999 28.0697 1 1 1
v -5.81065 -4.12999 28.0697 1 1 1
v -5.50244 3.65182 26.6531 1 1 1
v -5.68112 -3.06157 27.4843 1 1 1
v -5.56047 -3.48646 27.158 1 1 1
v -5.72803 9.25144 29.3976 1 1 1
v -5.48148 6.28031 28.3883 1 1 1
v -5.05521 3.15177 25.9853 1 1 1
v -4.96934 5.7376 25.8164 1 1 1
v -5.59286 9.29348 30.5596 1 1 1
v -5.15898 5.23008 27.1805 1 1 1
v -4.90912 5.85888 25.912 1 1 1
v -4.89466 1.78147 25.6388 1 1 1
v -4.9283 5.39554 26.2989 1 1 1
v -4.87947 6.14418 26.1247 1 1 1
v -4.89958 6.00257 26.7783 1 1 1
v -5.06338 5.58597 27.9775 1 1 1
v -5.01693 -1.73405 27.1569 1 1 1
v -4.68564 6.14395 25.6984 1 1 1
v -4.68564 6.14395 25.6984 1 1 1
v -5.0225 -4.47663 27.2791 1 1 1
v -4.52561 6.03283 25.5263 1 1 1
v -4.52561 6.03283 25.5263 1 1 1
v -5.07254 -5.0952 29.2031 1 1 1
v -4.36779 9.39952 28.2294 1 1 1
v -4.358 -4.71948 26.6965 1 1 1
v -4.78056 10.7567 33.251 1 1 1
v -4.83925 11.0078 34.1157 1 1 1
v -3.96857 5.83427 26.0936 1 1 1
v -3.91802 5.55374 25.8032 1 1 1
v -3.99039 5.45963 26.6967 1 1 1
v -3.9934 9.79132 27.5733 1 1 1
v -3.94217 9.58121 27.1276 1 1 1
v -4.60179 11.1065 34.4458 1 1 1
v -4.60179 11.1065 34.4458 1 1 1
v -4.70001 11.523 35.4358 1 1 1
v -4.70001 11.523 35.4358 1 1 1
v -3.82049 9.94949 27.0842 1 1 1
v -3.82969 9.23977 27.2661 1 1 1
v -3.81178 5.7001 26.5415 1 1 1
v -4.41619 10.9732 33.6529 1 1 1
v -3.97769 10.4858 29.292 1 1 1
v -3.71898 14.2935 27.6591 1 1 1
v -4.06226 -5.42888 27.5556 1 1 1
v -4.01285 -5.10066 27.3426 1 1 1
v -3.59007 10.1099 27.015 1 1 1
v -3.63384 10.3405 27.4886 1 1 1
v -4.25998 10.9394 34.5779 1 1 1
v -3.5655 9.06522 27.0967 1 1 1
v -3.58672 9.4963 27.5269 1 1 1
v -3.58908 9.94199 28.0069 1 1 1
v -3.41734 9.65585 26.423 1 1 1
v -4.25621 11.4935 35.5397 1 1 1
v -3.62643 -4.02853 26.3402 1 1 1
v -3.62643 -4.02853 26.3402 1 1 1
v -3.28463 -3.62523 25.4329 1 1 1
v -3.24438 -3.62722 25.827 1 1 1
v -3.25226 -3.52874 25.924 1 1 1
v -3.24864 -3.36902 26.6364 1 1 1
v -3.22393 9.73378 29.845 1 1 1
v -2.90142 -4.38626 26.1151 1 1 1
v -2.90142 -4.38626 26.1151 1 1 1
v -2.65215 5.67743 25.8207 1 1 1
v -2.66653 5.62464 26.1019 1 1 1
v -2.43894 13.9537 26.0671 1 1 1
v -2.41853 6.97478 26.5986 1 1 1
v -2.09414 10.496 28.2726 1 1 1
v -2.06693 5.08896 25.4947 1 1 1
v -1.70398 10.0087 25.853 1 1 1
v -1.87341 1.38289 27.8737 1 1 1
v -1.49398 8.97307 25.0438 1 1 1
v -1.42387 9.25736 24.8409 1 1 1
v -1.27249 14.2526 26.3119 1 1 1
v -1.76637 -5.69566 26.5292 1 1 1
v -1.26271 5.75822 25.0862 1 1 1
v -1.16976 9.40802 26.397 1 1 1
v -1.19425 6.28068 25.2718 1 1 1
v -1.5682 -5.77668 26.3217 1 1 1
v -1.08067 5.94107 24.8492 1 1 1
v -0.789956 14.2906 25.321 1 1 1
v -1.27836 -4.18738 26.5317 1 1 1
v -0.761065 9.2508 26.4593 1 1 1
v -0.738555 6.54776 24.9242 1 1 1
v -0.972243 -2.89001 24.7182 1 1 1
v -0.359073 13.9994 25.3143 1 1 1
v -0.807608 -2.96504 25.0142 1 1 1
v -0.799617 -3.17089 25.0865 1 1 1
v -0.737911 -3.30339 24.9615 1 1 1
v -0.361062 5.48826 24.2135 1 1 1
v -0.00760109 14.3425 24.4177 1 1 1
v -0.627473 -3.44161 25.4095 1 1 1
v -0.293429 5.99594 23.4905 1 1 1
v -0.596141 -3.25078 24.9675 1 1 1
v 0.0214975 13.8322 23.7437 1 1 1
v -0.219072 6.08763 23.7971 1 1 1
v -0.219072 6.08763 23.7971 1 1 1
v -0.148542 6.23471 23.8531 1 1 1
v -0.123562 6.4227 23.7413 1 1 1
v -0.123562 6.4227 23.7413 1 1 1
v -0.473015 -3.38555 25.6736 1 1 1
v 0.205008 15.2303 20.0183 1 1 1
v 0.205008 15.2303 20.0183 1 1 1
v -0.0954524 5.8051 24.8326 1 1 1
v -0.0672379 6.00064 24.5344 1 1 1
v -0.374899 -3.70821 25.8121 1 1 1
v 0.0604059 6.12416 24.4162 1 1 1
v 0.0604059 6.12416 24.4162 1 1 1
v 0.434234 14.6196 22.6385 1 1 1
v -0.0769393 -1.91817 25.4532 1 1 1
v 0.448485 11.1542 22.4292 1 1 1
v 0.37606 5.86991 24.1869 1 1 1
v 0.37606 5.86991 24.1869 1 1 1
v 0.209769 -3.26022 28.112 1 1 1
v 0.604672 6.01359 23.927 1 1 1
v 0.873344 11.6909 23.0839 1 1 1
v 0.860089 11.025 22.9458 1 1 1
v 0.72807 3.97276 24.2352 1 1 1
v 0.806371 4.03844 25.3059 1 1 1
v 1.05598 9.87603 25.2656 1 1 1
v 1.19549 10.6167 25.633 1 1 1
v 1.19549 10.6167 25.633 1 1 1
v 0.995182 5.69294 25.1689 1 1 1
v 0.999412 6.40935 24.5115 1 1 1
v 1.03844 6.50359 24.4004 1 1 1
v 1.56419 14.9084 25.4667 1 1 1
v 0.978616 -4.12651 26.099 1 1 1
v 1.62564 10.6365 25.0652 1 1 1
v 1.43063 6.25889 23.9893 1 1 1
v 1.13721 -3.8657 26.4561 1 1 1
v 1.40725 2.1543 25.5391 1 1 1
v 1.59038 5.24927 25.477 1 1 1
v 1.44585 1.92642 25.3523 1 1 1
v 1.18452 -3.47898 24.7678 1 1 1
v 1.63259 2.77984 25.6261 1 1 1
v 1.72086 2.43724 24.0342 1 1 1
v 1.87622 2.64385 24.7196 1 1 1
v 1.74739 -3.85488 26.795 1 1 1
v 1.93644 2.06002 25.3962 1 1 1
v 1.93644 2.06002 25.3962 1 1 1
v 2.70201 12.0838 28.6228 1 1 1
v 2.70201 12.0838 28.6228 1 1 1
v 2.15868 5.17582 25.4557 1 1 1
v 2.04178 2.05714 25.6914 1 1 1
v 2.97784 13.3532 29.0558 1 1 1
v 2.06212 0.338502 25.4277 1 1 1
v 2.06212 0.338502 25.4277 1 1 1
v 1.94895 -1.95653 24.9491 1 1 1
v 2.94346 8.86996 29.4216 1 1 1
v 2.30628 0.66603 26.6351 1 1 1
v 2.19221 0.351541 25.3999 1 1 1
v 2.19221 0.351541 25.3999 1 1 1
v 3.23769 12.2853 30.0907 1 1 1
v 2.30184 0.831097 25.5709 1 1 1
v 3.09918 8.77634 29.8714 1 1 1
v 3.02033 8.72325 28.6911 1 1 1
v 2.57061 -0.0614698 26.5433 1 1 1
v 2.54289 -0.311888 26.1782 1 1 1
v 3.30722 8.74707 28.9438 1 1 1
v 2.39244 -2.30614 25.0436 1 1 1
v 2.74461 0.0034434 26.9102 1 1 1
v 2.65744 0.2851 25.3199 1 1 1
v 2.8282 2.9469 25.6976 1 1 1
v 2.93739 3.49635 25.974 1 1 1
v 2.91898 -3.09892 26.0886 1 1 1
v 3.17028 -2.73199 26.0485 1 1 1
v 3.18224 -2.84278 26.1758 1 1 1
v 5.03454 11.5674 32.2703 1 1 1
v 4.6459 12.9076 27.4917 1 1 1
v 4.63422 13.1736 26.213 1 1 1
v 4.38482 14.1838 22.7925 1 1 1
v 5.04194 12.7546 27.4371 1 1 1
v 8.85797 -8.49305 48.6252 1 1 1
v 8.73892 -8.72174 47.7803 1 1 1
v 8.99621 -8.41114 48.3754 1 1 1
v 9.53775 -8.37538 48.0441 1 1 1
v 11.0024 -7.93609 46.5612 1 1 1
v -16.8164 -2.09095 22.9625 1 1 1
v -8.8617 -14.3073 9.81405 1 1 1
v -8.8617 -14.3073 9.81405 1 1 1
v -8.75088 -14.2093 9.71686 1 1 1
v -8.75088 -14.2093 9.71686 1 1 1
v -3.39153 -11.3174 10.2301 1 1 1
v -2.52952 -9.71469 6.12411 1 1 1
v -1.9302 -4.24406 20.6159 1 1 1
v 3.95608 -16.3469 13.704 1 1 1
v 3.95608 -16.3469 13.704 1 1 1
v 4.0665 -16.4533 13.6921 1 1 1
v 4.0665 -16.4533 13.6921 1 1 1
v -21.3877 2.52087 30.281 1 1 1
v -19.477 -1.97606 26.9933 1 1 1
v -20.0264 -0.687363 27.994 1 1 1
v -19.7736 -2.28194 27.534 1 1 1
v -19.2349 -1.36696 26.7835 1 1 1
v -20.393 -0.57826 28.7703 1 1 1
v -21.2119 -1.02346 30.431 1 1 1
v -18.6922 0.260197 26.6891 1 1 1
v -24.1054 -6.38999 36.0196 1 1 1
v -23.7625 -6.23032 35.4481 1 1 1
v -23.05 -5.114 34.3537 1 1 1
v -24.7302 -6.52132 37.707 1 1 1
v -18.8554 -1.64153 27.7416 1 1 1
v -18.8554 -1.64153 27.7416 1 1 1
v -18.2998 0.0941735 27.0111 1 1 1
v -22.4347 -5.14125 34.253 1 1 1
v -18.7535 -0.829809 27.9075 1 1 1
v -21.9577 -4.46832 33.7528 1 1 1
v -22.1292 -5.36391 34.0686 1 1 1
v -22.1292 -5.36391 34.0686 1 1 1
v -22.7165 -5.31559 35.3437 1 1 1
v -21.7558 -4.53246 34.0204 1 1 1
v -18.2715 -0.673178 27.8877 1 1 1
v -22.3863 -5.62615 35.6258 1 1 1
v -17.9824 -0.710037 27.781 1 1 1
v -21.8238 -4.57433 34.7011 1 1 1
v -15.5087 13.2932 23.8542 1 1 1
v -17.4471 0.113043 27.0795 1 1 1
v -22.6369 -5.89447 36.6712 1 1 1
v -19.9885 -3.31874 31.8667 1 1 1
v -20.8616 -4.48259 33.4882 1 1 1
v -17.8311 -1.13581 28.208 1 1 1
v -19.2646 -3.52854 30.9811 1 1 1
v -17.8417 -1.06203 28.4158 1 1 1
v -19.9111 -3.72889 32.2623 1 1 1
v -19.7724 -3.62662 32.4314 1 1 1
v -21.4565 -5.31419 35.8425 1 1 1
v -21.2009 -5.5067 35.4089 1 1 1
v -20.9774 -5.49353 35.3797 1 1 1
v -20.8136 -5.11067 35.2722 1 1 1
v -20.724 -5.37989 35.0841 1 1 1
v -20.724 -5.37989 35.0841 1 1 1
v -18.8372 -2.95666 31.5628 1 1 1
v -19.3433 -3.76512 32.6406 1 1 1
v -17.1691 -1.14551 28.59 1 1 1
v -20.8079 -5.50794 35.6249 1 1 1
v -16.8576 0.249637 28.1168 1 1 1
v -16.8734 -0.285984 28.1339 1 1 1
v -20.2808 -5.00148 34.9168 1 1 1
v -16.8026 -0.220263 28.2426 1 1 1
v -16.8761 -0.0277073 28.4731 1 1 1
v -17.3659 -2.19434 29.4493 1 1 1
v -18.3661 -2.39337 31.5906 1 1 1
v -16.8343 -1.75974 28.7145 1 1 1
v -16.7361 -0.314365 28.9908 1 1 1
v -16.8202 -1.74318 29.078 1 1 1
v -19.9554 -5.40376 35.4568 1 1 1
v -16.6821 -1.87186 29.021 1 1 1
v -19.6612 -5.16082 34.9972 1 1 1
v -16.7321 -0.526086 29.2585 1 1 1
v -16.7321 -0.526086 29.2585 1 1 1
v -16.637 -1.58912 29.2514 1 1 1
v -16.3601 -2.21703 28.9478 1 1 1
v -16.0521 -0.408568 28.6941 1 1 1
v -18.9926 -5.388 34.7088 1 1 1
v -15.9309 -2.188 28.4949 1 1 1
v -16.3676 -0.706526 29.568 1 1 1
v -16.319 -1.71755 29.7095 1 1 1
v -17.7971 -3.93277 32.8005 1 1 1
v -19.0458 -5.02076 35.4513 1 1 1
v -15.8741 -0.489598 29.1219 1 1 1
v -18.8418 -5.08841 35.5964 1 1 1
v -15.9486 -0.958178 29.7844 1 1 1
v -16.0614 -0.676545 30.2144 1 1 1
v -18.0041 -4.24363 34.2971 1 1 1
v -17.0712 -2.69916 32.4519 1 1 1
v -19.2278 -5.51222 37.1556 1 1 1
v -16.0372 -0.924264 30.4043 1 1 1
v -18.665 -5.18398 35.9586 1 1 1
v -15.7979 -2.64313 30.4904 1 1 1
v -19.1359 -5.17474 38.7557 1 1 1
v -17.9162 -4.92127 36.8442 1 1 1
v -15.4087 -3.64158 32.9512 1 1 1
v -14.4702 -2.87884 31.2836 1 1 1
v -13.9618 -3.36542 31.204 1 1 1
v -14.0462 -3.49112 31.9722 1 1 1
v -13.108 -1.83911 30.1123 1 1 1
v -13.5231 -2.18129 31.9657 1 1 1
v -13.5112 -4.00191 32.0775 1 1 1
v -13.6703 -2.20413 32.7822 1 1 1
v -13.5459 -2.32806 32.6697 1 1 1
v -13.3128 -2.98531 32.0053 1 1 1
v -13.3758 -2.57357 32.24 1 1 1
v -13.0445 -2.6712 32.1866 1 1 1
v -13.0367 -3.13189 32.3075 1 1 1
v -13.5244 -3.39832 34.1632 1 1 1
v -13.0306 -2.56463 32.9229 1 1 1
v -12.8095 -2.96107 32.6629 1 1 1
v -12.5673 -2.38701 32.3343 1 1 1
v -12.5667 -3.86636 32.636 1 1 1
v -13.1514 -4.01892 34.7303 1 1 1
v -12.46 -2.7827 33.2367 1 1 1
v -11.2553 -0.117155 30.05 1 1 1
v -12.5273 -2.99753 33.7531 1 1 1
v -11.1411 8.06384 31.3018 1 1 1
v -10.9775 -0.228484 29.91 1 1 1
v -10.9926 8.20898 31.6962 1 1 1
v -10.9926 8.20898 31.6962 1 1 1
v -10.9926 8.20898 31.6962 1 1 1
v -10.9133 -0.142313 30.3803 1 1 1
v -10.9133 -0.142313 30.3803 1 1 1
v -11.692 -2.9911 33.3434 1 1 1
v -11.8474 -3.19101 34.1196 1 1 1
v -11.8474 -3.19101 34.1196 1 1 1
v -11.6455 -3.11204 33.5328 1 1 1
v -11.6455 -3.11204 33.5328 1 1 1
v -11.7969 -2.97313 34.2763 1 1 1
v -10.3049 7.9868 31.8853 1 1 1
v -10.3049 7.9868 31.8853 1 1 1
v -7.0024 12.7523 24.202 1 1 1
v -7.05348 12.7465 24.803 1 1 1
v -10.5037 -2.0879 36.0885 1 1 1
v -6.93724 12.6532 25.4283 1 1 1
v -6.44487 8.91794 23.0599 1 1 1
v -7.99137 -1.90202 27.1348 1 1 1
v -9.26711 -1.27559 33.4703 1 1 1
v -6.17161 9.67173 24.0644 1 1 1
v -6.15817 8.80417 24.1073 1 1 1
v -6.19456 7.97326 24.6379 1 1 1
v -6.07708 11.9827 25.2568 1 1 1
v -5.43616 8.71184 22.644 1 1 1
v -5.83337 7.80654 24.5734 1 1 1
v -5.64459 3.8007 23.1629 1 1 1
v -5.25227 8.90144 22.7774 1 1 1
v -5.47923 4.00327 23.0074 1 1 1
v -5.24626 2.60196 22.0618 1 1 1
v -5.46563 11.1458 25.4397 1 1 1
v -5.22772 2.94237 22.2002 1 1 1
v -5.30644 10.4893 24.919 1 1 1
v -5.22536 3.97606 22.8332 1 1 1
v -5.03628 2.88844 21.7617 1 1 1
v -5.01129 4.03865 22.9954 1 1 1
v -5.00904 7.45292 24.3905 1 1 1
v -5.05324 7.37071 24.8958 1 1 1
v -4.99356 11.4728 25.8186 1 1 1
v -4.90241 -2.67381 21.2505 1 1 1
v -4.63008 4.1986 22.4408 1 1 1
v -4.90076 -4.37329 21.511 1 1 1
v -4.85815 -4.37824 21.3123 1 1 1
v -4.78894 -4.08433 21.2794 1 1 1
v -4.19987 3.02424 20.3372 1 1 1
v -4.39363 1.94389 21.3583 1 1 1
v -4.26821 4.26894 21.4384 1 1 1
v -4.29297 4.57231 21.7891 1 1 1
v -4.85236 -4.65353 22.0786 1 1 1
v -4.47736 11.654 25.3762 1 1 1
v -4.47736 11.654 25.3762 1 1 1
v -4.53026 -4.02414 20.6465 1 1 1
v -4.13287 3.99235 21.0846 1 1 1
v -4.16798 4.68567 21.7104 1 1 1
v -4.02528 4.58169 21.526 1 1 1
v -4.58484 -4.38296 22.0366 1 1 1
v -4.37829 7.60856 25.7035 1 1 1
v -4.18435 -4.85588 21.2043 1 1 1
v -3.51355 3.83818 21.0021 1 1 1
v -3.58875 4.34842 22.1933 1 1 1
v -3.34258 3.49203 20.7773 1 1 1
v -3.42211 7.3792 23.0612 1 1 1
v -3.51159 -4.79705 18.6798 1 1 1
v -3.40085 11.7038 24.9488 1 1 1
v -3.21441 8.13777 22.9327 1 1 1
v -3.21441 8.13777 22.9327 1 1 1
v -3.57239 -5.05768 20.7072 1 1 1
v -4.04337 -15.2821 19.7478 1 1 1
v -3.18271 8.01659 24.1657 1 1 1
v -3.75881 9.30623 29.7457 1 1 1
v -3.37288 -5.08043 21.321 1 1 1
v -2.98891 -5.09308 18.9149 1 1 1
v -2.98891 -5.09308 18.9149 1 1 1
v -2.8274 -5.09782 17.9021 1 1 1
v -2.8274 -5.09782 17.9021 1 1 1
v -3.17185 10.4258 29.775 1 1 1
v -3.17185 10.4258 29.775 1 1 1
v -2.74398 -3.89311 19.8178 1 1 1
v -2.68452 -4.04496 19.4229 1 1 1
v -2.38225 6.61377 25.5346 1 1 1
v -1.83514 3.53352 20.7462 1 1 1
v -1.43475 1.17947 19.1337 1 1 1
v -1.43475 1.17947 19.1337 1 1 1
v -1.19614 4.00346 19.9647 1 1 1
v -1.72134 -5.67521 20.1422 1 1 1
v -0.888729 7.34553 21.4772 1 1 1
v -0.928846 4.94866 20.3957 1 1 1
v -1.56409 -5.56159 20.229 1 1 1
v -0.704091 4.54529 19.8161 1 1 1
v -0.608502 3.4785 19.2611 1 1 1
v -1.17731 -5.45587 18.4238 1 1 1
v -0.692971 1.34058 19.394 1 1 1
v -1.17833 -5.50622 20.9891 1 1 1
v -0.939436 -3.27802 19.1976 1 1 1
v -0.293067 4.48133 19.6512 1 1 1
v -0.760022 -3.39297 18.4849 1 1 1
v -0.0467361 9.62242 25.9265 1 1 1
v -0.196465 4.04874 20.0147 1 1 1
v -0.171676 4.30412 20.0095 1 1 1
v -0.621537 -3.94494 18.6697 1 1 1
v -0.493778 -3.7741 18.437 1 1 1
v 0.167997 4.70397 19.9643 1 1 1
v -0.399035 -4.03782 18.3497 1 1 1
v -0.204951 -2.70684 17.9643 1 1 1
v 0.241816 2.84329 19.2448 1 1 1
v 0.829951 8.18594 21.0172 1 1 1
v 0.569653 4.10759 19.2088 1 1 1
v 0.487999 2.44716 19.2209 1 1 1
v 0.744757 4.64965 19.976 1 1 1
v 0.714522 3.80928 19.8317 1 1 1
v 0.714522 3.80928 19.8317 1 1 1
v 1.06321 0.709047 19.9734 1 1 1
v 1.06321 0.709047 19.9734 1 1 1
v 1.18093 1.10013 19.1171 1 1 1
v 1.27162 1.17787 19.3334 1 1 1
v 0.949583 -4.12499 19.1777 1 1 1
v 1.18495 -14.1563 43.8637 1 1 1
v 1.44241 1.36223 19.7003 1 1 1
v 1.44084 0.653195 19.6817 1 1 1
v 1.45401 0.749211 19.7475 1 1 1
v 1.75703 3.73932 21.1889 1 1 1
v 1.30339 -2.90421 20.7394 1 1 1
v 1.49846 0.483019 18.9873 1 1 1
v 1.37085 -13.412 38.7205 1 1 1
v 2.19558 6.02242 24.2536 1 1 1
v 1.60735 -0.271381 19.8436 1 1 1
v 1.3858 -2.59665 18.4662 1 1 1
v 1.474 -15.6448 38.6504 1 1 1
v 1.52556 -1.45636 18.9177 1 1 1
v 1.74245 -12.8526 38.7162 1 1 1
v 1.66705 -0.620437 19.8073 1 1 1
v 2.5598 6.77623 24.4675 1 1 1
v 1.73465 -0.867216 20.2426 1 1 1
v 1.73465 -0.867216 20.2426 1 1 1
v 1.88211 -12.6865 38.218 1 1 1
v 1.72244 -1.10878 19.7618 1 1 1
v 1.92994 -12.9904 38.0889 1 1 1
v 2.07856 -12.7039 39.8041 1 1 1
v 2.06044 -12.594 39.1207 1 1 1
v 1.44111 -19.9173 38.3298 1 1 1
v 1.44111 -19.9173 38.3298 1 1 1
v 1.60762 -2.55954 18.9424 1 1 1
v 2.18402 -11.2823 38.8868 1 1 1
v 1.68052 -17.5004 37.7105 1 1 1
v 1.68052 -17.5004 37.7105 1 1 1
v 1.53846 -20.0685 38.0846 1 1 1
v 1.53846 -20.0685 38.0846 1 1 1
v 1.58656 -19.5429 38.1033 1 1 1
v 1.7259 -17.6598 37.791 1 1 1
v 1.93444 -15.1769 37.7929 1 1 1
v 1.88071 -1.22987 19.9605 1 1 1
v 1.88071 -1.22987 19.9605 1 1 1
v 2.2827 -12.4147 38.6177 1 1 1
v 2.2827 -12.4147 38.6177 1 1 1
v 2.16466 -13.9384 37.2617 1 1 1
v 2.23244 -13.5198 37.6133 1 1 1
v 2.22271 -14.0676 37.5358 1 1 1
v 2.10051 -14.7948 36.6459 1 1 1
v 2.34836 2.15372 21.0298 1 1 1
v 1.98611 -1.14191 19.6233 1 1 1
v 2.12231 -14.5734 36.5366 1 1 1
v 2.06263 -14.9282 36.0992 1 1 1
v 1.77335 -3.2053 18.6971 1 1 1
v 2.07272 -0.637319 19.9653 1 1 1
v 2.32831 -13.2836 37.5274 1 1 1
v 1.60715 -22.625 37.5581 1 1 1
v 2.30853 -13.7532 36.8472 1 1 1
v 1.72223 -22.1205 37.5237 1 1 1
v 2.37493 1.38922 20.5932 1 1 1
v 2.40808 -13.8782 36.8857 1 1 1
v 2.00187 -20.5682 38.4365 1 1 1
v 2.40945 -14.1678 37.0376 1 1 1
v 1.88365 -3.38856 18.7294 1 1 1
v 1.91627 -22.5135 37.6456 1 1 1
v 1.99468 -3.26047 19.1189 1 1 1
v 1.73201 -23.3093 36.0503 1 1 1
v 1.8509 -24.4917 37.1869 1 1 1
v 2.81634 -12.618 36.9551 1 1 1
v 2.37006 -20.6677 38.1143 1 1 1
v 2.37006 -20.6677 38.1143 1 1 1
v 2.44077 -23.6666 41.2218 1 1 1
v 2.26631 -22.9455 38.4574 1 1 1
v 2.3892 -21.1672 36.565 1 1 1
v 2.49218 -20.5348 36.6466 1 1 1
v 2.94471 -15.5487 36.7727 1 1 1
v 2.36751 -3.17714 19.5325 1 1 1
v 2.49887 -24.1897 38.6983 1 1 1
v 2.39207 -3.40711 19.6118 1 1 1
v 4.14738 9.07057 26.6645 1 1 1
v 3.47731 -12.4031 37.5021 1 1 1
v 3.47731 -12.4031 37.5021 1 1 1
v 2.86137 -18.554 35.8474 1 1 1
v 2.82547 -20.8664 36.7033 1 1 1
v 3.17252 -16.6669 36.586 1 1 1
v 4.86831 0.485616 39.1148 1 1 1
v 4.73845 0.294695 37.6841 1 1 1
v 2.71926 -20.181 34.3471 1 1 1
v 2.97808 -19.6141 36.4523 1 1 1
v 3.2273 -16.0458 35.7397 1 1 1
v 3.42763 -14.9357 36.6386 1 1 1
v 3.51953 -14.7692 37.3366 1 1 1
v 2.9057 -21.9465 36.7304 1 1 1
v 2.9057 -21.9465 36.7304 1 1 1
v 2.89476 -22.3399 36.7534 1 1 1
v 2.89476 -22.3399 36.7534 1 1 1
v 2.80164 -23.8557 36.8132 1 1 1
v 3.51615 -15.2292 36.7783 1 1 1
v 3.51615 -15.2292 36.7783 1 1 1
v 3.51615 -15.2292 36.7783 1 1 1
v 2.9154 -20.5375 34.9395 1 1 1
v 3.07131 -20.3689 35.9373 1 1 1
v 3.68203 -15.1117 37.3154 1 1 1
v 3.67991 -15.1054 37.271 1 1 1
v 3.67991 -15.1054 37.271 1 1 1
v 3.28316 -18.3223 35.8318 1 1 1
v 3.87758 -12.5972 36.8316 1 1 1
v 3.14436 -20.6028 35.7194 1 1 1
v 3.54208 -16.7074 35.9875 1 1 1
v 3.13412 -21.236 35.7108 1 1 1
v 3.51347 -16.5871 35.5123 1 1 1
v 3.18812 -23.0782 37.0721 1 1 1
v 3.86928 -15.4151 36.8904 1 1 1
v 3.36246 -19.5965 35.5191 1 1 1
v 3.2422 -21.4241 35.5583 1 1 1
v 4.34221 -13.2748 39.1729 1 1 1
v 4.34221 -13.2748 39.1729 1 1 1
v 3.50354 -18.8516 35.9274 1 1 1
v 4.20097 -11.8677 36.3148 1 1 1
v 3.36116 -23.4264 36.8346 1 1 1
v 3.60135 -19.6224 35.8404 1 1 1
v 4.18977 -13.612 36.5359 1 1 1
v 4.16668 -13.9643 35.7066 1 1 1
v 5.89705 -0.608859 40.2799 1 1 1
v 3.75518 -19.2513 35.5366 1 1 1
v 4.20385 -14.1129 35.6689 1 1 1
v 5.79506 -0.94533 39.2114 1 1 1
v 4.53215 -12.6348 37.0199 1 1 1
v 3.92108 -18.561 36.0998 1 1 1
v 3.92108 -18.561 36.0998 1 1 1
v 5.93095 -1.26273 39.9826 1 1 1
v 4.90444 -11.6909 38.483 1 1 1
v 4.45401 -13.4075 36.0823 1 1 1
v 3.7433 -21.0273 35.4778 1 1 1
v 4.76544 -11.6637 36.6042 1 1 1
v 3.74064 -23.8237 36.4075 1 1 1
v 3.75065 -23.4944 36.2413 1 1 1
v 4.12764 -18.1407 35.4493 1 1 1
v 3.84296 -23.2156 36.4453 1 1 1
v 4.31821 -17.1233 35.8226 1 1 1
v 5.29493 8.67229 26.3583 1 1 1
v 4.59344 -13.0929 35.0802 1 1 1
v 4.80509 -12.9757 36.5495 1 1 1
v 3.67531 -25.0427 35.3618 1 1 1
v 3.92288 -22.9819 35.6333 1 1 1
v 3.98144 -23.53 36.3614 1 1 1
v 3.77424 -25.5623 34.9795 1 1 1
v 4.10622 -23.66 36.1297 1 1 1
v 5.36182 -10.9652 36.5674 1 1 1
v 4.07945 -25.9679 35.7377 1 1 1
v 6.66677 0.283729 37.6176 1 1 1
v 4.61203 -19.446 35.0801 1 1 1
v 4.80637 -20.4074 35.9571 1 1 1
v 4.43424 -23.8991 35.4546 1 1 1
v 4.3268 -25.6948 35.6265 1 1 1
v 7.17246 -0.150819 39.7611 1 1 1
v 7.0356 0.619152 38.1816 1 1 1
v 6.19623 -9.03181 37.9079 1 1 1
v 6.97164 -0.00709181 37.5467 1 1 1
v 4.59419 -23.667 35.4931 1 1 1
v 6.0846 -9.06652 36.122 1 1 1
v 6.2453 -8.74884 36.9 1 1 1
v 7.63647 -3.68032 42.4021 1 1 1
v 4.61652 -26.1834 35.7095 1 1 1
v 7.49875 -0.277824 39.1688 1 1 1
v 7.49875 -0.277824 39.1688 1 1 1
v 5.2347 -18.5977 35.0601 1 1 1
v 6.31691 -9.21536 36.5372 1 1 1
v 4.52521 -25.6296 34.226 1 1 1
v 6.42538 -8.27959 36.4792 1 1 1
v 5.23043 -19.2708 34.9912 1 1 1
v 7.33067 0.865306 36.621 1 1 1
v 6.21636 -8.81328 35.024 1 1 1
v 5.30423 -19.8855 35.3547 1 1 1
v 6.35635 -8.96483 35.1392 1 1 1
v 7.76735 -0.620125 39.0507 1 1 1
v 4.89029 -25.9011 35.2661 1 1 1
v 6.63733 -7.91028 35.3233 1 1 1
v 7.86033 0.390809 37.8588 1 1 1
v 8.05021 -0.372023 38.36 1 1 1
v 8.29327 -3.67153 41.3153 1 1 1
v 6.6209 -8.17242 34.0796 1 1 1
v 6.6209 -8.17242 34.0796 1 1 1
v 6.8005 -8.08986 35.0354 1 1 1
v 7.96315 -0.42634 37.6846 1 1 1
v 5.81782 -20.0297 35.3231 1 1 1
v 8.53108 -3.90667 41.5349 1 1 1
v 8.53108 -3.90667 41.5349 1 1 1
v 7.58003 -7.62999 38.0223 1 1 1
v 7.18095 -9.22178 36.266 1 1 1
v 6.13548 -18.9387 35.249 1 1 1
v 5.79334 -28.2047 36.2141 1 1 1
v 6.27987 -20.0047 34.8966 1 1 1
v 5.94451 -23.6269 34.7701 1 1 1
v 8.1607 -7.64174 38.7087 1 1 1
v 5.98595 -22.969 34.6505 1 1 1
v 8.44624 -8.09062 39.9101 1 1 1
v 7.41044 -10.4076 35.4337 1 1 1
v 7.9875 -8.89056 37.5445 1 1 1
v 9.29887 -5.54872 42.5293 1 1 1
v 7.17339 -12.7642 35.1144 1 1 1
v 8.3776 -8.13407 38.7876 1 1 1
v 8.3776 -8.13407 38.7876 1 1 1
v 8.17468 -7.43663 37.2318 1 1 1
v 8.40225 -7.08792 38.1484 1 1 1
v 9.26565 -5.13672 41.4825 1 1 1
v 6.24025 -24.8029 35.2066 1 1 1
v 8.86702 -5.15006 39.2748 1 1 1
v 8.15598 -9.00792 37.4632 1 1 1
v 7.71673 -11.2839 36.2068 1 1 1
v 8.2722 -7.28492 36.979 1 1 1
v 9.57946 -4.5866 42.1077 1 1 1
v 7.29324 -12.4527 34.2526 1 1 1
v 9.6551 -5.78233 42.7044 1 1 1
v 8.8698 -6.9739 38.856 1 1 1
v 8.83623 -6.97981 38.6592 1 1 1
v 6.51804 -26.7155 36.0814 1 1 1
v 6.73081 -22.3703 35.1159 1 1 1
v 9.65753 -0.346886 38.8909 1 1 1
v 9.76342 0.0538795 38.8492 1 1 1
v 6.50144 -28.4377 35.8863 1 1 1
v 6.50144 -28.4377 35.8863 1 1 1
v 7.38483 -18.4446 35.6076 1 1 1
v 7.90253 -13.5986 35.8819 1 1 1
v 8.71377 -7.284 36.4355 1 1 1
v 9.63252 -5.94858 39.9886 1 1 1
v 7.81778 -14.9091 35.4195 1 1 1
v 8.59996 -10.0245 36.8493 1 1 1
v 9.8452 -5.36412 40.6085 1 1 1
v 7.19035 -24.3386 36.0463 1 1 1
v 7.19035 -24.3386 36.0463 1 1 1
v 7.31705 -22.2058 35.5512 1 1 1
v 10.1374 -6.4579 41.4257 1 1 1
v 8.94595 -8.78829 36.9829 1 1 1
v 6.68658 -20.5477 31.627 1 1 1
v 10.6104 -5.85831 42.9031 1 1 1
v 8.08289 -15.2278 35.2253 1 1 1
v 7.74731 -16.3658 33.8804 1 1 1
v 10.9807 -4.25699 42.87 1 1 1
v 8.0338 -17.5815 35.2796 1 1 1
v 8.04921 -17.6023 35.2828 1 1 1
v 8.40525 -17.5695 35.9294 1 1 1
v 10.9135 -11.1714 41.8055 1 1 1
v 8.41005 -22.0016 35.6412 1 1 1
v 9.92011 -15.199 38.827 1 1 1
v 10.7812 -11.5519 40.7928 1 1 1
v 10.6102 -15.0767 41.4164 1 1 1
v 10.4167 -15.1459 40.4802 1 1 1
v 8.9782 -18.3533 35.886 1 1 1
v 10.8859 -11.4796 40.5605 1 1 1
v 10.2685 -13.2851 38.5264 1 1 1
v 10.2685 -13.2851 38.5264 1 1 1
v 11.316 -12.9799 42.4526 1 1 1
v 11.8573 -1.2032 38.8082 1 1 1
v 9.01772 -23.3069 36.158 1 1 1
v 11.974 -10.7413 42.0844 1 1 1
v 9.13754 -26.26 37.1083 1 1 1
v 8.68966 -23.2561 34.2713 1 1 1
v 9.9136 -18.0055 36.7359 1 1 1
v 9.21847 -23.4914 36.1347 1 1 1
v 9.21847 -23.4914 36.1347 1 1 1
v 9.80389 -22.555 37.9007 1 1 1
v 9.20018 -21.9922 35.1882 1 1 1
v 9.2271 -24.2553 35.732 1 1 1
v 9.65747 -24.4885 36.7896 1 1 1
v 9.4646 -21.8639 34.7168 1 1 1
v -7.18568 -13.1229 7.52402 1 1 1
v -3.71795 4.73845 5.0757 1 1 1
v -1.4465 -9.68126 8.65338 1 1 1
v -1.55665 -10.7329 9.0627 1 1 1
v 0.0240845 -5.46866 3.08194 1 1 1
v 0.38562 -5.3549 1.05303 1 1 1
v 0.682421 -5.22185 -1.60756 1 1 1
v -19.8156 1.10039 27.6123 1 1 1
v -21.7705 -0.956242 30.5077 1 1 1
v -24.9576 -5.87137 35.0222 1 1 1
v -24.7304 -6.69959 34.7258 1 1 1
v -21.3723 -1.38238 30.0954 1 1 1
v -22.6641 -1.74403 32.7043 1 1 1
v -23.7453 -4.42688 34.293 1 1 1
v -19.8355 -1.20313 28.5544 1 1 1
v -21.6833 -2.40351 31.8565 1 1 1
v -22.4764 -0.920399 33.3768 1 1 1
v -22.4764 -0.920399 33.3768 1 1 1
v -23.8552 -4.97726 35.5461 1 1 1
v -25.0597 -6.18435 37.4404 1 1 1
v -20.6115 -1.25667 30.9709 1 1 1
v -22.5276 -4.54158 34.0727 1 1 1
v -18.9728 -0.41891 29.0402 1 1 1
v -19.0714 -0.349093 29.1989 1 1 1
v -23.8489 -5.25705 36.9004 1 1 1
v -18.8386 1.33908 29.2763 1 1 1
v -18.9235 -0.353289 29.3241 1 1 1
v -18.9529 -0.83915 29.3301 1 1 1
v -18.9529 -0.83915 29.3301 1 1 1
v -23.0016 -5.20296 35.7903 1 1 1
v -18.7951 0.574501 29.3498 1 1 1
v -18.8257 -0.789283 29.8231 1 1 1
v -20.6829 -2.76188 32.8813 1 1 1
v -20.6829 -2.76188 32.8813 1 1 1
v -21.1199 -3.1227 33.7437 1 1 1
v -18.5346 -1.17327 29.5835 1 1 1
v -20.8478 -3.28542 33.6609 1 1 1
v -21.1564 -3.50258 34.255 1 1 1
v -20.0317 -2.98293 32.4914 1 1 1
v -17.7008 -1.4075 28.8227 1 1 1
v -20.5377 -3.42565 33.6997 1 1 1
v -21.8027 -4.80043 35.8147 1 1 1
v -21.8793 -4.96522 36.1539 1 1 1
v -21.8793 -4.96522 36.1539 1 1 1
v -19.6263 -2.7193 32.5802 1 1 1
v -25.1587 -20.1165 40.653 1 1 1
v -17.8078 0.142001 29.7993 1 1 1
v -18.0862 -0.814602 30.2091 1 1 1
v -18.1788 -1.40124 30.3461 1 1 1
v -17.6678 0.111554 29.8206 1 1 1
v -18.312 -1.64151 31.0152 1 1 1
v -21.7116 -5.29793 36.8451 1 1 1
v -21.7116 -5.29793 36.8451 1 1 1
v -18.3651 -1.87907 31.2603 1 1 1
v -17.9197 -1.44528 30.7015 1 1 1
v -17.6538 0.0638387 30.3824 1 1 1
v -18.6236 -2.2363 32.1034 1 1 1
v -20.9255 -4.90546 36.103 1 1 1
v -17.8533 -1.41827 30.9491 1 1 1
v -17.6609 -1.32279 30.7278 1 1 1
v -17.6609 -1.32279 30.7278 1 1 1
v -17.5299 -1.29668 30.6779 1 1 1
v -18.8224 -2.51455 33.2414 1 1 1
v -18.8224 -2.51455 33.2414 1 1 1
v -18.2253 0.278402 32.768 1 1 1
v -20.3442 -5.59574 36.1492 1 1 1
v -20.3442 -5.59574 36.1492 1 1 1
v -20.0824 -4.97533 35.7791 1 1 1
v -20.1169 -5.06268 35.8605 1 1 1
v -17.5377 -1.77013 31.5709 1 1 1
v -17.2332 -0.36389 31.2049 1 1 1
v -20.5984 -5.53845 37.1876 1 1 1
v -20.1286 -5.70125 36.5663 1 1 1
v -20.039 -5.0618 36.4686 1 1 1
v -17.4306 -1.38128 31.8165 1 1 1
v -19.7866 -5.27426 35.9747 1 1 1
v -16.8999 -0.00385501 31.1258 1 1 1
v -16.8255 -2.28297 30.7423 1 1 1
v -19.2752 -4.8928 35.8185 1 1 1
v -19.232 -4.90732 35.7417 1 1 1
v -19.4913 -4.83406 36.2485 1 1 1
v -18.0661 -2.2557 33.798 1 1 1
v -19.4019 -4.95464 36.686 1 1 1
v -11.0254 19.8734 22.9444 1 1 1
v -16.7343 -2.42803 31.7523 1 1 1
v -16.7343 -2.42803 31.7523 1 1 1
v -18.5483 -4.0878 35.2961 1 1 1
v -19.4797 -5.06656 37.5423 1 1 1
v -19.4083 -5.3807 37.4569 1 1 1
v -16.3737 -2.44681 31.5699 1 1 1
v -19.2421 -5.06802 38.8858 1 1 1
v -17.4762 -4.24099 35.7565 1 1 1
v -18.9943 -4.81753 39.1341 1 1 1
v -17.2058 -4.16535 35.3865 1 1 1
v -17.7739 -4.28659 37.1344 1 1 1
v -15.7719 -2.39253 33.5864 1 1 1
v -13.7473 -1.6373 30.7668 1 1 1
v -14.8448 -3.09482 33.2064 1 1 1
v -14.3763 -1.46195 32.7625 1 1 1
v -14.7359 -1.31202 33.9075 1 1 1
v -14.7359 -1.31202 33.9075 1 1 1
v -14.1206 -1.63375 32.9221 1 1 1
v -13.723 -1.83511 32.3441 1 1 1
v -14.0325 -2.33853 33.8202 1 1 1
v -13.9975 -1.84244 33.9773 1 1 1
v -14.0607 -3.76465 34.0153 1 1 1
v -13.8038 -2.17087 33.7854 1 1 1
v -13.6316 -2.33793 34.3864 1 1 1
v -13.6059 -2.5381 34.2745 1 1 1
v -13.7919 -3.24863 34.6682 1 1 1
v -13.5145 -2.74037 34.4137 1 1 1
v -13.1705 -2.32816 33.8391 1 1 1
v -13.009 -2.21608 33.4729 1 1 1
v -12.4712 9.4274 34.6979 1 1 1
v -13.3694 -3.09332 34.7164 1 1 1
v -12.1978 9.07297 34.2008 1 1 1
v -12.2915 0.401293 32.9238 1 1 1
v -9.54201 14.7853 28.1718 1 1 1
v -13.5186 -3.89245 35.6225 1 1 1
v -12.9624 -2.80835 34.8338 1 1 1
v -12.0958 0.398517 33.048 1 1 1
v -12.0702 9.48107 34.8611 1 1 1
v -12.1039 9.45026 34.9709 1 1 1
v -11.9048 0.39191 33.1778 1 1 1
v -11.9048 0.39191 33.1778 1 1 1
v -13.5623 -3.58465 37.3294 1 1 1
v -12.7748 -2.76894 35.6688 1 1 1
v -12.7748 -2.76894 35.6688 1 1 1
v -13.2553 -3.30707 37.2584 1 1 1
v -12.3492 -2.76151 35.3087 1 1 1
v -11.1791 8.99026 34.6015 1 1 1
v -11.4428 8.43441 35.3922 1 1 1
v -12.0161 -2.64076 36.1355 1 1 1
v -8.24733 15.4462 28.6316 1 1 1
v -8.16752 15.1274 28.7782 1 1 1
v -7.9574 14.858 29.1765 1 1 1
v -7.48448 10.9189 26.9902 1 1 1
v -10.2697 7.22429 36.9399 1 1 1
v -7.04366 11.4909 27.5214 1 1 1
v -6.89595 16.0709 28.3236 1 1 1
v -6.86731 10.1315 26.8236 1 1 1
v -7.12778 14.369 29.557 1 1 1
v -7.06567 9.49428 28.0429 1 1 1
v -7.49004 13.3091 30.8806 1 1 1
v -6.6324 9.23466 27.7895 1 1 1
v -6.10493 10.6895 26.2996 1 1 1
v -6.16704 4.0968 24.7027 1 1 1
v -6.25649 4.57171 25.3891 1 1 1
v -6.26976 2.14291 25.5579 1 1 1
v -6.86465 -2.21906 26.6219 1 1 1
v -6.00274 3.57978 25.1849 1 1 1
v -5.72366 3.79479 24.5588 1 1 1
v -5.72366 3.79479 24.5588 1 1 1
v -6.11763 13.2316 29.6084 1 1 1
v -5.20586 2.57988 23.11 1 1 1
v -5.64144 4.97635 25.7022 1 1 1
v -5.83141 9.08945 28.1766 1 1 1
v -5.18124 3.95185 23.9682 1 1 1
v -5.91372 9.10108 28.9322 1 1 1
v -5.59592 -2.29712 24.0519 1 1 1
v -5.53558 14.512 29.4968 1 1 1
v -5.03599 3.9998 24.029 1 1 1
v -4.85176 2.4993 23.204 1 1 1
v -4.71062 2.19231 22.62 1 1 1
v -4.7756 4.62081 23.7568 1 1 1
v -5.24256 13.0681 28.6744 1 1 1
v -4.90186 5.43353 24.8341 1 1 1
v -5.23571 13.865 29.3559 1 1 1
v -5.23571 13.865 29.3559 1 1 1
v -4.88085 6.02348 25.1597 1 1 1
v -4.8511 5.97113 25.0097 1 1 1
v -5.1416 -3.98957 22.9014 1 1 1
v -5.1416 -3.98957 22.9014 1 1 1
v -5.33458 -4.12769 23.8767 1 1 1
v -5.13517 -3.03539 23.4654 1 1 1
v -4.75017 5.97736 25.1555 1 1 1
v -4.54546 5.88857 24.737 1 1 1
v -4.9172 -4.21502 22.9709 1 1 1
v -4.59151 6.39552 25.7932 1 1 1
v -4.49338 6.2001 25.2588 1 1 1
v -4.70579 -4.68703 23.5746 1 1 1
v -4.12547 5.32035 24.9072 1 1 1
v -4.00799 4.78181 24.4513 1 1 1
v -3.93709 10.4837 27.5285 1 1 1
v -3.57484 4.6989 24.0267 1 1 1
v -4.79824 10.8324 33.6126 1 1 1
v -4.11658 -4.86066 23.3107 1 1 1
v -3.60436 9.28607 26.8588 1 1 1
v -4.57051 10.6387 32.9452 1 1 1
v -4.17184 8.47983 30.0953 1 1 1
v -3.92686 -4.54391 23.2156 1 1 1
v -3.92309 10.4174 30.6617 1 1 1
v -3.58789 -4.96879 22.0257 1 1 1
v -3.12876 -4.96617 19.8228 1 1 1
v -3.26072 -3.40201 22.1548 1 1 1
v -3.60878 10.8687 31.9527 1 1 1
v -3.22923 10.4389 29.689 1 1 1
v -3.04332 -3.98866 21.2987 1 1 1
v -3.0335 -3.8366 21.4277 1 1 1
v -3.12239 -3.53358 22.3486 1 1 1
v -3.48463 -13.2524 20.6136 1 1 1
v -3.48463 -13.2524 20.6136 1 1 1
v -2.9486 8.55694 30.3743 1 1 1
v -2.36646 5.67265 25.595 1 1 1
v -1.97538 10.042 25.9347 1 1 1
v -1.41511 14.5791 28.1973 1 1 1
v -1.43919 14.7548 28.5188 1 1 1
v -2.05778 1.05942 25.1952 1 1 1
v -2.06292 1.10028 25.2247 1 1 1
v -1.0712 6.23425 23.4847 1 1 1
v -0.96297 5.7818 22.9431 1 1 1
v -0.951188 6.28607 23.9924 1 1 1
v -1.87332 -5.56092 24.2615 1 1 1
v -3.57148 -7.09912 41.3044 1 1 1
v -0.510149 5.81431 22.9962 1 1 1
v -0.477249 6.8863 24.9237 1 1 1
v -0.477249 6.8863 24.9237 1 1 1
v -0.43072 5.44271 23.7388 1 1 1
v -0.242827 11.2045 29.2106 1 1 1
v -0.926186 -3.50321 21.7645 1 1 1
v -0.730251 -3.76245 22.2526 1 1 1
v -0.44236 -2.24372 21.5066 1 1 1
v 0.743255 9.83545 25.6576 1 1 1
v 0.648269 6.13331 23.7424 1 1 1
v -1.53049 -22.3742 44.5558 1 1 1
v 0.612275 -4.04426 22.1196 1 1 1
v -1.58711 -23.733 45.2077 1 1 1
v -1.3541 -22.1636 43.4677 1 1 1
v 1.24383 2.07178 22.5553 1 1 1
v -1.47548 -25.1556 46.6656 1 1 1
v -1.43327 -25.0944 46.3952 1 1 1
v 1.42197 1.518 23.0715 1 1 1
v -0.913246 -24.2683 42.1004 1 1 1
v 2.35711 8.09351 29.5783 1 1 1
v 1.68781 -0.0280188 22.6375 1 1 1
v 1.70059 0.0833413 23.1965 1 1 1
v 1.80879 -2.80198 22.2525 1 1 1
v 1.94556 -3.12124 21.6771 1 1 1
v 1.64252 -13.0708 43.8206 1 1 1
v 2.05302 -2.72466 22.7537 1 1 1
v 1.79871 -12.8247 39.9056 1 1 1
v 1.86031 -12.884 38.3358 1 1 1
v 2.21899 -3.14133 22.9516 1 1 1
v 2.2621 -2.73429 22.5989 1 1 1
v 2.16447 -11.2819 40.089 1 1 1
v 2.16447 -11.2819 40.089 1 1 1
v 1.29455 -20.5414 39.8814 1 1 1
v 1.71656 -15.5947 38.7057 1 1 1
v 1.36558 -19.953 39.18 1 1 1
v 1.87323 -15.2476 39.4185 1 1 1
v 2.13522 -14.0672 38.6485 1 1 1
v 2.19589 -13.6142 39.3939 1 1 1
v 2.10904 -14.2139 37.8235 1 1 1
v 2.14938 -14.4949 39.2959 1 1 1
v 2.06577 -15.2455 38.4056 1 1 1
v 1.53448 -22.6228 38.0274 1 1 1
v 2.41092 -14.0052 38.4906 1 1 1
v 2.38053 -13.8295 37.4719 1 1 1
v 2.32944 -14.304 40.2613 1 1 1
v 1.66498 -23.5518 37.05 1 1 1
v 2.80138 -12.7518 38.8525 1 1 1
v 1.83965 -22.2649 37.5297 1 1 1
v 2.99844 -12.3375 40.1018 1 1 1
v 1.98215 -22.702 37.9366 1 1 1
v 1.98215 -22.702 37.9366 1 1 1
v 1.99083 -22.5711 37.8916 1 1 1
v 1.99083 -22.5711 37.8916 1 1 1
v 2.58637 -16.5005 38.7212 1 1 1
v 2.27037 -20.5313 38.2326 1 1 1
v 2.9917 -12.204 36.433 1 1 1
v 2.15041 -22.2495 37.3829 1 1 1
v 2.19067 -22.1671 38.4283 1 1 1
v 2.40444 -20.4969 37.1677 1 1 1
v 2.33727 -20.8971 36.5326 1 1 1
v 2.89873 -15.4318 36.9924 1 1 1
v 4.69116 -2.19902 44.3872 1 1 1
v 3.37911 -12.3296 39.6611 1 1 1
v 3.14203 -15.8307 38.802 1 1 1
v 3.00744 -16.5258 37.8636 1 1 1
v 2.33341 -23.4306 37.9305 1 1 1
v 2.91813 -17.0685 36.2051 1 1 1
v 3.22422 -16.2861 39.1047 1 1 1
v 3.56072 -12.4837 37.947 1 1 1
v 3.17616 -16.4481 37.5161 1 1 1
v 2.74994 -20.6612 36.9607 1 1 1
v 3.45345 -15.2136 38.4943 1 1 1
v 1.90346 -32.2389 38.8891 1 1 1
v 3.47833 -15.1884 37.3351 1 1 1
v 3.5267 -15.3366 38.5113 1 1 1
v 2.81972 -20.6719 35.399 1 1 1
v 2.79162 -22.1379 37.1642 1 1 1
v 2.85351 -20.5737 35.5215 1 1 1
v 2.73537 -23.78 37.3619 1 1 1
v 3.57735 -14.8163 36.6602 1 1 1
v 5.45808 -2.99653 44.7853 1 1 1
v 3.53221 -16.73 36.9338 1 1 1
v 3.96883 -13.4958 38.1599 1 1 1
v 3.7645 -15.0795 36.3521 1 1 1
v 3.32881 -19.7921 37.2342 1 1 1
v 5.43031 -3.48114 42.3626 1 1 1
v 3.09462 -22.7619 37.2533 1 1 1
v 3.45303 -18.8181 36.5519 1 1 1
v 3.66434 -17.3323 37.1129 1 1 1
v 3.55856 -19.6231 36.3795 1 1 1
v 4.24818 -14.1619 37.5328 1 1 1
v 4.67698 -11.8207 39.4649 1 1 1
v 6.06701 -0.60387 42.1941 1 1 1
v 4.36617 -13.8739 37.5374 1 1 1
v 4.51849 -12.5815 37.6874 1 1 1
v 4.61225 -12.6611 39.7688 1 1 1
v 2.64642 -32.0508 37.8042 1 1 1
v 3.87133 -18.4772 36.6701 1 1 1
v 3.87133 -18.4772 36.6701 1 1 1
v 4.47265 -13.4935 37.1244 1 1 1
v 3.44886 -23.9793 36.949 1 1 1
v 4.79756 -11.7253 37.8619 1 1 1
v 4.79756 -11.7253 37.8619 1 1 1
v 3.96857 -18.4603 35.4923 1 1 1
v 4.68472 -13.2171 36.5273 1 1 1
v 3.55531 -22.8032 34.6237 1 1 1
v 4.90024 -13.0854 38.4739 1 1 1
v 6.58045 -1.4637 42.784 1 1 1
v 4.97531 -11.6301 36.556 1 1 1
v 3.88003 -23.2278 36.7871 1 1 1
v 3.54319 -25.1994 35.4636 1 1 1
v 3.90524 -23.5301 36.9694 1 1 1
v 3.90524 -23.5301 36.9694 1 1 1
v 6.7222 1.03658 39.4634 1 1 1
v 5.5168 -11.8065 38.0972 1 1 1
v 6.74029 0.571819 38.0827 1 1 1
v 4.17704 -23.0331 35.9762 1 1 1
v 6.8123 1.13761 38.0483 1 1 1
v 4.29159 -26.7833 37.8953 1 1 1
v 4.2392 -25.3397 35.4792 1 1 1
v 4.54241 -23.6499 36.2195 1 1 1
v 6.46636 -8.83395 39.3392 1 1 1
v 7.7348 -0.918061 42.4159 1 1 1
v 7.85457 -0.83566 43.2634 1 1 1
v 6.48586 -8.95032 39.0129 1 1 1
v 6.40294 -7.74622 37.3381 1 1 1
v 6.80648 -7.55409 39.7231 1 1 1
v 6.45116 -9.17326 38.088 1 1 1
v 5.32603 -18.8416 36.8376 1 1 1
v 6.63456 -9.64702 37.6144 1 1 1
v 6.78422 -7.45562 37.0385 1 1 1
v 6.87489 -7.89874 37.368 1 1 1
v 8.01095 -0.681588 39.8956 1 1 1
v 5.62587 -19.6578 36.0731 1 1 1
v 6.99912 -7.98947 37.2751 1 1 1
v 7.25573 -8.11893 38.6259 1 1 1
v 7.06959 -8.27176 37.2737 1 1 1
v 7.24132 -8.16144 38.848 1 1 1
v 5.82108 -20.0247 36.1435 1 1 1
v 7.55085 -8.49461 39.0179 1 1 1
v 7.34205 -9.81476 37.909 1 1 1
v 8.38858 -3.29057 40.2442 1 1 1
v 6.18614 -18.9697 36.4611 1 1 1
v 6.29945 -20.057 35.9943 1 1 1
v 8.00402 -7.48713 38.1703 1 1 1
v 7.66496 -10.4579 37.4657 1 1 1
v 7.43421 -12.9013 37.3238 1 1 1
v 7.35151 -13.7183 37.1737 1 1 1
v 7.18419 -13.0807 35.6751 1 1 1
v 7.18419 -13.0807 35.6751 1 1 1
v 8.34097 -8.33089 39.6529 1 1 1
v 9.25815 -5.45099 42.5551 1 1 1
v 8.44884 -6.93539 38.8066 1 1 1
v 7.79581 -7.20173 35.1744 1 1 1
v 8.79077 -6.75504 38.7735 1 1 1
v 7.33142 -17.3982 36.6443 1 1 1
v 9.36927 -0.360825 37.9141 1 1 1
v 6.09977 -25.2305 33.6847 1 1 1
v 6.09977 -25.2305 33.6847 1 1 1
v 8.95134 -6.71087 38.066 1 1 1
v 9.27146 -7.33244 39.7922 1 1 1
v 7.64551 -14.5819 34.911 1 1 1
v 7.74414 -17.261 34.5775 1 1 1
v 7.97607 -17.4876 35.7745 1 1 1
v -23.5134 0.279762 30.8852 1 1 1
v -23.5543 -0.409665 30.901 1 1 1
v -24.3815 1.1754 32.1858 1 1 1
v -23.3955 -4.94319 30.1909 1 1 1
v -22.6795 -3.91284 29.3449 1 1 1
v -21.1221 -0.093191 28.2502 1 1 1
v -21.6132 -0.262113 29.0317 1 1 1
v -26.1017 -6.21537 35.5752 1 1 1
v -22.3612 -4.64588 30.4803 1 1 1
v -26.8326 -7.33887 36.6775 1 1 1
v -25.4745 -6.14807 35.4574 1 1 1
v -20.3495 -0.434791 28.8407 1 1 1
v -25.5624 -6.4382 35.7935 1 1 1
v -20.5464 0.629914 29.6497 1 1 1
v -20.5959 -1.09649 29.5872 1 1 1
v -19.7107 0.545234 28.4763 1 1 1
v -20.722 -0.901507 30.5208 1 1 1
v -18.9021 0.426712 27.9558 1 1 1
v -27.7415 -14.8363 39.8544 1 1 1
v -19.3968 -0.462861 28.9044 1 1 1
v -24.2416 -4.63663 35.9425 1 1 1
v -22.7998 -4.09456 33.8806 1 1 1
v -27.6998 -10.7959 40.671 1 1 1
v -27.9975 -11.1689 41.1469 1 1 1
v -18.769 1.62805 28.6422 1 1 1
v -27.7189 -10.7546 41.0782 1 1 1
v -18.5297 0.52824 28.6464 1 1 1
v -26.8535 -10.9767 40.3875 1 1 1
v -26.8859 -10.9487 40.507 1 1 1
v -23.1881 -4.944 35.4692 1 1 1
v -18.5739 -0.410727 29.1022 1 1 1
v -18.6313 -0.724414 29.2114 1 1 1
v -18.7711 -0.745388 29.4463 1 1 1
v -18.5466 -0.527049 29.1682 1 1 1
v -18.9243 -0.926031 29.8929 1 1 1
v -21.6673 -2.51567 34.2563 1 1 1
v -26.7258 -21.0406 40.4703 1 1 1
v -19.0699 -1.12981 31.2493 1 1 1
v -25.7117 -22.9756 39.7549 1 1 1
v -20.0554 -3.01796 33.0634 1 1 1
v -18.3565 0.686914 30.795 1 1 1
v -26.1642 -23.5906 40.7663 1 1 1
v -17.9258 -0.246246 30.2781 1 1 1
v -17.8041 -0.0174804 30.2247 1 1 1
v -19.1599 -1.34918 32.4881 1 1 1
v -18.6517 -1.42331 31.7582 1 1 1
v -17.8825 -0.0803619 31.3202 1 1 1
v -17.8825 -0.0803619 31.3202 1 1 1
v -19.3226 -2.251 33.7665 1 1 1
v -25.4531 -23.5843 41.7046 1 1 1
v -25.247 -23.8989 41.4035 1 1 1
v -24.906 -23.722 40.8444 1 1 1
v -17.6804 -1.10444 31.4632 1 1 1
v -20.4363 -5.19894 36.3744 1 1 1
v -24.1675 -19.6761 41.2499 1 1 1
v -17.1068 -0.578792 31.4272 1 1 1
v -18.3963 -3.18488 33.4462 1 1 1
v -16.9168 -0.34887 31.4736 1 1 1
v -17.0919 -0.532509 31.9536 1 1 1
v -24.7807 -21.4262 42.9419 1 1 1
v -24.7807 -21.4262 42.9419 1 1 1
v -25.4972 -13.3302 45.8913 1 1 1
v -22.0897 -19.3266 38.5797 1 1 1
v -24.2678 -21.6545 45.3656 1 1 1
v -24.2678 -21.6545 45.3656 1 1 1
v -16.6002 -2.25059 33.9815 1 1 1
v -17.697 -4.60871 36.6843 1 1 1
v -22.5884 -15.0886 45.1949 1 1 1
v -23.1241 -20.7859 46.268 1 1 1
v -15.3641 -2.52012 33.2144 1 1 1
v -23.0554 -13.9695 48.514 1 1 1
v -22.7387 -13.8205 48.5206 1 1 1
v -14.6763 -3.28825 33.3908 1 1 1
v -14.2684 -1.49727 34.2786 1 1 1
v -20.4588 -4.83014 48.4688 1 1 1
v -12.9937 -0.0100548 32.5447 1 1 1
v -21.8957 -20.5799 49.6585 1 1 1
v -21.8227 -28.0723 48.245 1 1 1
v -22.0288 -21.9389 50.2974 1 1 1
v -21.8417 -21.6322 50.1922 1 1 1
v -21.5607 -22.8545 49.4012 1 1 1
v -20.8395 -29.3481 46.4788 1 1 1
v -13.2311 -2.97688 33.683 1 1 1
v -21.4218 -30.1449 47.7234 1 1 1
v -21.2676 -29.3385 47.8616 1 1 1
v -21.3136 -21.1577 49.9466 1 1 1
v -21.2373 -21.1371 49.7753 1 1 1
v -20.409 -10.0525 50.879 1 1 1
v -21.393 -10.2347 53.9935 1 1 1
v -21.4265 -14.4983 53.6627 1 1 1
v -12.7967 -2.90941 34.1409 1 1 1
v -21.5694 -14.9584 54.2151 1 1 1
v -21.3691 -10.1829 55.0021 1 1 1
v -20.8914 -12.6213 53.442 1 1 1
v -20.7714 -15.1501 52.6913 1 1 1
v -12.5758 -2.82093 36.131 1 1 1
v -12.5758 -2.82093 36.131 1 1 1
v -18.1058 -10.408 54.1489 1 1 1
v -7.14619 12.0945 28.3997 1 1 1
v -7.87702 -1.83696 27.0921 1 1 1
v -17.4677 -12.4497 54.8051 1 1 1
v -6.67172 4.53995 26.3547 1 1 1
v -6.29613 2.57084 24.9841 1 1 1
v 0.49016 -1.8733 1.26529 1 1 1
v -6.41201 5.28102 26.6842 1 1 1
v -6.03864 3.97349 25.3851 1 1 1
v -5.0108 5.84824 25.0394 1 1 1
v -5.00723 5.86717 25.0195 1 1 1
v -4.77814 2.25573 22.8976 1 1 1
v -5.54229 -3.03038 24.0908 1 1 1
v -4.82943 1.469 23.1165 1 1 1
v -5.36007 -3.15183 23.8301 1 1 1
v -5.58542 -4.33741 24.5469 1 1 1
v -4.74576 6.61851 26.3434 1 1 1
v -4.93748 -4.17323 23.044 1 1 1
v -4.17611 5.00168 24.3331 1 1 1
v -4.23981 15.1741 29.3859 1 1 1
v -4.20732 10.0082 27.3091 1 1 1
v -4.1515 4.95807 24.9799 1 1 1
v -4.18034 14.1554 29.3316 1 1 1
v -4.28651 5.87704 26.9504 1 1 1
v -4.37402 -4.55068 22.9818 1 1 1
v -12.0822 -23.2277 50.0929 1 1 1
v -12.0323 -26.9216 48.5756 1 1 1
v -11.1566 -8.64424 54.7407 1 1 1
v -11.3129 -9.0016 55.3527 1 1 1
v -3.26294 14.017 28.9585 1 1 1
v -11.4335 -23.1745 49.7074 1 1 1
v -11.4335 -23.1745 49.7074 1 1 1
v -4.49821 10.356 33.1083 1 1 1
v -11.4211 -23.7197 49.4906 1 1 1
v -11.4208 -24.385 49.2972 1 1 1
v -11.4465 -26.2917 48.7483 1 1 1
v -11.4465 -26.2917 48.7483 1 1 1
v -11.4453 -26.7186 48.4973 1 1 1
v -11.3854 -26.7684 48.3543 1 1 1
v -4.44948 10.5739 33.5436 1 1 1
v -2.96295 15.6413 29.0132 1 1 1
v -10.8919 -22.6089 49.7571 1 1 1
v -3.27648 -3.59438 22.6274 1 1 1
v -2.20404 4.56657 23.6694 1 1 1
v -9.71961 -26.6595 48.2323 1 1 1
v -9.39494 -24.504 48.7537 1 1 1
v -2.43478 -4.86553 21.0807 1 1 1
v -2.36178 -4.86374 20.7826 1 1 1
v -1.73409 12.0965 28.1163 1 1 1
v -8.53303 -22.0067 48.9512 1 1 1
v -1.60355 9.26907 26.3696 1 1 1
v -1.27985 15.1169 28.1202 1 1 1
v -2.31096 -3.97974 22.5451 1 1 1
v -1.4725 5.51681 23.9443 1 1 1
v -1.40712 9.90397 26.8297 1 1 1
v -1.36128 6.75946 24.7096 1 1 1
v -1.38325 6.13243 24.5692 1 1 1
v -1.22782 6.27152 24.1244 1 1 1
v -1.21184 6.23418 24.0335 1 1 1
v -1.25256 6.23675 24.3538 1 1 1
v -7.93702 -24.9459 48.2125 1 1 1
v -8.18595 -31.1455 45.75 1 1 1
v -0.697435 15.6336 28.1714 1 1 1
v -3.96737 -15.5535 29.2029 1 1 1
v -1.02176 6.63397 25.1161 1 1 1
v -7.39382 -23.6041 48.6464 1 1 1
v -7.353 -24.1296 48.2776 1 1 1
v -7.32595 -24.128 48.1443 1 1 1
v -7.36455 -25.3982 47.9408 1 1 1
v -7.36455 -25.3982 47.9408 1 1 1
v -7.09966 -25.028 46.5071 1 1 1
v -1.04815 2.49218 23.4844 1 1 1
v -0.756923 5.59792 23.8191 1 1 1
v -7.03021 -22.3618 49.2137 1 1 1
v -6.87614 -25.9166 47.7204 1 1 1
v -1.09386 -3.04425 21.763 1 1 1
v -1.03504 -3.19315 22.0767 1 1 1
v -1.03504 -3.19315 22.0767 1 1 1
v -0.994994 -3.1311 21.8972 1 1 1
v -0.992898 -3.13099 21.8852 1 1 1
v -1.06232 -3.64755 22.0707 1 1 1
v -0.809557 -3.42831 21.9369 1 1 1
v 0.0077485 5.89957 24.2627 1 1 1
v 0.0077485 5.89957 24.2627 1 1 1
v -0.196231 -4.28355 16.3307 1 1 1
v 0.0278514 4.2283 23.4391 1 1 1
v 0.38942 4.23898 23.3322 1 1 1
v 0.517112 5.65482 24.8363 1 1 1
v 0.517112 5.65482 24.8363 1 1 1
v -0.263264 -3.66068 22.8101 1 1 1
v 0.62193 5.32288 23.8732 1 1 1
v 0.61091 5.41985 24.109 1 1 1
v -1.46411 -4.15859 37.7787 1 1 1
v 1.27492 10.7774 25.5761 1 1 1
v -2.37596 -6.98378 51.7613 1 1 1
v 1.04171 6.52512 24.5951 1 1 1
v -2.4216 -6.95906 52.5456 1 1 1
v -3.44701 -23.3449 47.6455 1 1 1
v 0.964252 1.6672 23.7637 1 1 1
v 0.953847 1.73427 24.0732 1 1 1
v 1.37372 5.07943 24.7809 1 1 1
v 0.64658 -3.42803 22.3844 1 1 1
v 0.823891 -3.8542 22.4767 1 1 1
v 1.83189 6.50182 25.8455 1 1 1
v 0.753331 -4.19209 24.3228 1 1 1
v -2.14307 -22.2304 46.5345 1 1 1
v -2.17673 -23.4915 46.5203 1 1 1
v -2.41102 -24.8257 47.3255 1 1 1
v 2.62232 13.7464 30.0516 1 1 1
v -1.56379 -22.3388 44.7462 1 1 1
v 1.61203 0.581345 23.7777 1 1 1
v 1.37169 -2.04022 22.5361 1 1 1
v 1.61316 0.152819 23.3208 1 1 1
v -1.78249 -23.3881 47.004 1 1 1
v -1.69757 -22.0792 48.5434 1 1 1
v 2.42862 8.41871 29.0792 1 1 1
v 2.45144 8.5638 28.9624 1 1 1
v -1.57028 -23.9286 45.6095 1 1 1
v 1.72293 -0.120198 24.1118 1 1 1
v 0.329747 -6.62819 52.0706 1 1 1
v 2.96999 12.7195 31.1398 1 1 1
v 1.74552 -0.102067 23.6987 1 1 1
v -1.37976 -24.1211 46.1303 1 1 1
v 2.68916 8.57613 29.0675 1 1 1
v -1.20015 -24.0788 46.71 1 1 1
v 2.12973 0.14109 23.9039 1 1 1
v -0.414138 -23.029 30.9724 1 1 1
v 1.33779 -7.27982 31.7345 1 1 1
v 2.48176 2.43272 24.6836 1 1 1
v 2.14539 -2.35734 22.9929 1 1 1
v 2.14539 -2.35734 22.9929 1 1 1
v 1.96077 -5.51784 47.6052 1 1 1
v 1.96581 -5.56294 46.5197 1 1 1
v 2.28126 -2.54568 23.1259 1 1 1
v 2.88318 1.28894 43.2896 1 1 1
v 2.26354 -3.22988 23.258 1 1 1
v 4.49158 16.3073 26.3493 1 1 1
v 2.39898 -3.99344 49.4385 1 1 1
v 2.3781 -2.93394 23.7393 1 1 1
v 2.4521 -2.85646 23.5117 1 1 1
v 2.86594 -0.210326 30.6695 1 1 1
v 2.77584 -3.87676 49.0396 1 1 1
v 4.5534 14.2563 28.4354 1 1 1
v 1.46217 -17.6474 39.7791 1 1 1
v 4.59115 11.3518 32.0932 1 1 1
v 2.06473 -15.1932 40.2818 1 1 1
v 2.06473 -15.1932 40.2818 1 1 1
v 3.60894 -3.40105 46.1027 1 1 1
v 2.08404 -15.213 39.5083 1 1 1
v 4.11337 1.09618 43.352 1 1 1
v 2.78782 -12.797 39.2608 1 1 1
v 2.48107 -15.7038 39.6878 1 1 1
v 1.62717 -24.2865 38.9502 1 1 1
v 4.51879 -3.13685 47.7128 1 1 1
v 5.10737 1.01333 43.1098 1 1 1
v 2.2944 -21.2721 37.5709 1 1 1
v 5.92715 10.8468 31.6325 1 1 1
v 2.73233 -21.072 37.39 1 1 1
v 1.86847 -30.3771 40.8937 1 1 1
v 3.49704 -14.6738 37.8094 1 1 1
v 2.80823 -19.6554 38.9013 1 1 1
v 3.50147 -15.3372 38.4895 1 1 1
v 1.8701 -31.9729 40.5563 1 1 1
v 2.71214 -23.8167 37.5592 1 1 1
v 6.03531 1.33767 41.9702 1 1 1
v 4.38992 -12.1601 39.6077 1 1 1
v 4.47825 -11.9735 40.412 1 1 1
v 6.41231 -0.489481 42.8031 1 1 1
v 4.09194 -18.3303 37.1067 1 1 1
v 7.09803 1.86901 42.6319 1 1 1
v 3.65107 -23.2606 36.545 1 1 1
v 5.51346 -11.057 39.3927 1 1 1
v 4.77363 -17.8849 37.2428 1 1 1
v 4.04034 -23.7216 36.5202 1 1 1
v 3.78673 -25.9727 36.3212 1 1 1
v 6.04207 -9.40429 39.407 1 1 1
v 5.98268 -9.40231 38.7196 1 1 1
v 7.66569 1.06524 42.7686 1 1 1
v 4.63697 -19.657 36.5598 1 1 1
v 7.74495 1.14423 42.1865 1 1 1
v 6.16015 -8.87248 38.1969 1 1 1
v 3.9472 -26.3344 36.2013 1 1 1
v 4.43342 -24.6778 37.9078 1 1 1
v 7.92012 0.151056 42.8244 1 1 1
v 7.92012 0.151056 42.8244 1 1 1
v 4.95847 -19.7539 37.0432 1 1 1
v 7.99883 1.63906 41.7634 1 1 1
v 8.48392 -1.73764 48.8347 1 1 1
v 5.23143 -17.7764 36.831 1 1 1
v 8.22769 -3.44864 47.6136 1 1 1
v 6.65695 -8.29321 39.1144 1 1 1
v 8.23736 0.592309 42.7829 1 1 1
v 8.22911 -0.445225 43.0316 1 1 1
v 6.79082 -7.78779 38.0109 1 1 1
v 6.94589 -8.24766 39.3548 1 1 1
v 4.57212 -25.7556 36.2627 1 1 1
v 5.29152 -19.9989 37.1628 1 1 1
v 8.17482 11.2292 30.5179 1 1 1
v 4.57474 -26.4312 36.7147 1 1 1
v 8.47332 -3.14813 45.3631 1 1 1
v 8.47332 -3.14813 45.3631 1 1 1
v 4.71533 -26.3888 36.8119 1 1 1
v 4.66901 -27.4828 36.8852 1 1 1
v 8.77074 0.266661 43.2547 1 1 1
v 7.1123 -8.78034 38.6092 1 1 1
v 4.83772 -26.1684 36.6425 1 1 1
v 5.21584 -24.0814 36.4352 1 1 1
v 5.1915 -23.8973 36.1646 1 1 1
v 8.52596 -3.49462 42.5949 1 1 1
v 7.63068 -7.98173 39.6874 1 1 1
v 9.24353 -1.58628 45.9498 1 1 1
v 7.36067 -9.22875 38.314 1 1 1
v 8.83626 -3.73938 43.9261 1 1 1
v 7.96019 -7.82036 40.2893 1 1 1
v 5.71118 -24.2092 36.5806 1 1 1
v 9.04408 -4.48881 42.867 1 1 1
v 7.97543 -9.4071 39.491 1 1 1
v 5.16936 -30.4683 36.9804 1 1 1
v 5.17916 -30.61 37.3089 1 1 1
v 9.76904 -1.52884 44.8407 1 1 1
v 6.01416 -23.4557 36.4747 1 1 1
v 5.92722 -23.7277 36.0002 1 1 1
v 5.5949 -28.887 36.6655 1 1 1
v 7.90509 -11.3158 38.1523 1 1 1
v 5.49813 -30.7969 37.2477 1 1 1
v 6.18065 -24.7915 36.0343 1 1 1
v 8.57443 -9.28381 38.9817 1 1 1
v 9.83825 -6.20894 44.2616 1 1 1
v 10.4074 -5.5346 45.8845 1 1 1
v 6.8208 -22.6129 36.7171 1 1 1
v 8.1219 -9.47108 35.0247 1 1 1
v 10.5681 -5.29272 45.7266 1 1 1
v 7.53267 -17.2086 36.412 1 1 1
v 10.7487 -5.94344 46.4863 1 1 1
v -26.2266 -3.28007 33.7275 1 1 1
v -23.7018 -3.47616 31.8146 1 1 1
v -25.0678 -5.53014 34.1666 1 1 1
v -19.1977 0.862214 27.3802 1 1 1
v -19.2256 0.662675 27.552 1 1 1
v -20.3569 -0.494358 29.2008 1 1 1
v -20.2207 -0.349158 29.1786 1 1 1
v -28.3521 -18.0002 37.9943 1 1 1
v -28.8779 -18.3195 40.0994 1 1 1
v -29.1296 -8.6919 42.6177 1 1 1
v -21.3842 -3.956 32.7351 1 1 1
v -23.9042 -6.16755 36.3214 1 1 1
v -21.1073 -4.21112 32.6274 1 1 1
v -22.9825 -5.06754 35.7819 1 1 1
v -21.5464 -4.27737 33.7874 1 1 1
v -22.3502 -7.28108 34.5526 1 1 1
v -22.1188 -7.25479 34.2144 1 1 1
v -22.7417 -4.85582 35.5334 1 1 1
v -23.1395 -17.4141 34.6079 1 1 1
v -19.7372 -2.85396 32.4388 1 1 1
v -17.2609 0.173709 29.2071 1 1 1
v -26.7623 -21.0254 40.5712 1 1 1
v -17.4089 -1.611 29.4698 1 1 1
v -20.1327 -3.57855 33.3763 1 1 1
v -21.2446 -4.49865 35.2469 1 1 1
v -17.2329 -0.44451 29.8038 1 1 1
v -20.0144 -3.42589 33.6832 1 1 1
v -19.8 -3.65409 33.4698 1 1 1
v -19.2099 -2.90434 32.81 1 1 1
v -15.3939 -1.81674 26.9667 1 1 1
v -19.8891 -22.6133 30.4882 1 1 1
v -19.8891 -22.6133 30.4882 1 1 1
v -25.6382 -22.6712 39.7529 1 1 1
v -21.3935 -5.17822 36.1525 1 1 1
v -26.0898 -19.856 41.3911 1 1 1
v -20.6366 -4.63734 35.5467 1 1 1
v -26.0028 -19.8626 41.5093 1 1 1
v -25.7124 -22.8322 40.6893 1 1 1
v -17.401 -2.14264 31.0309 1 1 1
v -25.3408 -19.5584 40.7866 1 1 1
v -25.9581 -20.2938 41.686 1 1 1
v -19.3369 -4.91257 34.0669 1 1 1
v -25.9055 -20.3528 42.1763 1 1 1
v -19.7799 -1.79262 35.6312 1 1 1
v -17.2363 -2.08655 31.7331 1 1 1
v -25.3944 -23.7003 41.3416 1 1 1
v -19.3738 -3.94441 35.086 1 1 1
v -19.3255 -3.94057 35.0108 1 1 1
v -19.8756 -4.25116 35.7686 1 1 1
v -19.9339 -4.22387 35.8255 1 1 1
v -20.1629 -5.41204 36.4309 1 1 1
v -16.6682 -4.05451 30.9049 1 1 1
v -18.3837 -4.06219 34.4898 1 1 1
v -24.0458 -5.96883 44.3064 1 1 1
v -16.2533 -2.52961 31.4029 1 1 1
v -16.339 -2.54241 31.9187 1 1 1
v -16.2372 -2.0118 31.8552 1 1 1
v -18.5397 -4.74418 38.25 1 1 1
v -23.4832 -23.7351 44.0329 1 1 1
v -16.1958 -3.24413 34.6483 1 1 1
v -14.3628 -2.26091 33.1248 1 1 1
v -23.3138 -14.6071 48.4202 1 1 1
v -23.017 -14.3433 48.5342 1 1 1
v -13.9002 -1.50306 33.0605 1 1 1
v -14.116 -1.73802 33.5477 1 1 1
v -14.2016 -1.73031 33.7998 1 1 1
v -14.1008 -3.69656 33.4843 1 1 1
v -14.1402 -2.45056 33.8734 1 1 1
v -13.8611 -3.1023 33.8564 1 1 1
v -13.8004 -2.69728 34.1208 1 1 1
v -12.8197 0.67017 33.7117 1 1 1
v -13.2291 -2.30112 34.6341 1 1 1
v -13.6337 -3.63822 35.2228 1 1 1
v -13.4076 -2.97119 35.0352 1 1 1
v -7.59325 10.2085 26.0839 1 1 1
v -22.3011 -14.0726 53.3178 1 1 1
v -21.0795 -28.969 46.6003 1 1 1
v -22.3385 -17.1844 52.7828 1 1 1
v -21.4752 -22.2038 49.4711 1 1 1
v -22.0239 -9.7816 54.2579 1 1 1
v -22.4465 -10.7281 55.0979 1 1 1
v -21.0471 -29.2745 47.1105 1 1 1
v -21.0471 -29.2745 47.1105 1 1 1
v -21.9035 -9.81222 54.5741 1 1 1
v -21.9047 -9.68746 55.1897 1 1 1
v -21.16 -20.6597 50.374 1 1 1
v -21.5571 -14.7515 53.1115 1 1 1
v -21.098 -14.941 53.0255 1 1 1
v -20.0778 -18.9799 49.8818 1 1 1
v -7.32596 12.3801 28.4957 1 1 1
v -6.20124 4.72037 25.4577 1 1 1
v -6.54049 13.8523 30.1451 1 1 1
v -5.29095 -3.84585 23.0631 1 1 1
v -4.22064 5.20912 23.8209 1 1 1
v -4.56159 6.34118 25.7219 1 1 1
v -15.7523 -18.0393 53.2197 1 1 1
v -15.541 -15.757 53.6333 1 1 1
v -4.0783 9.07525 26.422 1 1 1
v -4.94876 -4.39087 23.9846 1 1 1
v -3.86103 8.47937 26.1948 1 1 1
v -3.89731 10.0414 27.0154 1 1 1
v -4.15569 6.20752 26.654 1 1 1
v -3.77444 8.66195 26.523 1 1 1
v -3.93837 -4.86733 23.888 1 1 1
v -3.51262 -4.85616 22.6549 1 1 1
v -4.18289 9.81306 33.208 1 1 1
v -2.03112 10.295 26.5519 1 1 1
v -2.03112 10.295 26.5519 1 1 1
v -12.069 -26.9384 48.6635 1 1 1
v -11.5403 -23.7469 49.816 1 1 1
v -1.81311 2.28514 22.6339 1 1 1
v -11.4402 -24.3531 49.3535 1 1 1
v -1.05897 14.9895 27.1161 1 1 1
v -1.20303 6.6463 24.4785 1 1 1
v -1.06975 5.80917 23.8645 1 1 1
v -1.02246 8.73274 26.0388 1 1 1
v -9.73376 -23.3583 49.254 1 1 1
v 0.219668 16.4035 26.86 1 1 1
v 0.353763 12.9643 25.163 1 1 1
v -0.157509 6.49263 23.8164 1 1 1
v -4.12719 -18.4831 29.2164 1 1 1
v -0.886305 -3.58115 21.757 1 1 1
v -0.0754669 6.11735 23.9516 1 1 1
v -0.766974 -3.6077 22.2346 1 1 1
v 0.240669 6.02791 23.9304 1 1 1
v -7.38733 -23.5157 48.5929 1 1 1
v -7.36644 -26.0333 47.7331 1 1 1
v -6.73134 -22.6666 48.4014 1 1 1
v 0.592047 6.48418 24.7075 1 1 1
v -6.8286 -24.7436 48.2348 1 1 1
v -6.39078 -22.6935 48.4799 1 1 1
v 0.863886 1.47911 23.658 1 1 1
v 2.38915 13.3195 31.4364 1 1 1
v 2.38915 13.3195 31.4364 1 1 1
v 1.39919 -2.03128 22.1946 1 1 1
v 2.36063 7.92999 29.229 1 1 1
v 2.31634 5.65738 27.2275 1 1 1
v 2.25363 2.66115 24.3954 1 1 1
v 2.63672 8.77221 29.2068 1 1 1
v 2.12594 0.182182 23.9494 1 1 1
v 1.96998 -2.96123 22.041 1 1 1
v -1.86798 -23.2 46.909 1 1 1
v 2.39466 -3.04035 23.4069 1 1 1
v 2.45479 -2.6915 23.2473 1 1 1
v 1.02085 -5.99005 49.3832 1 1 1
v 1.02085 -5.99005 49.3832 1 1 1
v 1.25639 -13.4246 40.2774 1 1 1
v 1.30593 -15.6028 39.6598 1 1 1
v 0.850206 -19.0284 41.6786 1 1 1
v 1.1718 -19.7256 39.7018 1 1 1
v 2.06344 -14.3394 39.9342 1 1 1
v 1.48375 -19.9848 38.9329 1 1 1
v 1.48375 -19.9848 38.9329 1 1 1
v 1.42298 -20.1891 39.7553 1 1 1
v 1.42298 -20.1891 39.7553 1 1 1
v 3.70901 -2.97861 50.201 1 1 1
v 3.76156 -4.21126 48.5613 1 1 1
v 1.9367 -18.7775 38.3617 1 1 1
v 4.40766 -3.45164 48.2754 1 1 1
v 3.395 -12.1666 41.1188 1 1 1
v 2.61498 -16.0091 41.2117 1 1 1
v 2.46001 -20.2954 38.2674 1 1 1
v 2.43195 -20.0301 38.0566 1 1 1
v 2.10231 -23.6097 39.3956 1 1 1
v 2.82892 -17.7412 37.4829 1 1 1
v 3.54706 -12.6922 39.9927 1 1 1
v 2.81327 -18.7082 37.5259 1 1 1
v 3.44242 -16.5225 37.4703 1 1 1
v 3.71397 -14.9457 38.8184 1 1 1
v 3.50285 -16.7094 37.2564 1 1 1
v 5.80007 -3.07213 52.231 1 1 1
v 3.01514 -20.7247 37.5771 1 1 1
v 4.25878 -12.6233 39.7846 1 1 1
v 3.92527 -14.8699 38.3744 1 1 1
v 1.88003 -32.7861 40.0312 1 1 1
v 3.36397 -20.0603 37.5298 1 1 1
v 6.36202 -0.747731 45.9975 1 1 1
v 3.59464 -18.6946 35.2023 1 1 1
v 4.39695 -14.3087 38.2997 1 1 1
v 4.39695 -14.3087 38.2997 1 1 1
v 4.39263 -13.5972 40.1759 1 1 1
v 6.79551 0.338301 42.9032 1 1 1
v 3.67884 -21.153 37.1459 1 1 1
v 4.31592 -17.1975 37.1599 1 1 1
v 3.25051 -25.4022 37.021 1 1 1
v 3.60832 -23.425 36.6914 1 1 1
v 4.31894 -17.9612 37.754 1 1 1
v 3.91882 -21.9124 36.8537 1 1 1
v 3.80318 -23.7314 35.8141 1 1 1
v 5.68006 -11.195 39.226 1 1 1
v 7.62158 -1.57903 44.5569 1 1 1
v 7.89074 0.589158 43.6864 1 1 1
v 4.25959 -23.5642 36.6703 1 1 1
v 6.32084 -9.04158 39.4133 1 1 1
v 3.97835 -25.7746 35.2426 1 1 1
v 6.46356 -9.13392 39.4574 1 1 1
v 6.54709 -8.79705 40.3334 1 1 1
v 4.50437 -24.1138 36.0315 1 1 1
v 6.70259 -8.92733 39.4769 1 1 1
v 8.61506 0.0277991 45.1658 1 1 1
v 5.325 -19.3841 36.5794 1 1 1
v 7.24593 -7.60153 40.7425 1 1 1
v 8.58894 -0.305719 44.4649 1 1 1
v 8.6614 -0.249199 44.2881 1 1 1
v 7.12414 -8.78252 38.957 1 1 1
v 8.74396 -1.12771 44.7506 1 1 1
v 8.85446 -2.70866 46.4618 1 1 1
v 7.79161 -7.53893 40.0535 1 1 1
v 5.02481 -26.4772 36.5068 1 1 1
v 5.02481 -26.4772 36.5068 1 1 1
v 8.04303 -7.61827 41.4551 1 1 1
v 4.75634 -30.2254 37.6357 1 1 1
v 8.39534 -7.5912 41.2172 1 1 1
v 5.10909 -30.3071 37.4963 1 1 1
v 7.01382 -16.1995 37.6323 1 1 1
v 7.35878 -13.7213 37.5113 1 1 1
v 5.17291 -31.1526 38.0977 1 1 1
v 6.20752 -22.6046 35.8384 1 1 1
v 7.74867 -12.718 37.6638 1 1 1
v 5.29895 -30.7122 36.3872 1 1 1
v 8.95962 -7.1163 40.7819 1 1 1
v 9.73139 -5.01842 44.7315 1 1 1
v 9.875 -5.03235 45.7525 1 1 1
v 9.56473 -6.62886 45.0642 1 1 1
v 5.54157 -31.4341 38.4295 1 1 1
v 5.6922 -27.9963 35.7878 1 1 1
v 9.09201 -7.5337 40.6963 1 1 1
v 10.3255 0.417045 42.0801 1 1 1
v 8.00447 -13.616 37.6743 1 1 1
v 6.10346 -26.4644 35.3907 1 1 1
v 6.01853 -29.0549 36.5936 1 1 1
v 6.16312 -27.0888 35.7309 1 1 1
v 6.33271 -26.1825 35.9678 1 1 1
v 6.24983 -27.7973 36.4143 1 1 1
v 6.21639 -27.4419 35.8029 1 1 1
v 6.31298 -28.0349 36.3285 1 1 1
v 6.21358 -29.0255 36.6155 1 1 1
v 6.15487 -30.2345 37.2564 1 1 1
v 6.17053 -29.714 36.886 1 1 1
v 10.64 -5.54991 45.9762 1 1 1
v 6.0837 -30.9351 37.0295 1 1 1
v 7.30538 -20.6264 36.1045 1 1 1
v 8.74117 -12.3163 38.3656 1 1 1
v 6.29815 -28.7935 35.9696 1 1 1
v 6.46827 -28.9016 36.6542 1 1 1
v 8.17922 -16.9142 37.3992 1 1 1
v -28.4826 0.819114 37.009 1 1 1
v -28.483 0.343788 37.037 1 1 1
v -27.7837 1.11778 36.4078 1 1 1
v -27.2593 -3.58136 34.9963 1 1 1
v -26.873 -4.73657 34.419 1 1 1
v -26.873 -4.73657 34.419 1 1 1
v -28.4936 -7.25676 35.9623 1 1 1
v -25.3405 -5.1776 33.4023 1 1 1
v -21.3521 -1.00601 29.9958 1 1 1
v -25.883 -4.42814 34.9784 1 1 1
v -26.6008 -6.89835 35.7523 1 1 1
v -21.5176 -1.46616 30.8766 1 1 1
v -24.8105 -5.62361 34.8217 1 1 1
v -20.4175 -1.0092 30.548 1 1 1
v -18.8239 -0.41315 28.7301 1 1 1
v -18.9326 -0.140527 28.9536 1 1 1
v -18.2543 0.730703 28.4559 1 1 1
v -18.1824 0.748417 28.3477 1 1 1
v -18.5742 -0.127367 28.7662 1 1 1
v -18.4943 -0.206156 28.9431 1 1 1
v -23.6833 -4.64187 35.2344 1 1 1
v -18.3137 -0.924332 29.1866 1 1 1
v -29.0247 -18.3432 40.2717 1 1 1
v -18.5965 -0.824063 29.7356 1 1 1
v -29.4387 -8.70397 42.9829 1 1 1
v -17.9178 -0.866339 29.1432 1 1 1
v -24.4358 -6.16718 37.026 1 1 1
v -17.9137 -1.07787 29.251 1 1 1
v -28.7854 -10.5435 42.4751 1 1 1
v -20.0444 -2.34818 32.1507 1 1 1
v -22.1761 -4.156 35.0378 1 1 1
v -17.9728 -0.553002 29.9205 1 1 1
v -20.1726 -2.56442 32.6303 1 1 1
v -17.703 0.526632 29.9589 1 1 1
v -20.2018 -3.02958 32.7496 1 1 1
v -20.508 -3.33309 33.2511 1 1 1
v -17.4881 0.0106179 30.272 1 1 1
v -17.4881 0.0106179 30.272 1 1 1
v -17.4805 0.0870555 30.5019 1 1 1
v -19.6327 -2.92539 33.0704 1 1 1
v -17.6801 -1.11669 30.5543 1 1 1
v -17.407 0.274304 30.4958 1 1 1
v -26.7311 -19.6639 39.9521 1 1 1
v -26.7311 -19.6639 39.9521 1 1 1
v -18.9177 -1.91784 32.4865 1 1 1
v -19.7639 -3.07975 33.4844 1 1 1
v -21.8407 -4.8369 36.297 1 1 1
v -18.8484 -2.06714 32.8198 1 1 1
v -21.4951 -4.74179 36.2856 1 1 1
v -21.2203 -4.65751 35.8656 1 1 1
v -21.5245 -4.97851 36.4427 1 1 1
v -18.6981 -2.30913 32.9795 1 1 1
v -18.8311 -2.21498 33.1399 1 1 1
v -17.031 -1.63664 30.7691 1 1 1
v -18.3513 -2.0847 32.6896 1 1 1
v -17.1564 -1.1314 31.1799 1 1 1
v -17.1272 -1.97693 31.1204 1 1 1
v -21.1244 -5.05741 37.1276 1 1 1
v -16.4377 -0.486153 31.1414 1 1 1
v -25.8551 -20.394 41.5933 1 1 1
v -26.0633 -19.8869 42.1683 1 1 1
v -16.9232 -2.12491 32.0487 1 1 1
v -16.9232 -2.12491 32.0487 1 1 1
v -26.3783 -17.0384 43.7235 1 1 1
v -25.5139 -12.5734 44.0829 1 1 1
v -26.5485 -22.3719 43.516 1 1 1
v -18.3532 -3.82725 34.8495 1 1 1
v -25.1559 -23.7958 41.2535 1 1 1
v -21.2053 -5.67191 39.6906 1 1 1
v -26.6647 -21.6796 44.9662 1 1 1
v -19.4216 -4.7884 37.2112 1 1 1
v -19.5155 -5.11584 37.6018 1 1 1
v -24.9885 -20.9796 43.7433 1 1 1
v -17.1979 -4.01849 35.1504 1 1 1
v -31.0075 -6.54363 58.0182 1 1 1
v -19.228 -4.81062 38.708 1 1 1
v -14.9667 -1.34872 34.2464 1 1 1
v -14.2756 -1.27094 33.1579 1 1 1
v -14.2756 -1.27094 33.1579 1 1 1
v -14.3273 -1.70393 34.2981 1 1 1
v -14.3273 -1.70393 34.2981 1 1 1
v -14.2154 -2.02458 33.9986 1 1 1
v -14.1553 -2.04944 33.8994 1 1 1
v -14.0582 -2.51614 33.7428 1 1 1
v -15.7391 -5.80916 36.031 1 1 1
v -12.3239 1.61322 31.779 1 1 1
v -13.8707 -2.15099 34.0927 1 1 1
v -22.9252 -14.0217 48.6731 1 1 1
v -23.005 -13.7322 48.9872 1 1 1
v -13.6468 -2.10965 34.2451 1 1 1
v -13.4994 -3.10323 33.8396 1 1 1
v -13.5447 -2.555 34.3952 1 1 1
v -13.5601 -1.84858 34.6895 1 1 1
v -13.3255 -2.62184 34.4368 1 1 1
v -22.4763 -17.8557 48.3072 1 1 1
v -7.52283 11.0455 27.0557 1 1 1
v -13.7043 -3.5899 35.3273 1 1 1
v -13.4486 -2.17942 35.281 1 1 1
v -21.6117 -27.5344 46.4657 1 1 1
v -7.27064 12.4303 28.6469 1 1 1
v -11.1126 -0.256828 33.0896 1 1 1
v -12.5522 -2.54898 35.6013 1 1 1
v -7.22363 12.806 28.9398 1 1 1
v -7.17776 14.4265 29.6278 1 1 1
v -7.14499 9.59434 28.0542 1 1 1
v -21.4536 -10.4459 53.1728 1 1 1
v -21.9288 -22.0493 50.6059 1 1 1
v -21.2868 -29.5635 47.0092 1 1 1
v -6.71443 9.39737 28.0009 1 1 1
v -20.5899 -25.075 47.9242 1 1 1
v -21.6713 -17.1226 53.1867 1 1 1
v -21.8014 -10.0986 55.8664 1 1 1
v -21.5213 -13.4587 54.2645 1 1 1
v -21.5548 -10.8718 55.3608 1 1 1
v -5.91533 3.91813 24.9793 1 1 1
v -5.58934 2.87273 24.041 1 1 1
v -5.83819 1.25028 24.7216 1 1 1
v -5.88529 1.46063 24.9978 1 1 1
v -5.82245 13.7499 29.3786 1 1 1
v -4.59416 5.62653 24.8544 1 1 1
v -4.82907 14.1956 29.9146 1 1 1
v -4.1569 14.0877 29.0044 1 1 1
v -4.00274 10.2335 27.3521 1 1 1
v -2.64807 4.32203 22.9648 1 1 1
v -3.57541 -3.86903 22.4269 1 1 1
v -5.25355 11.4761 33.7012 1 1 1
v -5.06139 10.9604 33.6466 1 1 1
v -3.34119 -3.52493 22.5485 1 1 1
v -2.36509 4.66277 23.9781 1 1 1
v -1.7899 10.09 26.9771 1 1 1
v -1.78701 10.0858 26.9677 1 1 1
v -1.5278 11.4166 27.0439 1 1 1
v -1.55404 15.0684 29.0319 1 1 1
v -1.6439 10.1256 27.038 1 1 1
v -1.58178 10.1639 27.5876 1 1 1
v -2.27019 1.46533 25.9503 1 1 1
v -0.9196 16.2786 29.4331 1 1 1
v -0.9196 16.2786 29.4331 1 1 1
v -1.09911 2.50773 23.2919 1 1 1
v -12.1496 -23.2612 50.2589 1 1 1
v -0.757779 6.98756 24.948 1 1 1
v -12.7865 -9.55192 59.916 1 1 1
v -12.069 -25.6544 49.1055 1 1 1
v -11.9732 -26.127 48.9324 1 1 1
v -0.426301 5.43086 23.6876 1 1 1
v -11.5819 -24.9996 49.4823 1 1 1
v -0.254014 6.15428 23.8923 1 1 1
v -11.5903 -26.2571 49.0664 1 1 1
v 0.148341 12.7139 26.1592 1 1 1
v -0.893392 -3.30441 21.8989 1 1 1
v -11.0411 -23.6609 49.9036 1 1 1
v -11.0411 -23.6609 49.9036 1 1 1
v -10.9161 -26.0708 48.7032 1 1 1
v -10.9161 -26.0708 48.7032 1 1 1
v -0.568975 -2.07156 21.8896 1 1 1
v -25.2232 -40.1384 99.4657 1 1 1
v -24.9297 -40.9101 98.2297 1 1 1
v -10.3757 -26.5508 48.5277 1 1 1
v 0.355694 4.23754 23.3366 1 1 1
v -24.429 -41.4105 100.12 1 1 1
v -9.75128 -25.8402 48.4827 1 1 1
v -8.76958 -22.55 49.8256 1 1 1
v -8.76958 -22.55 49.8256 1 1 1
v -8.66751 -23.7967 49.1728 1 1 1
v -8.09943 -23.061 49.338 1 1 1
v -7.53527 -22.2831 49.4655 1 1 1
v -7.43512 -23.481 48.7474 1 1 1
v 1.13673 2.52013 23.993 1 1 1
v 1.37243 7.42189 27.7432 1 1 1
v -6.90931 -24.7611 48.529 1 1 1
v 1.03563 -2.33589 23.5613 1 1 1
v -6.43889 -25.2389 47.9915 1 1 1
v 1.33631 -1.92985 22.5584 1 1 1
v 1.51529 0.221885 23.7517 1 1 1
v 1.48857 -0.0640474 23.737 1 1 1
v 1.56221 0.726518 24.1799 1 1 1
v 1.95395 3.46952 24.9008 1 1 1
v 2.65692 13.2235 29.378 1 1 1
v 1.66853 -0.0490239 24.2254 1 1 1
v 1.6621 -0.0141888 24.2281 1 1 1
v 1.71492 0.0409008 24.115 1 1 1
v 1.72392 -2.53087 22.7076 1 1 1
v 1.72392 -2.53087 22.7076 1 1 1
v 2.46019 8.64998 29.4524 1 1 1
v 2.33081 3.25607 25.2622 1 1 1
v 1.69032 -1.65435 25.075 1 1 1
v 1.7377 -1.68542 24.8509 1 1 1
v 2.89669 13.0357 32.0643 1 1 1
v 2.18365 0.171451 24.4014 1 1 1
v 2.44604 2.48098 25.1755 1 1 1
v 2.30233 0.866239 24.655 1 1 1
v 1.97702 -2.90154 24.0369 1 1 1
v 2.81845 6.96067 28.7022 1 1 1
v 2.63661 3.03306 25.8729 1 1 1
v 4.47993 16.6688 27.2458 1 1 1
v 2.40691 -2.86567 23.6748 1 1 1
v 4.58289 14.5053 29.2401 1 1 1
v 4.46274 14.1602 30.4201 1 1 1
v -0.764098 -6.90405 54.4904 1 1 1
v 3.31388 7.96444 36.4531 1 1 1
v 3.31388 7.96444 36.4531 1 1 1
v -0.38073 -6.69141 52.9196 1 1 1
v -2.06129 -22.7056 48.2935 1 1 1
v -1.82744 -23.1123 47.1579 1 1 1
v -1.96187 -24.3789 47.0863 1 1 1
v -1.86101 -23.1476 47.8677 1 1 1
v -1.75346 -22.8682 47.8278 1 1 1
v -1.53189 -25.1512 46.3647 1 1 1
v 1.39648 -5.75882 50.1756 1 1 1
v 0.596655 -13.8474 46.5004 1 1 1
v 1.56801 -13.2051 40.1422 1 1 1
v 1.56801 -13.2051 40.1422 1 1 1
v 2.0183 -12.5343 39.9119 1 1 1
v 5.98973 11.3412 33.1699 1 1 1
v 1.57334 -15.3856 41.9279 1 1 1
v 3.29569 -3.8135 48.2406 1 1 1
v 1.32402 -20.3118 40.2939 1 1 1
v 1.32402 -20.3118 40.2939 1 1 1
v 2.45688 -12.4627 40.8316 1 1 1
v 2.22311 -14.0713 40.4758 1 1 1
v 1.69085 -22.4529 38.8788 1 1 1
v 1.42979 -24.1701 39.4233 1 1 1
v 3.22239 -12.3751 40.1443 1 1 1
v 1.92535 -22.1955 38.7489 1 1 1
v 3.35855 -12.3305 39.889 1 1 1
v 4.72088 -1.97666 46.7083 1 1 1
v 3.06263 -15.2063 39.9687 1 1 1
v 2.95414 -16.5494 38.4231 1 1 1
v 2.94637 -16.3137 39.9761 1 1 1
v 2.83573 -17.7008 38.2165 1 1 1
v 3.0532 -16.4607 39.4889 1 1 1
v 2.38052 -21.2218 38.9889 1 1 1
v 3.64224 -12.4878 40.4178 1 1 1
v 2.35824 -22.1294 38.756 1 1 1
v 2.39345 -22.08 38.5292 1 1 1
v 3.25992 -15.0054 40.7862 1 1 1
v 3.42467 -15.1862 39.5376 1 1 1
v 2.55466 -21.6257 37.9814 1 1 1
v 6.05429 1.46448 43.2588 1 1 1
v 2.88949 -20.8882 37.2218 1 1 1
v 3.75575 -15.2875 38.3574 1 1 1
v 3.79804 -15.1858 37.9112 1 1 1
v 4.37852 -11.7114 39.2151 1 1 1
v 6.09247 -0.191734 44.4289 1 1 1
v 6.16288 -0.482149 43.4166 1 1 1
v 4.166 -14.2169 39.2888 1 1 1
v 4.66598 -11.9276 41.2876 1 1 1
v 3.5877 -19.5448 38.2765 1 1 1
v 4.82112 -12.0987 40.914 1 1 1
v 4.82112 -12.0987 40.914 1 1 1
v 4.83812 -11.9059 40.5079 1 1 1
v 3.20232 -23.5465 38.2462 1 1 1
v 6.78423 0.366583 43.0077 1 1 1
v 4.7262 -13.4203 39.3755 1 1 1
v 3.96921 -18.8906 37.7065 1 1 1
v 3.96921 -18.8906 37.7065 1 1 1
v 6.73866 -1.28635 45.2734 1 1 1
v 3.84272 -20.2377 38.3848 1 1 1
v 3.66069 -23.304 37.0512 1 1 1
v 5.46455 -11.2296 40.1064 1 1 1
v 3.51587 -25.0966 36.6311 1 1 1
v 3.78059 -23.2 37.6521 1 1 1
v 3.5033 -25.8831 36.7328 1 1 1
v 5.41622 -13.1512 39.5711 1 1 1
v 6.19612 -8.13227 41.0825 1 1 1
v 3.81535 -23.7813 37.986 1 1 1
v 7.72006 1.16512 44.7055 1 1 1
v 4.62869 -19.9995 37.3208 1 1 1
v 3.93088 -24.6255 37.7121 1 1 1
v 4.68193 -20.3469 37.2662 1 1 1
v 4.68193 -20.3469 37.2662 1 1 1
v 8.22436 0.0107542 43.6445 1 1 1
v 8.2948 -1.79592 48.4031 1 1 1
v 6.96838 -7.85168 39.6005 1 1 1
v 4.49212 -25.9875 37.3568 1 1 1
v 8.10065 -5.13998 45.8657 1 1 1
v 7.64822 -8.00928 40.0493 1 1 1
v 8.90137 -3.45375 46.4326 1 1 1
v 9.03189 -3.68186 45.6625 1 1 1
v 9.13376 -3.20565 43.2851 1 1 1
v 5.34068 -26.2807 36.838 1 1 1
v 5.34068 -26.2807 36.838 1 1 1
v 5.32158 -27.059 36.6639 1 1 1
v 5.42291 -26.4998 36.6945 1 1 1
v 5.42291 -26.4998 36.6945 1 1 1
v 8.96861 -6.44455 44.9764 1 1 1
v 5.83976 -24.128 36.648 1 1 1
v 8.74948 -6.9321 41.5088 1 1 1
v 9.61582 -4.26706 46.2033 1 1 1
v 5.0822 -31.4687 38.4319 1 1 1
v 5.1712 -31.2007 38.1316 1 1 1
v 9.74892 -3.38829 44.9436 1 1 1
v 5.32217 -30.283 38.3395 1 1 1
v 5.13568 -31.6359 38.3914 1 1 1
v 9.62478 -5.50999 45.8384 1 1 1
v 8.97887 -7.079 41.1264 1 1 1
v 5.4595 -29.541 37.6029 1 1 1
v 9.96387 -4.1667 47.2028 1 1 1
v 5.34978 -30.6937 38.126 1 1 1
v 10.3876 0.244987 44.2898 1 1 1
v 5.51601 -29.7347 37.1898 1 1 1
v 5.99026 -25.9811 36.4136 1 1 1
v 8.60001 -9.83776 39.878 1 1 1
v 6.42321 -23.3662 36.8433 1 1 1
v 6.42321 -23.3662 36.8433 1 1 1
v 7.47275 -16.8862 38.1887 1 1 1
v 9.10744 -7.57765 40.9084 1 1 1
v 9.11707 -7.2361 40.3215 1 1 1
v 8.03882 -13.6664 38.3335 1 1 1
v 5.52558 -30.5758 37.2613 1 1 1
v 6.46746 -24.0902 36.7305 1 1 1
v 6.46746 -24.0902 36.7305 1 1 1
v 10.0846 -5.64672 45.8492 1 1 1
v 7.72996 -16.8189 38.0309 1 1 1
v 8.04183 -15.1271 38.3964 1 1 1
v 6.31313 -27.3319 37.3295 1 1 1
v 7.81592 -17.3493 37.9446 1 1 1
v 8.04806 -16.5908 37.9089 1 1 1
v 7.39226 -21.02 37.0129 1 1 1
v 7.39226 -21.02 37.0129 1 1 1
v 6.12716 -30.3429 37.0654 1 1 1
v 6.30519 -29.2377 36.8716 1 1 1
v 10.5931 -6.9053 46.1843 1 1 1
v 8.66766 -14.3813 38.5391 1 1 1
v 6.39418 -29.1715 36.8837 1 1 1
v 8.13906 -17.6333 37.3627 1 1 1
v 8.17719 -18.1123 38.2069 1 1 1
v 6.45579 -29.4987 36.7365 1 1 1
v 6.61482 -28.6194 36.9161 1 1 1
v 8.31481 -17.6949 37.8282 1 1 1
v -21.2764 -0.103183 29.226 1 1 1
v -19.4365 0.930397 27.7442 1 1 1
v -20.3499 -0.275669 28.5247 1 1 1
v -21.4957 -0.992144 29.7014 1 1 1
v -21.4957 -0.992144 29.7014 1 1 1
v -19.2582 0.745268 27.7671 1 1 1
v -21.4096 -0.641782 29.9167 1 1 1
v -21.2392 -0.963082 29.8742 1 1 1
v -20.3357 -0.379299 29.0008 1 1 1
v -20.2964 -0.254424 29.0358 1 1 1
v -12.3136 -19.3697 16.4668 1 1 1
v -12.3136 -19.3697 16.4668 1 1 1
v -12.2741 -19.3539 16.5542 1 1 1
v -12.2741 -19.3539 16.5542 1 1 1
v -19.1007 -0.240546 28.4795 1 1 1
v -20.1676 -0.915582 29.6611 1 1 1
v -30.605 -8.67501 39.921 1 1 1
v -25.7301 -5.85799 35.0094 1 1 1
v -26.1637 -6.88907 35.6771 1 1 1
v -19.0217 -0.249492 28.9303 1 1 1
v -18.717 -0.0765448 28.6718 1 1 1
v -26.1663 -6.42191 36.3819 1 1 1
v -18.6423 -0.342089 29.0766 1 1 1
v -22.4714 -4.17718 33.0698 1 1 1
v -22.9387 -3.96664 34.3798 1 1 1
v -22.3236 -3.72947 34.0062 1 1 1
v -23.1603 -4.48142 35.4633 1 1 1
v -20.5996 -2.77228 32.8592 1 1 1
v -22.7902 -3.92588 35.2642 1 1 1
v -23.3318 -4.84938 35.9984 1 1 1
v -23.3318 -4.84938 35.9984 1 1 1
v -17.7381 0.0578905 30.1005 1 1 1
v -28.6678 -11.2289 41.3421 1 1 1
v -19.674 -2.36234 32.3461 1 1 1
v -28.4864 -13.6433 40.9429 1 1 1
v -17.6746 -0.0657465 30.3225 1 1 1
v -28.0459 -10.7185 41.156 1 1 1
v -17.4081 -1.18515 29.9403 1 1 1
v -19.9986 -3.15918 32.8779 1 1 1
v -22.0692 -4.32418 35.2917 1 1 1
v -22.55 -4.14148 35.7642 1 1 1
v -19.7021 -2.13502 32.7496 1 1 1
v -18.4822 -1.62672 31.4104 1 1 1
v -23.1964 -5.7504 36.7443 1 1 1
v -26.4941 -10.6798 40.0862 1 1 1
v -17.5552 -0.923361 30.7969 1 1 1
v -17.6051 -0.741524 31.0544 1 1 1
v -22.5039 -4.62037 36.6558 1 1 1
v -17.164 -0.0463626 30.9352 1 1 1
v -18.8472 -2.48418 32.8766 1 1 1
v -18.8472 -2.48418 32.8766 1 1 1
v -18.16 -1.90507 32.1486 1 1 1
v -20.8077 -4.23404 35.1491 1 1 1
v -17.1281 0.412805 31.2951 1 1 1
v -16.9685 -0.238628 31.0065 1 1 1
v -18.891 -2.29878 33.2295 1 1 1
v -18.867 -2.922 33.6753 1 1 1
v -27.2765 -21.1017 41.2355 1 1 1
v -19.0246 -3.77703 34.4054 1 1 1
v -20.263 -4.65997 35.9999 1 1 1
v -16.9264 -2.2182 32.3916 1 1 1
v -25.2533 -22.9276 39.5122 1 1 1
v -19.0199 -4.33932 36.1908 1 1 1
v -25.7544 -21.3692 42.3413 1 1 1
v -25.6704 -13.0072 44.8478 1 1 1
v -8.66137 14.0286 26.8747 1 1 1
v -26.1222 -11.6209 46.4739 1 1 1
v -18.3023 -3.68364 36.8911 1 1 1
v -26.8578 -11.9172 47.7185 1 1 1
v -10.5663 -0.171192 26.8361 1 1 1
v -25.8602 -13.9354 47.0794 1 1 1
v -14.93 -2.78882 33.2199 1 1 1
v -23.0656 -5.95354 45.4689 1 1 1
v -8.23748 10.9683 27.3918 1 1 1
v -8.16129 15.1756 28.7865 1 1 1
v -8.12519 15.115 28.7213 1 1 1
v -25.8026 -14.8487 49.2247 1 1 1
v -14.0062 -1.87366 34.0756 1 1 1
v -14.8576 -5.55786 34.4959 1 1 1
v -23.6116 -15.174 46.9982 1 1 1
v -12.2021 0.621741 32.5657 1 1 1
v -13.3649 -1.96887 34.0992 1 1 1
v -13.3273 -2.00228 34.0484 1 1 1
v -13.5099 -2.47557 34.3197 1 1 1
v -13.4723 -2.23911 34.7859 1 1 1
v -11.4323 8.61442 34.9698 1 1 1
v -22.6892 -13.5886 48.4692 1 1 1
v -13.0037 -2.54192 34.8916 1 1 1
v -13.5477 -3.64977 35.6892 1 1 1
v -6.42238 4.44711 25.5704 1 1 1
v -21.81 -6.17271 50.6019 1 1 1
v -5.53448 2.90457 23.908 1 1 1
v -12.8666 -2.55252 35.7473 1 1 1
v -5.34609 3.39274 23.9747 1 1 1
v -5.1495 5.66053 24.9142 1 1 1
v -5.85624 9.17846 28.2081 1 1 1
v -5.72514 -1.98298 24.2006 1 1 1
v -4.05563 5.7124 23.6781 1 1 1
v -4.91759 6.16017 25.5483 1 1 1
v -4.91759 6.16017 25.5483 1 1 1
v -21.6596 -27.7878 47.8985 1 1 1
v -4.14168 5.05654 24.242 1 1 1
v -4.52318 6.14042 25.3584 1 1 1
v -21.5793 -21.1421 50.4594 1 1 1
v -21.5793 -21.1421 50.4594 1 1 1
v -21.3174 -10.0634 53.9243 1 1 1
v -4.46951 6.06476 25.5757 1 1 1
v -3.82709 4.62907 23.8842 1 1 1
v -20.5345 -14.0754 51.904 1 1 1
v -20.9609 -10.2848 54.1778 1 1 1
v -20.6499 -12.4237 52.9673 1 1 1
v -20.4886 -29.1226 46.8973 1 1 1
v -20.7042 -14.6044 52.8189 1 1 1
v -4.05495 10.1272 27.2036 1 1 1
v -3.92025 5.14263 25.0786 1 1 1
v -3.89497 8.54582 26.4611 1 1 1
v -3.87669 10.0944 27.015 1 1 1
v -3.96315 8.86408 27.0804 1 1 1
v -3.93412 9.85409 27.5222 1 1 1
v -3.33345 2.58427 23.5482 1 1 1
v -4.31988 -4.56454 23.6585 1 1 1
v -3.61614 -3.07773 22.8634 1 1 1
v -3.37668 -3.33395 22.6087 1 1 1
v -3.18635 -3.71844 22.1852 1 1 1
v -3.34685 -3.21036 22.6616 1 1 1
v -3.57672 -2.56253 23.596 1 1 1
v -3.63143 -4.62364 23.0314 1 1 1
v -3.31557 -4.73712 22.439 1 1 1
v -2.50122 -4.69876 20.8013 1 1 1
v -1.74206 9.55282 25.5533 1 1 1
v -18.9396 -12.634 58.2967 1 1 1
v -3.10092 -4.4768 23.1676 1 1 1
v -1.43871 5.31924 23.877 1 1 1
v -1.5331 8.81446 25.9176 1 1 1
v -1.12422 14.9894 27.631 1 1 1
v -1.83928 11.9125 28.0899 1 1 1
v -1.38383 9.27335 26.0504 1 1 1
v -1.44357 2.65079 23.8931 1 1 1
v -14.7368 -10.0172 53.8361 1 1 1
v 0.108311 17.1593 26.8414 1 1 1
v 0.108311 17.1593 26.8414 1 1 1
v -0.733149 6.27502 24.1417 1 1 1
v -15.5966 -17.8643 52.8523 1 1 1
v -1.33037 -2.8434 22.2264 1 1 1
v -16.0049 -9.97394 59.6762 1 1 1
v -1.12627 -4.15795 21.5179 1 1 1
v -0.0839047 5.38423 23.6776 1 1 1
v 0.181094 3.94217 23.7841 1 1 1
v 0.210343 3.89008 23.6707 1 1 1
v -0.599546 -3.1966 22.9654 1 1 1
v 0.399552 5.71426 24.8521 1 1 1
v 0.460296 5.63442 24.6049 1 1 1
v -12.8196 -8.9177 59.8561 1 1 1
v 1.30128 10.8795 26.0319 1 1 1
v -11.6608 -23.7713 50.1043 1 1 1
v -11.5709 -24.9322 49.4344 1 1 1
v 1.4158 12.4567 27.2752 1 1 1
v -11.2135 -23.0972 50.552 1 1 1
v 0.732256 1.69891 24.1796 1 1 1
v -11.0093 -24.2033 49.5952 1 1 1
v -10.9419 -26.6617 48.4848 1 1 1
v 0.887442 1.82702 24.1986 1 1 1
v 0.271404 -3.84864 22.9761 1 1 1
v -10.4966 -22.942 50.0206 1 1 1
v -10.6133 -23.6272 50.1922 1 1 1
v 1.26715 5.2828 25.3869 1 1 1
v -10.4127 -24.6993 49.2333 1 1 1
v 1.38815 2.57901 23.9132 1 1 1
v 0.501801 -3.57797 23.2988 1 1 1
v 1.21181 -1.82733 23.0411 1 1 1
v -9.32397 -24.5486 49.2425 1 1 1
v -9.351 -26.3986 48.6857 1 1 1
v -9.351 -26.3986 48.6857 1 1 1
v 1.59177 1.9579 24.6441 1 1 1
v -8.73717 -23.1309 49.5264 1 1 1
v -1.89436 -15.4236 28.4873 1 1 1
v 1.1523 -2.36364 25.073 1 1 1
v 2.13755 3.48056 25.3792 1 1 1
v 1.26642 -1.22731 25.9405 1 1 1
v 1.80926 -0.0254114 24.3333 1 1 1
v 2.04592 3.88565 26.2434 1 1 1
v 2.54668 12.7084 30.5208 1 1 1
v 2.54668 12.7084 30.5208 1 1 1
v -1.99209 -17.3975 28.183 1 1 1
v -1.99209 -17.3975 28.183 1 1 1
v -8.53075 -31.4555 46.738 1 1 1
v -8.53075 -31.4555 46.738 1 1 1
v 2.02905 0.4206 24.5935 1 1 1
v 3.02822 -10.1026 12.5077 1 1 1
v 3.02822 -10.1026 12.5077 1 1 1
v 2.39145 8.48103 29.5353 1 1 1
v 2.37464 7.80847 29.1476 1 1 1
v 2.24073 0.718564 24.7003 1 1 1
v 1.92072 -0.0755539 25.5576 1 1 1
v 2.0845 0.0707779 25.3168 1 1 1
v -6.96405 -23.4113 49.0156 1 1 1
v 2.67773 8.60772 29.4339 1 1 1
v 2.95123 8.49923 28.7787 1 1 1
v 2.52273 0.462457 24.4492 1 1 1
v 2.42569 -2.71361 23.9229 1 1 1
v 3.33727 12.3944 32.3221 1 1 1
v 4.1053 13.7062 29.6192 1 1 1
v 3.48958 11.9458 31.3096 1 1 1
v -3.06064 -6.9848 55.4069 1 1 1
v -4.83865 -24.9975 49.5226 1 1 1
v 4.4664 11.1791 32.2651 1 1 1
v -1.61195 -6.71147 52.361 1 1 1
v 4.61823 11.2686 32.4029 1 1 1
v -2.42354 -22.4604 48.01 1 1 1
v -2.2139 -23.6275 46.3167 1 1 1
v 0.00431342 -6.71775 51.5411 1 1 1
v -2.20258 -22.7874 49.5454 1 1 1
v -2.04397 -23.3005 48.4945 1 1 1
v -1.93522 -24.1925 47.2896 1 1 1
v -1.85769 -24.1972 47.9481 1 1 1
v 2.94921 1.27361 43.2561 1 1 1
v 0.820714 -13.4915 42.1492 1 1 1
v 1.35508 -13.1438 41.1777 1 1 1
v 0.514994 -16.1542 43.0908 1 1 1
v 1.55166 -13.0057 41.3092 1 1 1
v 2.07129 -11.3372 42.0435 1 1 1
v 1.51728 -15.7227 40.329 1 1 1
v 2.17338 -11.1592 41.9727 1 1 1
v 4.19023 1.04549 43.0332 1 1 1
v 1.93152 -14.4089 40.5633 1 1 1
v 2.15086 -13.9637 40.353 1 1 1
v 1.11902 -20.1786 40.8503 1 1 1
v 1.0071 -20.1859 41.1784 1 1 1
v 1.27324 -20.0045 41.1938 1 1 1
v 2.40436 -12.7767 41.5008 1 1 1
v 2.11426 -14.6162 42.0827 1 1 1
v 5.13464 1.86589 42.6617 1 1 1
v 1.47907 -20.9511 41.1602 1 1 1
v 1.47907 -20.9511 41.1602 1 1 1
v 2.42448 -15.7287 40.8345 1 1 1
v 3.03045 -12.6153 40.6644 1 1 1
v 5.14871 0.940595 42.7049 1 1 1
v 3.15264 -12.3268 40.5404 1 1 1
v 1.89546 -21.6262 39.1979 1 1 1
v 2.18934 -20.874 39.0472 1 1 1
v 1.88771 -22.8084 39.6454 1 1 1
v 2.51386 -20.1878 38.391 1 1 1
v 3.11666 -16.0782 39.8849 1 1 1
v 3.15706 -15.8151 40.0421 1 1 1
v 2.93438 -16.5612 40.185 1 1 1
v 3.77113 -12.2859 40.9633 1 1 1
v 3.39792 -14.9086 39.9078 1 1 1
v 2.80167 -19.4489 37.8059 1 1 1
v 2.89257 -18.5961 38.3403 1 1 1
v 3.20024 -16.3923 39.4604 1 1 1
v 3.22137 -15.6321 40.3937 1 1 1
v 2.47642 -21.3558 38.7688 1 1 1
v 3.30864 -16.0226 39.546 1 1 1
v 2.52989 -21.087 38.902 1 1 1
v 3.80006 -12.7067 40.4186 1 1 1
v 3.85536 -12.6674 40.0038 1 1 1
v 6.0897 1.3002 42.0038 1 1 1
v 3.23291 -16.6535 39.7317 1 1 1
v 3.4493 -15.1973 40.2015 1 1 1
v 3.50592 -15.1552 39.8479 1 1 1
v 3.01992 -18.7024 38.5541 1 1 1
v 2.93663 -18.7187 39.0835 1 1 1
v 3.36437 -16.8869 38.5801 1 1 1
v 8.33725 11.1723 31.1749 1 1 1
v 2.4058 -21.6026 39.6854 1 1 1
v 2.60104 -22.1977 38.8191 1 1 1
v 2.60104 -22.1977 38.8191 1 1 1
v 2.74285 -19.8835 40.9032 1 1 1
v 3.10511 -20.4899 37.8007 1 1 1
v 2.93798 -21.6469 38.2824 1 1 1
v 2.87905 -21.7386 38.6172 1 1 1
v 6.07509 -1.09562 45.3998 1 1 1
v 3.19415 -20.5017 38.7563 1 1 1
v 3.37303 -19.8482 38.8468 1 1 1
v 3.37303 -19.8482 38.8468 1 1 1
v 2.98579 -20.259 40.4204 1 1 1
v 2.54051 -24.5249 39.7791 1 1 1
v 2.32073 -25.5813 39.5147 1 1 1
v 6.3546 -0.887467 44.7617 1 1 1
v 6.81493 0.657643 44.183 1 1 1
v 6.81493 0.657643 44.183 1 1 1
v 6.98884 0.209627 39.7502 1 1 1
v 6.98884 0.209627 39.7502 1 1 1
v 3.95252 -19.3376 37.7215 1 1 1
v 7.10998 -0.784531 36.2277 1 1 1
v 4.03937 -19.1689 38.5538 1 1 1
v 3.09943 -24.6569 39.4172 1 1 1
v 5.5952 -9.98841 40.1792 1 1 1
v 7.41039 1.09117 42.1159 1 1 1
v 4.02221 -19.8303 38.7959 1 1 1
v 3.02148 -26.1008 39.3132 1 1 1
v 5.26107 -12.4983 39.7438 1 1 1
v 3.48086 -23.5521 38.8024 1 1 1
v 7.43348 0.648525 42.5421 1 1 1
v 7.43348 0.648525 42.5421 1 1 1
v 5.48141 -11.8956 39.9447 1 1 1
v 7.60645 1.27083 41.8425 1 1 1
v 3.07054 -26.5498 38.1488 1 1 1
v 4.20133 -20.2623 38.0699 1 1 1
v 3.01182 -26.3711 38.7539 1 1 1
v 4.65175 -17.8028 38.139 1 1 1
v 3.60048 -23.9408 38.9642 1 1 1
v 3.63983 -23.9679 38.9117 1 1 1
v 6.16431 -8.92046 40.9198 1 1 1
v 7.83042 1.03481 41.8104 1 1 1
v 6.36154 -8.64701 40.1925 1 1 1
v 4.0073 -23.5621 38.1964 1 1 1
v 3.52511 -26.4853 37.9214 1 1 1
v 8.10254 1.50124 41.3489 1 1 1
v 6.44155 -8.74772 40.1375 1 1 1
v 7.94716 0.144448 42.9784 1 1 1
v 6.4315 -9.11018 39.7899 1 1 1
v 3.70614 -26.1234 37.9457 1 1 1
v 6.65484 -8.1782 39.5478 1 1 1
v 7.91474 -0.720748 43.9381 1 1 1
v 7.92029 -0.761467 43.8012 1 1 1
v 3.62239 -27.4543 38.905 1 1 1
v 5.12896 -17.9748 38.6047 1 1 1
v 4.89476 -19.8309 37.9135 1 1 1
v 8.26441 0.611556 42.7518 1 1 1
v 3.63079 -26.7603 39.0348 1 1 1
v 6.96782 -7.59296 39.7589 1 1 1
v 6.53657 -9.64193 40.928 1 1 1
v 4.1636 -24.3855 38.9825 1 1 1
v 8.35147 0.144165 42.9016 1 1 1
v 8.32763 -0.192934 43.068 1 1 1
v 4.0748 -26.4444 37.5422 1 1 1
v 6.98201 -7.90989 40.8142 1 1 1
v 7.09517 -8.33187 39.1607 1 1 1
v 8.48149 -0.0891806 43.4691 1 1 1
v 7.2887 -7.57572 41.1151 1 1 1
v 8.51989 -0.419015 42.9964 1 1 1
v 5.23953 -20.3607 38.4751 1 1 1
v 8.16302 -3.4379 45.3053 1 1 1
v 4.42976 -25.7215 38.5545 1 1 1
v 8.31861 -2.91175 45.6955 1 1 1
v 8.80283 0.172479 43.4311 1 1 1
v 8.80346 0.324037 43.39 1 1 1
v 8.71545 -0.599368 43.3594 1 1 1
v 4.25859 -26.9717 38.821 1 1 1
v 5.35157 -20.3329 39.2987 1 1 1
v 4.57655 -26.2816 36.6011 1 1 1
v 7.60057 -7.87973 40.1858 1 1 1
v 4.51072 -26.9113 38.9364 1 1 1
v 5.56385 -20.6208 39.1397 1 1 1
v 10.2299 7.34721 34.3321 1 1 1
v 9.15221 -1.67409 44.2716 1 1 1
v 8.17516 -7.84153 41.8338 1 1 1
v 7.54155 -11.2768 38.7474 1 1 1
v 7.96345 -9.07009 40.778 1 1 1
v 9.01867 -3.64844 44.8626 1 1 1
v 5.48496 -24.5761 38.1932 1 1 1
v 6.17066 -20.3748 37.9345 1 1 1
v 7.77232 -10.8325 40.4849 1 1 1
v 4.64427 -30.7731 38.9282 1 1 1
v 8.41903 -8.25335 41.1738 1 1 1
v 4.46375 -33.206 38.6544 1 1 1
v 4.54515 -32.9853 38.5767 1 1 1
v 7.73694 -12.9571 40.0227 1 1 1
v 8.78895 -7.14987 41.015 1 1 1
v 7.39183 -15.4231 38.9878 1 1 1
v 8.76853 -7.46681 40.8174 1 1 1
v 8.77794 -7.63655 40.7277 1 1 1
v 8.97066 -7.00496 40.4733 1 1 1
v 6.01939 -24.8138 38.5347 1 1 1
v 7.40474 -16.28 38.0442 1 1 1
v 4.98623 -32.0922 39.4347 1 1 1
v 5.12307 -31.3237 39.0868 1 1 1
v 7.31519 -17.6654 38.7604 1 1 1
v 5.36223 -30.193 38.8384 1 1 1
v 6.07152 -25.5639 38.2137 1 1 1
v 5.30187 -30.7338 38.6961 1 1 1
v 5.79347 -28.2745 37.2365 1 1 1
v 5.49951 -30.3646 38.8097 1 1 1
v 6.81384 -21.9843 37.9758 1 1 1
v 9.40692 -7.31551 41.3296 1 1 1
v 6.77417 -23.0136 38.3523 1 1 1
v 5.69335 -30.1668 38.8308 1 1 1
v 10.1143 -5.67297 46.7643 1 1 1
v 9.3136 -8.90245 41.0201 1 1 1
v 6.10776 -23.5671 24.3932 1 1 1
v 6.26226 -23.7332 24.3763 1 1 1
v 6.26226 -23.7332 24.3763 1 1 1
v -16.7108 -0.686641 24.3217 1 1 1
v -21.7149 17.3152 33.5385 1 1 1
v -18.0076 2.66347 26.3923 1 1 1
v -17.0087 -0.96705 24.5964 1 1 1
v -17.0987 -0.385693 24.824 1 1 1
v -25.5062 -4.65841 32.4902 1 1 1
v -31.4936 -7.87351 38.0883 1 1 1
v -25.963 -4.83193 33.6176 1 1 1
v -30.6306 -7.87439 37.8517 1 1 1
v -19.1261 0.916476 28.0726 1 1 1
v -25.9377 -5.03061 33.9324 1 1 1
v -19.2223 0.896533 28.4077 1 1 1
v -30.0731 -7.6429 37.7524 1 1 1
v -17.3234 -4.11929 25.4712 1 1 1
v -20.7883 -0.484961 30.2875 1 1 1
v -32.2901 -9.95828 40.2751 1 1 1
v -25.7077 -5.39719 34.7503 1 1 1
v -19.1792 -0.176409 29.0796 1 1 1
v -19.2773 -0.0516569 29.1348 1 1 1
v -19.0604 0.115041 29.0002 1 1 1
v -26.5214 -6.70819 35.5893 1 1 1
v -19.0089 -0.376909 29.2233 1 1 1
v -18.8114 0.0868735 29.2148 1 1 1
v -26.4526 -6.82504 35.8801 1 1 1
v -19.5091 -0.408087 29.9443 1 1 1
v -18.7612 -0.178694 29.3243 1 1 1
v -30.6837 -18.8963 37.7783 1 1 1
v -30.6837 -18.8963 37.7783 1 1 1
v -19.0229 -0.433856 29.659 1 1 1
v -25.5795 -5.55163 35.6033 1 1 1
v -25.2736 -5.37807 35.4175 1 1 1
v -18.6003 -0.33317 29.4696 1 1 1
v -18.8059 -0.793688 29.8698 1 1 1
v -18.5227 -0.52682 29.5884 1 1 1
v -24.0025 -4.27908 34.9461 1 1 1
v -18.3988 -0.686131 29.6134 1 1 1
v -25.5698 -5.5787 36.4479 1 1 1
v -18.5788 -0.639661 30.0054 1 1 1
v -18.1589 -0.853363 29.5636 1 1 1
v -24.3458 -4.21244 35.6809 1 1 1
v -23.4227 -3.76484 34.946 1 1 1
v -17.801 0.530349 29.6657 1 1 1
v -18.2668 0.828421 30.5019 1 1 1
v -17.9502 0.145326 30.0403 1 1 1
v -18.0496 0.225429 30.254 1 1 1
v -19.1131 -16.0913 27.3469 1 1 1
v -17.5684 -1.22054 29.4334 1 1 1
v -24.6745 -5.68068 36.6311 1 1 1
v -18.041 0.522614 30.5765 1 1 1
v -23.6156 -5.81206 35.4585 1 1 1
v -24.7356 -6.30698 36.9004 1 1 1
v -17.9867 -1.15036 30.37 1 1 1
v -21.5834 -3.15263 34.3915 1 1 1
v -23.0949 -4.58127 35.86 1 1 1
v -20.3183 -2.555 33.1452 1 1 1
v -20.2306 -2.23972 33.2132 1 1 1
v -20.2248 -2.63512 33.1056 1 1 1
v -23.2409 -4.62009 36.2823 1 1 1
v -22.948 -7.29364 35.2363 1 1 1
v -18.4398 0.457979 31.9413 1 1 1
v -17.7343 -0.819387 30.792 1 1 1
v -17.7723 -0.843249 30.8531 1 1 1
v -19.9601 -2.47908 33.0807 1 1 1
v -18.0656 -1.14651 31.1917 1 1 1
v -17.6537 -1.31044 30.6899 1 1 1
v -24.7419 -5.95424 38.3532 1 1 1
v -17.7714 -0.839678 31.157 1 1 1
v -19.7028 -2.73759 33.2716 1 1 1
v -17.6441 0.112171 31.3996 1 1 1
v -20.2184 -3.21914 33.8334 1 1 1
v -19.5593 -2.60553 33.2031 1 1 1
v -19.5593 -2.60553 33.2031 1 1 1
v -19.5399 -2.19151 33.3282 1 1 1
v -17.5193 0.016917 31.3772 1 1 1
v -21.8148 -4.40643 35.6115 1 1 1
v -19.5503 -2.55597 33.5803 1 1 1
v -19.5503 -2.55597 33.5803 1 1 1
v -21.1603 -1.33477 35.9542 1 1 1
v -21.7912 -4.4537 35.8921 1 1 1
v -19.117 -3.15128 33.0854 1 1 1
v -19.2619 -2.13538 33.6324 1 1 1
v -19.3298 -2.68912 33.6698 1 1 1
v -21.7771 -4.99057 36.4014 1 1 1
v -17.7117 -1.82595 32.1603 1 1 1
v -21.4968 -4.88171 36.1914 1 1 1
v -16.8602 -0.257029 31.6437 1 1 1
v -16.879 -0.203321 31.6361 1 1 1
v -21.5404 -4.72568 36.3978 1 1 1
v -21.5078 -4.98981 36.7033 1 1 1
v -18.0895 -2.15017 33.0589 1 1 1
v -20.6454 -4.78589 35.8414 1 1 1
v -18.6175 -3.14221 33.7034 1 1 1
v -20.7631 -4.67494 36.1327 1 1 1
v -21.5184 -5.15117 37.1972 1 1 1
v -22.8971 -5.32275 39.2241 1 1 1
v -21.0186 -4.93584 37.0895 1 1 1
v -18.3056 -5.12815 33.5143 1 1 1
v -18.2887 -3.3087 34.0227 1 1 1
v -20.4905 -4.6213 36.7844 1 1 1
v -20.4905 -4.6213 36.7844 1 1 1
v -19.6698 -4.88163 35.8701 1 1 1
v -20.8922 -5.1806 37.4699 1 1 1
v -20.8922 -5.1806 37.4699 1 1 1
v -19.7128 -4.50882 36.4652 1 1 1
v -20.212 -4.85724 37.0574 1 1 1
v -20.0224 -4.88966 36.8243 1 1 1
v -19.2122 -4.61213 36.2251 1 1 1
v -26.3521 -22.9329 40.6724 1 1 1
v -26.3723 -23.4984 40.8463 1 1 1
v -26.7131 -23.6976 41.2666 1 1 1
v -19.9175 -4.81788 37.8329 1 1 1
v -24.0793 -22.0062 38.6981 1 1 1
v -17.794 -3.99295 35.7468 1 1 1
v -17.2264 -3.76751 35.2671 1 1 1
v -15.3815 -2.31871 33.1417 1 1 1
v -8.33149 15.5417 28.7591 1 1 1
v -17.7758 -4.18696 36.1943 1 1 1
v -8.46578 15.2072 28.9942 1 1 1
v -14.8419 -2.45683 32.7293 1 1 1
v -18.1728 -4.3675 36.9973 1 1 1
v -19.1353 -4.50756 38.326 1 1 1
v -19.4176 -4.47279 39.1026 1 1 1
v -19.5676 -4.80289 39.4472 1 1 1
v -18.4467 -4.53291 38.0721 1 1 1
v -14.7072 -2.94855 33.2293 1 1 1
v -14.5068 -1.1557 33.5631 1 1 1
v -13.6989 -1.29763 32.8005 1 1 1
v -7.02461 16.1296 28.5596 1 1 1
v -12.3515 9.57578 34.7097 1 1 1
v -14.3567 -1.60751 34.2679 1 1 1
v -14.3651 -1.79042 34.2181 1 1 1
v -14.5867 -1.48792 34.7612 1 1 1
v -11.6606 9.28378 33.9655 1 1 1
v -14.2964 -3.11205 33.9699 1 1 1
v -10.7729 8.73242 32.4926 1 1 1
v -6.956 12.0551 27.7198 1 1 1
v -13.7049 -3.3888 33.0787 1 1 1
v -14.0865 -3.41586 33.8202 1 1 1
v -11.7296 -5.17079 29.5895 1 1 1
v -7.09067 12.3462 28.343 1 1 1
v -11.9427 0.534539 32.5791 1 1 1
v -13.6968 -2.5303 34.4446 1 1 1
v -13.4701 -3.31373 33.9657 1 1 1
v -13.6891 -2.2609 34.7104 1 1 1
v -13.5344 -2.6555 34.3228 1 1 1
v -10.358 0.256711 30.4682 1 1 1
v -6.0177 3.59198 24.6289 1 1 1
v -13.5575 -2.4821 34.7687 1 1 1
v -6.00644 4.16606 24.9412 1 1 1
v -5.96947 3.90095 24.8057 1 1 1
v -13.4966 -2.16547 35.028 1 1 1
v -13.6935 -2.36036 35.3752 1 1 1
v -13.4164 -2.59645 35.2671 1 1 1
v -5.52467 2.34664 23.8947 1 1 1
v -6.77147 14.168 30.4834 1 1 1
v -5.20239 6.114 25.3362 1 1 1
v -13.0561 -2.38416 35.6606 1 1 1
v -6.04099 14.3383 29.728 1 1 1
v -4.60199 5.43823 24.1856 1 1 1
v -6.14663 -2.47832 24.5361 1 1 1
v -5.52453 -1.80712 23.8328 1 1 1
v -4.42651 6.03844 25.1459 1 1 1
v -4.00994 5.26915 24.6869 1 1 1
v -5.03246 7.971 27.9538 1 1 1
v -4.22085 10.0321 27.3302 1 1 1
v -5.10388 -4.2553 23.6543 1 1 1
v -3.90947 13.7466 28.3621 1 1 1
v -4.09179 5.10291 25.3601 1 1 1
v -3.8266 -2.93551 22.0803 1 1 1
v -4.20315 8.58439 27.2165 1 1 1
v -3.95151 5.69338 25.8744 1 1 1
v -4.16034 5.50969 26.2628 1 1 1
v -3.98974 -4.38724 22.179 1 1 1
v -4.71085 7.92329 29.3054 1 1 1
v -3.74664 -4.81437 22.5513 1 1 1
v -2.38559 15.3042 28.0186 1 1 1
v -3.50976 -3.19384 22.7747 1 1 1
v -2.69088 10.0209 26.8529 1 1 1
v -2.05843 2.51004 23.3234 1 1 1
v -2.09799 2.55092 23.4026 1 1 1
v -2.57737 14.9187 29.6875 1 1 1
v -1.60989 8.82302 25.1397 1 1 1
v -2.03479 10.3555 26.7434 1 1 1
v -1.92979 10.2288 26.4546 1 1 1
v -2.23244 14.8577 29.3995 1 1 1
v -4.13435 -4.12552 25.7387 1 1 1
v -1.12718 6.31435 23.9266 1 1 1
v -1.77396 6.59019 25.6518 1 1 1
v -1.09328 -4.36969 19.8484 1 1 1
v -1.76341 10.7085 28.2403 1 1 1
v -2.94561 -3.91033 24.6714 1 1 1
v -7.98364 -3.93859 36.2571 1 1 1
v -0.967503 5.59377 24.7567 1 1 1
v -0.559216 5.75362 23.9032 1 1 1
v -3.27145 12.5127 33.5769 1 1 1
v -1.83478 -5.0898 22.0791 1 1 1
v -1.38771 -3.29208 21.9779 1 1 1
v -0.0226974 12.779 26.3318 1 1 1
v 0.45353 11.9327 24.9596 1 1 1
v -1.15721 -3.04135 22.1365 1 1 1
v -2.30928 11.9486 32.105 1 1 1
v -2.30928 11.9486 32.105 1 1 1
v -1.10568 -3.08731 22.2672 1 1 1
v -1.88409 -5.37102 23.2894 1 1 1
v -0.897304 -3.38517 21.8679 1 1 1
v -1.06559 -3.33988 22.2525 1 1 1
v 0.949906 12.2025 25.1126 1 1 1
v 0.0926765 4.13415 23.264 1 1 1
v -2.77879 -5.23568 25.8381 1 1 1
v -1.43382 -5.06652 22.8699 1 1 1
v -1.1266 -3.41066 22.9538 1 1 1
v 0.922362 13.5855 26.7956 1 1 1
v -4.11462 -4.6056 30.4429 1 1 1
v 1.01151 13.1328 26.8141 1 1 1
v 1.01151 13.1328 26.8141 1 1 1
v 0.801633 14.5025 28.8762 1 1 1
v 1.10172 6.37879 24.5585 1 1 1
v 0.21353 -3.23359 22.4377 1 1 1
v 0.322424 -3.29523 22.2941 1 1 1
v 0.905353 1.58547 23.6819 1 1 1
v 0.747756 7.95471 28.804 1 1 1
v 2.43166 5.70567 22.9931 1 1 1
v 1.78786 6.5584 25.8458 1 1 1
v 1.99282 11.6865 29.2239 1 1 1
v 1.43947 0.162045 24.1091 1 1 1
v 1.60083 0.299884 24.1407 1 1 1
v 1.66517 0.818362 24.28 1 1 1
v 1.66136 0.018146 24.2144 1 1 1
v 2.0411 3.75032 25.4639 1 1 1
v 1.20856 -2.19391 23.8693 1 1 1
v 1.3798 -3.25136 23.5213 1 1 1
v 1.66524 -2.75061 23.1088 1 1 1
v 1.6149 -2.71478 23.2526 1 1 1
v 2.20118 1.1568 24.6535 1 1 1
v 1.88312 -0.195682 24.9587 1 1 1
v 2.41003 2.31259 24.9364 1 1 1
v 2.58516 2.16548 24.2831 1 1 1
v -3.34307 -3.21528 41.8054 1 1 1
v 2.3093 0.653206 24.43 1 1 1
v 2.09708 0.26075 25.0056 1 1 1
v 2.19352 0.199184 24.6723 1 1 1
v 2.19352 0.199184 24.6723 1 1 1
v -0.9408 -15.4767 25.1018 1 1 1
v -0.9408 -15.4767 25.1018 1 1 1
v 2.59682 4.98907 26.9416 1 1 1
v 2.59682 4.98907 26.9416 1 1 1
v 2.16061 -2.65597 23.4325 1 1 1
v 2.27927 -11.7399 16.8832 1 1 1
v 2.35702 -2.79715 23.9099 1 1 1
v 2.26829 -2.72258 24.1809 1 1 1
v 4.68597 12.8981 28.4781 1 1 1
v 4.68597 12.8981 28.4781 1 1 1
v 6.96213 -4.45198 5.21878 1 1 1
v 6.00791 -4.69128 9.63621 1 1 1
v 1.24671 4.89667 39.5481 1 1 1
v 1.37871 4.73475 39.6034 1 1 1
v -2.14878 -17.9069 43.7111 1 1 1
v 6.10461 10.4002 31.367 1 1 1
v -3.34124 -24.6574 50.505 1 1 1
v -2.30383 -22.6827 48.398 1 1 1
v -3.32467 -25.7727 50.2625 1 1 1
v -2.48363 -23.8553 49.0256 1 1 1
v -2.17512 -23.1522 48.2268 1 1 1
v -1.75412 -22.3799 47.4343 1 1 1
v -2.21678 -24.1655 48.5426 1 1 1
v -1.9661 -22.324 49.4332 1 1 1
v 2.02091 -2.47861 47.6179 1 1 1
v -1.78778 -23.0967 48.4682 1 1 1
v 1.3543 -6.29283 48.7656 1 1 1
v -1.97067 -25.7432 48.2648 1 1 1
v 1.61437 -6.23082 48.332 1 1 1
v 1.19029 -13.084 41.7294 1 1 1
v 1.64373 -12.5602 40.0173 1 1 1
v 1.30638 -12.8392 43.8594 1 1 1
v -2.01199 -26.5648 49.1276 1 1 1
v 1.72845 -12.755 41.1281 1 1 1
v 1.72471 -12.6069 41.443 1 1 1
v 2.49557 -4.15031 49.271 1 1 1
v 1.90722 -12.479 41.697 1 1 1
v 1.01037 -17.5445 41.3824 1 1 1
v 2.20807 -13.1221 39.8267 1 1 1
v 2.11125 -13.2807 40.4212 1 1 1
v 2.07545 -13.3726 40.6349 1 1 1
v 1.85824 -14.2698 41.3071 1 1 1
v 0.618467 -20.4812 42.7246 1 1 1
v -0.478163 -23.6717 47.4415 1 1 1
v 2.92685 -3.65557 49.6754 1 1 1
v 2.33353 -12.4409 41.5274 1 1 1
v 2.33353 -12.4409 41.5274 1 1 1
v 2.26373 -14.5389 40.1237 1 1 1
v 2.65924 -12.3008 40.8693 1 1 1
v 2.33287 -15.0658 40.4949 1 1 1
v 3.72105 -2.95318 48.5417 1 1 1
v 2.01288 -17.589 40.6464 1 1 1
v 3.03841 -12.3173 41.4898 1 1 1
v 2.77112 -15.1407 39.9118 1 1 1
v 8.35892 10.5187 29.9312 1 1 1
v 2.69835 -15.4269 40.3782 1 1 1
v 0.990399 -25.1605 40.7894 1 1 1
v 3.35407 -12.3395 40.2848 1 1 1
v 2.81876 -16.0583 40.3974 1 1 1
v 3.40879 -12.0568 41.5217 1 1 1
v 2.99718 -15.2516 40.3572 1 1 1
v 2.79267 -16.6519 40.0926 1 1 1
v 2.66779 -18.6971 38.3887 1 1 1
v 1.01095 -25.6538 40.9195 1 1 1
v 2.29609 -20.677 39.1792 1 1 1
v 2.22503 -21.2437 39.5257 1 1 1
v 2.18119 -22.2364 39.6151 1 1 1
v 3.25245 -16.6412 39.0336 1 1 1
v 2.59938 -20.8564 38.7586 1 1 1
v 6.02565 -0.195457 44.1275 1 1 1
v 8.14238 7.55614 34.1267 1 1 1
v 2.68575 -20.8553 39.0232 1 1 1
v 2.50055 -21.7128 39.4102 1 1 1
v 2.01853 -23.2603 40.7877 1 1 1
v 2.84378 -18.2836 41.3123 1 1 1
v 3.3451 -17.6545 39.2565 1 1 1
v 2.62635 -21.804 39.4194 1 1 1
v 3.17488 -19.3752 38.6033 1 1 1
v 2.72349 -19.6338 40.9325 1 1 1
v 4.09848 -14.4162 39.6877 1 1 1
v 4.18964 -13.9735 39.8815 1 1 1
v 5.97064 -3.19352 42.9723 1 1 1
v 5.97064 -3.19352 42.9723 1 1 1
v 2.38507 -24.8675 40.4893 1 1 1
v 2.69208 -23.414 39.6808 1 1 1
v 6.77847 0.420655 43.3939 1 1 1
v 6.44874 -1.08657 44.9888 1 1 1
v 3.48788 -19.1123 39.0353 1 1 1
v 6.52541 -0.982153 44.2112 1 1 1
v 6.63268 -0.893005 42.8899 1 1 1
v 4.60387 -12.9804 40.7338 1 1 1
v 5.07389 -11.3202 38.4753 1 1 1
v 4.49478 -13.2525 41.2678 1 1 1
v 4.72793 -13.0756 39.9414 1 1 1
v 7.24529 0.872041 42.1851 1 1 1
v 3.33536 -21.8712 39.3889 1 1 1
v 2.73923 -25.4989 40.207 1 1 1
v 2.73923 -25.4989 40.207 1 1 1
v 7.44451 0.824404 42.0391 1 1 1
v 3.2987 -23.1258 39.0676 1 1 1
v 2.96195 -25.6822 39.6101 1 1 1
v 7.70834 0.166512 37.0054 1 1 1
v 3.8956 -21.2958 38.9046 1 1 1
v 4.08586 -19.9711 39.3652 1 1 1
v 7.72628 0.683757 42.8089 1 1 1
v 3.40124 -24.7044 38.7925 1 1 1
v 3.56892 -23.7898 39.1318 1 1 1
v 8.09438 1.61377 42.0874 1 1 1
v 9.62374 8.14993 32.1584 1 1 1
v 4.23791 -20.2527 39.6334 1 1 1
v 3.84675 -23.7089 38.3142 1 1 1
v 3.73114 -24.2916 38.5239 1 1 1
v 6.90119 -8.00976 40.08 1 1 1
v 3.59836 -26.9721 38.667 1 1 1
v 6.88133 -8.35941 42.7997 1 1 1
v 5.02688 -19.2568 39.3439 1 1 1
v 3.62594 -26.8386 39.4769 1 1 1
v 7.02821 -8.66399 40.0051 1 1 1
v 7.04634 -8.68406 39.8942 1 1 1
v 8.16342 -1.88943 45.7016 1 1 1
v 4.4078 -24.3978 38.8375 1 1 1
v 7.62743 -7.16842 42.055 1 1 1
v 8.68843 -1.10013 44.3241 1 1 1
v 7.48201 -8.41912 39.9832 1 1 1
v 7.3741 -9.0875 39.662 1 1 1
v 7.31384 -9.66741 39.7489 1 1 1
v 7.31384 -9.66741 39.7489 1 1 1
v 4.27598 -27.1265 38.6988 1 1 1
v 7.5448 -8.81349 39.4655 1 1 1
v 7.96072 -7.4845 42.7141 1 1 1
v 6.06422 -19.149 38.1256 1 1 1
v 4.6304 -27.5234 38.7169 1 1 1
v 7.46919 -11.3337 39.6861 1 1 1
v 7.94827 -8.98174 40.6812 1 1 1
v 8.2447 -7.22568 42.7883 1 1 1
v 7.83547 -10.1288 37.7915 1 1 1
v 8.36335 -7.43843 41.9116 1 1 1
v 8.54485 -7.33935 42.4206 1 1 1
v 7.84305 -11.3794 40.2758 1 1 1
v 6.82976 -17.4681 39.3269 1 1 1
v 4.34244 -32.1059 40.5427 1 1 1
v 8.41076 -8.84206 40.6968 1 1 1
v 4.43201 -31.7501 40.3076 1 1 1
v 4.62198 -30.9589 39.1843 1 1 1
v 8.52409 -9.0143 40.6656 1 1 1
v 4.35372 -32.8076 38.2391 1 1 1
v 10.3357 0.228378 39.9883 1 1 1
v 5.34425 -28.5708 37.413 1 1 1
v 7.98618 -13.2151 37.4962 1 1 1
v 5.009 -31.1146 40.1186 1 1 1
v 5.10732 -30.9988 39.9866 1 1 1
v 5.10732 -30.9988 39.9866 1 1 1
v 7.21421 -18.8117 38.2152 1 1 1
v 7.70804 -17.855 38.7143 1 1 1
v -18.3241 -0.983588 25.663 1 1 1
v -21.1996 16.8344 33.2443 1 1 1
v -17.2072 -0.061442 25.4149 1 1 1
v -31.5359 -7.83434 37.2164 1 1 1
v -31.8166 -7.82935 37.4646 1 1 1
v -19.3745 0.933821 27.8377 1 1 1
v -22.0483 -0.831647 29.9741 1 1 1
v -18.7299 2.09076 27.8035 1 1 1
v -30.9672 -7.82885 37.2468 1 1 1
v -30.9672 -7.82885 37.2468 1 1 1
v -29.7622 -9.15929 35.7189 1 1 1
v -21.442 -0.342714 30.1314 1 1 1
v -32.2087 -9.61556 39.1529 1 1 1
v -19.9739 -0.0641008 29.6105 1 1 1
v -18.6323 0.987412 28.549 1 1 1
v -24.1899 -5.95024 32.5765 1 1 1
v -19.968 -0.700344 29.9959 1 1 1
v -20.2237 -0.830958 30.2274 1 1 1
v -25.8738 -5.20184 34.9262 1 1 1
v -18.5214 0.174812 28.9449 1 1 1
v -18.9137 -0.50943 29.5036 1 1 1
v -18.4801 -0.676105 29.2878 1 1 1
v -31.1454 -8.65476 40.4485 1 1 1
v -31.143 -8.46418 40.7913 1 1 1
v -23.4914 -3.74359 34.6095 1 1 1
v -18.2345 -0.695703 29.79 1 1 1
v -18.1573 -0.906554 29.6812 1 1 1
v -17.3674 13.9268 33.131 1 1 1
v -23.3705 -4.06303 34.7075 1 1 1
v -23.7669 -4.10751 35.1589 1 1 1
v -18.0363 0.399949 30.3468 1 1 1
v -22.3894 -3.6186 34.0018 1 1 1
v -18.1068 -0.98949 30.0561 1 1 1
v -17.8395 0.159212 30.0822 1 1 1
v -18.3535 0.159539 30.74 1 1 1
v -23.5973 -4.45293 35.507 1 1 1
v -17.4007 0.432163 30.2057 1 1 1
v -17.4878 -1.18504 29.8815 1 1 1
v -17.6075 0.495963 30.5685 1 1 1
v -18.1075 -0.894566 30.6738 1 1 1
v -17.6387 -1.23456 30.4403 1 1 1
v -20.4505 -2.81667 33.3058 1 1 1
v -19.424 -2.25314 32.3309 1 1 1
v -29.5423 -18.028 39.1252 1 1 1
v -19.3784 -1.98668 32.44 1 1 1
v -20.5428 -2.94797 33.4417 1 1 1
v -23.6206 -4.82532 36.4798 1 1 1
v -23.9135 -5.3365 36.8799 1 1 1
v -19.7355 -2.34665 33.019 1 1 1
v -30.216 -17.1821 40.8142 1 1 1
v -19.4842 -1.93299 32.9835 1 1 1
v -24.3217 -15.0899 34.8401 1 1 1
v -17.6997 -1.43422 31.157 1 1 1
v -31.7539 -12.4873 44.4139 1 1 1
v -30.0257 -11.2727 42.7728 1 1 1
v -29.2159 -15.4707 40.8412 1 1 1
v -23.834 -5.67761 37.476 1 1 1
v -17.4219 -1.68034 31.1387 1 1 1
v -17.3717 -1.3313 31.2773 1 1 1
v -16.9618 0.0186557 31.3416 1 1 1
v -29.8033 -13.803 42.3604 1 1 1
v -28.4174 -12.4535 41.2448 1 1 1
v -28.0882 -14.697 40.2625 1 1 1
v -19.0899 -2.07616 33.4025 1 1 1
v -28.5275 -10.8145 42.3991 1 1 1
v -19.0072 -2.32723 33.6368 1 1 1
v -21.2172 -4.34794 35.7962 1 1 1
v -19.2432 -3.31326 34.718 1 1 1
v -20.4085 -4.64875 36.1676 1 1 1
v -18.9323 -3.80574 35.0932 1 1 1
v -15.9244 -2.03702 31.8412 1 1 1
v -17.694 -2.8393 33.8869 1 1 1
v -18.524 -3.51513 34.7364 1 1 1
v -28.7061 -12.2207 45.0201 1 1 1
v -27.495 -20.4871 41.3018 1 1 1
v -17.4698 -3.59437 34.2651 1 1 1
v -16.0289 -2.12353 33.6756 1 1 1
v -16.0289 -2.12353 33.6756 1 1 1
v -26.8777 -23.3158 41.0172 1 1 1
v -17.6351 -3.66806 35.3737 1 1 1
v -17.2369 -3.79349 34.8292 1 1 1
v -27.0825 -20.0333 42.5968 1 1 1
v -26.0924 -23.3124 40.5202 1 1 1
v -26.7607 -23.5083 41.1157 1 1 1
v -26.5176 -12.7504 44.7529 1 1 1
v -16.6335 -3.65235 34.4485 1 1 1
v -24.9701 -19.6212 40.5325 1 1 1
v -27.0151 -20.6317 42.7409 1 1 1
v -26.3919 -20.5038 42.1936 1 1 1
v -25.9835 -16.751 43.2015 1 1 1
v -27.2282 -12.8368 46.3769 1 1 1
v -26.714 -20.4205 42.9628 1 1 1
v -27.1083 -20.9839 43.7088 1 1 1
v -25.4855 -5.40837 46.8553 1 1 1
v -15.4816 -2.79913 33.8194 1 1 1
v -26.2866 -23.8232 42.2893 1 1 1
v -14.5041 -1.28832 33.4813 1 1 1
v -19.6631 -4.78631 39.5638 1 1 1
v -11.8617 1.77406 30.8316 1 1 1
v -7.35807 15.0775 29.1932 1 1 1
v -25.8182 -23.9487 41.9647 1 1 1
v -25.8182 -23.9487 41.9647 1 1 1
v -18.608 -4.31488 38.695 1 1 1
v -25.2164 -13.0473 45.3723 1 1 1
v -27.0647 -6.06677 50.6933 1 1 1
v -14.3524 -1.94911 33.9891 1 1 1
v -14.2191 -2.24465 33.7806 1 1 1
v -14.1766 -2.24679 33.7224 1 1 1
v -24.9187 -21.2855 43.0859 1 1 1
v -25.168 -21.3865 43.3905 1 1 1
v -6.8245 9.89282 27.9228 1 1 1
v -13.911 -3.27256 33.9563 1 1 1
v -6.84784 9.53723 28.1729 1 1 1
v -13.5767 -2.41447 34.9728 1 1 1
v -5.5098 1.89658 24.0727 1 1 1
v -5.16072 6.35551 25.567 1 1 1
v -5.16072 6.35551 25.567 1 1 1
v -25.159 -21.7662 46.2992 1 1 1
v -23.3584 -13.8524 47.2129 1 1 1
v -5.87627 9.24494 28.3138 1 1 1
v -4.92426 6.44741 25.6836 1 1 1
v -6.1004 9.31667 28.9642 1 1 1
v -4.43588 4.95931 24.7515 1 1 1
v -4.4704 5.39286 25.0656 1 1 1
v -24.4386 -14.6955 49.984 1 1 1
v -3.47941 4.34172 23.3796 1 1 1
v -5.19114 8.29607 27.7044 1 1 1
v -23.4923 -13.2352 49.6441 1 1 1
v -23.6062 -14.351 49.3924 1 1 1
v -23.7678 -13.7343 50.0407 1 1 1
v -4.22917 6.81712 25.8744 1 1 1
v -23.6067 -13.5085 50.1667 1 1 1
v -5.16844 -3.98808 23.2793 1 1 1
v -4.11156 10.4928 27.6284 1 1 1
v -4.08833 9.51391 27.3329 1 1 1
v -4.1296 9.55402 27.4198 1 1 1
v -3.07599 11.1797 26.3319 1 1 1
v -22.5644 -17.857 48.3906 1 1 1
v -4.33516 9.59889 28.1105 1 1 1
v -4.24313 -4.20677 22.6823 1 1 1
v -3.62394 5.61327 25.8485 1 1 1
v -22.3815 -16.6743 49.8699 1 1 1
v -3.90766 -3.0056 22.9277 1 1 1
v -22.6053 -9.71912 55.2674 1 1 1
v -2.65232 15.3194 29.2534 1 1 1
v -3.6687 8.89003 28.3428 1 1 1
v -2.68548 -2.69007 21.7875 1 1 1
v -22.5998 -10.1927 55.3926 1 1 1
v -22.7879 -10.505 55.6846 1 1 1
v -22.3906 -10.4062 55.0427 1 1 1
v -22.3906 -10.4062 55.0427 1 1 1
v -22.6552 -9.74206 55.8046 1 1 1
v -23.1101 -21.6845 51.5322 1 1 1
v -22.4529 -23.2447 49.8771 1 1 1
v -22.4494 -10.0797 55.5335 1 1 1
v -22.446 -10.0511 55.5076 1 1 1
v -22.6612 -30.2299 47.2959 1 1 1
v -22.6784 -14.0809 54.4396 1 1 1
v -3.96395 -4.47641 23.6119 1 1 1
v -22.9784 -21.4108 52.0208 1 1 1
v -22.1578 -10.1588 55.4464 1 1 1
v -22.0089 -21.498 50.4116 1 1 1
v -22.116 -21.7035 50.5199 1 1 1
v -2.0747 10.0888 26.5825 1 1 1
v -4.01776 -4.02989 24.1272 1 1 1
v -22.9379 -22.7562 51.8153 1 1 1
v -1.98756 10.4712 26.7397 1 1 1
v -22.8748 -23.9652 51.4013 1 1 1
v -22.5441 -22.112 51.4547 1 1 1
v -4.12899 -4.63884 24.2137 1 1 1
v -23.0234 -21.6802 52.5477 1 1 1
v -23.0234 -21.6802 52.5477 1 1 1
v -21.5921 -9.87776 55.4386 1 1 1
v -21.5153 -16.8036 52.3564 1 1 1
v -22.2049 -10.8112 56.1941 1 1 1
v -21.1478 -14.1686 53.0141 1 1 1
v -22.7905 -13.5213 56.1967 1 1 1
v -21.6671 -11.3697 55.2243 1 1 1
v -1.62143 15.1586 28.4867 1 1 1
v -21.8302 -10.1071 56.1685 1 1 1
v -20.9692 -12.4056 53.6143 1 1 1
v -21.7694 -37.5386 43.9993 1 1 1
v -21.4632 -12.4366 54.4932 1 1 1
v -21.0607 -14.4368 52.9641 1 1 1
v -20.5824 -29.2413 45.6426 1 1 1
v -22.2197 -15.2665 55.0505 1 1 1
v -21.3668 -29.3581 47.5766 1 1 1
v -21.3668 -29.3581 47.5766 1 1 1
v -1.52998 8.87098 25.9007 1 1 1
v -21.7599 -29.2999 48.2362 1 1 1
v -21.6722 -29.2456 48.1738 1 1 1
v -20.731 -29.3728 46.4996 1 1 1
v -2.49147 -3.91493 22.386 1 1 1
v -1.97571 -3.89497 21.4906 1 1 1
v 0.122022 16.9017 26.777 1 1 1
v -11.6401 -8.50899 38.9837 1 1 1
v -0.744394 6.10176 24.0939 1 1 1
v -0.744394 6.10176 24.0939 1 1 1
v -1.37538 2.75761 23.8833 1 1 1
v -1.43065 2.79699 23.9993 1 1 1
v -3.99408 13.4501 34.9759 1 1 1
v -19.1387 -10.372 55.5244 1 1 1
v -2.07951 -5.07258 22.8793 1 1 1
v -1.30576 -3.13471 22.4594 1 1 1
v -18.2008 -9.31768 56.3656 1 1 1
v -0.106036 5.99325 24.5303 1 1 1
v -16.7335 -9.28939 53.8892 1 1 1
v -17.8573 -11.968 55.6846 1 1 1
v -17.8573 -11.968 55.6846 1 1 1
v 1.03412 12.1153 25.6484 1 1 1
v 0.0902816 4.52493 23.9926 1 1 1
v 0.63691 6.06678 23.8403 1 1 1
v 0.0326356 3.84761 24.2045 1 1 1
v -0.307956 -1.447 22.6521 1 1 1
v 0.555318 6.51999 24.809 1 1 1
v -16.5611 -10.3171 57.1656 1 1 1
v 0.87133 6.55702 24.7896 1 1 1
v -1.78172 -4.35508 25.4045 1 1 1
v -15.6292 -10.1879 56.0828 1 1 1
v -16.8358 -10.4164 59.4867 1 1 1
v -14.8663 -10.0741 54.9642 1 1 1
v -16.1547 -18.0664 54.0146 1 1 1
v 0.393495 -3.17801 22.619 1 1 1
v 0.479051 -3.07986 22.4988 1 1 1
v 0.197083 -3.55256 23.2147 1 1 1
v 0.779043 -2.79743 22.4593 1 1 1
v 1.37076 5.03938 26.0469 1 1 1
v 0.980444 -1.65107 23.524 1 1 1
v -13.0675 -8.86108 59.803 1 1 1
v 1.25283 -1.88522 23.3483 1 1 1
v -12.3226 -9.12228 57.9534 1 1 1
v 1.04945 -3.72004 23.1009 1 1 1
v -12.6359 -23.4455 51.3147 1 1 1
v -12.6343 -24.0896 51.086 1 1 1
v -12.6185 -24.6572 50.7519 1 1 1
v -12.6125 -24.6984 50.7798 1 1 1
v 1.70355 0.13419 24.2061 1 1 1
v 1.56592 -2.4702 23.1692 1 1 1
v 1.53076 0.0804293 24.9487 1 1 1
v 2.08228 3.51527 25.546 1 1 1
v 2.07637 2.97219 25.436 1 1 1
v -12.2015 -23.4256 51.4209 1 1 1
v -12.2015 -23.4256 51.4209 1 1 1
v -12.1437 -24.0618 51.1977 1 1 1
v -11.9479 -24.5194 50.5228 1 1 1
v 1.9228 4.21373 26.9451 1 1 1
v -11.9468 -25.1491 50.2775 1 1 1
v 1.45124 -3.35983 23.5194 1 1 1
v 2.53005 12.6673 30.689 1 1 1
v 1.89247 4.11383 27.1798 1 1 1
v -12.0071 -26.4355 49.9099 1 1 1
v -12.0071 -26.4355 49.9099 1 1 1
v 1.97372 4.15168 27.0186 1 1 1
v -12.1668 -27.0976 50.0105 1 1 1
v -11.1763 -22.521 50.4721 1 1 1
v -12.1708 -24.3046 52.226 1 1 1
v 1.8406 -2.47977 23.4324 1 1 1
v -11.3021 -24.3431 50.267 1 1 1
v -11.3021 -24.3431 50.267 1 1 1
v -11.5137 -25.1271 50.5018 1 1 1
v -11.5137 -25.1271 50.5018 1 1 1
v -11.5841 -26.4229 50.1401 1 1 1
v -12.0345 -26.8186 51.0026 1 1 1
v 2.12749 -0.0441591 24.6018 1 1 1
v -11.4259 -26.9937 49.571 1 1 1
v -11.4518 -27.0702 49.6767 1 1 1
v 2.49603 7.60575 28.7397 1 1 1
v 2.59792 8.75815 29.3277 1 1 1
v 2.709 8.45653 29.2296 1 1 1
v 2.67723 8.3397 29.3122 1 1 1
v -10.8288 -26.8047 49.5521 1 1 1
v 2.82464 8.69697 29.4315 1 1 1
v 2.55737 4.39401 27.3418 1 1 1
v 2.04765 -2.94735 24.0706 1 1 1
v 2.99868 9.57064 29.7901 1 1 1
v 2.13149 -2.70997 24.0464 1 1 1
v -10.1477 -26.0155 49.431 1 1 1
v -10.1477 -26.0155 49.431 1 1 1
v -10.4257 -25.1314 51.2015 1 1 1
v -10.1195 -24.8486 50.9268 1 1 1
v -9.62553 -25.334 49.737 1 1 1
v -9.62553 -25.334 49.737 1 1 1
v 4.77801 14.0188 28.26 1 1 1
v 4.58363 14.136 29.1356 1 1 1
v -9.20551 -25.429 48.9732 1 1 1
v -9.03132 -23.9256 50.0713 1 1 1
v -8.43574 -25.7456 49.332 1 1 1
v -8.43574 -25.7456 49.332 1 1 1
v -8.60656 -26.5275 49.596 1 1 1
v 1.56529 -12.6666 21.951 1 1 1
v -8.04142 -22.4715 50.7648 1 1 1
v -7.89284 -22.3804 50.3955 1 1 1
v 3.11808 9.22239 33.2416 1 1 1
v 4.98334 13.2054 29.5049 1 1 1
v -8.93866 -31.7367 47.6287 1 1 1
v -8.99104 -32.2274 47.6305 1 1 1
v -7.66706 -25.4136 48.7645 1 1 1
v -7.66706 -25.4136 48.7645 1 1 1
v -8.26556 -23.1534 52.2732 1 1 1
v -7.93203 -26.4386 49.2691 1 1 1
v -7.33072 -24.8961 49.5373 1 1 1
v -8.11603 -26.7595 50.7477 1 1 1
v -7.29117 -25.6028 49.3406 1 1 1
v 4.4672 11.0453 32.2421 1 1 1
v -6.88286 -24.1952 49.6686 1 1 1
v 4.68699 10.9231 31.9048 1 1 1
v 2.8316 0.881705 31.6437 1 1 1
v 3.3211 7.83249 36.3038 1 1 1
v -5.97049 -7.74494 63.7517 1 1 1
v -3.80195 -7.15509 55.4882 1 1 1
v 5.95306 12.0172 29.4339 1 1 1
v -2.1953 -6.77305 51.9422 1 1 1
v -4.71435 -24.5029 51.4725 1 1 1
v -0.571881 -6.67228 53.0423 1 1 1
v -0.450069 -6.59448 53.1745 1 1 1
v -3.05215 -23.0931 50.2951 1 1 1
v -2.90846 -22.9315 49.8467 1 1 1
v 1.52608 -2.03762 48.7181 1 1 1
v 0.799785 -5.923 50.8479 1 1 1
v 0.420586 -16.4579 42.0445 1 1 1
v -2.23684 -24.8238 48.8198 1 1 1
v -2.23126 -24.6179 49.8297 1 1 1
v -2.0294 -24.7344 48.7036 1 1 1
v -1.72402 -24.3381 48.5426 1 1 1
v 2.12863 -3.7918 50.7171 1 1 1
v 1.85775 -11.143 42.8383 1 1 1
v 1.72052 -11.362 43.5119 1 1 1
v 2.01769 -13.2085 41.493 1 1 1
v 2.78323 -4.79176 49.8022 1 1 1
v 3.15571 -3.70658 49.4633 1 1 1
v 2.20313 -12.846 42.106 1 1 1
v 2.42517 -12.4812 42.1286 1 1 1
v 1.03741 -20.5032 41.4095 1 1 1
v 2.08235 -15.2806 42.0277 1 1 1
v 6.46843 4.64808 39.5556 1 1 1
v 5.35886 0.772095 42.7962 1 1 1
v 2.7089 -14.9357 40.5579 1 1 1
v 3.15973 -12.6523 41.7776 1 1 1
v 3.15973 -12.6523 41.7776 1 1 1
v 2.60696 -16.4853 40.746 1 1 1
v 4.35084 -2.9159 49.2573 1 1 1
v 2.86442 -16.7406 39.6829 1 1 1
v 0.813061 -25.6964 41.5992 1 1 1
v 3.18655 -12.5052 43.494 1 1 1
v 2.93991 -16.2857 40.5662 1 1 1
v 2.93991 -16.2857 40.5662 1 1 1
v 4.75911 -2.95302 50.524 1 1 1
v 3.08893 -16.261 40.3535 1 1 1
v 2.85251 -17.3899 41.2647 1 1 1
v 2.73468 -18.9049 39.7421 1 1 1
v 2.85988 -18.8087 39.296 1 1 1
v 3.99143 -12.077 41.5336 1 1 1
v 1.4919 -24.5245 41.2401 1 1 1
v 1.74067 -24.5502 39.9862 1 1 1
v 3.2423 -15.4162 41.8897 1 1 1
v 2.93555 -19.6369 39.1614 1 1 1
v 2.95937 -19.5829 39.0338 1 1 1
v 2.62526 -21.3887 39.2797 1 1 1
v 2.89895 -20.7434 39.4787 1 1 1
v 3.13701 -20.4799 39.4041 1 1 1
v 3.57182 -18.7091 38.7548 1 1 1
v 3.57182 -18.7091 38.7548 1 1 1
v 2.61118 -23.4818 39.9418 1 1 1
v 3.18745 -20.4018 39.813 1 1 1
v 3.13583 -21.8166 39.6893 1 1 1
v 7.44568 0.824121 41.9958 1 1 1
v 7.51041 1.2289 45.2551 1 1 1
v 2.26548 -26.1545 41.7659 1 1 1
v 5.26654 -11.3374 42.074 1 1 1
v 5.70559 -9.58951 42.6567 1 1 1
v 5.71424 -9.41777 41.9892 1 1 1
v 4.22118 -17.3076 40.7646 1 1 1
v 2.8898 -26.084 38.9514 1 1 1
v 3.52033 -22.5485 39.1965 1 1 1
v 6.11038 -8.61307 41.7138 1 1 1
v 2.94082 -26.7992 38.6662 1 1 1
v 4.23361 -20.5859 39.7143 1 1 1
v 3.29414 -26.502 38.4589 1 1 1
v 8.19858 0.0646475 43.7412 1 1 1
v 6.82383 -8.35911 40.5803 1 1 1
v 4.73738 -20.2024 38.8349 1 1 1
v 7.03449 -8.18449 40.4983 1 1 1
v 10.2141 7.12264 33.9092 1 1 1
v 10.2141 7.12264 33.9092 1 1 1
v 4.03078 -24.3781 38.5269 1 1 1
v 6.94506 -8.04559 41.4856 1 1 1
v 8.55307 -0.583584 42.4954 1 1 1
v 4.89946 -20.1183 39.7274 1 1 1
v 8.65082 -0.354864 43.836 1 1 1
v 8.65082 -0.354864 43.836 1 1 1
v 3.81966 -26.7578 38.9651 1 1 1
v 4.0424 -26.8134 39.4136 1 1 1
v 8.54072 -3.06086 46.8135 1 1 1
v 8.54072 -3.06086 46.8135 1 1 1
v 8.79849 -2.5671 46.9408 1 1 1
v 5.64422 -20.5611 39.2525 1 1 1
v 7.78962 -10.265 38.7251 1 1 1
v 4.67445 -27.4637 38.9881 1 1 1
v 4.67445 -27.4637 38.9881 1 1 1
v 6.57497 -17.6714 40.5012 1 1 1
v 5.3831 -24.2955 38.6429 1 1 1
v 9.38217 -3.567 46.4437 1 1 1
v 8.64801 -7.44234 42.3571 1 1 1
v 9.32809 -4.32812 45.7754 1 1 1
v 8.84484 -7.16185 40.7514 1 1 1
v 9.42813 -4.93184 43.6685 1 1 1
v 12.1687 8.03034 30.5619 1 1 1
v -21.3459 -0.143514 28.4029 1 1 1
v -32.6868 -7.87481 36.8445 1 1 1
v -30.3248 -7.63988 34.9336 1 1 1
v -26.2795 -4.54071 32.5116 1 1 1
v -26.548 -4.31739 33.0554 1 1 1
v -30.8378 -7.57178 36.1066 1 1 1
v -20 0.8041 28.8493 1 1 1
v -36.2491 -10.5093 40.328 1 1 1
v -20.3574 -0.0292009 29.0385 1 1 1
v -22.2189 -0.879919 30.5756 1 1 1
v -22.1816 -0.682112 30.6339 1 1 1
v -21.5966 -0.466314 30.5081 1 1 1
v -24.6516 -3.00121 32.7353 1 1 1
v -24.6516 -3.00121 32.7353 1 1 1
v -22.6317 -1.11575 31.7 1 1 1
v -21.3726 -0.918808 30.6755 1 1 1
v -19.2915 0.695552 29.1501 1 1 1
v -18.4337 1.04282 28.559 1 1 1
v -18.4337 1.04282 28.559 1 1 1
v -21.3608 -0.613492 30.8403 1 1 1
v -18.9283 0.175983 29.0541 1 1 1
v -23.0021 -1.5436 32.6604 1 1 1
v -18.6244 -0.282857 28.8452 1 1 1
v -18.8259 -0.231911 29.2042 1 1 1
v -18.704 -0.212178 29.256 1 1 1
v -21.1537 -1.89876 31.2179 1 1 1
v -18.9862 -0.257855 29.6191 1 1 1
v -31.8656 -7.83239 40.0295 1 1 1
v -18.6409 -0.56497 29.638 1 1 1
v -18.2762 -0.402172 29.3516 1 1 1
v -18.6714 -0.722583 29.8683 1 1 1
v -19.3034 1.0824 31.4377 1 1 1
v -18.3558 0.771483 30.3365 1 1 1
v -24.6001 -3.98089 35.3358 1 1 1
v -17.8615 -1.16188 30.0553 1 1 1
v -17.5614 0.274972 30.2612 1 1 1
v -17.7996 0.337329 30.4989 1 1 1
v -21.0214 -2.31779 33.1042 1 1 1
v -20.4803 -2.06066 32.6119 1 1 1
v -18.1333 0.379348 31.0567 1 1 1
v -17.6567 0.442347 30.7099 1 1 1
v -17.748 -1.07485 30.5436 1 1 1
v -20.6564 -2.7873 33.2247 1 1 1
v -20.0792 -2.16519 32.816 1 1 1
v -21.3685 -2.66621 34.0559 1 1 1
v -17.24 0.512911 30.6941 1 1 1
v -22.8182 -4.64514 35.2186 1 1 1
v -19.5689 -2.30438 32.492 1 1 1
v -22.3806 -3.99512 35.1596 1 1 1
v -17.475 -1.15867 30.7976 1 1 1
v -24.9958 -5.90945 37.4483 1 1 1
v -19.7407 -2.31584 33.0112 1 1 1
v -18.4502 -1.74004 31.9096 1 1 1
v -19.1043 -2.06486 32.9997 1 1 1
v -17.3345 -0.0628081 31.8172 1 1 1
v -31.0446 -8.59886 44.5495 1 1 1
v -29.7253 -10.4013 43.1364 1 1 1
v -16.5696 -0.135285 31.7787 1 1 1
v -16.5696 -0.135285 31.7787 1 1 1
v -29.6689 -10.664 43.0492 1 1 1
v -19.3285 -2.74345 34.4757 1 1 1
v -20.9651 -4.41634 35.8947 1 1 1
v -16.7129 -0.176637 32.4866 1 1 1
v -16.7129 -0.176637 32.4866 1 1 1
v -16.619 -1.63944 32.1415 1 1 1
v -21.3909 -4.8122 37.1223 1 1 1
v -11.8567 0.614499 28.1057 1 1 1
v -20.7382 -4.8321 37.0031 1 1 1
v -16.4798 -2.06171 33.0005 1 1 1
v -21.2782 -5.28644 38.1856 1 1 1
v -7.79566 14.6312 28.9121 1 1 1
v -27.3636 -20.5664 41.2414 1 1 1
v -20.6778 -4.96132 38.4881 1 1 1
v -17.6209 -3.64258 35.3447 1 1 1
v -14.3328 -0.977647 32.2306 1 1 1
v -15.063 -0.892282 33.4127 1 1 1
v -6.39998 11.0322 26.7971 1 1 1
v -7.11189 10.4913 27.5555 1 1 1
v -6.83453 10.328 27.2171 1 1 1
v -17.5327 -3.95682 35.8425 1 1 1
v -17.5327 -3.95682 35.8425 1 1 1
v -12.6931 9.70598 34.9565 1 1 1
v -7.23759 14.4124 29.7556 1 1 1
v -14.6336 -1.09135 33.6839 1 1 1
v -26.7978 -23.5074 41.661 1 1 1
v -26.5863 -16.8665 43.8316 1 1 1
v -14.5601 -1.5352 33.9265 1 1 1
v -5.75301 3.18407 24.1333 1 1 1
v -5.75301 3.18407 24.1333 1 1 1
v -8.65848 7.73839 29.869 1 1 1
v -14.38 -2.27154 34.1312 1 1 1
v -26.4728 -23.8762 42.4779 1 1 1
v -26.4792 -23.9692 42.3945 1 1 1
v -26.2226 -23.7124 42.4418 1 1 1
v -5.85789 1.17794 24.2194 1 1 1
v -25.9321 -21.3084 43.3329 1 1 1
v -5.69651 1.09227 24.0351 1 1 1
v -5.77211 14.6854 29.9139 1 1 1
v -5.77211 14.6854 29.9139 1 1 1
v -23.632 -9.63946 46.3285 1 1 1
v -5.98913 9.356 28.7691 1 1 1
v -4.63809 6.20559 25.858 1 1 1
v -4.63809 6.20559 25.858 1 1 1
v -5.83718 9.08128 28.7668 1 1 1
v -4.8196 6.78966 26.3562 1 1 1
v -25.7717 -14.665 48.8325 1 1 1
v -5.31401 -3.7187 23.339 1 1 1
v -4.1108 14.7375 29.1057 1 1 1
v -5.4515 8.50521 28.6272 1 1 1
v -3.24958 11.3486 26.681 1 1 1
v -25.3638 -21.8476 46.5332 1 1 1
v -4.13952 10.2117 27.7592 1 1 1
v -4.0276 9.92875 27.7006 1 1 1
v -4.50555 9.28934 28.2005 1 1 1
v -3.82183 9.75456 27.348 1 1 1
v -5.26093 -4.06122 23.8665 1 1 1
v -24.0181 -19.2869 46.719 1 1 1
v -4.03552 6.68318 26.8046 1 1 1
v -2.65304 15.6486 28.7405 1 1 1
v -4.77685 -4.32791 23.6281 1 1 1
v -23.8348 -13.4166 50.364 1 1 1
v -22.8769 -13.7668 48.7659 1 1 1
v -2.83108 5.0615 24.8003 1 1 1
v -23.485 -13.7894 50.1326 1 1 1
v -4.0047 -3.54098 23.1087 1 1 1
v -4.13431 7.62977 28.0954 1 1 1
v -3.58312 -3.5727 22.6756 1 1 1
v -3.95186 -3.54077 23.4612 1 1 1
v -1.95731 9.20147 25.9407 1 1 1
v -3.39754 -4.01309 22.6879 1 1 1
v -3.98294 -4.58964 23.9356 1 1 1
v -1.48216 6.93404 25.0837 1 1 1
v -0.856741 13.8496 27.2182 1 1 1
v -1.84043 10.2826 27.489 1 1 1
v 0.533119 12.6086 24.7524 1 1 1
v -22.7819 -21.3038 50.8008 1 1 1
v -2.88974 -5.11074 22.9406 1 1 1
v -22.7846 -20.5045 51.5412 1 1 1
v -23.8057 -22.3122 52.2705 1 1 1
v -3.93372 12.3412 33.2098 1 1 1
v -0.606978 5.58424 24.0529 1 1 1
v -21.4478 -39.585 40.8314 1 1 1
v -22.5699 -14.7737 54.6842 1 1 1
v -1.63539 -2.38482 22.4461 1 1 1
v -21.9262 -14.309 54.6269 1 1 1
v -22.2711 -28.0711 48.7754 1 1 1
v -21.5766 -19.268 51.9045 1 1 1
v -22.5803 -22.6593 52.1724 1 1 1
v -22.6302 -22.2259 52.4015 1 1 1
v -21.4925 -13.9728 54.5345 1 1 1
v -21.2863 -14.3255 53.9339 1 1 1
v -21.6591 -23.8835 50.2394 1 1 1
v 0.715296 12.5252 25.8578 1 1 1
v -20.355 -24.2052 47.858 1 1 1
v -3.18931 12.465 33.2565 1 1 1
v -22.135 -30.1103 48.3554 1 1 1
v -21.5398 -29.264 48.3038 1 1 1
v -2.51719 11.5982 32.0404 1 1 1
v -2.05394 -5.14813 23.2143 1 1 1
v 0.382273 15.4463 29.0514 1 1 1
v -16.6263 -9.00192 50.386 1 1 1
v -0.680664 9.76126 28.5869 1 1 1
v -1.30142 -3.43096 23.1821 1 1 1
v -17.9234 -10.0234 53.9813 1 1 1
v -18.8019 -9.39535 56.7068 1 1 1
v 1.11065 11.1416 26.6754 1 1 1
v -18.3744 -9.51341 56.9915 1 1 1
v -3.17018 -3.27839 28.5404 1 1 1
v 1.11275 6.48231 24.9701 1 1 1
v -1.37498 -3.22058 25.1484 1 1 1
v 1.09234 6.56498 25.4189 1 1 1
v 0.372048 1.89582 24.6039 1 1 1
v 0.374364 2.18101 24.8427 1 1 1
v 0.191606 -3.25492 22.5459 1 1 1
v -16.6696 -9.73527 56.3502 1 1 1
v 1.06952 5.14022 25.3724 1 1 1
v 0.523466 1.55988 24.7703 1 1 1
v 1.00013 2.84898 24.7027 1 1 1
v 0.8143 10.9193 29.8861 1 1 1
v 1.25837 6.52847 26.4659 1 1 1
v -15.9403 -15.6675 54.5013 1 1 1
v -16.7556 -10.1704 59.7911 1 1 1
v 1.62308 6.66232 26.4121 1 1 1
v -12.988 -7.26662 53.2156 1 1 1
v 1.63678 6.56766 27.1397 1 1 1
v 1.68879 12.1882 30.5065 1 1 1
v 1.29833 0.961286 24.8408 1 1 1
v 0.707813 8.54624 30.9174 1 1 1
v 1.55914 4.65853 26.4986 1 1 1
v 1.39172 0.899162 24.8176 1 1 1
v 1.28733 0.0291394 24.7518 1 1 1
v 2.5068 13.2306 29.9842 1 1 1
v 2.14861 0.286848 22.9708 1 1 1
v 2.14861 0.286848 22.9708 1 1 1
v 1.4471 0.107322 24.6691 1 1 1
v 1.31375 -2.03908 23.8421 1 1 1
v 1.23036 -3.37083 23.5328 1 1 1
v 1.49749 -2.06802 23.7693 1 1 1
v 2.00394 3.4509 26.0457 1 1 1
v 1.84701 4.1033 26.923 1 1 1
v 1.84701 4.1033 26.923 1 1 1
v 2.28071 3.25835 25.3221 1 1 1
v 1.43386 -2.56585 23.8148 1 1 1
v 1.65856 0.732572 25.675 1 1 1
v 1.29064 -3.40374 24.4104 1 1 1
v 1.69251 -3.0726 23.9458 1 1 1
v 2.16352 3.49755 27.0758 1 1 1
v -13.0408 -23.2864 52.1846 1 1 1
v 2.96918 12.4264 31.391 1 1 1
v -12.9602 -27.1218 49.7018 1 1 1
v -12.7615 -25.3225 51.1517 1 1 1
v 2.03302 -2.75046 24.261 1 1 1
v 4.04828 13.6764 29.9429 1 1 1
v 2.53857 4.38419 28.2267 1 1 1
v -11.4908 -23.1021 51.0681 1 1 1
v 3.16103 8.71028 30.2711 1 1 1
v 4.89752 13.9662 28.9717 1 1 1
v -10.3665 -23.5828 50.7653 1 1 1
v -10.3665 -23.5828 50.7653 1 1 1
v -3.08267 1.57372 46.4215 1 1 1
v -10.0752 -22.6577 51.5591 1 1 1
v -10.5024 -27.0149 49.9705 1 1 1
v 3.84994 11.369 32.491 1 1 1
v 0.999239 5.09935 40.616 1 1 1
v -8.52234 -26.3238 49.2857 1 1 1
v -8.15053 -23.179 50.7533 1 1 1
v -8.15053 -23.179 50.7533 1 1 1
v -4.10026 -4.60915 52.3214 1 1 1
v 3.23265 7.94624 36.8148 1 1 1
v 1.18566 2.72466 42.8017 1 1 1
v 0.385606 -16.3395 31.9853 1 1 1
v -2.6555 -18.6078 45.6597 1 1 1
v -0.456693 -6.72447 53.9679 1 1 1
v -2.80201 -23.6315 50.5614 1 1 1
v -2.47894 -24.7638 48.796 1 1 1
v -2.97129 -25.3213 50.1611 1 1 1
v 1.00797 -13.0975 42.8657 1 1 1
v 1.41195 -5.4119 50.5756 1 1 1
v 0.696802 -13.2033 44.1262 1 1 1
v 8.31563 11.0365 31.4301 1 1 1
v 0.921079 -15.9935 42.3247 1 1 1
v 0.739895 -16.1832 42.933 1 1 1
v 1.6297 -11.9771 43.9326 1 1 1
v 1.84553 -13.0573 41.4287 1 1 1
v 1.84553 -13.0573 41.4287 1 1 1
v 2.36695 -3.72989 51.1166 1 1 1
v 1.45091 -15.1573 42.0685 1 1 1
v 0.941195 -17.1434 42.3185 1 1 1
v 2.99691 -3.58635 48.9985 1 1 1
v 2.99691 -3.58635 48.9985 1 1 1
v 0.926709 -19.3807 41.7164 1 1 1
v 3.09894 -3.693 49.7545 1 1 1
v 5.01057 1.1413 43.6761 1 1 1
v 2.05433 -14.7803 41.6962 1 1 1
v 2.41187 -12.906 43.046 1 1 1
v 1.69141 -16.1747 43.1548 1 1 1
v 3.37905 -4.06176 50.8785 1 1 1
v 8.1025 7.8597 35.4275 1 1 1
v 8.1025 7.8597 35.4275 1 1 1
v 3.19876 -11.5609 41.1256 1 1 1
v 2.87213 -12.4337 42.1449 1 1 1
v 3.01523 -12.3219 41.4856 1 1 1
v 2.30897 -15.43 41.7745 1 1 1
v 0.573887 -23.6038 41.7656 1 1 1
v 1.06233 -22.6147 40.7291 1 1 1
v 5.68939 1.73684 44.7962 1 1 1
v 2.45073 -16.2686 41.6338 1 1 1
v 2.5245 -16.0137 41.7389 1 1 1
v 2.42368 -17.9719 39.8663 1 1 1
v 2.6419 -16.4908 41.2034 1 1 1
v 2.98652 -16.1173 39.8228 1 1 1
v 2.26208 -19.4522 40.0366 1 1 1
v 2.26208 -19.4522 40.0366 1 1 1
v 2.55208 -17.1508 41.4092 1 1 1
v 1.60806 -22.7784 40.2928 1 1 1
v 3.54447 -13.1739 41.2209 1 1 1
v 3.32994 -13.3983 42.2446 1 1 1
v 1.49856 -22.752 40.9728 1 1 1
v 1.80295 -21.4321 40.7982 1 1 1
v 2.91889 -16.5649 40.5478 1 1 1
v 2.23988 -19.743 40.5961 1 1 1
v 3.28056 -15.4668 40.6556 1 1 1
v 1.37522 -24.1596 41.5104 1 1 1
v 3.72574 -12.2927 42.982 1 1 1
v 1.13087 -25.3245 40.9413 1 1 1
v 1.53629 -23.1001 41.5066 1 1 1
v 2.29877 -21.1612 39.5498 1 1 1
v 6.09312 -0.637623 44.7204 1 1 1
v 1.7257 -24.4692 39.9321 1 1 1
v 2.37556 -21.5378 39.6426 1 1 1
v 2.17758 -22.0177 40.457 1 1 1
v 3.79592 -14.0496 41.5643 1 1 1
v 3.81841 -12.454 43.834 1 1 1
v 3.46449 -14.1055 44.0276 1 1 1
v 6.37766 -0.878954 44.2987 1 1 1
v 3.33222 -15.1124 42.9369 1 1 1
v 6.43115 0.754713 45.9205 1 1 1
v 2.66239 -20.9114 39.6132 1 1 1
v 6.50117 -0.719436 44.4865 1 1 1
v 3.99501 -14.4381 40.7313 1 1 1
v 3.82808 -14.6089 41.4449 1 1 1
v 4.14294 -12.1075 43.8284 1 1 1
v 9.62715 8.58487 33.7102 1 1 1
v 2.6819 -20.6761 40.958 1 1 1
v 2.04813 -24.5637 40.4886 1 1 1
v 2.04813 -24.5637 40.4886 1 1 1
v 7.30088 1.08389 43.1223 1 1 1
v 7.30088 1.08389 43.1223 1 1 1
v 7.22447 1.36889 43.9111 1 1 1
v 3.56549 -16.7024 42.2132 1 1 1
v 1.97434 -25.9317 40.724 1 1 1
v 3.6396 -18.6488 39.5512 1 1 1
v 7.42294 1.59964 44.1294 1 1 1
v 3.52711 -19.2727 39.6704 1 1 1
v 3.35175 -19.4696 40.2619 1 1 1
v 7.43722 1.07824 43.5246 1 1 1
v 7.67708 0.644528 39.8093 1 1 1
v 4.98734 -11.2005 42.5182 1 1 1
v 7.44473 0.848907 43.9149 1 1 1
v 2.82689 -22.5322 40.8031 1 1 1
v 7.80665 1.18965 42.7172 1 1 1
v 5.03557 -12.0509 42.285 1 1 1
v 5.20032 -12.3743 40.9979 1 1 1
v 5.20032 -12.3743 40.9979 1 1 1
v 2.07641 -27.6731 40.5786 1 1 1
v 3.70329 -20.4405 39.7945 1 1 1
v 3.06978 -23.9148 39.8766 1 1 1
v 3.86091 -20.2732 39.8097 1 1 1
v 5.90346 -9.11958 42.3831 1 1 1
v 2.40595 -27.057 40.2038 1 1 1
v 3.83962 -20.7226 39.8019 1 1 1
v 6.49709 -7.77879 41.2257 1 1 1
v 6.52402 -7.74256 42.134 1 1 1
v 3.32742 -24.0227 40.1593 1 1 1
v 6.4078 -8.23379 43.1062 1 1 1
v 3.56136 -23.8785 39.5265 1 1 1
v 5.00768 -17.0663 40.0756 1 1 1
v 8.23704 -0.0272254 44.3253 1 1 1
v 8.6642 0.903464 42.8145 1 1 1
v 6.84279 -8.10408 42.0569 1 1 1
v 7.12067 -7.52545 42.2975 1 1 1
v 3.47891 -26.4713 38.5717 1 1 1
v 8.60562 -0.427378 44.5329 1 1 1
v 3.39073 -27.4235 39.3025 1 1 1
v 7.27297 -7.60895 43.1311 1 1 1
v 4.86132 -20.6066 39.7258 1 1 1
v 3.94992 -25.3726 39.5442 1 1 1
v 7.49844 -7.59103 41.5859 1 1 1
v 7.46153 -7.84321 41.0765 1 1 1
v 3.6677 -27.0146 39.105 1 1 1
v 3.95025 -25.8024 39.668 1 1 1
v 8.98551 0.21325 45.316 1 1 1
v 8.5849 -2.15296 47.3004 1 1 1
v 8.611 -2.15968 46.8899 1 1 1
v 4.47041 -24.6816 39.6286 1 1 1
v 9.12027 -1.47637 46.1953 1 1 1
v 8.77984 -3.34948 47.5921 1 1 1
v 7.12209 -13.6919 41.3626 1 1 1
v 8.30189 -8.12872 42.3691 1 1 1
v 5.42647 -25.4256 26.6026 1 1 1
v 5.42647 -25.4256 26.6026 1 1 1
v -21.0393 3.34639 29.2493 1 1 1
v -20.6696 -0.535201 27.6771 1 1 1
v -20.7498 0.03198 28.4032 1 1 1
v -38.1805 -10.1271 40.4675 1 1 1
v -32.9324 -7.49161 36.936 1 1 1
v -20.5577 0.239846 28.9547 1 1 1
v -26.2902 -4.24732 32.7994 1 1 1
v -22.3826 -0.360642 30.6705 1 1 1
v -22.6751 -0.830145 30.9407 1 1 1
v -19.4783 1.36785 28.9041 1 1 1
v -32.4392 -24.0417 31.876 1 1 1
v -21.9199 -0.636108 30.3837 1 1 1
v -20.3065 0.166741 29.4914 1 1 1
v -19.3725 0.0544837 29.1808 1 1 1
v -19.1254 0.4498 29.238 1 1 1
v -26.1698 -4.84117 34.0132 1 1 1
v -18.9878 1.16823 29.5804 1 1 1
v -19.6832 -0.268256 29.788 1 1 1
v -19.0678 -0.304387 29.3556 1 1 1
v -31.9284 -29.0055 31.5381 1 1 1
v -30.3346 -8.054 37.3026 1 1 1
v -26.4459 -5.18508 35.2875 1 1 1
v -18.6489 -0.442374 29.8218 1 1 1
v -19.464 -0.588972 30.7496 1 1 1
v -26.6963 -5.81712 35.8012 1 1 1
v -32.6989 -8.46465 40.6558 1 1 1
v -35.1922 -10.1663 42.7752 1 1 1
v -18.5517 0.318047 30.5321 1 1 1
v -26.5755 -5.33444 36.3733 1 1 1
v -17.9713 0.674286 30.3701 1 1 1
v -32.4934 -8.67856 41.6221 1 1 1
v -32.3538 -8.65589 41.4969 1 1 1
v -18.274 0.424741 31.1846 1 1 1
v -17.801 -0.665464 30.5703 1 1 1
v -18.0487 0.522743 31.2516 1 1 1
v -19.3273 -1.41998 32.2401 1 1 1
v -30.6152 -18.6436 37.5078 1 1 1
v -30.6007 -18.7056 37.5583 1 1 1
v -17.7511 0.222625 31.552 1 1 1
v -22.968 -3.7506 35.512 1 1 1
v -24.7755 -5.94498 36.7274 1 1 1
v -17.8974 -0.782662 31.757 1 1 1
v -18.7284 -1.87123 32.5317 1 1 1
v -19.8 -3.05259 33.2769 1 1 1
v -16.67 0.0148176 31.1763 1 1 1
v -20.4455 -2.8487 34.0225 1 1 1
v -19.1998 -2.14352 33.522 1 1 1
v -8.32054 15.4624 28.7988 1 1 1
v -17.5005 -1.85766 32.5154 1 1 1
v -22.2265 -4.43704 36.7965 1 1 1
v -21.7573 -4.73321 36.4294 1 1 1
v -7.77953 11.3125 27.4536 1 1 1
v -7.77953 11.3125 27.4536 1 1 1
v -18.1542 -3.68862 34.0774 1 1 1
v -7.34092 12.404 28.442 1 1 1
v -21.759 -5.06954 38.3249 1 1 1
v -15.7157 -2.15705 33.4784 1 1 1
v -17.1043 -3.4622 34.9207 1 1 1
v -18.2052 -3.76474 36.238 1 1 1
v -19.9132 -4.86252 38.0055 1 1 1
v -26.8938 -28.257 37.3013 1 1 1
v -28.6736 -21.6314 42.5289 1 1 1
v -4.46466 3.24076 22.8076 1 1 1
v -6.73369 14.0819 30.2599 1 1 1
v -6.23497 14.2474 30.1182 1 1 1
v -6.23497 14.2474 30.1182 1 1 1
v -19.6801 -4.63468 39.5092 1 1 1
v -27.7095 -23.5325 42.0395 1 1 1
v -26.2627 -22.4552 40.8787 1 1 1
v -27.3068 -20.5716 42.96 1 1 1
v -0.812224 3.17076 19.0453 1 1 1
v -5.17621 6.09804 25.8034 1 1 1
v -27.6096 -20.3721 43.7579 1 1 1
v -27.4098 -23.6416 42.4918 1 1 1
v -7.10391 9.10959 30.0763 1 1 1
v -4.85186 9.87606 28.0309 1 1 1
v -4.55055 9.68045 27.5653 1 1 1
v -25.207 -13.7936 45.3774 1 1 1
v -4.07252 10.2754 27.4522 1 1 1
v -4.89976 -4.13177 23.6944 1 1 1
v -3.96338 -3.55453 22.9056 1 1 1
v -2.02211 9.83706 26.2486 1 1 1
v -2.02846 9.85239 26.2536 1 1 1
v -3.46347 -3.22359 22.6888 1 1 1
v -3.55636 -3.14478 22.9198 1 1 1
v -3.1951 -2.73167 22.5712 1 1 1
v -2.21558 10.1826 26.9949 1 1 1
v -4.54214 -4.635 23.6634 1 1 1
v -2.26102 10.5562 27.286 1 1 1
v -2.01483 10.5064 26.895 1 1 1
v -1.80443 9.23544 26.3007 1 1 1
v -1.46664 6.61789 24.8263 1 1 1
v -1.47696 6.93504 25.026 1 1 1
v -1.37473 6.83951 24.8995 1 1 1
v -24.4197 -13.3864 50.8325 1 1 1
v -24.4131 -13.5294 51.131 1 1 1
v -24.321 -13.6864 51.1012 1 1 1
v -24.1358 -20.952 47.5222 1 1 1
v -0.834131 5.91726 24.2519 1 1 1
v -0.967682 6.11711 24.6729 1 1 1
v 0.0242123 12.5283 26.1681 1 1 1
v -1.63377 -0.207128 22.6581 1 1 1
v -0.765718 6.13652 24.5445 1 1 1
v -0.592716 6.21073 24.3443 1 1 1
v -0.927421 5.64069 24.7036 1 1 1
v -2.89682 -3.71745 23.5817 1 1 1
v -1.68379 -3.67476 21.7703 1 1 1
v 0.128472 13.9783 27.4257 1 1 1
v -3.71627 12.2229 33.1949 1 1 1
v -0.203079 -3.8433 19.5972 1 1 1
v -2.21296 -3.81063 23.2065 1 1 1
v -3.79766 12.2808 33.9132 1 1 1
v -4.4036 -5.36479 26.3801 1 1 1
v 0.986817 15.4055 27.5372 1 1 1
v 0.989418 12.1312 25.9281 1 1 1
v -0.44469 6.4191 25.4091 1 1 1
v 0.45477 15.2171 28.4742 1 1 1
v 0.980683 15.6449 27.8527 1 1 1
v -22.8964 -10.0522 55.5619 1 1 1
v -2.77962 11.0574 31.9609 1 1 1
v 0.91615 15.3375 27.9784 1 1 1
v -0.968238 -1.89985 22.4916 1 1 1
v -20.5475 -38.8758 38.78 1 1 1
v -19.305 -37.7404 37.2078 1 1 1
v -0.525402 6.45927 26.7033 1 1 1
v -22.9978 -14.7238 55.899 1 1 1
v -22.6973 -17.2195 54.1343 1 1 1
v -23.4976 -23.6326 52.2754 1 1 1
v -21.3701 -40.5116 40.5489 1 1 1
v -21.6721 -13.8192 54.7026 1 1 1
v -22.9807 -10.4756 58.8222 1 1 1
v -20.4724 -10.5806 54.2492 1 1 1
v -17.2035 -9.76555 49.0631 1 1 1
v 0.846525 6.74359 25.1457 1 1 1
v -22.7345 -26.4091 51.0926 1 1 1
v -14.2885 -8.38147 45.1912 1 1 1
v -21.9429 -29.8998 48.0444 1 1 1
v -21.2615 -36.9285 43.3571 1 1 1
v 1.32034 11.4956 27.1699 1 1 1
v 0.200807 -3.40396 21.3709 1 1 1
v 0.200807 -3.40396 21.3709 1 1 1
v -0.750211 -3.6809 23.3083 1 1 1
v -1.80495 -3.38101 25.8868 1 1 1
v 1.16651 10.7042 27.8466 1 1 1
v 0.975992 13.6553 30.0717 1 1 1
v 0.10399 -3.22314 22.668 1 1 1
v -0.0443068 -3.12709 23.0085 1 1 1
v 1.03506 10.5147 28.2416 1 1 1
v 1.32322 6.14375 25.6218 1 1 1
v 1.08079 2.86466 24.7326 1 1 1
v 1.40309 6.63253 26.2492 1 1 1
v 1.24002 5.12854 26.4146 1 1 1
v -0.231454 -3.89799 24.8837 1 1 1
v 1.57153 4.03309 26.5276 1 1 1
v 0.969016 0.374657 25.6145 1 1 1
v 0.773229 -3.37391 24.1315 1 1 1
v -17.6144 -18.6615 56.5302 1 1 1
v 2.31007 12.9928 31.6249 1 1 1
v 1.92101 2.61919 26.3192 1 1 1
v 1.67693 -2.20298 23.9951 1 1 1
v 1.9465 0.941951 25.4137 1 1 1
v 1.19652 0.0372209 26.4975 1 1 1
v 1.71771 -2.71038 23.9109 1 1 1
v 1.50974 0.189161 26.2552 1 1 1
v 1.32397 0.267335 26.6218 1 1 1
v 1.66825 0.274089 26.051 1 1 1
v 1.97503 8.82153 30.4817 1 1 1
v 2.2661 8.83086 30.1761 1 1 1
v 2.33123 7.8351 29.3521 1 1 1
v 1.68411 -2.47024 24.4481 1 1 1
v 1.75824 -2.884 24.3513 1 1 1
v 1.75824 -2.884 24.3513 1 1 1
v 2.38217 4.51791 28.0785 1 1 1
v 2.04303 -2.3616 24.4223 1 1 1
v 4.70811 14.1567 28.883 1 1 1
v 4.58427 14.0039 29.3129 1 1 1
v 1.94477 -2.59594 24.8359 1 1 1
v -13.1821 -9.30732 58.7215 1 1 1
v 3.28012 12.1712 32.3431 1 1 1
v -5.99225 -0.197174 48.3687 1 1 1
v -13.4059 -23.6541 51.9865 1 1 1
v 4.98047 13.168 29.7592 1 1 1
v -13.2621 -26.3417 51.3954 1 1 1
v -12.6684 -24.9426 51.8316 1 1 1
v -12.6684 -24.9426 51.8316 1 1 1
v -12.4487 -25.4409 51.1887 1 1 1
v -12.4487 -25.4409 51.1887 1 1 1
v -12.5555 -27.4069 50.716 1 1 1
v -12.1257 -24.2011 52.0627 1 1 1
v 1.81713 8.24298 36.6857 1 1 1
v -11.2527 -23.2691 51.6109 1 1 1
v -11.8173 -23.6987 52.6817 1 1 1
v -11.7945 -24.2738 52.4742 1 1 1
v -11.7352 -24.2211 52.3191 1 1 1
v -10.7817 -23.1365 51.8124 1 1 1
v -11.3105 -23.5414 52.857 1 1 1
v -0.21443 4.77215 41.5555 1 1 1
v 4.58389 11.1509 32.628 1 1 1
v -10.2597 -23.189 51.8466 1 1 1
v -10.4265 -25.0866 51.14 1 1 1
v -10.3838 -23.8716 51.8952 1 1 1
v -10.178 -23.7198 51.4978 1 1 1
v -9.98109 -22.7905 52.5713 1 1 1
v -10.1197 -23.3174 52.7407 1 1 1
v -9.631 -24.3224 51.3367 1 1 1
v -9.631 -24.3224 51.3367 1 1 1
v -8.90218 -22.8001 51.3293 1 1 1
v -9.4794 -23.2744 52.5355 1 1 1
v 3.0826 8.11604 37.3133 1 1 1
v -9.567 -24 52.5995 1 1 1
v -9.567 -24 52.5995 1 1 1
v -8.50979 -24.1574 51.3667 1 1 1
v -8.50979 -24.1574 51.3667 1 1 1
v -9.3628 -32.1529 48.3132 1 1 1
v -9.26568 -32.3459 48.0668 1 1 1
v -8.02997 -23.4662 51.7968 1 1 1
v -7.86346 -23.9617 51.0628 1 1 1
v 1.65112 -5.56936 35.498 1 1 1
v 2.58174 1.51057 45.1309 1 1 1
v -0.855445 -6.51562 55.1012 1 1 1
v 1.11696 -2.26458 51.6175 1 1 1
v 0.216312 -5.80068 54.0468 1 1 1
v 0.876996 -13.4776 42.7458 1 1 1
v -3.79489 -26.2455 51.3566 1 1 1
v 0.906123 -12.8638 44.5574 1 1 1
v 1.20894 -13.1138 42.3653 1 1 1
v -2.88427 -24.3348 50.352 1 1 1
v -2.47092 -23.4707 50.0658 1 1 1
v 0.888441 -15.5737 42.0233 1 1 1
v -2.7878 -25.084 49.9571 1 1 1
v 1.55297 -11.4745 44.5173 1 1 1
v 1.71177 -11.4739 43.7064 1 1 1
v 4.84748 1.81184 43.5206 1 1 1
v 1.04168 -14.1735 43.7713 1 1 1
v 1.07017 -14.6763 43.7452 1 1 1
v 1.9301 -11.8109 43.1447 1 1 1
v 1.85625 -11.9998 43.4805 1 1 1
v 1.77046 -12.0925 43.8404 1 1 1
v -1.73754 -24.2975 47.813 1 1 1
v 1.28572 -15.2829 42.5921 1 1 1
v -1.73373 -24.1878 48.4071 1 1 1
v 1.65216 -14.1546 42.2011 1 1 1
v 2.19983 -12.3009 42.4493 1 1 1
v 2.76891 -3.10838 53.0087 1 1 1
v 3.53312 -11.0742 37.6679 1 1 1
v 2.49419 -4.79149 53.4656 1 1 1
v 2.11552 -12.9382 44.1198 1 1 1
v 0.118684 -22.2427 44.5146 1 1 1
v 1.59989 -17.187 42.4766 1 1 1
v 3.64019 -6.56875 46.3264 1 1 1
v 3.64019 -6.56875 46.3264 1 1 1
v 4.26825 -1.76578 49.2483 1 1 1
v 0.719379 -23.0542 42.7299 1 1 1
v 2.71185 -12.929 44.0605 1 1 1
v 6.13467 0.972914 43.5145 1 1 1
v 2.01132 -17.0165 43.3223 1 1 1
v 2.58175 -15.9458 41.9789 1 1 1
v 1.27585 -21.671 41.6442 1 1 1
v 2.65386 -17.8846 39.125 1 1 1
v 5.79065 -0.0295002 45.5296 1 1 1
v 2.76196 -15.7269 42.009 1 1 1
v 2.31836 -16.2453 43.6189 1 1 1
v 2.66348 -16.8459 41.0217 1 1 1
v 2.11524 -19.8278 40.8928 1 1 1
v 1.63478 -21.7912 41.1835 1 1 1
v 3.05333 -12.785 45.9927 1 1 1
v 6.95895 1.43268 42.6871 1 1 1
v 5.711 -0.857383 48.2041 1 1 1
v 2.06534 -21.3487 40.8122 1 1 1
v 3.31263 -14.877 42.8333 1 1 1
v 2.39342 -21.3396 40.5612 1 1 1
v 3.89668 -13.0445 43.075 1 1 1
v 6.93433 1.18743 44.7051 1 1 1
v 4.06561 -12.3133 44.199 1 1 1
v 6.20816 -1.0133 47.2883 1 1 1
v 3.91861 -14.0666 43.0901 1 1 1
v 2.91057 -21.3229 39.665 1 1 1
v 3.15589 -20.1888 40.2614 1 1 1
v 2.88426 -20.5755 41.1594 1 1 1
v 3.60141 -17.8537 40.7907 1 1 1
v 1.91818 -25.1464 41.433 1 1 1
v 4.56935 -14.1544 41.4699 1 1 1
v 3.47055 -18.923 41.2603 1 1 1
v 7.87349 1.91544 44.0899 1 1 1
v 5.64542 -9.37142 42.191 1 1 1
v 5.75305 -8.97536 43.0284 1 1 1
v 7.66798 0.446508 45.4783 1 1 1
v 3.84833 -18.7797 41.5812 1 1 1
v 2.39988 -26.1526 41.134 1 1 1
v 6.36581 -8.18329 41.5598 1 1 1
v 7.94429 1.03302 45.9755 1 1 1
v 7.86901 -0.573645 44.1893 1 1 1
v 3.18003 -23.8434 40.2536 1 1 1
v 6.48943 -7.58755 42.9895 1 1 1
v 2.10742 -28.6806 41.2287 1 1 1
v 8.09407 -0.133072 44.8439 1 1 1
v 3.08497 -24.7448 40.4705 1 1 1
v 8.06074 0.127321 45.8924 1 1 1
v 6.88419 -7.66752 40.9407 1 1 1
v 8.25156 -0.344344 44.0128 1 1 1
v 3.14477 -25.0793 40.402 1 1 1
v 6.75241 -8.37498 41.8199 1 1 1
v 6.61693 -8.44159 42.554 1 1 1
v 4.6021 -18.4323 40.9425 1 1 1
v 8.21545 0.216256 46.4612 1 1 1
v 6.81052 -8.66508 41.3713 1 1 1
v 6.65044 -8.76068 42.2763 1 1 1
v 8.37629 -0.173923 45.06 1 1 1
v 3.43076 -25.2231 39.4925 1 1 1
v 3.04296 -26.9541 39.2787 1 1 1
v 7.74742 -1.68578 50.3093 1 1 1
v 7.79231 -1.69978 49.9075 1 1 1
v 3.18318 -26.7912 39.6188 1 1 1
v 3.2078 -27.1514 39.4148 1 1 1
v 8.46844 -0.869695 46.6595 1 1 1
v 7.15695 -8.50477 42.4795 1 1 1
v 8.1042 -2.52503 48.022 1 1 1
v 8.87587 0.280844 46.4545 1 1 1
v 7.18999 -10.8136 42.1044 1 1 1
v 7.99853 -7.74724 43.3742 1 1 1
v 7.99853 -7.74724 43.3742 1 1 1
v -17.2473 5.15513 26.9107 1 1 1
v -19.4583 2.70709 27.7365 1 1 1
v -17.0213 6.4025 27.1895 1 1 1
v -17.7538 14.3814 30.6228 1 1 1
v -37.1553 -9.31128 37.8229 1 1 1
v -38.4918 -9.22975 39.0912 1 1 1
v -38.676 -9.4039 39.5018 1 1 1
v -37.8755 -11.502 38.1884 1 1 1
v -41.8325 -10.9885 41.5495 1 1 1
v -19.502 1.91911 28.7594 1 1 1
v -22.9704 -0.672404 30.8556 1 1 1
v -29.018 -29.54 25.7023 1 1 1
v -30.1633 -30.4902 26.7317 1 1 1
v -19.3177 1.24426 29.245 1 1 1
v -23.7099 -0.896821 32.3123 1 1 1
v -34.5655 -9.90666 38.2431 1 1 1
v -21.6838 -0.253913 30.9722 1 1 1
v -21.8114 -0.251635 31.0781 1 1 1
v -35.5016 -7.8318 40.1011 1 1 1
v -21.1747 -0.654584 30.9659 1 1 1
v -18.9271 1.13248 29.7731 1 1 1
v -10.475 15.9856 28.6475 1 1 1
v -33.3611 -7.95962 40.0535 1 1 1
v -19.695 -0.573012 30.8802 1 1 1
v -27.7803 -23.3829 30.0962 1 1 1
v -32.5339 -8.31664 39.9275 1 1 1
v -29.7902 -6.4169 38.4072 1 1 1
v -19.3942 -0.760404 31.1499 1 1 1
v -28.3705 -6.26534 37.2478 1 1 1
v -28.856 -6.7292 37.5328 1 1 1
v -24.841 -3.84375 35.242 1 1 1
v -28.4658 -6.80532 37.5808 1 1 1
v -18.3938 -0.825027 31.1109 1 1 1
v -22.6798 -3.41473 34.3677 1 1 1
v -22.5842 -3.4093 34.2833 1 1 1
v -21.5379 -2.27061 33.7871 1 1 1
v -25.2486 -4.38849 36.4925 1 1 1
v -18.4743 -0.676356 31.5284 1 1 1
v -25.5121 -4.28271 36.8785 1 1 1
v -9.3876 14.5842 28.9861 1 1 1
v -18.1648 -1.14577 31.908 1 1 1
v -18.4488 -1.48436 32.0661 1 1 1
v -17.5255 0.21626 31.8303 1 1 1
v -25.9085 -5.87209 37.6789 1 1 1
v -17.5753 0.0785005 31.8623 1 1 1
v -8.18144 14.9105 28.7242 1 1 1
v -24.7625 -4.73795 37.2413 1 1 1
v -10.3652 13.2983 30.3616 1 1 1
v -19.9128 -1.94759 34.1271 1 1 1
v -24.316 -4.40131 37.9507 1 1 1
v -6.34373 15.3962 27.7622 1 1 1
v -8.02279 14.7744 29.3145 1 1 1
v -21.5559 -3.97849 35.9132 1 1 1
v -31.8725 -8.68805 45.277 1 1 1
v -8.42637 12.8173 29.4619 1 1 1
v -19.9882 -3.48572 35.1331 1 1 1
v -5.83102 10.6468 26.0721 1 1 1
v -16.3983 -11.8751 28.1389 1 1 1
v -30.7632 -12.1034 43.0776 1 1 1
v -30.0655 -13.1691 42.1592 1 1 1
v -21.818 -4.53716 37.1085 1 1 1
v -31.1401 -9.69599 45.1029 1 1 1
v -18.9877 -2.82326 35.4134 1 1 1
v -6.91139 14.0808 29.4014 1 1 1
v -6.91139 14.0808 29.4014 1 1 1
v -24.0102 -5.2986 40.0154 1 1 1
v -6.94687 9.93341 27.8287 1 1 1
v -19.7731 -3.62094 36.2021 1 1 1
v -16.5649 -1.83003 33.4731 1 1 1
v -7.38398 9.73932 28.3493 1 1 1
v -20.404 -4.16819 36.9904 1 1 1
v -5.45862 3.43682 23.7532 1 1 1
v -5.45862 3.43682 23.7532 1 1 1
v -5.51171 3.44501 23.8256 1 1 1
v -5.75513 3.52552 24.0903 1 1 1
v -6.94839 9.51869 28.1684 1 1 1
v -7.25131 6.74341 27.3207 1 1 1
v -16.832 -2.00358 34.4291 1 1 1
v -16.832 -2.00358 34.4291 1 1 1
v -19.8433 -4.15795 36.9405 1 1 1
v -7.11444 9.7936 28.6736 1 1 1
v -7.30896 2.05029 25.6701 1 1 1
v -6.25653 14.1372 29.7721 1 1 1
v -7.06051 9.25326 28.674 1 1 1
v -18.0802 -3.41402 36.2023 1 1 1
v -11.2851 -2.6296 29.2164 1 1 1
v -19.435 -4.32593 38.2288 1 1 1
v -6.11287 9.38191 28.7527 1 1 1
v -27.4082 -28.5612 37.723 1 1 1
v -6.19964 9.39527 29.1724 1 1 1
v -6.31181 9.23925 29.2581 1 1 1
v -5.69396 9.37179 28.7563 1 1 1
v -5.49074 6.19426 27.1641 1 1 1
v -3.78439 14.4485 28.8201 1 1 1
v -4.65593 10.6365 28.1594 1 1 1
v -4.19285 9.57114 27.5339 1 1 1
v -24.6657 -21.2909 39.3724 1 1 1
v -4.14406 10.0284 27.9821 1 1 1
v -4.1791 9.57453 27.9446 1 1 1
v -6.4132 9.34165 30.7041 1 1 1
v -2.44049 13.5382 27.649 1 1 1
v -2.44049 13.5382 27.649 1 1 1
v -2.15704 14.9869 27.9624 1 1 1
v -4.12105 6.71321 26.7041 1 1 1
v -26.6798 -21.5189 43.1753 1 1 1
v -26.6485 -13.2736 47.0122 1 1 1
v -26.6113 -23.7641 42.4501 1 1 1
v -1.96076 14.5137 28.0985 1 1 1
v -2.15888 9.85698 26.2356 1 1 1
v -2.04206 14.5325 28.3347 1 1 1
v -4.31202 9.71792 29.0231 1 1 1
v -4.0879 -2.87737 23.0831 1 1 1
v -5.28218 -4.45382 24.1015 1 1 1
v -4.35468 -3.49724 23.3822 1 1 1
v -4.05888 -3.53839 22.9536 1 1 1
v -3.85371 -3.12736 23.0869 1 1 1
v -3.85121 -3.04971 23.2004 1 1 1
v -0.695114 13.5648 26.9625 1 1 1
v -4.24201 -4.0744 23.643 1 1 1
v 0.0120277 13.1904 26.2543 1 1 1
v -4.47521 -4.5335 24.1241 1 1 1
v -1.29423 6.65797 25.071 1 1 1
v -1.07529 6.51622 24.6847 1 1 1
v -1.02789 6.41662 24.6497 1 1 1
v -3.98847 -4.06576 23.8124 1 1 1
v -1.6239 5.83858 25.2315 1 1 1
v -1.6239 5.83858 25.2315 1 1 1
v 0.741694 12.506 25.3438 1 1 1
v -1.3298 6.01912 25.22 1 1 1
v -3.78677 -4.13362 23.8618 1 1 1
v -2.64911 11.0488 29.6128 1 1 1
v -1.96764 3.03102 24.8023 1 1 1
v -3.8938 -4.14315 24.1703 1 1 1
v -3.0093 11.6258 31.1425 1 1 1
v -21.8969 -37.4708 34.7358 1 1 1
v -1.79456 -3.37036 22.2771 1 1 1
v -4.00698 -5.36821 24.8744 1 1 1
v -1.95318 10.4217 29.5411 1 1 1
v -1.95318 10.4217 29.5411 1 1 1
v -0.729829 6.51772 25.8771 1 1 1
v -0.130122 6.45828 25.0674 1 1 1
v -3.57901 1.95665 27.9748 1 1 1
v -3.57901 1.95665 27.9748 1 1 1
v 1.01221 12.3364 26.3905 1 1 1
v -3.95094 11.4465 33.5937 1 1 1
v -24.1531 -18.4614 50.4103 1 1 1
v 0.371222 6.83647 25.6084 1 1 1
v 1.1717 11.0346 26.5919 1 1 1
v -1.85758 -3.47725 24.1138 1 1 1
v -0.871482 -2.23101 23.1567 1 1 1
v 0.782181 6.62914 25.2001 1 1 1
v -0.432318 -3.28323 22.0986 1 1 1
v -1.1024 -2.9977 23.3929 1 1 1
v -23.0819 -10.0692 56.4164 1 1 1
v -24.3278 -14.2662 56.5399 1 1 1
v -3.68901 -4.57032 27.4724 1 1 1
v 0.934546 14.035 29.7572 1 1 1
v -24.5722 -23.0519 53.0976 1 1 1
v -23.528 -21.4476 52.5853 1 1 1
v -23.8275 -22.1899 52.7166 1 1 1
v -1.06762 -3.34507 24.2554 1 1 1
v 0.834749 10.689 28.6743 1 1 1
v -0.2564 -3.03314 23.2444 1 1 1
v 0.316355 10.9758 30.2002 1 1 1
v 0.315039 2.20459 25.2859 1 1 1
v -22.0461 -37.5462 42.9792 1 1 1
v 1.34999 13.4573 30.0395 1 1 1
v -0.549401 -3.49198 24.0101 1 1 1
v 2.32827 6.06766 24.2422 1 1 1
v -22.1379 -30.3259 47.8 1 1 1
v -21.9768 -10.0718 58.907 1 1 1
v 1.11881 12.4879 30.2241 1 1 1
v -21.8009 -29.4729 47.9825 1 1 1
v -21.8009 -29.4729 47.9825 1 1 1
v -0.181508 -3.51628 23.7955 1 1 1
v -0.181508 -3.51628 23.7955 1 1 1
v -0.112349 -3.58872 23.661 1 1 1
v 0.18062 -3.18989 23.361 1 1 1
v -17.6674 -37.0895 36.9713 1 1 1
v 1.43849 6.77436 26.7963 1 1 1
v 0.962722 0.659631 25.3131 1 1 1
v 1.26717 12.7124 31.7455 1 1 1
v 1.34885 1.03764 25.0229 1 1 1
v 1.17181 4.39349 27.3115 1 1 1
v 2.57017 13.0598 29.9115 1 1 1
v 0.564475 8.6188 31.2048 1 1 1
v 0.561861 -3.57161 24.0191 1 1 1
v 0.818773 -3.21287 23.9284 1 1 1
v 1.41919 3.91683 26.9373 1 1 1
v 1.12235 0.11677 25.4438 1 1 1
v 0.809171 -3.31505 24.2246 1 1 1
v 0.957901 -2.57543 24.4263 1 1 1
v 1.38936 3.78155 27.3426 1 1 1
v 1.34461 -1.97392 24.1184 1 1 1
v 0.915272 -3.21221 24.29 1 1 1
v 1.42613 4.38542 27.8755 1 1 1
v 1.38978 4.40828 28.032 1 1 1
v 0.850061 -3.26375 24.6162 1 1 1
v 1.96261 12.5845 32.0213 1 1 1
v 1.50597 4.34895 28.0006 1 1 1
v 1.6824 1.41328 25.9399 1 1 1
v 1.3725 -2.37985 24.2008 1 1 1
v 1.64336 0.499797 26.0681 1 1 1
v 1.31567 8.70094 32.0504 1 1 1
v -17.2997 -10.4516 59.268 1 1 1
v -0.297423 8.39546 35.2488 1 1 1
v 2.27558 9.08276 30.2897 1 1 1
v -16.987 -10.4912 59.1549 1 1 1
v 1.36176 -2.87234 24.8517 1 1 1
v 2.27229 1.48692 25.9415 1 1 1
v 2.26349 10.4733 31.5697 1 1 1
v -17.3408 -10.4485 60.5772 1 1 1
v 1.65334 -2.40174 24.9365 1 1 1
v 2.79914 12.5968 31.8979 1 1 1
v 1.68446 -2.39934 24.8776 1 1 1
v 2.4657 9.05158 30.4118 1 1 1
v 2.19576 4.68007 28.3475 1 1 1
v -16.4514 -9.95302 59.7361 1 1 1
v 1.76527 -2.33333 24.9478 1 1 1
v 1.59457 -2.6827 25.1339 1 1 1
v 1.63663 -2.48129 25.3217 1 1 1
v 2.93716 9.63908 30.3522 1 1 1
v 4.96545 13.7594 28.93 1 1 1
v 3.0887 8.75722 30.5438 1 1 1
v 3.89558 11.7074 31.9339 1 1 1
v 3.77591 11.8846 32.2879 1 1 1
v 3.57101 11.7146 33.2752 1 1 1
v 2.77425 9.79741 34.2362 1 1 1
v -10.6474 -36.7891 36.0279 1 1 1
v -13.5679 -24.6225 52.6942 1 1 1
v 1.56614 8.47623 37.4665 1 1 1
v -13.532 -27.2036 51.6243 1 1 1
v 4.78094 11.1397 32.0881 1 1 1
v -12.2789 -23.2049 52.698 1 1 1
v -12.5236 -23.7526 52.9672 1 1 1
v -12.3635 -25.0326 52.2422 1 1 1
v -12.3635 -25.0326 52.2422 1 1 1
v -12.405 -25.728 52.0875 1 1 1
v -12.2443 -25.5498 51.7019 1 1 1
v -11.9937 -27.2984 50.4696 1 1 1
v -12.184 -27.4923 50.8518 1 1 1
v -11.8123 -27.5235 51.318 1 1 1
v -11.8123 -27.5235 51.318 1 1 1
v -11.1746 -25.4488 51.8823 1 1 1
v 2.93915 8.23369 37.8466 1 1 1
v -10.9244 -27.2115 50.5621 1 1 1
v -11.0367 -27.3332 50.8053 1 1 1
v -10.6626 -27.3612 51.2994 1 1 1
v -10.6626 -27.3612 51.2994 1 1 1
v -9.9717 -27.2733 50.9924 1 1 1
v -9.9717 -27.2733 50.9924 1 1 1
v -9.40525 -27.0924 51.0714 1 1 1
v -9.40525 -27.0924 51.0714 1 1 1
v -8.79358 -25.6952 51.4276 1 1 1
v -8.79358 -25.6952 51.4276 1 1 1
v -3.83669 -6.96639 57.0981 1 1 1
v -4.0557 -7.02977 57.8356 1 1 1
v 2.363 3.48723 44.6442 1 1 1
v 5.93326 8.42629 37.4491 1 1 1
v 8.17534 11.3447 32.3128 1 1 1
v -3.5966 -19.6848 48.0803 1 1 1
v -3.35217 -7.07802 60.7043 1 1 1
v 3.63179 1.4051 46.105 1 1 1
v 3.63179 1.4051 46.105 1 1 1
v 0.309893 -13.2549 44.817 1 1 1
v 0.553587 -13.0672 44.5785 1 1 1
v 0.703434 -13.1566 44.6552 1 1 1
v 1.1051 -13.3469 43.8453 1 1 1
v 5.95422 5.19356 42.3346 1 1 1
v 0.542503 -16.2575 44.2 1 1 1
v 0.910698 -15.0228 43.8469 1 1 1
v -0.122702 -20.7743 42.8597 1 1 1
v -0.473204 -21.4398 45.0825 1 1 1
v 1.64173 -4.78819 55.6299 1 1 1
v 0.0752998 -21.1816 43.4563 1 1 1
v 0.162253 -20.7208 43.7897 1 1 1
v 0.245307 -20.5909 43.5177 1 1 1
v 1.44146 -15.604 43.642 1 1 1
v 3.05568 -2.86227 51.9884 1 1 1
v 2.14957 -13.0482 46.5693 1 1 1
v 1.8315 -16.943 43.3994 1 1 1
v 9.58493 8.75438 34.305 1 1 1
v 9.58493 8.75438 34.305 1 1 1
v 0.888713 -22.6404 41.977 1 1 1
v 2.79803 -12.5573 45.0257 1 1 1
v 1.949 -17.6588 42.7548 1 1 1
v 1.949 -17.6588 42.7548 1 1 1
v 0.909988 -23.1554 41.4546 1 1 1
v 1.49746 -22.08 39.5586 1 1 1
v 2.63958 -13.4287 44.6428 1 1 1
v 2.63958 -13.4287 44.6428 1 1 1
v 5.97759 1.4075 46.7953 1 1 1
v 5.82231 -0.0590147 46.7503 1 1 1
v 6.40861 0.687277 45.8334 1 1 1
v 3.1508 -13.3055 45.4923 1 1 1
v 2.30738 -20.1979 40.9576 1 1 1
v 3.61418 -13.1733 43.9046 1 1 1
v 1.90361 -22.4084 40.974 1 1 1
v 1.98117 -21.9161 41.2367 1 1 1
v 2.30484 -20.8029 41.0959 1 1 1
v 3.3171 -14.9432 43.2697 1 1 1
v 0.774554 -27.6788 41.7522 1 1 1
v 3.70244 -13.6851 44.3228 1 1 1
v 3.74434 -13.577 43.9602 1 1 1
v 2.05983 -22.6468 41.0386 1 1 1
v 6.81574 1.12047 47.2526 1 1 1
v 6.81574 1.12047 47.2526 1 1 1
v 2.64367 -20.2871 41.6102 1 1 1
v 2.38226 -21.4072 41.6677 1 1 1
v 3.36377 -16.7671 42.5743 1 1 1
v 2.73423 -20.4349 41.2125 1 1 1
v 4.55762 -11.567 44.3736 1 1 1
v 2.24133 -23.7607 40.8639 1 1 1
v 7.24768 1.07378 46.7384 1 1 1
v 4.92162 -10.1263 44.9385 1 1 1
v 4.43227 -12.0251 45.0181 1 1 1
v 3.36997 -20.4836 41.0384 1 1 1
v 5.48164 -9.05451 44.8138 1 1 1
v 2.52993 -24.5089 40.8154 1 1 1
v 2.50544 -24.5974 40.9267 1 1 1
v 5.67098 -9.51993 44.0924 1 1 1
v 3.21155 -22.0275 41.059 1 1 1
v 6.24768 -8.11501 44.0408 1 1 1
v 2.58359 -26.5379 40.1063 1 1 1
v 2.89632 -24.7431 41.0731 1 1 1
v 3.10014 -24.2898 40.7476 1 1 1
v 3.60621 -21.8877 41.8913 1 1 1
v 4.07835 -20.8969 41.4093 1 1 1
v 8.33145 0.629499 48.0965 1 1 1
v 4.22661 -20.2686 42.2667 1 1 1
v 6.62371 -8.06239 46.5778 1 1 1
v 6.95321 -7.91635 44.8313 1 1 1
v -23.1083 -0.163321 29.1193 1 1 1
v -19.5334 3.1799 27.8579 1 1 1
v -22.634 0.202383 28.9209 1 1 1
v -20.9949 0.618353 27.9901 1 1 1
v -26.8769 -3.08144 31.6984 1 1 1
v -26.8769 -3.08144 31.6984 1 1 1
v -19.8514 1.20371 28.1315 1 1 1
v -19.195 2.33242 28.1127 1 1 1
v -19.4841 1.27767 28.0548 1 1 1
v -19.1122 2.2078 28.1755 1 1 1
v -19.1122 2.2078 28.1755 1 1 1
v -26.4586 -3.1991 31.7886 1 1 1
v -26.4586 -3.1991 31.7886 1 1 1
v -20.193 1.06414 28.7535 1 1 1
v -19.6646 1.19439 28.411 1 1 1
v -20.9134 0.435073 29.1042 1 1 1
v -34.0026 -13.0794 33.8584 1 1 1
v -21.2777 0.3096 29.5513 1 1 1
v -32.245 -31.7915 25.8953 1 1 1
v -36.5293 -9.34833 37.8199 1 1 1
v -32.5582 -32.0533 26.0768 1 1 1
v -21.1629 0.18066 29.6189 1 1 1
v -21.1629 0.18066 29.6189 1 1 1
v -22.0886 -0.465107 30.1181 1 1 1
v -22.6246 -0.645582 30.5384 1 1 1
v -38.3396 -12.6545 38.3819 1 1 1
v -36.8275 -9.93561 38.4717 1 1 1
v -32.6181 -32.2697 26.4791 1 1 1
v -22.2299 -0.27042 30.7939 1 1 1
v -18.9725 1.31316 28.8399 1 1 1
v -38.5874 -13.84 38.5199 1 1 1
v -36.7161 -9.73384 38.7833 1 1 1
v -18.868 1.25317 28.8687 1 1 1
v -18.868 1.25317 28.8687 1 1 1
v -19.9018 0.341797 29.3978 1 1 1
v -18.7371 1.28278 28.901 1 1 1
v -31.8031 -31.2064 26.7713 1 1 1
v -19.6133 0.198226 29.3236 1 1 1
v -19.6133 0.198226 29.3236 1 1 1
v -19.1018 0.5492 29.1569 1 1 1
v -19.1018 0.5492 29.1569 1 1 1
v -19.2732 0.329329 29.2843 1 1 1
v -18.5752 1.20119 29.2094 1 1 1
v -11.5743 14.3102 28.6973 1 1 1
v -19.0555 -0.0661058 29.1454 1 1 1
v -19.0555 -0.0661058 29.1454 1 1 1
v -19.2505 -0.185338 29.4194 1 1 1
v -19.1144 -0.076909 29.3694 1 1 1
v -29.9493 -30.2412 26.55 1 1 1
v -34.3858 -24.3853 32.8705 1 1 1
v -18.9073 -0.0761962 29.638 1 1 1
v -19.0288 -0.544899 30.0688 1 1 1
v -19.0288 -0.544899 30.0688 1 1 1
v -18.1407 0.763524 29.9012 1 1 1
v -34.1341 -20.7918 34.9274 1 1 1
v -18.7549 -0.386466 30.02 1 1 1
v -18.7946 -0.466244 30.2172 1 1 1
v -18.3948 1.00087 30.4818 1 1 1
v -32.8648 -8.22058 39.3236 1 1 1
v -18.0839 0.358603 30.2242 1 1 1
v -35.5417 -10.0712 41.4021 1 1 1
v -34.7897 -9.85574 41.2141 1 1 1
v -18.0777 0.203975 30.5741 1 1 1
v -34.8345 -9.66016 41.866 1 1 1
v -18.1488 -0.665375 30.9407 1 1 1
v -18.0811 -0.597971 31.0103 1 1 1
v -25.1754 -16.4546 31.0193 1 1 1
v -26.799 -6.13642 36.704 1 1 1
v -32.0305 -8.95221 40.4648 1 1 1
v -28.9844 -32.0114 28.2364 1 1 1
v -28.9844 -32.0114 28.2364 1 1 1
v -17.8174 -0.528167 31.1162 1 1 1
v -20.8834 -2.01164 33.471 1 1 1
v -31.779 -8.42876 40.9032 1 1 1
v -26.9673 -6.2471 37.3731 1 1 1
v -26.9673 -6.2471 37.3731 1 1 1
v -20.5899 -2.0036 33.3754 1 1 1
v -20.7472 -2.31013 33.401 1 1 1
v -17.9173 -0.980781 31.4232 1 1 1
v -20.7893 -2.43371 33.533 1 1 1
v -20.4656 -2.23197 33.4501 1 1 1
v -20.0303 -2.05885 33.2123 1 1 1
v -20.0303 -2.05885 33.2123 1 1 1
v -26.5896 -6.20395 37.7272 1 1 1
v -17.2749 0.153894 31.7373 1 1 1
v -20.2519 -2.07536 33.6952 1 1 1
v -20.2734 -2.48115 33.5386 1 1 1
v -25.5776 -5.52035 37.3707 1 1 1
v -22.8869 -3.85888 35.5135 1 1 1
v -24.3422 -4.55 36.6563 1 1 1
v -25.6088 -5.66994 37.4771 1 1 1
v -17.0518 -0.00635318 31.7034 1 1 1
v -14.6031 1.61355 29.9247 1 1 1
v -25.1992 -6.02616 37.2459 1 1 1
v -24.0629 -4.72873 36.8041 1 1 1
v -16.9361 0.0281388 32.0847 1 1 1
v -6.72611 14.5242 28.4919 1 1 1
v -19.826 -2.48426 34.0235 1 1 1
v -6.08176 10.8053 26.4011 1 1 1
v -24.806 -5.69773 38.1085 1 1 1
v -6.38046 11.927 27.5527 1 1 1
v -7.56029 12.9554 29.2759 1 1 1
v -22.2482 -4.65424 36.846 1 1 1
v -22.2984 -4.69627 37.1284 1 1 1
v -6.19893 3.95571 24.4176 1 1 1
v -19.0015 -3.13629 34.7305 1 1 1
v -30.2377 -10.7655 43.0467 1 1 1
v -21.845 -4.69422 37.0022 1 1 1
v -30.435 -13.8235 42.1869 1 1 1
v -27.1465 -15.5527 37.9479 1 1 1
v -6.44358 3.49866 24.7749 1 1 1
v -6.44358 3.49866 24.7749 1 1 1
v -4.98791 11.4998 26.8666 1 1 1
v -21.2454 -4.47588 36.9213 1 1 1
v -29.5509 -12.5764 42.2562 1 1 1
v -5.31219 13.8551 28.9314 1 1 1
v -6.01363 5.1003 25.738 1 1 1
v -21.6677 -5.00194 38.1745 1 1 1
v -5.91314 5.08187 25.8017 1 1 1
v -21.7258 -5.1616 38.5075 1 1 1
v -4.52443 3.27217 23.59 1 1 1
v -15.2154 -1.67364 33.183 1 1 1
v -25.4921 -34.6652 29.988 1 1 1
v -4.75117 6.38924 25.6464 1 1 1
v -17.9035 -3.5959 35.9263 1 1 1
v -18.5612 -3.93627 36.8395 1 1 1
v -29.1184 -12.1308 45.1107 1 1 1
v -4.82678 6.04724 26.0093 1 1 1
v -5.53423 6.13053 26.8767 1 1 1
v -4.72505 6.01569 25.89 1 1 1
v -3.01196 11.1074 26.3345 1 1 1
v -2.97538 11.0826 26.3133 1 1 1
v -4.04799 14.0884 29.1029 1 1 1
v -28.685 -29.2172 38.0665 1 1 1
v -5.98587 8.95063 29.3353 1 1 1
v -5.40464 6.48177 27.5655 1 1 1
v -2.57909 5.31591 23.6144 1 1 1
v 8.92594 0.993585 8.29149 1 1 1
v -3.00035 14.7064 28.8267 1 1 1
v -28.032 -20.7038 41.7451 1 1 1
v -24.4458 -35.3601 30.8339 1 1 1
v -24.4418 -15.9043 41.5014 1 1 1
v -27.2756 -20.4711 42.8526 1 1 1
v -1.89583 9.90406 26.5722 1 1 1
v -27.7355 -13.5966 48.0996 1 1 1
v -3.73359 -2.98842 22.8382 1 1 1
v 0.35301 12.2844 25.2225 1 1 1
v -26.0013 -19.7548 43.3924 1 1 1
v -0.937608 6.12954 24.0047 1 1 1
v -26.9081 -23.8888 42.7273 1 1 1
v -25.8168 -19.9238 43.3582 1 1 1
v 0.477228 11.9267 25.2958 1 1 1
v -26.4305 -22.2699 44.1751 1 1 1
v -26.4305 -22.2699 44.1751 1 1 1
v -26.0629 -21.5636 44.1912 1 1 1
v -1.37096 10.3652 27.4965 1 1 1
v -1.55141 2.58684 24.0149 1 1 1
v 0.771449 13.0843 26.096 1 1 1
v 0.778976 12.4004 25.8426 1 1 1
v -5.17316 10.9981 33.9596 1 1 1
v -5.43914 10.9091 34.2956 1 1 1
v 0.852694 12.2529 26.2769 1 1 1
v 1.12668 15.4209 27.6882 1 1 1
v 0.518462 15.1026 28.3535 1 1 1
v 0.465875 15.1717 28.4625 1 1 1
v -3.43741 11.8678 32.2907 1 1 1
v -2.48134 11.4894 30.6873 1 1 1
v -4.57971 10.7787 33.6518 1 1 1
v 0.887827 14.6174 28.0726 1 1 1
v -0.217264 4.6892 24.3581 1 1 1
v -3.52144 11.4679 32.8026 1 1 1
v 0.0384279 6.58054 25.186 1 1 1
v 0.186618 6.51354 24.9504 1 1 1
v -3.85746 11.3932 33.3868 1 1 1
v -2.07774 11.364 30.9252 1 1 1
v -1.22539 -1.91388 22.7934 1 1 1
v -22.0337 -37.179 34.8905 1 1 1
v -24.9997 -13.8081 51.8306 1 1 1
v 1.01829 11.029 26.673 1 1 1
v -25.5871 -16.1658 51.719 1 1 1
v -0.0156688 4.39045 24.7037 1 1 1
v -20.4024 -37.235 33.5766 1 1 1
v 0.970896 6.54383 24.8279 1 1 1
v 1.00631 13.1053 28.2482 1 1 1
v 1.00631 13.1053 28.2482 1 1 1
v 0.755907 6.64569 25.2109 1 1 1
v 2.24082 14.0894 27.1786 1 1 1
v 0.724712 12.7155 28.7943 1 1 1
v 0.869047 6.73241 25.8181 1 1 1
v 0.301504 3.01559 25.4524 1 1 1
v -24.5154 -13.7974 57.2318 1 1 1
v -12.3306 -12.1927 38.2846 1 1 1
v -23.9232 -18.1311 54.1024 1 1 1
v -25.2022 -18.0531 56.5476 1 1 1
v -0.199344 -2.9677 23.4344 1 1 1
v 0.54657 3.09787 25.5224 1 1 1
v -24.2524 -18.5929 54.7763 1 1 1
v -24.2217 -20.9061 53.7903 1 1 1
v -24.0946 -21.2156 53.4666 1 1 1
v -23.5287 -22.3091 52.0395 1 1 1
v -23.1511 -14.19 56.1877 1 1 1
v -23.46 -22.1776 52.186 1 1 1
v -23.0063 -13.3594 56.6888 1 1 1
v -23.6497 -28.5356 49.0427 1 1 1
v -23.2389 -15.3524 56.1566 1 1 1
v -23.6914 -17.3597 55.7941 1 1 1
v -21.1688 -39.0387 39.1192 1 1 1
v -21.1688 -39.0387 39.1192 1 1 1
v -23.3945 -14.9747 56.9863 1 1 1
v -23.9669 -24.2784 52.7185 1 1 1
v -49.6444 -41.7123 86.797 1 1 1
v -19.3946 -39.6077 36.4234 1 1 1
v -21.9375 -21.7698 51.6172 1 1 1
v -21.9375 -21.7698 51.6172 1 1 1
v -22.8596 -28.3435 49.368 1 1 1
v -23.1397 -19.5478 55.1779 1 1 1
v -11.9026 -18.2362 36.4916 1 1 1
v -22.8299 -29.9132 48.8871 1 1 1
v -31.1574 -32.9701 61.8727 1 1 1
v 1.08989 1.14137 25.1915 1 1 1
v 0.985161 0.750305 25.3674 1 1 1
v 1.16613 4.68577 27.6693 1 1 1
v 0.843867 0.320244 25.6062 1 1 1
v 1.04392 -1.93668 24.0762 1 1 1
v 1.066 0.407418 25.434 1 1 1
v 0.990146 0.0740259 25.554 1 1 1
v 1.16818 0.262984 25.4589 1 1 1
v 1.16771 0.0174767 25.2847 1 1 1
v 1.06946 -2.38584 24.1074 1 1 1
v 1.12422 -2.5018 23.9491 1 1 1
v 1.6614 5.3261 27.818 1 1 1
v -19.1545 -41.2466 38.8032 1 1 1
v -20.0603 -40.9299 40.8606 1 1 1
v 0.781523 -3.08618 24.3249 1 1 1
v -18.8689 -39.4788 39.5034 1 1 1
v 2.272 12.948 31.6073 1 1 1
v 2.4363 12.7576 31.2646 1 1 1
v 1.54665 4.4377 27.9303 1 1 1
v -12.9282 -9.35641 47.3362 1 1 1
v 1.17877 3.10065 27.8811 1 1 1
v 1.83965 1.15611 25.6101 1 1 1
v 1.19306 -2.49243 24.82 1 1 1
v 1.6568 0.802858 26.0129 1 1 1
v 4.01218 14.3093 29.8776 1 1 1
v 1.45098 0.387324 26.421 1 1 1
v -15.6755 -38.2873 36.1246 1 1 1
v 1.74197 -2.58947 23.8947 1 1 1
v 4.64739 14.1889 29.0933 1 1 1
v 1.80812 5.58091 29.1748 1 1 1
v 1.17864 3.42586 29.2466 1 1 1
v 3.67562 14.0903 31.1554 1 1 1
v 4.37586 14.25 29.8499 1 1 1
v 2.37969 10.1327 31.4257 1 1 1
v 4.89815 14.3763 29.2208 1 1 1
v 1.52654 -2.32811 25.3289 1 1 1
v 1.29752 -0.61445 26.9393 1 1 1
v 0.86352 8.07878 33.5464 1 1 1
v 2.72601 9.82368 30.8849 1 1 1
v 2.83148 9.60934 30.7193 1 1 1
v 1.44672 -2.67906 25.3529 1 1 1
v 4.66156 13.6351 30.7215 1 1 1
v -0.76059 7.42721 39.5508 1 1 1
v -13.8414 -9.38202 59.6849 1 1 1
v -12.753 -8.66646 58.3202 1 1 1
v -13.1596 -8.8498 59.2884 1 1 1
v -12.9621 -9.1127 58.9425 1 1 1
v -13.2043 -9.17281 59.3071 1 1 1
v -13.5013 -23.4204 52.7856 1 1 1
v -5.08193 -0.0867868 49.2565 1 1 1
v -5.08193 -0.0867868 49.2565 1 1 1
v -13.1766 -27.4665 50.5722 1 1 1
v -13.3097 -27.1573 51.2175 1 1 1
v -12.4278 -26.3406 51.767 1 1 1
v -11.8133 -23.586 52.5297 1 1 1
v -11.5346 -23.22 53.2897 1 1 1
v -11.4455 -24.2961 52.7429 1 1 1
v -11.2033 -24.0555 52.2226 1 1 1
v -11.4146 -24.9515 52.4737 1 1 1
v -11.331 -25.5313 52.0808 1 1 1
v -10.7151 -23.4235 52.5533 1 1 1
v -10.6733 -25.3693 51.8896 1 1 1
v -10.6078 -25.9828 51.5169 1 1 1
v -10.6136 -26.6414 51.2857 1 1 1
v -10.6136 -26.6414 51.2857 1 1 1
v -10.3339 -24.1557 52.8155 1 1 1
v -10.3339 -24.1557 52.8155 1 1 1
v -10.0408 -24.5357 51.9957 1 1 1
v -9.53223 -23.2195 52.4842 1 1 1
v -9.55571 -24.5414 52.1884 1 1 1
v -9.55571 -24.5414 52.1884 1 1 1
v -9.52909 -25.1986 51.8952 1 1 1
v -9.52909 -25.1986 51.8952 1 1 1
v -9.17529 -23.2366 53.0504 1 1 1
v -9.17529 -23.2366 53.0504 1 1 1
v -9.00582 -24.4835 52.231 1 1 1
v -9.00582 -24.4835 52.231 1 1 1
v -8.72792 -24.8471 51.373 1 1 1
v -8.72792 -24.8471 51.373 1 1 1
v -8.22806 -24.165 51.7491 1 1 1
v -8.22806 -24.165 51.7491 1 1 1
v -9.30316 -40.8286 40.3584 1 1 1
v -9.30316 -40.8286 40.3584 1 1 1
v -7.97742 -25.9498 50.5806 1 1 1
v -4.30936 -7.19969 59.0463 1 1 1
v -4.27995 -7.15022 58.7458 1 1 1
v 1.59754 1.6897 48.1122 1 1 1
v 0.449036 -1.95572 52.6872 1 1 1
v -2.0675 -6.90415 58.7229 1 1 1
v -1.929 -6.99796 58.798 1 1 1
v -0.6607 -6.47496 56.9074 1 1 1
v 0.343773 -13.3661 45.1077 1 1 1
v -3.87009 -23.7502 52.1647 1 1 1
v 0.134622 -5.38192 56.1211 1 1 1
v 0.499509 -13.3916 44.8796 1 1 1
v 7.65665 8.62866 38.0053 1 1 1
v 0.676232 -11.9051 46.2231 1 1 1
v -3.66346 -24.7846 51.7274 1 1 1
v -3.23546 -24.4046 51.2042 1 1 1
v -3.2127 -24.3225 51.4627 1 1 1
v -2.73952 -24.4031 49.5894 1 1 1
v 0.651261 -15.6703 43.859 1 1 1
v 0.936403 -14.7916 43.9727 1 1 1
v 1.22973 -12.3182 45.5786 1 1 1
v -3.17437 -25.889 50.7327 1 1 1
v -3.16129 -25.515 51.4087 1 1 1
v 0.764742 -16.0393 43.5373 1 1 1
v 4.39151 1.23761 47.8313 1 1 1
v -0.407094 -20.9893 44.016 1 1 1
v -2.67576 -25.2652 50.144 1 1 1
v 1.55764 -12.91 44.7526 1 1 1
v 1.56398 -12.9337 44.8274 1 1 1
v 1.67685 -13.0547 44.5731 1 1 1
v 1.06805 -17.3155 42.7694 1 1 1
v 1.06805 -17.3155 42.7694 1 1 1
v 1.29508 -15.7256 43.5719 1 1 1
v 1.09755 -7.63731 57.5461 1 1 1
v 1.55392 -15.7929 44.2065 1 1 1
v 2.12953 -13.1139 44.7349 1 1 1
v 2.12953 -13.1139 44.7349 1 1 1
v 1.97655 -14.9424 43.498 1 1 1
v 1.60169 -16.306 43.9649 1 1 1
v 1.73173 -16.6553 43.6044 1 1 1
v 1.83861 -17.0057 42.92 1 1 1
v 3.11225 -3.31832 54.9504 1 1 1
v 1.62709 -19.7093 41.7681 1 1 1
v 5.0665 -0.132043 49.8035 1 1 1
v 2.21985 -16.7728 42.8835 1 1 1
v 2.16461 -16.4433 43.7548 1 1 1
v 1.70714 -20.5078 41.358 1 1 1
v 2.45746 -16.1813 43.2553 1 1 1
v 1.40678 -22.0221 41.7276 1 1 1
v 1.53703 -22.0287 41.5869 1 1 1
v 1.53703 -22.0287 41.5869 1 1 1
v 5.58041 -0.395868 49.4396 1 1 1
v 5.56379 -0.398743 49.5455 1 1 1
v 1.9256 -22.1324 40.9805 1 1 1
v 2.2191 -21.3659 41.5716 1 1 1
v 3.2945 -17.4047 41.0078 1 1 1
v 6.66745 1.3387 48.48 1 1 1
v 9.81567 8.50053 38.863 1 1 1
v 6.73531 0.968122 48.669 1 1 1
v 3.80257 -14.6008 43.2077 1 1 1
v 3.80257 -14.6008 43.2077 1 1 1
v 4.90541 -9.8543 45.2553 1 1 1
v 1.47246 -26.6858 41.6874 1 1 1
v 4.37388 -13.0168 44.235 1 1 1
v 2.27315 -23.1473 42.3203 1 1 1
v 3.18311 -20.6872 40.3727 1 1 1
v 3.57971 -18.5416 41.2746 1 1 1
v 3.16146 -20.9627 41.2692 1 1 1
v 3.18438 -22.6186 39.8562 1 1 1
v 2.55243 -24.5474 41.2168 1 1 1
v 5.65878 -9.45486 44.7663 1 1 1
v 6.03523 -7.99055 45.1332 1 1 1
v 5.95905 -8.2238 44.941 1 1 1
v 5.87013 -8.83543 45.0961 1 1 1
v 6.12373 -8.08594 44.9312 1 1 1
v 2.76578 -25.3227 40.3515 1 1 1
v 2.87475 -24.5977 41.0336 1 1 1
v 2.61139 -26.8071 39.0551 1 1 1
v 6.04576 -8.86429 45.3318 1 1 1
v 3.80244 -21.2146 40.774 1 1 1
v 6.17347 -8.65777 44.916 1 1 1
v -38.9046 -11.2788 35.7053 1 1 1
v -22.4734 -0.542404 30.1641 1 1 1
v -37.0107 -8.9617 37.834 1 1 1
v -38.3751 -11.4542 38.0257 1 1 1
v -37.0467 -9.40307 37.8646 1 1 1
v -35.9885 -8.8471 37.4708 1 1 1
v -35.9885 -8.8471 37.4708 1 1 1
v -18.9237 1.22854 28.7192 1 1 1
v -38.437 -24.7593 32.7731 1 1 1
v -37.75 -10.2118 38.4666 1 1 1
v -27.0627 -4.39656 33.0341 1 1 1
v -26.8145 -4.16745 33.1525 1 1 1
v -22.3639 -0.891721 31.1494 1 1 1
v -19.0951 0.477009 29.338 1 1 1
v -19.8515 -0.105068 29.7355 1 1 1
v -18.9144 -0.0985154 29.4562 1 1 1
v -26.4705 -4.51829 33.8655 1 1 1
v -28.7541 -23.2593 27.7677 1 1 1
v -31.5973 -30.8898 26.8151 1 1 1
v -18.8223 -0.412377 29.5524 1 1 1
v -18.7757 -0.375109 29.6828 1 1 1
v -26.3517 -4.66979 34.0791 1 1 1
v -22.0897 -1.56097 31.9835 1 1 1
v -35.3267 -9.75133 40.5188 1 1 1
v -17.9129 0.510557 30.3123 1 1 1
v -18.4107 -0.086835 30.5402 1 1 1
v -17.5716 0.485959 30.2544 1 1 1
v -18.0417 0.681424 30.7538 1 1 1
v -18.5053 -0.726662 30.6526 1 1 1
v -26.6608 -5.65051 35.7503 1 1 1
v -18.3894 -1.04519 30.9757 1 1 1
v -18.0877 -0.875136 30.7958 1 1 1
v -20.3771 -1.85926 32.4702 1 1 1
v -17.9483 -0.68535 31.1409 1 1 1
v -17.5788 0.59831 31.5392 1 1 1
v -17.02 0.205137 31.0183 1 1 1
v -17.25 0.0205474 31.1918 1 1 1
v -20.3926 -1.98498 33.1975 1 1 1
v -17.2433 0.25457 31.729 1 1 1
v -5.98743 11.2596 26.5375 1 1 1
v -20.1806 -2.45489 33.4445 1 1 1
v -7.03176 14.348 28.8567 1 1 1
v -25.3166 -6.03467 37.307 1 1 1
v -17.9682 -1.93824 32.4665 1 1 1
v -29.0922 -25.4073 32.3416 1 1 1
v -22.4468 -4.26379 36.1477 1 1 1
v -17.3522 -1.94949 32.294 1 1 1
v -17.0708 -1.90019 32.3441 1 1 1
v -5.93864 10.0858 27.0181 1 1 1
v -6.53993 9.75044 27.6459 1 1 1
v -19.273 -2.85845 34.4537 1 1 1
v -19.0626 -3.02486 34.5818 1 1 1
v -29.8594 -11.0289 42.5187 1 1 1
v -5.46322 6.50139 25.8932 1 1 1
v -5.43228 13.8979 29.4283 1 1 1
v -29.4801 -10.8365 43.1438 1 1 1
v -5.57921 6.50257 26.9265 1 1 1
v -4.88774 5.70004 25.9705 1 1 1
v -4.69034 6.26778 26.2657 1 1 1
v -4.00799 10.13 27.6129 1 1 1
v -2.13462 14.9914 28.089 1 1 1
v -11.4822 8.82288 35.6737 1 1 1
v -4.21462 9.61072 28.0032 1 1 1
v -3.57432 5.51786 25.786 1 1 1
v -27.5974 -20.4045 41.3077 1 1 1
v -3.84732 -2.77053 22.6144 1 1 1
v -26.8564 -22.8324 40.9641 1 1 1
v -1.9277 10.5728 27.5609 1 1 1
v -3.69006 -2.95276 22.8583 1 1 1
v -3.64006 -3.01227 22.8422 1 1 1
v -1.9785 10.1734 27.6389 1 1 1
v -1.62368 9.20711 27.3221 1 1 1
v -1.98171 10.77 28.4754 1 1 1
v -2.31359 10.9277 28.98 1 1 1
v -26.0602 -23.5381 41.8826 1 1 1
v -1.6709 2.97971 24.2256 1 1 1
v -1.6709 2.97971 24.2256 1 1 1
v -1.8434 2.71336 24.3466 1 1 1
v -5.0222 10.8644 33.9885 1 1 1
v -3.99896 11.0884 32.9435 1 1 1
v 1.3323 15.6629 28.2082 1 1 1
v 0.502191 14.8166 29.1063 1 1 1
v -0.437473 4.29293 24.6584 1 1 1
v 0.25601 7.06483 25.7462 1 1 1
v 0.178999 7.1286 25.8563 1 1 1
v -1.47659 -3.09463 22.6096 1 1 1
v -21.7844 -36.438 34.3181 1 1 1
v -2.13631 9.38051 31.9747 1 1 1
v -0.883197 -3.23637 23.5371 1 1 1
v -0.883197 -3.23637 23.5371 1 1 1
v -0.306277 -3.01624 22.9199 1 1 1
v -0.0481387 -2.91262 22.6331 1 1 1
v -0.0481387 -2.91262 22.6331 1 1 1
v 0.944311 5.23791 26.9325 1 1 1
v 0.830801 12.7357 31.7566 1 1 1
v -10.2221 -15.274 33.8287 1 1 1
v -22.7014 -17.0154 53.9305 1 1 1
v 1.19522 4.78246 26.6579 1 1 1
v -23.6286 -24.5229 51.9301 1 1 1
v 1.10641 12.8248 32.0722 1 1 1
v -23.9715 -24.7966 52.3806 1 1 1
v -9.42572 -15.1239 33.5259 1 1 1
v -39.4057 -36.5732 71.8243 1 1 1
v 1.12271 11.9298 31.5759 1 1 1
v 1.02092 1.09895 25.2129 1 1 1
v 0.866234 1.13219 25.685 1 1 1
v -50.8112 -51.2371 84.5944 1 1 1
v 0.746357 0.360336 25.848 1 1 1
v 1.32074 2.64682 26.3418 1 1 1
v 0.881937 0.517535 25.8759 1 1 1
v 0.991578 -1.88608 24.2495 1 1 1
v -19.2475 -38.8563 38.7591 1 1 1
v -19.2475 -38.8563 38.7591 1 1 1
v -19.2029 -38.9143 39.1723 1 1 1
v 1.20154 0.897785 26.3622 1 1 1
v 1.36803 -2.12405 24.3128 1 1 1
v 1.36803 -2.12405 24.3128 1 1 1
v 1.60325 1.02971 25.9342 1 1 1
v 3.90986 13.9593 30.1357 1 1 1
v 1.27825 -2.91415 24.5409 1 1 1
v 1.63371 -2.5441 24.7784 1 1 1
v 1.63371 -2.5441 24.7784 1 1 1
v 1.43149 -2.29814 25.3095 1 1 1
v -17.7728 -10.4337 59.3307 1 1 1
v 3.02762 12.387 32.8172 1 1 1
v -15.4155 -23.385 48.0555 1 1 1
v -8.2418 -1.86755 50.7988 1 1 1
v 3.90692 11.6881 34.0377 1 1 1
v 4.26641 11.806 33.3698 1 1 1
v -13.3731 -23.6485 52.3883 1 1 1
v -11.4199 -8.70292 59.0283 1 1 1
v -13.2231 -24.8256 51.5995 1 1 1
v -13.1068 -26.008 50.9046 1 1 1
v -5.29767 -17.9159 37.3691 1 1 1
v -5.29767 -17.9159 37.3691 1 1 1
v -14.3267 -27.2368 53.6928 1 1 1
v -12.8041 -26.2671 50.405 1 1 1
v -30.2204 -43.9691 82.8664 1 1 1
v -12.4062 -26.4437 50.4201 1 1 1
v -12.4062 -26.4437 50.4201 1 1 1
v -12.071 -25.2817 51.2868 1 1 1
v -11.9026 -26.4112 50.4942 1 1 1
v -11.412 -39.4699 39.1234 1 1 1
v -28.9065 -44.2802 83.8385 1 1 1
v -11.3274 -39.5485 39.436 1 1 1
v 5.40824 11.5254 34.5652 1 1 1
v -4.58246 -18.5003 38.402 1 1 1
v -10.8879 -25.0208 51.1472 1 1 1
v -10.7515 -26.2089 50.4005 1 1 1
v -10.7515 -26.2089 50.4005 1 1 1
v -5.28333 -4.66748 55.157 1 1 1
v 0.0408823 3.19242 45.9187 1 1 1
v -9.52906 -25.9279 50.1998 1 1 1
v -6.69044 -7.56557 57.8048 1 1 1
v -4.7911 -20.2553 42.0611 1 1 1
v -8.40675 -26.4936 49.9649 1 1 1
v -8.40675 -26.4936 49.9649 1 1 1
v -8.55524 -31.3348 46.5727 1 1 1
v -1.40454 -17.1293 37.1632 1 1 1
v 1.62765 1.83016 48.0525 1 1 1
v -2.18306 -6.93168 58.258 1 1 1
v -1.87726 -6.90005 59.3416 1 1 1
v 0.184049 -13.5727 44.2694 1 1 1
v 0.57941 -13.4096 43.9188 1 1 1
v 3.76756 2.28461 47.8346 1 1 1
v 0.751698 -12.9504 44.4205 1 1 1
v 0.715452 -11.6589 46.2872 1 1 1
v 0.800228 -11.7514 46.1014 1 1 1
v 0.72069 -3.905 55.7769 1 1 1
v 0.937593 -12.9167 44.3145 1 1 1
v 0.440304 -16.2723 43.3599 1 1 1
v -3.05783 -24.5258 49.9426 1 1 1
v -3.05783 -24.5258 49.9426 1 1 1
v 3.95779 1.53699 48.264 1 1 1
v 1.12784 -3.82305 55.5419 1 1 1
v 4.57772 2.77331 47.3976 1 1 1
v 0.790359 -15.0248 43.9053 1 1 1
v 1.17439 -12.3507 45.3513 1 1 1
v 1.24069 -12.3247 45.0745 1 1 1
v 1.28729 -12.9399 44.7347 1 1 1
v 0.875466 -15.4824 43.5324 1 1 1
v 1.11565 -14.6066 43.7133 1 1 1
v 1.34502 -13.2925 44.2969 1 1 1
v 1.34502 -13.2925 44.2969 1 1 1
v 1.34502 -13.2925 44.2969 1 1 1
v 1.10394 -14.9496 43.6447 1 1 1
v 1.45938 -14.8569 42.9467 1 1 1
v 1.2636 -15.49 43.1717 1 1 1
v 1.7105 -12.7596 44.9461 1 1 1
v 1.2265 -15.3197 43.8785 1 1 1
v 0.183285 -20.5392 43.0987 1 1 1
v 4.90824 1.96719 47.9073 1 1 1
v 1.82174 -13.2274 44.5455 1 1 1
v 1.81464 -12.9618 45.1794 1 1 1
v 2.01685 -12.8733 44.4019 1 1 1
v 9.00119 9.88078 37.6831 1 1 1
v 3.20412 -1.67756 53.334 1 1 1
v 2.35168 -4.20032 55.2574 1 1 1
v 1.59099 -16.4678 43.1226 1 1 1
v 2.17617 -13.3004 44.802 1 1 1
v 1.69571 -16.5833 43.1532 1 1 1
v -0.0484444 -22.4259 44.7663 1 1 1
v 3.01213 -2.96393 55.138 1 1 1
v 1.74606 -18.714 41.8695 1 1 1
v 2.20019 -16.141 42.9244 1 1 1
v 2.06894 -17.2033 42.6499 1 1 1
v 2.19398 -17.1524 42.2647 1 1 1
v 2.60387 -15.3434 42.6714 1 1 1
v 1.02633 -22.8395 41.1463 1 1 1
v 1.3478 -21.9196 40.7748 1 1 1
v 2.22456 -17.1237 42.5293 1 1 1
v 5.9699 1.95502 47.913 1 1 1
v 2.75815 -15.4654 42.7645 1 1 1
v 2.65366 -17.2555 40.9082 1 1 1
v 2.65366 -17.2555 40.9082 1 1 1
v 5.74856 0.905267 48.9296 1 1 1
v 4.13931 -3.2162 52.6582 1 1 1
v 2.92297 -15.4569 42.3485 1 1 1
v 1.36004 -21.387 43.06 1 1 1
v 1.47628 -23.9816 39.6164 1 1 1
v 1.69508 -22.3796 40.4856 1 1 1
v 3.04937 -12.9869 46.2905 1 1 1
v 3.24181 -14.5788 43.078 1 1 1
v 6.28729 1.79067 48.6722 1 1 1
v 6.30616 1.50349 48.8218 1 1 1
v 3.39308 -12.6162 46.2768 1 1 1
v 2.72632 -19.1613 40.477 1 1 1
v 6.49243 2.05609 48.9109 1 1 1
v 2.335 -21.0857 40.2578 1 1 1
v 2.335 -21.0857 40.2578 1 1 1
v 3.49515 -12.6886 45.9655 1 1 1
v 2.56814 -20.4229 40.3164 1 1 1
v 6.49554 1.26391 49.0565 1 1 1
v 3.69039 -13.8324 43.8397 1 1 1
v 3.69039 -13.8324 43.8397 1 1 1
v 2.71707 -20.1126 40.5696 1 1 1
v 6.63989 1.30454 49.2874 1 1 1
v 7.04898 2.35478 48.4543 1 1 1
v 4.32304 -11.6107 44.7539 1 1 1
v 6.80279 1.53615 49.7056 1 1 1
v 4.47571 -11.7977 44.7432 1 1 1
v 2.53102 -23.1474 39.94 1 1 1
v 4.47956 -12.3899 44.0736 1 1 1
v 3.1373 -21.2311 39.2295 1 1 1
v 6.81519 0.739911 50.1378 1 1 1
v 5.24054 -9.19315 44.8375 1 1 1
v 5.39574 -8.35982 45.3676 1 1 1
v 5.15186 -9.55672 45.2396 1 1 1
v 7.12108 1.38656 50.2512 1 1 1
v 5.29278 -9.5505 45.2954 1 1 1
v 5.61946 -8.57572 44.778 1 1 1
v 5.35504 -9.62284 44.8991 1 1 1
v 5.35504 -9.62284 44.8991 1 1 1
v 5.49123 -9.33328 44.9874 1 1 1
v 5.78663 -8.08943 45.1462 1 1 1
v 7.08035 0.531385 50.7552 1 1 1
v 5.7919 -8.36988 45.1236 1 1 1
v 5.98898 -7.70684 45.1362 1 1 1
v 2.52007 -25.5457 40.4561 1 1 1
v 3.75431 -20.0314 40.7176 1 1 1
v 5.5624 -10.0923 44.6214 1 1 1
v 3.66213 -20.6382 40.549 1 1 1
v 0.835738 -34.9056 37.1109 1 1 1
v 0.835738 -34.9056 37.1109 1 1 1
v 7.34379 0.144129 50.1363 1 1 1
v 6.03472 -8.34421 45.0036 1 1 1
v 3.83024 -20.3874 40.5636 1 1 1
v 7.34323 0.299422 50.7706 1 1 1
v 7.35889 0.490354 51.2439 1 1 1
v 2.92003 -25.8811 38.4899 1 1 1
v 6.1701 -8.43299 44.8785 1 1 1
v 7.47217 0.169165 50.6332 1 1 1
v 1.10046 -35.0377 36.9761 1 1 1
v 1.10046 -35.0377 36.9761 1 1 1
v 7.54936 -0.0211688 50.5237 1 1 1
v 4.08937 -20.7221 40.5414 1 1 1
v 3.16972 -26.0562 38.363 1 1 1
v 3.18416 -26.1718 38.2001 1 1 1
v 7.69609 0.006179 51.2224 1 1 1
v -8.66611 15.4239 29.3232 1 1 1
v -8.13644 14.8102 28.8396 1 1 1
v -8.59395 15.1837 29.5224 1 1 1
v -7.56481 14.3281 28.8999 1 1 1
v -12.3761 8.2694 30.4911 1 1 1
v -8.55053 10.5941 28.8528 1 1 1
v -7.70638 14.5283 30.4365 1 1 1
v -5.88939 6.36987 25.9939 1 1 1
v -6.49548 6.45904 26.669 1 1 1
v -6.14738 14.695 30.571 1 1 1
v -5.81819 13.8072 29.9893 1 1 1
v -6.86448 6.83227 27.5227 1 1 1
v -5.89688 6.60363 26.7143 1 1 1
v -6.26681 2.7052 25.0774 1 1 1
v -6.00639 6.18261 26.6181 1 1 1
v -5.55193 14.1487 30.3947 1 1 1
v -6.08785 6.61978 27.015 1 1 1
v -6.15567 5.38018 26.8692 1 1 1
v -7.06706 4.14474 27.1869 1 1 1
v -5.30753 6.85388 26.9484 1 1 1
v -7.14756 9.46833 30.2838 1 1 1
v -6.21175 9.51844 29.3437 1 1 1
v -3.96947 10.2208 27.3835 1 1 1
v -1.71121 14.0529 26.882 1 1 1
v -7.41364 -0.630322 25.5032 1 1 1
v -6.99878 9.25377 30.5937 1 1 1
v -5.22038 10.1985 29.2029 1 1 1
v -2.94903 15.2464 29.6756 1 1 1
v -0.385211 17.0533 27.9288 1 1 1
v -3.88641 5.96389 26.062 1 1 1
v 12.6247 3.94901 6.68396 1 1 1
v -6.24617 9.9021 30.8956 1 1 1
v -6.76954 8.31061 30.8796 1 1 1
v -1.98286 14.8788 29.1627 1 1 1
v -2.72538 10.8816 27.9978 1 1 1
v -2.76548 10.2344 27.9481 1 1 1
v -0.141667 12.2854 26.1434 1 1 1
v -7.53644 8.76936 32.924 1 1 1
v -2.12355 6.73483 25.5684 1 1 1
v 0.414287 12.7713 25.942 1 1 1
v -5.44992 -3.41339 24.4249 1 1 1
v -2.61675 10.4141 28.566 1 1 1
v -5.5839 -3.73085 24.6389 1 1 1
v -2.3245 6.55813 26.3017 1 1 1
v -2.09272 6.51512 26.0132 1 1 1
v -4.22937 2.88187 26.6387 1 1 1
v -4.22937 2.88187 26.6387 1 1 1
v -3.31746 6.07629 27.5853 1 1 1
v -2.59928 6.26551 26.772 1 1 1
v -5.42677 -4.42403 24.3564 1 1 1
v -6.32886 -4.56196 25.5177 1 1 1
v -1.81605 6.18276 26.0935 1 1 1
v -2.60807 2.96293 25.3051 1 1 1
v -5.66258 -4.96471 24.853 1 1 1
v -5.49502 -4.59277 24.8786 1 1 1
v -6.42805 -5.36564 25.6657 1 1 1
v -3.05054 2.91241 26.063 1 1 1
v -7.34621 8.63514 34.6481 1 1 1
v -0.12784 15.6675 29.4955 1 1 1
v -6.45206 9.11301 33.8609 1 1 1
v -2.8935 -0.544444 24.055 1 1 1
v -0.423922 15.1374 29.7414 1 1 1
v -0.92532 4.92741 25.2231 1 1 1
v -0.853077 4.70528 25.1201 1 1 1
v -3.43553 11.6084 32.4812 1 1 1
v -4.14301 11.5382 33.6868 1 1 1
v -0.966621 4.89352 25.6919 1 1 1
v -0.27263 6.90744 26.1488 1 1 1
v 0.68099 13.2963 28.5573 1 1 1
v -1.48326 3.97808 26.1996 1 1 1
v -1.0365 6.41859 27.2276 1 1 1
v 0.156288 6.7948 26.0852 1 1 1
v 0.537405 11.938 28.6856 1 1 1
v -0.680342 5.3271 26.7071 1 1 1
v -4.12708 -5.88698 25.2077 1 1 1
v -1.82835 -1.69579 24.2831 1 1 1
v 0.119494 6.78462 26.5838 1 1 1
v -4.11774 -5.01018 25.9457 1 1 1
v 0.178827 14.1513 31.0764 1 1 1
v 0.178827 14.1513 31.0764 1 1 1
v -0.884113 2.3078 25.7985 1 1 1
v -2.05173 -4.13932 24.1621 1 1 1
v -2.45668 8.39541 32.7316 1 1 1
v -4.82014 10.1759 37.5909 1 1 1
v 0.790043 11.9624 30.2888 1 1 1
v -0.768015 1.59517 26.4468 1 1 1
v -3.34181 9.71757 36.1484 1 1 1
v 0.515021 3.57179 26.2075 1 1 1
v -0.100131 -1.6808 24.3479 1 1 1
v -2.93686 -5.56121 26.6544 1 1 1
v -1.86885 -4.27302 25.7173 1 1 1
v -1.88952 -4.28603 25.7501 1 1 1
v -0.346238 2.1988 27.2587 1 1 1
v -0.198611 2.02561 27.2868 1 1 1
v -0.38785 -1.86269 25.2355 1 1 1
v -0.0154418 5.06547 29.0546 1 1 1
v 1.50404 14.1113 32.2762 1 1 1
v -1.18548 -4.04159 25.4225 1 1 1
v 0.19778 1.18259 26.4616 1 1 1
v 2.52358 -4.66651 18.9395 1 1 1
v -0.454619 4.61509 29.7018 1 1 1
v -3.93891 -9.91969 26.6023 1 1 1
v -0.620657 9.06704 33.2121 1 1 1
v -0.307314 0.161745 27.0274 1 1 1
v -3.22553 -8.84971 26.5871 1 1 1
v -0.713094 -3.76426 25.4732 1 1 1
v 0.170709 0.294077 26.9341 1 1 1
v 0.240287 -2.23063 25.294 1 1 1
v 0.0683234 -2.42225 25.5704 1 1 1
v 0.644324 4.64521 29.2171 1 1 1
v -0.0313442 -3.05236 25.7173 1 1 1
v 0.0363759 -2.95703 25.7006 1 1 1
v -0.395973 -3.80632 25.9492 1 1 1
v -1.32382 9.02503 36.5395 1 1 1
v 1.71821 9.38874 31.281 1 1 1
v 0.771423 3.80064 29.2651 1 1 1
v 0.620261 11.7663 34.9653 1 1 1
v -0.239286 -2.9965 26.7809 1 1 1
v 0.817988 8.81295 32.7999 1 1 1
v -0.161221 -4.4709 26.2902 1 1 1
v 1.77059 -2.32223 24.0355 1 1 1
v 2.52403 9.932 31.1188 1 1 1
v 0.296536 -3.26211 26.8073 1 1 1
v -1.2613 -6.86166 27.5862 1 1 1
v 0.539529 -3.04162 26.7626 1 1 1
v 0.539529 -3.04162 26.7626 1 1 1
v 1.74109 12.2072 34.9714 1 1 1
v 1.18122 4.82465 30.9877 1 1 1
v 0.634531 -2.97498 26.8056 1 1 1
v 2.90048 12.6683 34.3451 1 1 1
v -1.20256 7.59636 40.1138 1 1 1
v 0.593699 8.94799 39.6401 1 1 1
v 0.593699 8.94799 39.6401 1 1 1
v 0.593699 8.94799 39.6401 1 1 1
v 12.1343 4.78815 9.6456 1 1 1
v 4.97701 -8.79085 16.7786 1 1 1
v 2.0133 8.71663 40.0666 1 1 1
v 3.87975 -7.06599 22.8794 1 1 1
v 3.87975 -7.06599 22.8794 1 1 1
v 4.10061 -7.01885 22.8547 1 1 1
v 7.49194 12.323 34.733 1 1 1
v 11.9538 3.74465 7.16553 1 1 1
v -6.64679 5.23225 26.3106 1 1 1
v -7.17318 5.25364 27.0833 1 1 1
v -7.4117 3.25716 26.3225 1 1 1
v -8.69346 2.64766 27.4953 1 1 1
v -6.9958 5.21552 27.711 1 1 1
v -5.50084 5.32421 26.828 1 1 1
v -5.18461 9.47217 28.9639 1 1 1
v -2.67619 6.72312 25.922 1 1 1
v -3.55852 9.84626 28.6367 1 1 1
v -2.35172 10.0638 28.4284 1 1 1
v -2.23197 6.66378 26.5321 1 1 1
v -7.36873 -5.46599 26.1063 1 1 1
v 0.356889 10.9922 25.8397 1 1 1
v -3.3104 2.52877 26.0695 1 1 1
v -3.57618 7.37445 29.3277 1 1 1
v -1.8127 6.50797 26.785 1 1 1
v 2.551 2.39584 19.8054 1 1 1
v 2.551 2.39584 19.8054 1 1 1
v -3.2196 -3.90883 24.3219 1 1 1
v -3.2196 -3.90883 24.3219 1 1 1
v -3.24795 -4.24543 24.8814 1 1 1
v -2.5247 -2.84457 24.8801 1 1 1
v -2.03425 -4.11483 24.1173 1 1 1
v -2.58858 -5.00719 24.9335 1 1 1
v -1.99338 -3.97119 25.4985 1 1 1
v -1.61965 -3.91618 25.1506 1 1 1
v -1.03855 -4.3834 24.3388 1 1 1
v -1.30005 -2.31606 26.1995 1 1 1
v -1.56064 -3.14648 27.3852 1 1 1
v -0.849852 -0.0888869 28.3368 1 1 1
v 0.0714329 4.52141 29.8694 1 1 1
v -1.66638 -4.79643 26.8457 1 1 1
v 5.32986 12.3844 26.6304 1 1 1
v 0.0997312 0.952905 28.6859 1 1 1
v -0.264206 -0.0108057 28.7997 1 1 1
v -0.526032 -0.392136 29.1644 1 1 1
v -1.2465 -4.49193 27.7729 1 1 1
v -0.631961 -0.711787 29.8085 1 1 1
v -0.48211 -3.70922 27.6877 1 1 1
v -0.237136 -3.67494 27.5277 1 1 1
v 0.635427 4.80444 31.8195 1 1 1
v -0.753498 2.37673 29.5988 1 1 1
v -24.9733 5.1271 32.6128 1 1 1
v -31.8794 -1.13775 34.7407 1 1 1
v -30.8898 0.418559 35.1432 1 1 1
v -31.9302 -0.875813 35.8708 1 1 1
v -23.2971 15.0591 37.2417 1 1 1
v -24.9607 0.327306 31.9515 1 1 1
v -24.2298 0.12239 32.3311 1 1 1
v -24.1149 -0.52652 33.4093 1 1 1
v -23.4904 0.56602 34.3291 1 1 1
v -23.5227 0.789191 34.53 1 1 1
v -11.6358 18.2708 33.6302 1 1 1
v -12.3943 16.5964 34.0389 1 1 1
v -13.8002 13.0836 33.6686 1 1 1
v -23.0051 -0.175083 35.761 1 1 1
v -11.885 13.311 32.9231 1 1 1
v -11.8414 11.5924 32.2634 1 1 1
v -23.1604 -1.25243 36.1214 1 1 1
v -27.6191 -0.958723 40.3122 1 1 1
v -13.1702 14.5239 35.2455 1 1 1
v -12.354 16.7656 35.65 1 1 1
v -13.4965 17.2621 36.9497 1 1 1
v -26.9874 -3.14363 39.66 1 1 1
v -11.6951 10.7689 32.9534 1 1 1
v -24.6408 -3.02904 38.4631 1 1 1
v -10.5964 17.0218 35.9683 1 1 1
v -10.3301 6.72462 30.5855 1 1 1
v -8.20218 6.77666 28.7068 1 1 1
v -9.78781 6.81077 30.7377 1 1 1
v -10.2127 16.5071 36.4307 1 1 1
v -7.9338 17.9023 35.0222 1 1 1
v -10.4219 10.5675 33.7738 1 1 1
v -11.7001 3.96259 31.9086 1 1 1
v -9.86135 11.7201 34.0524 1 1 1
v -8.03967 5.54729 28.873 1 1 1
v -8.20311 11.7968 32.5766 1 1 1
v -9.408 11.0829 33.8371 1 1 1
v -10.8949 10.1583 35.3039 1 1 1
v -3.73985 20.0207 32.9311 1 1 1
v -5.5248 10.4421 31.1394 1 1 1
v -5.66407 11.2198 31.696 1 1 1
v -4.42998 5.86328 27.5182 1 1 1
v -5.51072 11.9667 32.4522 1 1 1
v -5.59759 5.74522 29.3533 1 1 1
v -5.66382 11.5242 32.6335 1 1 1
v -5.65673 -3.469 24.5576 1 1 1
v -5.40698 6.46258 30.2885 1 1 1
v -9.18776 15.2785 39.8453 1 1 1
v -4.5587 20.0716 36.9877 1 1 1
v -12.1572 10.5966 41.4981 1 1 1
v -4.1169 2.98327 26.886 1 1 1
v -3.97849 2.92354 26.7899 1 1 1
v -3.69109 18.5304 35.4063 1 1 1
v -3.86243 17.7087 35.3604 1 1 1
v -2.52036 14.4298 31.9911 1 1 1
v -3.09742 6.65302 28.4289 1 1 1
v -13.9559 11.3072 45.0481 1 1 1
v -2.48292 4.70132 27.1783 1 1 1
v -2.16418 4.94342 27.0698 1 1 1
v -4.56827 18.0567 37.993 1 1 1
v -2.49982 12.9079 32.4849 1 1 1
v -2.83343 7.65221 30.1364 1 1 1
v -2.56378 6.59247 29.2257 1 1 1
v -2.25896 -2.17811 23.7941 1 1 1
v -4.88523 -3.55219 26.7489 1 1 1
v -5.69309 -5.26412 27.1441 1 1 1
v -5.74496 -5.49132 27.3625 1 1 1
v -1.9075 -1.59749 24.3816 1 1 1
v -3.6265 8.30824 32.787 1 1 1
v -2.22029 -1.81318 24.7076 1 1 1
v -3.16489 2.84798 30.1822 1 1 1
v -3.44274 2.3334 30.326 1 1 1
v -4.3165 -5.05876 27.3869 1 1 1
v -3.20765 15.4681 38.1918 1 1 1
v -1.61477 1.46983 27.4618 1 1 1
v -1.09999 3.42816 28.5825 1 1 1
v -1.09999 3.42816 28.5825 1 1 1
v -3.74955 -4.98843 27.6914 1 1 1
v -3.37359 -4.70459 27.4917 1 1 1
v -1.0022 2.1187 28.0653 1 1 1
v -2.89678 15.5413 39.9308 1 1 1
v -2.05609 1.61799 29.97 1 1 1
v -1.48266 16.4769 38.4434 1 1 1
v -3.02212 -4.8676 27.6132 1 1 1
v -1.91755 4.661 31.9578 1 1 1
v -3.6583 0.222285 32.2215 1 1 1
v -2.41068 -0.277919 29.8991 1 1 1
v -2.2019 0.261196 29.9413 1 1 1
v -1.0547 3.51363 30.0909 1 1 1
v -2.14001 0.251864 30.107 1 1 1
v -1.76637 -0.221946 29.1106 1 1 1
v -3.41138 -5.38146 29.0636 1 1 1
v -0.611871 -2.49974 25.9509 1 1 1
v -1.6097 15.8497 39.7232 1 1 1
v -2.36962 -3.73031 28.5408 1 1 1
v -2.06514 -0.833962 30.0249 1 1 1
v -1.13623 4.60337 31.7252 1 1 1
v -2.88805 -5.20657 28.7979 1 1 1
v -1.04983 4.71736 31.9505 1 1 1
v -4.07314 -6.52819 30.1728 1 1 1
v -0.318185 -2.49697 26.0469 1 1 1
v 0.0813102 18.1737 39.1347 1 1 1
v -2.60022 -5.13493 28.9397 1 1 1
v -2.07553 -4.15716 28.6323 1 1 1
v -2.48829 -5.16974 28.7874 1 1 1
v 0.875795 18.2579 38.2399 1 1 1
v -1.52268 10.2272 37.0722 1 1 1
v -2.69411 3.55075 35.1698 1 1 1
v -2.74205 13.7468 42.0385 1 1 1
v -1.03622 10.525 36.762 1 1 1
v -1.88071 -4.07359 28.6688 1 1 1
v -0.417696 17.7023 40.781 1 1 1
v -1.34202 9.59882 36.982 1 1 1
v -0.982516 -3.22135 27.6455 1 1 1
v -0.982516 -3.22135 27.6455 1 1 1
v -1.03184 15.4948 40.4775 1 1 1
v -1.7667 -0.558769 31.2329 1 1 1
v -2.11429 12.5731 42.0556 1 1 1
v -1.6014 -3.94394 30.2011 1 1 1
v -0.668507 15.1462 41.4467 1 1 1
v -0.123358 14.4312 42.4139 1 1 1
v -1.86995 12.6634 45.3808 1 1 1
v 0.934766 14.4436 42.2094 1 1 1
v -3.34755 10.4834 49.4582 1 1 1
v 2.53716 15.9538 40.2086 1 1 1
v 1.71271 6.20843 59.6292 1 1 1
v -0.897896 -20.5761 52.9943 1 1 1
v -0.019787 -20.9893 48.3918 1 1 1
v 0.754804 -15.8993 52.8169 1 1 1
v 0.45215 -18.9142 51.5598 1 1 1
v 1.34687 -17.0919 50.8707 1 1 1
v -0.765293 -26.6785 50.9611 1 1 1
v 1.58687 -16.3752 50.4868 1 1 1
v 1.28987 -19.4302 48.3821 1 1 1
v 0.52856 -21.2457 51.4411 1 1 1
v -51.9195 -14.0281 43.0952 1 1 1
v -50.8642 -13.7441 42.5052 1 1 1
v -49.1043 -14.4482 40.9835 1 1 1
v -44.7138 -20.1864 35.9455 1 1 1
v -36.6111 -4.1348 37.4423 1 1 1
v -24.8608 1.17578 32.7706 1 1 1
v -48.4754 -16.7001 42.4287 1 1 1
v -27.3397 -0.909775 33.9937 1 1 1
v -52.7312 -12.9585 48.4998 1 1 1
v -51.0799 -12.6235 47.4678 1 1 1
v -54.6644 -14.2891 49.662 1 1 1
v -29.3376 -1.83448 36.1777 1 1 1
v -50.7729 -30.5591 39.6986 1 1 1
v -56.1723 -17.6743 49.992 1 1 1
v -52.6345 -13.3678 49.5311 1 1 1
v -53.4971 -18.2086 48.185 1 1 1
v -52.5022 -14.382 49.3219 1 1 1
v -36.3502 -6.11972 41.025 1 1 1
v -43.1449 -9.61355 45.5953 1 1 1
v -24.0018 -0.414939 34.4847 1 1 1
v -40.0325 -28.7863 34.6002 1 1 1
v -50.5333 -13.8908 50.4146 1 1 1
v -51.3912 -28.408 46.0171 1 1 1
v -54.5636 -14.6403 55.0764 1 1 1
v -54.5636 -14.6403 55.0764 1 1 1
v -25.3637 -1.52759 36.432 1 1 1
v -34.0552 -6.46993 42.2993 1 1 1
v -34.0552 -6.46993 42.2993 1 1 1
v -37.9215 -8.99735 44.8584 1 1 1
v -23.2353 0.275269 36.3008 1 1 1
v -37.0058 -8.11402 44.6345 1 1 1
v -28.4052 -3.18153 39.3409 1 1 1
v -24.45 -1.66055 36.5241 1 1 1
v -48.2975 -13.376 52.8638 1 1 1
v -34.7058 -6.96311 43.7497 1 1 1
v -11.5577 13.5141 32.9079 1 1 1
v -28.6155 -3.86045 40.1216 1 1 1
v -45.6097 -11.6888 51.9098 1 1 1
v -9.3724 13.0916 30.9104 1 1 1
v -23.6658 -2.62336 37.8968 1 1 1
v -11.0128 15.7881 36.033 1 1 1
v -11.1499 15.8436 36.232 1 1 1
v -7.2365 6.3665 27.8599 1 1 1
v -44.5355 -15.3794 55.2475 1 1 1
v -39.9593 -12.9796 52.1379 1 1 1
v -8.23966 6.76885 29.2394 1 1 1
v -40.2202 -13.304 52.253 1 1 1
v -10.5575 15.9925 36.3322 1 1 1
v -10.5575 15.9925 36.3322 1 1 1
v -42.2648 -14.5551 54.5584 1 1 1
v -7.90162 5.58655 28.7954 1 1 1
v -7.45332 6.35389 28.7266 1 1 1
v -7.87131 6.10798 29.0255 1 1 1
v -35.2613 -20.0898 45.0897 1 1 1
v -35.2613 -20.0898 45.0897 1 1 1
v -38.4582 -21.7814 47.7413 1 1 1
v -6.32893 5.45628 27.7099 1 1 1
v -9.91923 17.4664 38.0265 1 1 1
v -7.02429 5.92287 29.1695 1 1 1
v -5.08609 6.16904 27.5149 1 1 1
v -9.49259 7.91317 33.6042 1 1 1
v -7.14595 6.32241 30.1542 1 1 1
v -3.96345 6.76157 27.4176 1 1 1
v -3.63473 6.98471 27.3823 1 1 1
v -38.6143 -23.3951 52.9738 1 1 1
v -28.0244 -16.5299 44.668 1 1 1
v -5.95866 -3.42271 24.963 1 1 1
v -2.32417 15.0032 30.545 1 1 1
v -3.6293 6.69751 27.8993 1 1 1
v -38.5273 -26.3003 53.3502 1 1 1
v -39.5198 -30.6453 52.1746 1 1 1
v -39.0279 -26.8094 53.7974 1 1 1
v -5.65469 12.2558 33.6397 1 1 1
v -3.63817 6.92493 28.1161 1 1 1
v -3.43457 6.65171 27.9426 1 1 1
v -4.04975 6.29562 28.551 1 1 1
v -4.11636 2.91122 27.0404 1 1 1
v -6.23988 -5.01649 25.5451 1 1 1
v -9.16556 12.5984 39.8005 1 1 1
v -2.17686 18.8099 34.1759 1 1 1
v -9.05141 13.2806 40.5394 1 1 1
v -9.71816 12.7876 41.3879 1 1 1
v -3.42743 17.855 35.74 1 1 1
v -1.65905 6.97464 27.3387 1 1 1
v -2.41758 7.2035 29.0342 1 1 1
v -1.32592 1.6194 24.3814 1 1 1
v -1.74899 7.12475 28.6869 1 1 1
v -2.27307 5.47106 28.743 1 1 1
v -3.36017 16.6897 37.3698 1 1 1
v -41.4836 -35.6306 63.1688 1 1 1
v -6.69432 11.0931 39.4212 1 1 1
v -4.16985 -5.7442 25.7371 1 1 1
v -2.48438 9.14682 32.6459 1 1 1
v -2.22776 8.73699 32.4003 1 1 1
v -1.69456 2.95721 27.9682 1 1 1
v -3.76217 -4.71873 26.8184 1 1 1
v 1.27532 19.6546 34.076 1 1 1
v -2.68031 14.2903 38.6934 1 1 1
v -2.80522 14.3359 39.075 1 1 1
v -2.65031 15.3539 39.4578 1 1 1
v -1.38725 -2.16557 26.2202 1 1 1
v -1.43429 5.15126 31.2184 1 1 1
v -1.35774 5.18518 31.0013 1 1 1
v -1.14162 -2.03083 26.1561 1 1 1
v -1.52604 4.8894 31.909 1 1 1
v -0.829423 0.318006 28.093 1 1 1
v -0.610187 -2.42558 26.1484 1 1 1
v -33.3318 -39.4172 61.69 1 1 1
v -33.2425 -38.7554 62.1854 1 1 1
v -0.418406 -2.37019 26.2151 1 1 1
v -0.399401 -2.32503 26.144 1 1 1
v 1.19752 17.4884 37.2234 1 1 1
v 1.80528 17.8287 36.6381 1 1 1
v -0.442998 5.86422 33.0103 1 1 1
v -0.66815 -3.63108 27.8146 1 1 1
v -0.367114 4.81441 33.2554 1 1 1
v -1.23051 14.1657 41.6147 1 1 1
v 0.335925 -2.61706 26.8137 1 1 1
v 1.67085 16.6024 38.1611 1 1 1
v -0.199325 3.86077 33.4351 1 1 1
v -5.02846 8.57871 49.0447 1 1 1
v -7.20237 5.83269 52.0337 1 1 1
v -7.20237 5.83269 52.0337 1 1 1
v -12.829 -0.87675 62.4179 1 1 1
v 0.937243 14.1061 42.1761 1 1 1
v 0.965785 14.0824 42.1712 1 1 1
v -21.3199 -12.3712 77.092 1 1 1
v -17.4723 -10.6914 71.4217 1 1 1
v -8.85593 1.42838 59.4714 1 1 1
v -20.7412 -12.5318 78.8582 1 1 1
v -22.4912 -31.8626 68.0803 1 1 1
v -22.4044 -32.6659 67.5826 1 1 1
v -20.7063 -34.2137 63.4779 1 1 1
v -21.6719 -36.1966 64.7361 1 1 1
v -20.0574 -34.9612 64.8032 1 1 1
v -20.0574 -34.9612 64.8032 1 1 1
v -18.4135 -33.1476 65.8256 1 1 1
v -18.4135 -33.1476 65.8256 1 1 1
v -4.07573 3.48463 56.3644 1 1 1
v -3.87014 3.51734 55.7693 1 1 1
v -14.9159 -31.549 65.5767 1 1 1
v -14.6954 -33.0634 64.5569 1 1 1
v -2.39528 1.64021 61.0236 1 1 1
v -6.14214 -21.7526 53.8196 1 1 1
v -10.7063 -32.2711 62.537 1 1 1
v -8.3296 -10.1085 78.2068 1 1 1
v -14.6854 -41.851 70.4843 1 1 1
v -10.3101 -31.4369 64.4145 1 1 1
v -10.3101 -31.4369 64.4145 1 1 1
v -3.35265 -17.1477 52.6251 1 1 1
v -4.24496 -7.8551 69.4318 1 1 1
v -8.24817 -29.4252 63.1678 1 1 1
v -8.31469 -30.903 62.216 1 1 1
v -3.92465 -5.88734 72.351 1 1 1
v -2.51137 -16.099 53.6477 1 1 1
v -4.21067 -7.91004 72.9131 1 1 1
v -3.14423 -5.57411 70.9405 1 1 1
v -2.26407 -17.1341 52.9477 1 1 1
v -2.56738 -19.3836 51.5155 1 1 1
v -1.96124 -16.6077 52.7949 1 1 1
v -2.06774 -15.6412 54.6503 1 1 1
v -2.11487 -18.2409 51.7633 1 1 1
v -4.8604 -26.2178 55.9246 1 1 1
v -2.27253 -19.0879 51.8666 1 1 1
v -1.66504 -16.4082 52.6789 1 1 1
v -1.60913 -18.3737 51.8309 1 1 1
v 2.07365 1.89603 59.4869 1 1 1
v -1.66899 -16.4678 54.9473 1 1 1
v -3.58084 -25.9022 53.9507 1 1 1
v -0.491805 -2.87022 68.3167 1 1 1
v 7.11528 11.908 46.8178 1 1 1
v 7.11528 11.908 46.8178 1 1 1
v -0.955428 -16.2049 53.427 1 1 1
v -1.35638 -19.9559 50.8389 1 1 1
v -0.954472 -20.6839 48.2198 1 1 1
v -1.42348 -21.4697 49.4472 1 1 1
v -1.50042 -21.0412 50.522 1 1 1
v -4.07149 -28.8318 55.4981 1 1 1
v -0.17233 -4.48538 68.0646 1 1 1
v -1.77228 -22.7933 53.3969 1 1 1
v -0.0986248 -16.383 52.7189 1 1 1
v -0.0986248 -16.383 52.7189 1 1 1
v -0.0771998 -17.2445 51.6353 1 1 1
v -1.25613 -21.896 52.7226 1 1 1
v -1.81795 -27.3897 48.4126 1 1 1
v -1.48748 -26.4023 48.0936 1 1 1
v -0.334849 -16.5053 56.296 1 1 1
v -1.0047 -24.5981 48.552 1 1 1
v 3.45785 0.664495 59.1656 1 1 1
v -1.83795 -28.5983 49.5972 1 1 1
v -0.147148 -22.3959 49.3088 1 1 1
v -0.195207 -16.99 58.0284 1 1 1
v -1.31968 -28.9575 48.0292 1 1 1
v 1.0068 -17.3824 51.2321 1 1 1
v -0.15117 -24.5466 47.5246 1 1 1
v -0.777859 -27.3612 47.4634 1 1 1
v 0.370065 -16.7616 57.1378 1 1 1
v 1.37105 -16.6469 51.2531 1 1 1
v 0.197469 -24.1778 47.2337 1 1 1
v 4.59818 2.31437 61.3832 1 1 1
v 4.59818 2.31437 61.3832 1 1 1
v 11.7376 14.9092 31.3295 1 1 1
v 0.492008 -22.553 50.0241 1 1 1
v 1.95366 -14.3201 52.9876 1 1 1
v 1.43097 -27.1794 35.2731 1 1 1
v 1.43097 -27.1794 35.2731 1 1 1
v -0.843624 -29.7839 48.382 1 1 1
v 1.53735 -16.4815 55.0089 1 1 1
v 1.08018 -22.3221 47.8303 1 1 1
v 0.277406 -26.5949 47.6073 1 1 1
v 4.74247 1.1502 63.0311 1 1 1
v 1.64834 -27.3482 35.2023 1 1 1
v 1.64834 -27.3482 35.2023 1 1 1
v 0.922685 -24.8734 47.7838 1 1 1
v 3.64505 -10.1968 53.7003 1 1 1
v 3.78746 -9.90394 53.7537 1 1 1
v 3.73384 -10.1535 53.9797 1 1 1
v -31.7974 -2.18264 35.706 1 1 1
v -46.8489 -10.9447 44.0784 1 1 1
v -27.2443 -0.640935 34.9112 1 1 1
v -25.9505 -0.25078 34.0516 1 1 1
v -15.5469 17.9654 33.8499 1 1 1
v -30.5272 -1.88564 37.8406 1 1 1
v -30.3493 -2.1306 37.95 1 1 1
v -31.1618 -2.63561 38.9876 1 1 1
v -15.4093 17.348 35.1889 1 1 1
v -24.9385 0.386751 35.9802 1 1 1
v -29.494 -2.90388 38.3215 1 1 1
v -37.5626 -8.03756 44.0482 1 1 1
v -41.0097 -8.88161 46.8537 1 1 1
v -41.9103 -9.94971 48.0191 1 1 1
v -27.8056 -2.66561 38.6357 1 1 1
v -51.5159 -13.4872 55.2342 1 1 1
v -47.4299 -10.7322 53.3616 1 1 1
v -47.4299 -10.7322 53.3616 1 1 1
v -47.602 -10.7769 53.5077 1 1 1
v -47.602 -10.7769 53.5077 1 1 1
v -21.7376 -22.381 25.2563 1 1 1
v -21.7376 -22.381 25.2563 1 1 1
v -22.812 -0.443968 36.683 1 1 1
v -35.5667 -7.61159 45.8195 1 1 1
v -11.5887 13.879 33.0106 1 1 1
v -13.4353 15.607 36.3199 1 1 1
v -13.3458 15.5621 36.2436 1 1 1
v -24.1864 -2.89036 38.9231 1 1 1
v -4.29532 22.0842 31.1013 1 1 1
v -11.4218 10.7812 33.1987 1 1 1
v -8.36611 6.07104 27.9026 1 1 1
v -28.3116 -5.45914 43.2497 1 1 1
v -27.1189 -5.42007 43.236 1 1 1
v -8.88151 7.1201 29.702 1 1 1
v -7.32449 3.42257 26.3231 1 1 1
v -6.69615 0.895164 24.4641 1 1 1
v -8.98974 17.5376 35.6617 1 1 1
v -6.17583 0.655577 24.2034 1 1 1
v -7.98 11.229 31.7565 1 1 1
v -8.07075 11.2637 31.8863 1 1 1
v -8.85469 4.21366 29.39 1 1 1
v -6.94762 17.3911 33.7966 1 1 1
v -8.37974 11.9245 32.6926 1 1 1
v -10.4536 17.7981 38.5666 1 1 1
v -40.7077 -26.1257 52.3399 1 1 1
v -9.98424 10.9914 35.8663 1 1 1
v -40.27 -27.6392 52.418 1 1 1
v -5.47173 5.64736 27.8537 1 1 1
v -45.0388 -32.5774 57.3102 1 1 1
v -5.8215 17.4482 34.8504 1 1 1
v -40.4491 -27.0333 55.7276 1 1 1
v -5.9078 -3.76018 24.4957 1 1 1
v -37.1141 -30.0093 52.5021 1 1 1
v -2.82408 14.5914 31.2313 1 1 1
v -7.62145 11.2624 35.8803 1 1 1
v -4.04175 6.4591 28.5561 1 1 1
v -3.83586 6.48029 28.1927 1 1 1
v -3.04806 18.8113 34.3691 1 1 1
v -4.45864 17.8873 36.7449 1 1 1
v -37.8434 -28.9906 59.5835 1 1 1
v -37.8434 -28.9906 59.5835 1 1 1
v -6.98111 -5.58421 27.8671 1 1 1
v -10.2859 13.1623 43.4332 1 1 1
v -2.5695 4.43522 27.1365 1 1 1
v -3.8037 17.5556 36.5265 1 1 1
v -2.45285 15.3659 33.6305 1 1 1
v -4.22109 -5.5896 25.2674 1 1 1
v -3.73294 -5.49151 25.3753 1 1 1
v -3.0097 -4.00901 25.1282 1 1 1
v -2.55785 -3.73292 24.765 1 1 1
v -2.55785 -3.73292 24.765 1 1 1
v -2.66863 -3.8188 25.0891 1 1 1
v -36.9539 -31.5813 69.3155 1 1 1
v -38.9447 -40.8214 67.254 1 1 1
v -37.2486 -31.4113 71.6428 1 1 1
v -35.654 -41.311 63.9568 1 1 1
v -2.94167 9.91308 37.2098 1 1 1
v -23.6323 -40.5093 42.9993 1 1 1
v -0.658172 0.23918 27.8934 1 1 1
v -0.470004 -2.45088 26.1767 1 1 1
v -3.32045 -7.5365 28.5111 1 1 1
v -0.725629 -3.59213 26.17 1 1 1
v -0.58566 -3.64637 25.8312 1 1 1
v -0.651327 3.92963 31.3788 1 1 1
v -0.140614 -2.80194 25.9625 1 1 1
v -0.141407 -2.90886 25.9748 1 1 1
v -0.36009 -3.09219 26.2688 1 1 1
v -0.41364 17.898 40.8435 1 1 1
v -0.687086 -0.0339214 29.1001 1 1 1
v -0.474474 0.0137554 28.9891 1 1 1
v 3.46975 19.6986 34.6797 1 1 1
v 0.142223 -3.03476 26.016 1 1 1
v -0.599228 11.9399 38.4765 1 1 1
v 0.0650044 -3.0143 26.674 1 1 1
v -15.261 0.589527 62.6903 1 1 1
v -12.8431 -8.17746 51.8378 1 1 1
v -8.75686 -7.00095 44.8376 1 1 1
v -24.0103 -12.9844 80.3114 1 1 1
v -2.67692 10.335 47.3092 1 1 1
v -22.1216 -32.1589 68.6212 1 1 1
v -21.7499 -36.2222 64.7955 1 1 1
v -20.6939 -35.5917 64.2421 1 1 1
v -20.6939 -35.5917 64.2421 1 1 1
v -4.3358 3.43103 57.7517 1 1 1
v -4.3358 3.43103 57.7517 1 1 1
v -17.1484 -31.4942 69.1841 1 1 1
v -17.1484 -31.4942 69.1841 1 1 1
v -12.1494 -10.681 79.9571 1 1 1
v -11.3664 -10.4917 78.8806 1 1 1
v 5.52701 14.7017 42.5543 1 1 1
v -9.5114 -9.95621 78.0091 1 1 1
v -11.251 -33.1072 63.9039 1 1 1
v -7.1242 -9.85853 75.7393 1 1 1
v -10.8225 -32.2034 65.743 1 1 1
v -0.777317 1.46492 61.3642 1 1 1
v -0.777317 1.46492 61.3642 1 1 1
v -8.1951 -32.2479 61.7272 1 1 1
v -8.0296 -29.8008 64.9471 1 1 1
v -7.87884 -30.3722 63.4552 1 1 1
v 1.40926 2.87981 59.7659 1 1 1
v -2.72871 -19.9491 51.5057 1 1 1
v -3.11776 -7.35886 71.4722 1 1 1
v -1.71321 -16.4269 52.7503 1 1 1
v -6.2206 -31.3702 58.585 1 1 1
v -6.2206 -31.3702 58.585 1 1 1
v -1.25098 -16.4409 53.1494 1 1 1
v -2.41875 -24.0473 49.3905 1 1 1
v -3.10723 -25.5594 51.1995 1 1 1
v -0.671801 -16.5282 53.4186 1 1 1
v -0.900262 -19.5593 50.2628 1 1 1
v 3.01631 1.85178 61.3353 1 1 1
v -0.456411 -19.3066 51.7178 1 1 1
v -0.127201 -20.0226 48.8477 1 1 1
v -0.209797 -21.3885 48.9922 1 1 1
v -0.675935 -23.6468 48.8727 1 1 1
v -0.373202 -24.7577 46.626 1 1 1
v 0.0144775 -23.4728 47.7582 1 1 1
v -22.5746 15.4032 35.1473 1 1 1
v -25.3666 -0.0856607 33.0673 1 1 1
v -23.055 1.10507 31.9017 1 1 1
v -23.6462 -0.639075 32.635 1 1 1
v -24.1262 -0.516886 34.6042 1 1 1
v -22.2392 -1.13979 34.0633 1 1 1
v -22.4564 -1.09986 34.8333 1 1 1
v -17.4007 1.6895 32.1483 1 1 1
v -12.6901 12.8444 32.3715 1 1 1
v -11.9007 13.391 32.8765 1 1 1
v -15.3857 15.953 38.2094 1 1 1
v -12.5606 16.9035 35.9146 1 1 1
v -16.0148 -4.06645 30.8106 1 1 1
v -11.4636 10.7633 32.676 1 1 1
v -8.50045 3.8814 26.605 1 1 1
v -9.49589 3.55624 27.6518 1 1 1
v -9.26831 3.54602 27.4227 1 1 1
v -9.09477 6.1805 28.7423 1 1 1
v -11.8606 16.3181 36.7598 1 1 1
v -8.51492 6.57034 29.1164 1 1 1
v -10.7537 16.1412 36.2076 1 1 1
v -8.01318 6.87024 29.0432 1 1 1
v -10.9486 10.7952 34.3277 1 1 1
v -8.06177 6.1354 29.1949 1 1 1
v -7.12488 5.33795 27.9514 1 1 1
v -7.18334 5.9078 28.2682 1 1 1
v -10.7535 10.3327 34.6573 1 1 1
v -7.65919 10.5916 31.5496 1 1 1
v -7.65919 10.5916 31.5496 1 1 1
v -8.76777 5.68848 30.4751 1 1 1
v -11.441 18.4565 39.7927 1 1 1
v -7.27421 17.7224 34.6091 1 1 1
v -7.66189 6.64151 29.8903 1 1 1
v -7.66189 6.64151 29.8903 1 1 1
v -7.01347 6.54233 29.0601 1 1 1
v -7.84182 6.6788 30.1299 1 1 1
v -8.50371 10.9939 33.176 1 1 1
v -7.02509 17.9241 35.2769 1 1 1
v -6.60667 10.6284 31.282 1 1 1
v -7.1881 6.13407 29.8328 1 1 1
v -11.4887 8.92324 36.7709 1 1 1
v -6.46628 6.14075 29.2053 1 1 1
v -5.00377 5.56144 27.1596 1 1 1
v -6.35807 12.1823 32.6433 1 1 1
v -5.9267 -3.22671 24.5516 1 1 1
v -4.80244 7.08956 28.4272 1 1 1
v -5.1502 10.2686 30.4538 1 1 1
v -4.94054 6.91482 28.5958 1 1 1
v -5.58362 6.28965 29.1369 1 1 1
v -5.4093 -3.38193 24.3596 1 1 1
v -3.06913 13.8708 30.0738 1 1 1
v -3.74489 6.99657 27.672 1 1 1
v -3.78598 6.77168 27.978 1 1 1
v -4.12701 2.67856 26.8585 1 1 1
v -10.9247 13.2631 42.3541 1 1 1
v -9.65102 12.7226 41.2511 1 1 1
v -9.65102 12.7226 41.2511 1 1 1
v -8.57926 13.9318 40.2708 1 1 1
v -9.53931 11.3993 40.496 1 1 1
v -3.31565 15.5271 33.4995 1 1 1
v -3.02974 6.80362 28.5779 1 1 1
v -2.46731 4.80198 27.0294 1 1 1
v -3.43336 -2.87662 24.104 1 1 1
v -7.47696 13.9109 39.6302 1 1 1
v -4.71895 1.41245 28.7586 1 1 1
v -7.04587 9.32238 36.8315 1 1 1
v -2.60417 -2.01797 23.8753 1 1 1
v -2.54741 -2.12047 23.9338 1 1 1
v -2.51197 7.38605 28.9958 1 1 1
v -3.48295 15.5297 35.2813 1 1 1
v -2.25117 12.8233 31.8822 1 1 1
v -2.9517 6.69168 29.5843 1 1 1
v -10.0192 -9.66679 31.7544 1 1 1
v -2.49092 -4.69339 23.1213 1 1 1
v -4.8907 -4.4958 27.1342 1 1 1
v -1.41841 -1.31356 23.4036 1 1 1
v -10.2879 -9.32328 34.1657 1 1 1
v -7.80113 11.3891 42.3626 1 1 1
v -7.30391 10.811 41.7697 1 1 1
v -7.10666 10.7224 41.3934 1 1 1
v -1.85725 3.21068 28.1307 1 1 1
v -1.78083 6.96024 30.1896 1 1 1
v -3.65656 8.97951 34.9954 1 1 1
v -9.62496 -8.54862 35.2716 1 1 1
v -1.38343 3.84536 28.6582 1 1 1
v -1.38343 3.84536 28.6582 1 1 1
v -6.96238 11.5431 43.3543 1 1 1
v -1.58272 -3.22115 25.0227 1 1 1
v -0.93671 3.59175 27.9876 1 1 1
v -2.02008 -3.73578 25.7532 1 1 1
v -0.929483 -1.78481 25.2705 1 1 1
v -1.05695 2.14982 28.0783 1 1 1
v -1.61925 -3.79557 25.6856 1 1 1
v -4.49914 10.8774 40.4844 1 1 1
v -1.70511 -3.88283 25.8074 1 1 1
v -1.21591 1.09563 28.1877 1 1 1
v -1.29649 4.69459 30.7095 1 1 1
v -1.06076 4.2969 30.266 1 1 1
v -1.15472 0.337051 28.0701 1 1 1
v -1.15733 -3.6497 25.7238 1 1 1
v -1.22795 -0.217004 28.0593 1 1 1
v -0.650264 -2.39272 25.7794 1 1 1
v -0.99201 4.05684 30.685 1 1 1
v -0.959911 -0.216893 28.0211 1 1 1
v -0.843803 -0.12167 27.8668 1 1 1
v -0.592836 -3.4716 25.299 1 1 1
v -0.84064 0.41373 28.3058 1 1 1
v -4.54637 -6.73445 31.1187 1 1 1
v -0.619022 -3.48439 25.6729 1 1 1
v -0.606085 -3.52165 25.5556 1 1 1
v -0.57702 -3.39178 25.7233 1 1 1
v -1.13538 -4.22815 26.3353 1 1 1
v -5.9344 9.80609 46.2264 1 1 1
v -0.570518 0.207182 28.6553 1 1 1
v -1.24653 -0.149709 29.7432 1 1 1
v -0.0631566 -2.97148 25.9874 1 1 1
v -0.228743 -2.81283 26.5846 1 1 1
v -0.228743 -2.81283 26.5846 1 1 1
v -0.0990246 -3.14609 26.3465 1 1 1
v 0.0387581 -3.17445 26.3675 1 1 1
v 0.279754 -2.81349 26.6486 1 1 1
v 0.0857987 -3.06377 26.9293 1 1 1
v 0.405915 -2.76054 26.65 1 1 1
v 0.298331 3.88688 32.0815 1 1 1
v -5.49771 5.57582 47.8751 1 1 1
v -5.49771 5.57582 47.8751 1 1 1
v -2.75714 10.3809 47.4493 1 1 1
v 1.9967 -14.1066 47.2379 1 1 1
v 1.25907 -19.5983 45.8825 1 1 1
v 1.25907 -19.5983 45.8825 1 1 1
v 0.682525 -22.1786 46.2615 1 1 1
v 0.682525 -22.1786 46.2615 1 1 1
v 1.95949 -16.2835 47.8363 1 1 1
v 4.01042 -9.82916 50.8975 1 1 1
v 4.11871 -10.3204 52.605 1 1 1
v 4.11871 -10.3204 52.605 1 1 1
v -13.8652 18.1124 34.7392 1 1 1
v -13.295 17.1365 35.047 1 1 1
v -8.29683 12.2016 29.0674 1 1 1
v -8.53613 12.3283 29.3756 1 1 1
v -10.1781 6.4208 29.4041 1 1 1
v -14.4084 -15.134 25.2345 1 1 1
v -9.82354 6.84883 30.1835 1 1 1
v -8.99697 7.24608 29.7513 1 1 1
v -8.90458 5.49583 28.8999 1 1 1
v -8.06424 6.78054 29.0115 1 1 1
v -8.16765 6.88988 29.3695 1 1 1
v -7.97784 5.38342 28.6742 1 1 1
v -7.578 6.34167 28.6774 1 1 1
v -7.73869 6.10302 28.7446 1 1 1
v -7.82568 6.69294 29.1484 1 1 1
v -8.88579 6.51185 30.6178 1 1 1
v -7.48064 11.24 31.6011 1 1 1
v -11.4389 10.4315 36.1691 1 1 1
v -8.30113 11.4067 32.9477 1 1 1
v -6.02545 -2.91631 24.0057 1 1 1
v -9.77425 10.8794 35.8313 1 1 1
v -5.33107 -2.77868 23.5222 1 1 1
v -4.37104 20.7307 33.9312 1 1 1
v -7.02067 18.9312 36.8069 1 1 1
v -7.3503 -4.85929 25.7655 1 1 1
v -6.81059 -4.5703 25.2417 1 1 1
v -4.94272 10.1897 30.0572 1 1 1
v -4.7562 6.86171 28.3044 1 1 1
v -4.60744 7.04917 28.2866 1 1 1
v -5.08926 -3.16462 24.0114 1 1 1
v -5.03573 -3.2426 23.9768 1 1 1
v -4.263 7.07472 27.9929 1 1 1
v -5.21973 11.3962 31.6882 1 1 1
v -5.27488 -4.32359 24.3298 1 1 1
v -2.98278 14.8419 30.6941 1 1 1
v -6.45242 -4.90664 25.8102 1 1 1
v -8.32385 -5.47872 28.1508 1 1 1
v -5.83036 12.3483 33.6808 1 1 1
v -5.91487 11.8092 33.6957 1 1 1
v -3.39117 15.8946 32.2262 1 1 1
v -2.96229 14.737 31.3196 1 1 1
v -3.24537 -0.363182 24.1594 1 1 1
v -5.1383 21.6328 38.6855 1 1 1
v -3.35521 19.2104 34.8487 1 1 1
v -2.81443 7.16038 27.908 1 1 1
v -3.00027 14.6848 32.1 1 1 1
v -4.4338 18.1383 36.125 1 1 1
v -3.6314 19.7515 35.8269 1 1 1
v -4.03087 18.855 35.9761 1 1 1
v -4.00307 19.6828 36.5419 1 1 1
v -2.84209 14.7721 32.3377 1 1 1
v -8.89711 13.5618 40.9392 1 1 1
v -2.95179 -3.03316 23.6711 1 1 1
v -3.18994 6.7941 29.9701 1 1 1
v -2.22822 7.44168 29.1493 1 1 1
v -1.76227 7.2671 28.4004 1 1 1
v -10.8009 -8.36799 35.1433 1 1 1
v -9.84566 -8.80201 33.6761 1 1 1
v -11.4003 -8.6779 36.4102 1 1 1
v -1.89191 7.38447 29.5981 1 1 1
v -10.6901 -9.0563 35.9437 1 1 1
v -2.19747 -3.46055 24.9212 1 1 1
v -6.97976 -6.03807 31.9442 1 1 1
v -4.34828 16.5004 40.6088 1 1 1
v -3.56061 -4.31779 27.1138 1 1 1
v -2.172 1.56075 28.1766 1 1 1
v -1.64092 3.11993 28.0682 1 1 1
v -2.56477 -3.68397 25.9753 1 1 1
v -2.12388 -3.34174 25.4559 1 1 1
v -1.55273 -3.20294 24.6399 1 1 1
v -1.57688 -3.38902 24.9569 1 1 1
v -1.38683 5.50941 30.2415 1 1 1
v 0.970125 20.0861 34.6553 1 1 1
v -0.970453 -1.60828 25.4484 1 1 1
v -0.835734 -3.8019 24.2441 1 1 1
v -1.96751 16.9862 39.3941 1 1 1
v -0.822502 0.543474 27.1711 1 1 1
v -0.861892 0.958463 27.8185 1 1 1
v -0.830442 0.510273 27.562 1 1 1
v -4.53305 10.1095 42.0644 1 1 1
v -0.546615 -2.80217 25.7252 1 1 1
v -1.32572 3.3539 31.4864 1 1 1
v -0.840835 -3.58547 26.1609 1 1 1
v -0.137205 -2.62967 25.6254 1 1 1
v -1.76524 10.7872 37.8611 1 1 1
v -1.88258 9.89289 37.7879 1 1 1
v -0.559796 0.150493 28.9602 1 1 1
v -0.873947 10.5777 36.774 1 1 1
v -0.63111 -3.43415 26.976 1 1 1
v -0.622206 -3.43171 26.9616 1 1 1
v -3.10076 1.34668 35.6504 1 1 1
v -3.39611 1.31663 36.3564 1 1 1
v -0.677509 5.17574 33.0663 1 1 1
v -0.608866 -0.605258 29.0723 1 1 1
v -0.147226 -3.12725 26.3664 1 1 1
v -0.91214 11.857 38.2379 1 1 1
v -0.148192 -3.04829 26.6107 1 1 1
v -0.733538 5.13648 34.1721 1 1 1
v 1.29948 17.0055 38.9323 1 1 1
v -2.98009 10.5229 48.0765 1 1 1
v 0.43032 15.0335 43.7006 1 1 1
v -1.44428 -11.6499 28.9163 1 1 1
v 4.2205 1.43165 45.5447 1 1 1
v 1.52655 -16.0077 41.522 1 1 1
v 0.170518 -20.5567 43.7961 1 1 1
v 2.02858 -20.3334 45.1247 1 1 1
v 11.8451 12.0561 25.1484 1 1 1
v -12.4325 12.0534 31.3361 1 1 1
v -9.10541 6.87726 29.4369 1 1 1
v -4.10507 21.8621 30.7479 1 1 1
v -7.32661 5.95857 28.4238 1 1 1
v -8.45871 4.10128 29.0416 1 1 1
v -8.57694 11.888 32.8816 1 1 1
v -4.7203 13.5679 29.9549 1 1 1
v -5.69294 10.9165 30.5183 1 1 1
v -5.91328 11.0439 30.8826 1 1 1
v -4.43124 6.56525 27.2743 1 1 1
v -6.24317 -3.30742 25.1601 1 1 1
v -7.38965 -3.17365 26.9171 1 1 1
v -4.63625 12.2885 30.5889 1 1 1
v -7.17105 -4.98893 26.1677 1 1 1
v -5.35172 10.7406 31.3075 1 1 1
v -3.15743 6.50707 26.2581 1 1 1
v -6.43667 12.5551 33.7412 1 1 1
v -3.88197 6.99083 27.9165 1 1 1
v -4.38285 6.72517 28.6554 1 1 1
v -3.92345 6.70931 28.1478 1 1 1
v -4.33702 3.09256 27.1154 1 1 1
v -3.50016 6.69688 27.7724 1 1 1
v -2.92975 14.6964 31.225 1 1 1
v -3.06915 7.15735 28.6714 1 1 1
v -2.28045 6.52352 27.154 1 1 1
v -3.45203 -3.49622 24.6366 1 1 1
v -3.43494 4.83705 29.3694 1 1 1
v -2.50173 5.612 28.9339 1 1 1
v -1.99557 -2.96527 23.7919 1 1 1
v -2.22498 8.07927 30.5991 1 1 1
v -2.04592 2.21623 27.7458 1 1 1
v -1.781 -3.39454 24.5026 1 1 1
v -1.7876 -3.39702 24.5135 1 1 1
v -1.97997 2.21695 28.0073 1 1 1
v -1.66452 3.19114 28.2406 1 1 1
v -1.94183 -3.45448 25.1533 1 1 1
v -1.27365 3.96925 28.2324 1 1 1
v -1.32176 -1.79125 25.5524 1 1 1
v -1.1896 5.24601 29.6802 1 1 1
v -3.70565 10.3599 38.6862 1 1 1
v -1.48482 5.06118 31.5149 1 1 1
v -0.975626 0.307592 27.7853 1 1 1
v -0.630469 -2.80311 25.8467 1 1 1
v -1.50351 4.97999 32.542 1 1 1
v -0.919157 0.169736 28.8411 1 1 1
v -0.411646 -2.73712 25.9165 1 1 1
v -0.880077 0.776246 29.118 1 1 1
v -0.743114 0.236273 28.9111 1 1 1
v -1.50286 -0.00267237 30.7766 1 1 1
v -1.40891 0.042396 30.5341 1 1 1
v -1.13909 6.22888 34.1372 1 1 1
v -0.400561 -2.64914 27.4174 1 1 1
v -0.799073 5.1343 34.0521 1 1 1
v 10.1855 0.397569 7.03637 1 1 1
v -20.1515 18.0598 37.0414 1 1 1
v -16.729 18.6564 35.3905 1 1 1
v -14.9786 18.8746 36.0775 1 1 1
v -15.2558 18.5759 36.5705 1 1 1
v -14.9793 18.5924 36.4877 1 1 1
v -13.4507 19.6473 35.9376 1 1 1
v -14.891 18.1978 37.0846 1 1 1
v -14.2524 18.6821 37.3352 1 1 1
v -14.6983 15.5784 37.2365 1 1 1
v -5.47033 23.5995 30.3987 1 1 1
v -19.1244 18.9336 43.8684 1 1 1
v -13.9221 17.7679 37.7475 1 1 1
v -13.9221 17.7679 37.7475 1 1 1
v -13.2217 11.5199 34.8705 1 1 1
v -9.64697 3.5872 27.8727 1 1 1
v -9.06011 3.52733 27.1749 1 1 1
v -12.4706 11.7054 34.2738 1 1 1
v -10.9798 3.03258 29.3006 1 1 1
v -9.3382 6.64236 29.3294 1 1 1
v -13.9032 17.6885 39.5815 1 1 1
v -12.9251 18.0122 38.6046 1 1 1
v -7.59315 5.13637 27.2347 1 1 1
v -7.8373 5.19358 27.5717 1 1 1
v -13.1517 17.823 39.2935 1 1 1
v -9.28385 7.34043 30.4345 1 1 1
v -7.86222 5.94986 28.3145 1 1 1
v -9.35679 5.89522 30.4855 1 1 1
v -8.22608 5.65669 28.9632 1 1 1
v -12.0684 11.2224 36.4763 1 1 1
v -4.70325 22.6583 31.9951 1 1 1
v -9.18084 11.8242 33.3671 1 1 1
v -7.69612 13.1971 32.154 1 1 1
v -7.69612 13.1971 32.154 1 1 1
v -6.54811 3.04183 26.904 1 1 1
v -9.41378 7.05667 32.7589 1 1 1
v -7.45292 6.30784 30.0773 1 1 1
v -11.7568 8.99209 37.1753 1 1 1
v -9.88274 11.907 36.5943 1 1 1
v -7.60517 18.4421 36.2171 1 1 1
v -7.593 -4.69087 26.167 1 1 1
v -8.03975 18.7575 37.0928 1 1 1
v -6.81398 12.212 32.5656 1 1 1
v -7.81052 18.9238 37.2 1 1 1
v -5.84231 10.5836 30.8087 1 1 1
v -6.20054 -3.36338 25.144 1 1 1
v -6.26368 -3.46767 25.2681 1 1 1
v -5.8548 -3.62488 24.7001 1 1 1
v -6.17704 -3.35478 25.2452 1 1 1
v -7.03841 12.8637 33.8144 1 1 1
v -6.68131 12.0231 32.8694 1 1 1
v -6.26202 -3.88414 25.3107 1 1 1
v -4.9821 6.24028 28.1161 1 1 1
v -5.90627 17.3497 34.948 1 1 1
v -6.52632 12.8691 34.9342 1 1 1
v -10.6093 -5.80165 32.8052 1 1 1
v -13.2745 14.4013 47.5553 1 1 1
v -12.5983 14.6722 46.9746 1 1 1
v -5.23896 20.2816 38.6262 1 1 1
v -9.46025 14.5173 42.7372 1 1 1
v -4.2613 20.5819 37.1875 1 1 1
v -9.2488 15.433 42.7707 1 1 1
v -3.48689 -3.2775 24.5581 1 1 1
v -6.91594 14.0384 39.0695 1 1 1
v -2.90029 7.79302 29.9003 1 1 1
v -2.60273 13.0044 32.1488 1 1 1
v -2.65672 3.35839 27.5382 1 1 1
v -2.96212 13.4877 33.2288 1 1 1
v -3.181 15.1951 34.9181 1 1 1
v -3.50986 16.4558 36.1459 1 1 1
v -3.50986 16.4558 36.1459 1 1 1
v -12.1115 -7.69041 39.0514 1 1 1
v -2.10058 7.38012 29.5495 1 1 1
v -3.20798 -3.88386 25.9145 1 1 1
v -4.2041 -5.15496 27.214 1 1 1
v -3.41677 13.2323 35.627 1 1 1
v -2.39264 6.06064 30.0409 1 1 1
v -3.21681 13.1016 35.3732 1 1 1
v -3.21681 13.1016 35.3732 1 1 1
v -3.3603 12.9989 35.6029 1 1 1
v -3.15607 13.1649 35.4204 1 1 1
v -1.82208 8.05431 31.0811 1 1 1
v -1.87173 -3.12723 25.3502 1 1 1
v -4.79068 16.9243 42.9438 1 1 1
v -1.99101 -3.60967 26.1724 1 1 1
v -11.4537 -9.94654 42.2333 1 1 1
v -4.08909 16.7571 42.6392 1 1 1
v -1.24884 2.22568 28.4007 1 1 1
v -3.22992 14.8428 39.7507 1 1 1
v -1.74799 5.39016 31.5175 1 1 1
v -1.05663 1.12477 27.6143 1 1 1
v 0.463092 21.0249 36.1406 1 1 1
v -1.21757 1.0542 27.9479 1 1 1
v -4.45119 11.368 41.144 1 1 1
v -2.81655 18.0479 41.6676 1 1 1
v -0.977937 0.615751 27.6691 1 1 1
v -1.27427 0.387553 28.311 1 1 1
v -0.85931 -2.19627 26.1598 1 1 1
v -1.24352 -0.0986281 28.2866 1 1 1
v -0.935881 0.814381 28.253 1 1 1
v -1.4832 4.865 32.2827 1 1 1
v -1.4832 4.865 32.2827 1 1 1
v -2.81514 17.2099 42.7316 1 1 1
v -1.2411 5.00356 31.8346 1 1 1
v -1.69758 5.03484 33.191 1 1 1
v -1.69758 5.03484 33.191 1 1 1
v -0.584518 1.49287 28.5891 1 1 1
v -2.01881 11.3712 38.8981 1 1 1
v -1.44559 6.42998 34.8546 1 1 1
v -2.39635 17.0894 44.1082 1 1 1
v -0.760995 1.84318 30.7463 1 1 1
v -0.789208 18.7897 42.0027 1 1 1
v 0.235507 19.5231 40.1193 1 1 1
v -3.44974 10.0568 43.1257 1 1 1
v -1.91354 16.6679 45.087 1 1 1
v -1.27579 11.2301 40.0258 1 1 1
v 0.377539 18.9232 41.074 1 1 1
v 0.319979 18.592 42.3172 1 1 1
v -1.6147 16.2107 47.1978 1 1 1
v -0.68007 15.7373 46.8778 1 1 1
v -0.311765 16.0648 46.5137 1 1 1
v -0.634666 16.0628 47.6711 1 1 1
v -0.634666 16.0628 47.6711 1 1 1
v -0.634666 16.0628 47.6711 1 1 1
v 1.24156 15.8651 48.51 1 1 1
v -9.54946 4.14198 27.845 1 1 1
v -6.48204 4.64077 24.737 1 1 1
v -6.65398 4.68478 24.9697 1 1 1
v -6.88127 1.80731 24.611 1 1 1
v -8.29888 6.9224 28.9862 1 1 1
v -7.69453 6.69987 28.1488 1 1 1
v -9.2256 -2.44496 27.0346 1 1 1
v -5.57334 4.82921 25.2302 1 1 1
v -8.43905 -1.96096 26.3677 1 1 1
v -8.86916 7.0567 30.4476 1 1 1
v -8.86916 7.0567 30.4476 1 1 1
v -9.16076 5.85619 30.4135 1 1 1
v -8.19045 5.7835 29.7516 1 1 1
v -7.67512 -4.13785 25.2433 1 1 1
v -3.5303 5.29829 23.5065 1 1 1
v -5.72204 5.53053 27.757 1 1 1
v -5.46478 5.65423 27.6487 1 1 1
v -8.43025 -5.19657 27.5073 1 1 1
v -5.37731 10.4543 29.6659 1 1 1
v -5.72974 -4.14265 24.1054 1 1 1
v -6.60191 -2.7973 25.9576 1 1 1
v -5.50282 -3.12698 24.2593 1 1 1
v -7.25749 -5.07716 25.9852 1 1 1
v -7.47193 -5.1403 26.2901 1 1 1
v -6.11444 11.4693 31.4207 1 1 1
v -5.74222 10.3887 30.4449 1 1 1
v -5.19822 9.62923 29.3624 1 1 1
v -6.38873 -3.48037 25.5524 1 1 1
v -7.85074 -5.11935 27.4085 1 1 1
v -7.9899 -5.27068 27.6341 1 1 1
v -5.73217 8.27855 30.2808 1 1 1
v -6.66192 -4.47665 26.4378 1 1 1
v -3.75574 6.90072 26.9598 1 1 1
v -3.54419 6.94959 26.6844 1 1 1
v -4.16491 7.40966 27.8716 1 1 1
v -4.45029 6.96554 28.1761 1 1 1
v -3.89182 7.23627 27.4793 1 1 1
v -5.38984 11.8466 31.7712 1 1 1
v -5.38077 11.5312 31.8276 1 1 1
v -2.76312 2.81557 24.382 1 1 1
v -4.33999 -2.49642 25.1273 1 1 1
v -3.22084 15.7434 31.756 1 1 1
v -3.52248 -3.2526 23.7425 1 1 1
v -5.52807 1.64953 29.6633 1 1 1
v -2.89725 6.73855 27.8032 1 1 1
v -2.9942 4.62865 27.7851 1 1 1
v -2.44876 7.4625 28.6622 1 1 1
v -2.80545 6.6142 28.9463 1 1 1
v -2.13544 6.29352 27.6113 1 1 1
v -1.66999 4.55875 26.0088 1 1 1
v -3.38442 6.93244 30.259 1 1 1
v 0.849448 -2.36744 18.2583 1 1 1
v -2.87198 -2.42066 25.056 1 1 1
v -2.6903 -3.5476 24.2345 1 1 1
v 0.486501 21.8713 31.2573 1 1 1
v -2.68659 14.7776 33.8011 1 1 1
v -2.27922 -3.32067 24.8779 1 1 1
v -2.02382 7.94377 30.5636 1 1 1
v -1.6694 -3.09234 24.5859 1 1 1
v -1.09263 3.91548 27.7584 1 1 1
v -1.86835 -3.68479 25.4101 1 1 1
v -1.86835 -3.68479 25.4101 1 1 1
v -0.769229 0.235363 26.4749 1 1 1
v -0.948674 1.15132 27.6499 1 1 1
v -0.910054 4.62927 29.582 1 1 1
v 1.00337 0.641443 23.1322 1 1 1
v -1.0815 4.46111 30.0179 1 1 1
v -1.21974 0.193912 28.0709 1 1 1
v -0.944843 0.454405 27.8794 1 1 1
v -0.906899 0.200286 27.7728 1 1 1
v -0.854684 -2.75801 26.4164 1 1 1
v -0.73344 -2.60651 26.6495 1 1 1
v -1.10456 0.250661 29.4209 1 1 1
v -0.529059 0.473557 28.5966 1 1 1
v 0.0105223 -2.40884 25.7704 1 1 1
v -0.510849 -3.11345 26.847 1 1 1
v -1.66876 -2.39633 30.3276 1 1 1
v -0.361467 -3.09655 26.7469 1 1 1
v -0.843901 -3.16548 27.9398 1 1 1
v -0.783666 -3.14607 28.0073 1 1 1
v -0.560348 -2.65114 27.8965 1 1 1
v -0.408076 -2.72559 27.6805 1 1 1
v -0.117687 -2.57502 26.9987 1 1 1
v 0.04586 -2.68918 26.6498 1 1 1
v 2.61158 -7.32423 18.0607 1 1 1
v 3.04112 -6.89841 17.7856 1 1 1
v 3.04112 -6.89841 17.7856 1 1 1
v 2.04511 -8.06414 20.0617 1 1 1
v 2.04511 -8.06414 20.0617 1 1 1
v -16.3124 3.5699 27.579 1 1 1
v -5.6783 -9.96669 14.4945 1 1 1
v -5.6783 -9.96669 14.4945 1 1 1
v -5.75452 -10.0336 14.6259 1 1 1
v -12.6508 0.415483 28.2718 1 1 1
v -14.5461 13.9412 34.9057 1 1 1
v -14.5461 13.9412 34.9057 1 1 1
v -13.0678 19.3484 35.4264 1 1 1
v -13.5259 15.0008 35.7054 1 1 1
v -11.5911 14.1678 33.2942 1 1 1
v -13.646 12.3789 35.9424 1 1 1
v -11.3224 5.07735 30.6061 1 1 1
v -9.4115 4.58595 28.1195 1 1 1
v -9.06871 6.2829 28.771 1 1 1
v -13.3778 -0.557892 31.9238 1 1 1
v -10.8148 7.54822 31.7824 1 1 1
v -5.45739 23.7407 31.0079 1 1 1
v -4.94698 22.9373 30.1995 1 1 1
v -4.94698 22.9373 30.1995 1 1 1
v -7.82174 6.47704 28.7788 1 1 1
v -9.48108 7.31208 31.3851 1 1 1
v -11.383 10.5514 35.5961 1 1 1
v -9.83114 12.2897 34.4489 1 1 1
v -9.74267 12.6829 34.7574 1 1 1
v -7.55467 13.1423 31.9017 1 1 1
v -9.50993 11.6319 34.2413 1 1 1
v -9.50993 11.6319 34.2413 1 1 1
v -10.3442 -5.4096 29.1828 1 1 1
v -9.77739 12.3233 35.2133 1 1 1
v -7.31073 5.99859 29.4887 1 1 1
v -8.83317 7.87369 32.6888 1 1 1
v -6.1974 6.33096 28.2369 1 1 1
v -7.8919 -3.46701 27.0248 1 1 1
v -7.40811 6.55077 30.5595 1 1 1
v -10.2901 9.7528 36.6058 1 1 1
v -10.2901 9.7528 36.6058 1 1 1
v -7.3531 -3.77602 26.7943 1 1 1
v -8.8069 19.7181 38.5265 1 1 1
v -8.97533 19.749 38.8837 1 1 1
v -8.112 20.2595 39.0773 1 1 1
v -4.84233 21.4497 34.9838 1 1 1
v -5.92632 17.3964 35.0487 1 1 1
v -5.92632 17.3964 35.0487 1 1 1
v -7.2449 12.9789 35.5538 1 1 1
v 5.29899 -0.655666 9.44006 1 1 1
v -3.74661 3.0891 26.0692 1 1 1
v -7.0942 13.3719 36.0946 1 1 1
v -3.606 -1.99623 23.7861 1 1 1
v -3.03162 13.8692 29.799 1 1 1
v -5.77927 -4.27434 26.6083 1 1 1
v -2.85784 14.714 30.2377 1 1 1
v -2.85784 14.714 30.2377 1 1 1
v -4.04288 -3.16745 25.1657 1 1 1
v -4.25951 -3.58228 25.8638 1 1 1
v -4.25951 -3.58228 25.8638 1 1 1
v -3.12607 21.6319 35.3331 1 1 1
v -4.38467 20.5815 37.2745 1 1 1
v -2.27373 4.94268 26.3561 1 1 1
v -3.25753 15.5674 33.0961 1 1 1
v -2.20758 14.0683 30.6392 1 1 1
v -7.77534 -6.75071 31.4715 1 1 1
v -5.57598 -4.11736 29.3361 1 1 1
v -4.22931 16.6913 36.996 1 1 1
v -5.27365 19.9289 40.7388 1 1 1
v -4.12433 17.1953 37.9665 1 1 1
v -2.43402 7.7819 30.6177 1 1 1
v -3.18743 -3.71987 26.5151 1 1 1
v -3.05996 6.48356 31.5299 1 1 1
v -2.82584 2.48549 29.194 1 1 1
v -2.5486 -3.46615 26.2006 1 1 1
v -2.03844 -3.36034 25.5715 1 1 1
v -1.91433 -2.93294 25.5343 1 1 1
v -1.83774 -3.94439 25.0348 1 1 1
v -3.37839 -4.74584 28.9125 1 1 1
v -3.55328 -4.57637 30.1074 1 1 1
v -2.05199 -3.72736 27.2207 1 1 1
v -2.50067 1.15827 31.1781 1 1 1
v -1.17651 0.22709 27.6516 1 1 1
v -1.89668 -3.74289 27.2706 1 1 1
v -1.83147 0.187749 29.5769 1 1 1
v -0.672042 -2.16061 25.5951 1 1 1
v 1.03984 19.7772 34.0313 1 1 1
v -1.58342 0.229452 29.3583 1 1 1
v -0.917935 -2.86124 26.9429 1 1 1
v -1.13985 1.09621 30.1337 1 1 1
v -2.58212 11.2051 39.8182 1 1 1
v -2.28672 0.160128 32.6355 1 1 1
v -2.24016 6.98593 36.6327 1 1 1
v -1.7257 0.294371 31.3762 1 1 1
v -2.44372 11.8614 40.1993 1 1 1
v -2.96339 10.8678 40.9325 1 1 1
v -0.873889 -3.25124 27.2032 1 1 1
v -0.519782 4.03284 30.8087 1 1 1
v -0.552074 -2.6424 26.9332 1 1 1
v -2.59933 11.5821 41.156 1 1 1
v 5.55275 -3.48264 10.6678 1 1 1
v -2.43891 12.0692 41.3582 1 1 1
v -1.80843 5.8045 35.9951 1 1 1
v -1.12255 -3.23546 28.8745 1 1 1
v -0.062944 20.2224 41.357 1 1 1
v -0.636667 -2.86706 28.3275 1 1 1
v -0.548796 5.04634 33.207 1 1 1
v -0.290189 20.0583 42.1587 1 1 1
v -4.0416 -15.5491 31.0887 1 1 1
v -5.31851 -10.6934 39.0998 1 1 1
v -0.146637 19.6311 44.4079 1 1 1
v -0.760217 1.63138 37.505 1 1 1
v 6.37412 21.9003 43.143 1 1 1
v -9.65114 -12.3766 20.8783 1 1 1
v -8.6277 4.01108 26.4825 1 1 1
v -6.91031 2.47299 23.9132 1 1 1
v -5.89404 1.81238 23.1448 1 1 1
v -7.76208 6.16522 27.2524 1 1 1
v -8.40501 -2.19833 25.693 1 1 1
v -5.97806 1.58648 23.8148 1 1 1
v -7.97853 -2.84118 25.2729 1 1 1
v -6.86695 5.89341 27.1823 1 1 1
v -6.81272 10.9444 29.7707 1 1 1
v -6.49194 -4.19258 24.359 1 1 1
v -7.44494 -4.43062 25.8393 1 1 1
v -7.44494 -4.43062 25.8393 1 1 1
v -3.16358 20.1937 28.6544 1 1 1
v -3.03229 19.9403 28.4943 1 1 1
v -4.9222 -3.30879 22.733 1 1 1
v -4.81952 -3.12737 23.0129 1 1 1
v -5.1243 -3.34853 23.4236 1 1 1
v -5.1243 -3.34853 23.4236 1 1 1
v -5.52547 11.2871 29.9782 1 1 1
v -3.90701 -3.5064 21.8687 1 1 1
v -4.13328 10.0184 27.5886 1 1 1
v -5.01982 11.1933 29.7835 1 1 1
v -3.84253 6.82171 27.0902 1 1 1
v -2.79763 5.79301 25.756 1 1 1
v -2.5804 5.9732 25.5372 1 1 1
v -2.90885 7.44406 27.5977 1 1 1
v -2.30998 6.42261 26.4029 1 1 1
v -2.10704 -1.62403 22.6156 1 1 1
v -2.41148 15.4804 31.4509 1 1 1
v 2.06053 -1.76851 15.3647 1 1 1
v -1.85941 7.33786 28.0025 1 1 1
v 0.315905 -2.43747 19.0936 1 1 1
v -2.19949 -3.45014 24.0802 1 1 1
v -0.72534 -3.2305 21.475 1 1 1
v -1.22261 7.48133 27.9703 1 1 1
v -1.14339 7.38396 27.7552 1 1 1
v -0.819984 2.93571 25.4464 1 1 1
v -0.557214 6.3118 26.6413 1 1 1
v -0.0584447 5.03287 24.9244 1 1 1
v -0.925514 7.47108 28.5435 1 1 1
v -0.595348 -3.11056 23.0988 1 1 1
v -0.153481 -1.77653 24.2516 1 1 1
v -0.00911105 -1.92414 23.8241 1 1 1
v -0.655626 3.54834 28.8788 1 1 1
v -0.136749 -2.97034 24.1623 1 1 1
v -0.0335502 -2.32173 24.6324 1 1 1
v 0.261859 3.0753 27.0669 1 1 1
v 0.273754 -2.53714 24.7301 1 1 1
v 0.555658 -2.47152 24.8497 1 1 1
v 0.555658 -2.47152 24.8497 1 1 1
v -0.197147 3.42014 31.489 1 1 1
v 4.0955 -1.50513 15.9495 1 1 1
v 4.11674 17.0337 29.6777 1 1 1
v 5.34745 -2.21174 32.3216 1 1 1
v -0.86561 -5.78185 10.3587 1 1 1
v -0.700247 -5.95062 10.3684 1 1 1
v 3.0983 -1.19023 11.4276 1 1 1
v 0.737911 -2.34158 17.519 1 1 1
v 0.575485 -2.7048 20.7707 1 1 1
v -0.523084 -3.20829 23.6363 1 1 1
v -0.712679 -8.86859 21.9147 1 1 1
v -0.390042 -8.65303 21.6882 1 1 1
v -0.390042 -8.65303 21.6882 1 1 1
v -7.78668 11.9571 23.5369 1 1 1
v -15.7066 -2.93816 29.0524 1 1 1
v -12.5769 -1.58 26.9044 1 1 1
v -9.46424 -1.29656 23.2022 1 1 1
v -6.64158 12.1596 23.7637 1 1 1
v -9.51918 -1.82289 23.8275 1 1 1
v -15.039 -3.19106 30.4623 1 1 1
v -9.44315 -0.586612 24.2075 1 1 1
v -6.46234 11.6866 24.2038 1 1 1
v -5.03826 11.9909 22.753 1 1 1
v -10.3365 -2.24928 25.827 1 1 1
v -10.108 -1.03587 25.9207 1 1 1
v -10.0594 -1.08509 25.9903 1 1 1
v -6.18657 8.63146 23.6299 1 1 1
v -11.2556 0.703912 28.5871 1 1 1
v -9.41747 -1.55449 25.7364 1 1 1
v -3.64661 2.92678 19.1686 1 1 1
v -4.39589 2.75811 20.3503 1 1 1
v -4.39589 2.75811 20.3503 1 1 1
v -2.74896 4.51751 19.1658 1 1 1
v -4.05017 6.95279 22.3177 1 1 1
v -2.46897 10.0743 20.5737 1 1 1
v -2.50805 4.11579 19.3891 1 1 1
v -2.50187 6.71458 20.0335 1 1 1
v -2.12899 4.10422 18.9542 1 1 1
v -2.62212 4.14333 19.7931 1 1 1
v -2.49797 7.34135 21.1159 1 1 1
v -3.37313 4.31253 21.6584 1 1 1
v -2.90588 8.16035 22.2626 1 1 1
v -3.45276 4.88806 22.2943 1 1 1
v -3.46325 4.70439 22.2821 1 1 1
v -3.81666 8.32416 24.1583 1 1 1
v -3.72956 7.98717 23.9691 1 1 1
v -1.30487 -1.97368 17.1865 1 1 1
v -2.33988 -2.33792 18.8606 1 1 1
v -1.47507 -2.43584 17.4634 1 1 1
v -1.97396 4.18701 20.6477 1 1 1
v -0.219176 14.6567 21.2768 1 1 1
v -1.5165 7.91103 21.4639 1 1 1
v -1.52637 8.15757 22.1004 1 1 1
v -2.3351 9.03024 23.9231 1 1 1
v -0.599741 4.33647 19.3294 1 1 1
v -1.32566 8.23805 22.4549 1 1 1
v -0.991978 -3.35391 18.3621 1 1 1
v -0.201716 5.05511 20.2018 1 1 1
v -0.0739467 -1.56521 17.4144 1 1 1
v -2.10694 -3.90218 20.7072 1 1 1
v 0.207434 10.3686 21.3898 1 1 1
v 0.701736 9.29138 20.1126 1 1 1
v 0.294611 4.5152 19.4947 1 1 1
v 0.354322 -0.957649 17.4303 1 1 1
v 0.451252 4.73906 19.578 1 1 1
v 0.451252 4.73906 19.578 1 1 1
v 0.562651 4.92125 19.5409 1 1 1
v 0.0382582 3.98019 20.6388 1 1 1
v 1.2579 3.87783 17.6885 1 1 1
v 0.0256604 8.2344 22.9433 1 1 1
v 1.3833 5.57694 18.4385 1 1 1
v 0.375276 4.9417 20.8464 1 1 1
v 0.771673 4.56566 19.8602 1 1 1
v 1.04796 5.32373 20.3148 1 1 1
v 0.973163 -1.93414 17.7984 1 1 1
v 1.04956 -1.88958 18.0255 1 1 1
v 0.679038 2.5558 21.055 1 1 1
v 3.02555 -4.52091 12.0678 1 1 1
v 1.28235 -2.34654 18.1799 1 1 1
v 0.424315 10.5539 27.1306 1 1 1
v 1.7271 1.34085 19.2183 1 1 1
v 1.0805 11.4925 26.9496 1 1 1
v 1.7821 3.31496 20.7302 1 1 1
v 1.80633 3.34288 21.1252 1 1 1
v 1.44191 10.6018 25.8078 1 1 1
v 1.71988 3.50108 21.6295 1 1 1
v 1.4629 -1.57051 20.128 1 1 1
v 1.04388 7.62812 26.5261 1 1 1
v 1.80323 6.52614 23.4989 1 1 1
v 2.96865 13.6916 23.9591 1 1 1
v 1.13169 7.87491 26.8593 1 1 1
v 2.01215 3.14097 21.5585 1 1 1
v 2.72628 9.29463 22.0166 1 1 1
v 1.45749 -1.82979 20.8056 1 1 1
v 1.6418 -1.52814 20.5036 1 1 1
v 1.58967 -1.76315 20.7789 1 1 1
v 1.72053 -1.75571 20.8427 1 1 1
v 3.32283 11.2244 25.2003 1 1 1
v 3.4372 8.80487 24.4601 1 1 1
v 3.02989 9.01396 27.1161 1 1 1
v 2.60865 10.2636 29.9082 1 1 1
v 0.970135 1.57012 36.8096 1 1 1
v 3.94654 9.29134 28.1226 1 1 1
v 3.94654 9.29134 28.1226 1 1 1
v 0.661175 -9.30637 31.2218 1 1 1
v 0.844834 -15.4761 27.0282 1 1 1
v -0.165544 -12.8844 36.5367 1 1 1
v 0.968968 -9.88329 32.7923 1 1 1
v 0.965138 -10.3916 32.4764 1 1 1
v 1.59851 -8.89315 31.0056 1 1 1
v 0.364673 -10.9877 37.873 1 1 1
v 1.40472 -10.4548 32.6062 1 1 1
v 0.841922 -15.0902 32.0977 1 1 1
v 1.42922 -11.9462 31.6298 1 1 1
v 0.780115 -12.7812 36.8928 1 1 1
v 1.95791 -13.8509 26.7744 1 1 1
v 0.795639 -17.5081 31.7185 1 1 1
v 1.2554 -15.5522 30.8052 1 1 1
v 1.67373 -14.3729 29.3366 1 1 1
v 5.86617 9.19107 26.6635 1 1 1
v 5.78588 9.74285 27.6094 1 1 1
v 1.16779 -13.673 34.9798 1 1 1
v 2.05855 -9.15395 33.635 1 1 1
v 1.40183 -10.4117 37.9408 1 1 1
v 3.44903 1.75293 37.1603 1 1 1
v 2.08852 -10.7925 32.2823 1 1 1
v 2.08852 -10.7925 32.2823 1 1 1
v 2.16121 -13.412 28.9657 1 1 1
v 0.507252 -20.0729 35.0753 1 1 1
v 4.01444 0.932687 37.8058 1 1 1
v 4.01444 0.932687 37.8058 1 1 1
v 2.96628 -12.8714 28.5511 1 1 1
v 3.71385 -7.60369 31.2452 1 1 1
v 2.88938 -13.1 30.815 1 1 1
v 3.54969 -8.56704 32.998 1 1 1
v 2.63502 -16.2107 30.5007 1 1 1
v 3.16713 -13.0079 31.0453 1 1 1
v 2.67061 -17.3551 30.4451 1 1 1
v 4.90265 0.0829654 38.1495 1 1 1
v 4.90265 0.0829654 38.1495 1 1 1
v 4.22817 -6.47784 33.1113 1 1 1
v 3.14555 -14.4292 30.6933 1 1 1
v 4.50217 -5.60433 31.6092 1 1 1
v 6.70443 8.07147 29.3601 1 1 1
v 2.81146 -16.9663 30.2771 1 1 1
v 2.79065 -17.9665 30.2264 1 1 1
v 4.43033 -6.77537 32.745 1 1 1
v 2.0947 -21.5329 33.3021 1 1 1
v 5.44054 1.55249 38.2753 1 1 1
v 3.62726 -13.7853 30.8184 1 1 1
v 5.57002 0.979265 38.242 1 1 1
v 4.79237 -5.732 33.6578 1 1 1
v 5.00355 -5.9126 33.3501 1 1 1
v 4.59321 -7.68458 37.3753 1 1 1
v 4.94799 -6.91798 32.9758 1 1 1
v 3.90145 -14.6022 30.851 1 1 1
v 3.71661 -17.315 26.0154 1 1 1
v 5.00588 -6.71594 39.5145 1 1 1
v 5.66312 -5.13185 33.8751 1 1 1
v 6.29374 -0.480588 39.3704 1 1 1
v 5.76256 -4.66618 38.2778 1 1 1
v 4.43293 -14.6843 30.3975 1 1 1
v 6.80768 0.904104 37.9012 1 1 1
v 6.40956 -3.11741 35.7208 1 1 1
v 4.55139 -16.3899 30.7411 1 1 1
v 4.1442 -18.9009 34.4998 1 1 1
v 5.59251 -9.98074 32.5764 1 1 1
v 5.59251 -9.98074 32.5764 1 1 1
v 6.5278 -4.25619 39.7461 1 1 1
v 8.46783 7.88774 34.6336 1 1 1
v 5.63858 -11.1052 32.2992 1 1 1
v 4.52456 -18.2987 28.1501 1 1 1
v 5.46289 -12.2691 30.0768 1 1 1
v 6.81458 -3.70381 40.0671 1 1 1
v 6.96611 -5.01681 46.6274 1 1 1
v 4.7621 -18.3743 27.9745 1 1 1
v 7.2658 -5.56299 47.0286 1 1 1
v 6.86193 -10.7804 31.1207 1 1 1
v 7.95061 -10.4756 43.5272 1 1 1
v -11.7426 0.217555 23.3693 1 1 1
v -21.0383 -2.16991 33.663 1 1 1
v -12.1088 -1.02919 23.9278 1 1 1
v -14.9744 -2.98454 26.8857 1 1 1
v -15.4497 -3.36589 27.4993 1 1 1
v -20.7391 -2.72344 34.0259 1 1 1
v -18.1585 -0.0407671 31.7933 1 1 1
v -14.8898 -3.28539 27.3273 1 1 1
v -18.154 -1.76755 31.516 1 1 1
v -18.154 -1.76755 31.516 1 1 1
v -14.7917 -3.1476 27.3361 1 1 1
v -15.034 -3.46086 27.5679 1 1 1
v -14.1791 -2.77281 26.7711 1 1 1
v -24.2627 -4.43365 38.4506 1 1 1
v -11.8512 -1.06734 24.4453 1 1 1
v -13.1532 -2.15738 25.8456 1 1 1
v -14.6374 -3.16781 27.5431 1 1 1
v -24.6431 -5.52275 39.5657 1 1 1
v -14.6807 -3.32477 27.9785 1 1 1
v -22.2772 -4.57915 37.4268 1 1 1
v -14.5322 -3.43515 28.4692 1 1 1
v -24.0395 -5.26915 40.499 1 1 1
v -24.0395 -5.26915 40.499 1 1 1
v -17.0421 -2.07659 33.0794 1 1 1
v -14.4476 -3.22721 29.668 1 1 1
v -10.7013 -1.48789 25.2099 1 1 1
v -10.7613 -1.71339 25.4858 1 1 1
v -16.4378 -2.70469 33.2481 1 1 1
v -10.4118 -0.899653 26.0962 1 1 1
v -10.4949 -1.13792 26.3535 1 1 1
v -8.81524 13.9628 27.6582 1 1 1
v -10.4016 -1.41223 26.2114 1 1 1
v -11.2159 0.225475 27.8431 1 1 1
v -16.278 -2.93953 34.2956 1 1 1
v -15.2699 -3.01094 32.9408 1 1 1
v -15.7475 -3.16744 33.6627 1 1 1
v -6.11768 9.06894 22.8936 1 1 1
v -15.6183 -1.74672 34.0353 1 1 1
v -10.2285 -1.22973 26.4234 1 1 1
v -9.80735 7.51041 27.9644 1 1 1
v -15.98 -1.82755 34.7496 1 1 1
v -16.4422 -1.77826 35.4582 1 1 1
v -9.96135 -1.17195 26.3734 1 1 1
v -13.6201 9.22933 34.2986 1 1 1
v -13.6201 9.22933 34.2986 1 1 1
v -13.6201 9.22933 34.2986 1 1 1
v -10.0582 -1.87778 26.406 1 1 1
v -10.1437 -1.54405 26.7338 1 1 1
v -10.0389 -1.4773 26.693 1 1 1
v -10.0183 -1.63968 26.6296 1 1 1
v -13.2425 8.64068 34.0168 1 1 1
v -10.0024 -0.981293 26.8237 1 1 1
v -10.1829 -2.20963 26.9159 1 1 1
v -9.97916 -1.76034 26.8111 1 1 1
v -9.97533 -1.51213 26.87 1 1 1
v -8.04792 11.2493 27.2635 1 1 1
v -8.04792 11.2493 27.2635 1 1 1
v -8.16275 11.6208 27.5519 1 1 1
v -9.97765 -1.27197 27.1058 1 1 1
v -10.0688 -1.43443 27.2651 1 1 1
v -7.32915 11.0008 26.4019 1 1 1
v -7.77337 11.398 27.2257 1 1 1
v -10.3232 -2.31325 27.9424 1 1 1
v -5.83851 7.93281 23.6319 1 1 1
v -15.7374 -2.07933 36.6086 1 1 1
v -9.10926 -0.553919 26.8664 1 1 1
v -6.09698 3.9112 23.3657 1 1 1
v -6.08103 4.01861 23.4452 1 1 1
v -5.48752 7.78131 23.5177 1 1 1
v -9.6015 -1.5199 27.6928 1 1 1
v -9.48079 -1.49192 27.8033 1 1 1
v -5.07284 10.7059 24.4735 1 1 1
v -3.5666 5.00357 20.5625 1 1 1
v -5.28291 5.72571 23.6269 1 1 1
v -5.33783 -0.987838 21.996 1 1 1
v -5.52116 -1.02027 22.3283 1 1 1
v -5.52116 -1.02027 22.3283 1 1 1
v -5.31222 5.93124 23.939 1 1 1
v -5.31222 5.93124 23.939 1 1 1
v -7.05326 13.0236 29.1077 1 1 1
v -4.85993 5.82275 23.8753 1 1 1
v -2.83969 9.96607 21.4995 1 1 1
v -2.83969 9.96607 21.4995 1 1 1
v -2.70603 4.51989 20.0357 1 1 1
v -4.75006 -3.09548 21.6477 1 1 1
v -4.87105 8.24768 25.6203 1 1 1
v -2.99881 8.16952 22.3934 1 1 1
v -2.99881 8.16952 22.3934 1 1 1
v -3.01123 10.9026 23.3552 1 1 1
v -5.5847 6.66331 27.3562 1 1 1
v -4.72044 -3.66448 22.6906 1 1 1
v -4.28985 -3.73445 21.9522 1 1 1
v -3.576 -2.68232 20.9201 1 1 1
v -1.53494 -1.79822 17.2821 1 1 1
v -3.41891 -2.17875 20.9403 1 1 1
v -3.27534 -2.3224 20.8564 1 1 1
v -1.85998 11.3685 22.2151 1 1 1
v -6.82914 8.49953 32.0391 1 1 1
v -5.11778 9.39135 29.3981 1 1 1
v -0.237699 14.7579 21.3162 1 1 1
v -1.03737 11.4772 22.3633 1 1 1
v -2.52457 14.2735 27.1238 1 1 1
v -1.81518 6.13539 22.8753 1 1 1
v -2.82326 13.9302 28.1941 1 1 1
v -3.02738 9.90614 27.457 1 1 1
v -1.68401 -1.3453 20.5543 1 1 1
v -1.75129 -1.36866 20.7272 1 1 1
v -2.39593 8.68976 25.7977 1 1 1
v -1.39936 6.00651 22.818 1 1 1
v -2.5094 15.1674 28.913 1 1 1
v -1.24168 6.19434 23.4502 1 1 1
v -1.31321 -2.16877 20.5413 1 1 1
v -1.60782 6.89601 24.8752 1 1 1
v -0.541559 -3.04128 18.5119 1 1 1
v -0.269925 -1.9586 19.4652 1 1 1
v -0.252876 10.6213 26.0126 1 1 1
v -4.86843 -12.3182 29.5697 1 1 1
v -1.95092 -10.5558 22.5739 1 1 1
v -0.359728 5.55028 25.1462 1 1 1
v -0.0255967 6.45548 24.5886 1 1 1
v 0.135968 2.90178 23.1874 1 1 1
v 0.756746 -1.38111 20.6303 1 1 1
v 0.408913 -0.970655 22.1558 1 1 1
v 0.471759 1.0111 23.1251 1 1 1
v 1.75478 -1.85591 17.3816 1 1 1
v 0.53381 1.35679 23.8134 1 1 1
v -0.193132 12.7027 32.621 1 1 1
v 1.55969 0.945445 20.1167 1 1 1
v 1.63666 -0.910073 19.1581 1 1 1
v 0.584323 -0.471579 23.2648 1 1 1
v 1.00066 11.3822 27.9588 1 1 1
v 0.686633 -2.34824 22.2073 1 1 1
v 0.910815 3.77455 24.9833 1 1 1
v -0.962793 10.814 37.2084 1 1 1
v 0.872171 5.66117 27.8103 1 1 1
v 2.29787 7.21206 22.5796 1 1 1
v 1.162 -1.44503 22.8474 1 1 1
v 1.15509 -1.44598 22.8809 1 1 1
v 1.34077 -2.11481 21.8949 1 1 1
v 0.981868 -1.20107 24.0231 1 1 1
v 3.04062 11.1554 23.3003 1 1 1
v -4.10339 -18.5185 38.4551 1 1 1
v 2.9154 11.4991 25.9137 1 1 1
v 1.37664 11.7607 34.2314 1 1 1
v 3.44512 12.0537 24.2971 1 1 1
v -6.84801 -28.1099 55.7969 1 1 1
v -6.57532 -26.1253 56.1318 1 1 1
v -2.46993 -18.2869 38.8149 1 1 1
v 3.30139 13.3141 32.6186 1 1 1
v -2.22447 -19.4886 38.7214 1 1 1
v -2.22447 -19.4886 38.7214 1 1 1
v 0.532802 -9.43044 33.6049 1 1 1
v -1.2547 -12.7627 44.5499 1 1 1
v -1.69191 -16.4989 44.8885 1 1 1
v 0.55566 -11.6431 33.2447 1 1 1
v -1.17186 -12.5756 46.0172 1 1 1
v -1.47524 -15.723 45.0165 1 1 1
v 0.56586 -11.6172 34.035 1 1 1
v -3.3859 -25.4049 50.7516 1 1 1
v -1.48448 -15.4684 46.9752 1 1 1
v 0.848088 -11.2189 33.3313 1 1 1
v 0.830863 -11.6495 33.7745 1 1 1
v 1.06991 -10.4068 33.42 1 1 1
v 1.05495 -10.7043 33.5862 1 1 1
v -0.620278 -14.9356 44.0032 1 1 1
v 1.39281 -9.14734 34.0035 1 1 1
v 3.98992 7.21506 31.2272 1 1 1
v 0.569449 -17.0606 32.2831 1 1 1
v -0.966369 -13.9609 50.5227 1 1 1
v -0.491688 -15.5576 44.3215 1 1 1
v 1.18216 -12.9398 32.6927 1 1 1
v 2.6736 1.49066 37.6247 1 1 1
v -1.83069 -26.5243 44.4056 1 1 1
v 0.0972384 -14.9171 41.6254 1 1 1
v 0.0125456 -12.8458 45.7014 1 1 1
v 0.482498 -11.8575 42.887 1 1 1
v -0.278087 -16.5498 44.1548 1 1 1
v 1.11476 -15.367 32.4629 1 1 1
v -0.326623 -16.6999 44.9132 1 1 1
v 0.0705172 -13.1582 46.142 1 1 1
v -0.189745 -16.3066 44.652 1 1 1
v -1.3283 -26.0233 43.1748 1 1 1
v 0.145293 -15.8129 42.8732 1 1 1
v -0.45966 -20.6912 42.1766 1 1 1
v -0.0995205 -17.0475 44.5481 1 1 1
v -0.345095 -17.4226 46.7151 1 1 1
v 1.42398 -15.2451 31.7481 1 1 1
v -0.134839 -18.6841 43.0488 1 1 1
v 0.998847 -18.4997 31.9744 1 1 1
v -0.760813 -24.7742 41.8735 1 1 1
v 0.0849551 -16.8768 44.6579 1 1 1
v 3.94984 4.55904 34.6921 1 1 1
v 0.664193 -15.5489 40.8816 1 1 1
v 0.664193 -15.5489 40.8816 1 1 1
v 0.288724 -15.9877 44.8594 1 1 1
v 1.35445 -16.6604 32.1284 1 1 1
v 0.393172 -16.4397 43.1601 1 1 1
v 0.393172 -16.4397 43.1601 1 1 1
v 2.18516 -9.42882 34.0189 1 1 1
v 2.02019 -11.3762 32.9798 1 1 1
v 2.02019 -11.3762 32.9798 1 1 1
v 0.37523 -16.8591 43.1698 1 1 1
v 1.80655 -14.2524 31.5161 1 1 1
v 3.58691 2.45174 37.3255 1 1 1
v 0.570072 -15.6576 43.9784 1 1 1
v 0.598212 -15.6614 44.3585 1 1 1
v 1.91691 -13.9031 31.7661 1 1 1
v 1.91691 -13.9031 31.7661 1 1 1
v 1.67769 -15.9664 31.8168 1 1 1
v 1.67769 -15.9664 31.8168 1 1 1
v 1.78905 -15.4417 31.6116 1 1 1
v 1.61618 -16.6034 31.9063 1 1 1
v 1.61483 -16.8258 31.7403 1 1 1
v 3.43304 0.504633 38.2691 1 1 1
v 2.36115 -11.1453 32.9363 1 1 1
v 2.30357 0.112296 53.2501 1 1 1
v 3.25045 -0.186502 40.7621 1 1 1
v 2.12084 -14.1519 31.5914 1 1 1
v 2.06111 -14.8248 31.4481 1 1 1
v 2.15195 -14.0781 31.7751 1 1 1
v 3.52497 0.0591743 39.4009 1 1 1
v -0.266126 -26.3883 42.5932 1 1 1
v 2.62912 -10.655 32.8468 1 1 1
v 2.62195 -10.4863 33.3643 1 1 1
v 2.77048 -9.39322 34.0048 1 1 1
v 2.77048 -9.39322 34.0048 1 1 1
v 2.21893 -14.826 31.6153 1 1 1
v 1.89123 -17.245 31.7354 1 1 1
v 1.37263 -14.7097 43.974 1 1 1
v 2.77091 -10.1349 33.4049 1 1 1
v 2.44528 -13.8014 31.4444 1 1 1
v 1.45367 -12.8358 49.0393 1 1 1
v 3.00954 -8.68321 34.5203 1 1 1
v 3.00954 -8.68321 34.5203 1 1 1
v 3.81823 -0.305143 40.3901 1 1 1
v 1.07793 -20.1646 41.531 1 1 1
v 1.95187 -12.7447 44.7037 1 1 1
v 1.32952 -18.8215 41.5833 1 1 1
v 2.37689 -16.0264 31.4534 1 1 1
v 2.37689 -16.0264 31.4534 1 1 1
v 3.55074 1.76615 52.6484 1 1 1
v 2.31965 -17.0636 31.4562 1 1 1
v 2.54099 -15.3694 32.084 1 1 1
v 4.50568 1.60167 37.7154 1 1 1
v 3.54333 -7.31785 34.3593 1 1 1
v 3.90619 1.67702 50.5737 1 1 1
v 3.48057 -8.31205 34.134 1 1 1
v 4.0235 2.00135 50.9548 1 1 1
v 3.93898 2.38443 53.4107 1 1 1
v 2.3478 -17.846 31.6633 1 1 1
v 3.59027 -8.28892 34.2344 1 1 1
v 2.22962 -19.8463 31.0033 1 1 1
v 2.48273 -17.6798 31.7028 1 1 1
v 1.47739 -21.7035 41.5643 1 1 1
v 3.8302 -6.80742 34.4882 1 1 1
v 3.8302 -6.80742 34.4882 1 1 1
v 4.09641 1.56839 53.4241 1 1 1
v 1.58134 -20.7791 42.7813 1 1 1
v 2.49219 -18.2352 31.1039 1 1 1
v 2.51879 -17.8472 31.7028 1 1 1
v 1.1643 -24.3523 41.5543 1 1 1
v 3.16234 -9.01875 45.6473 1 1 1
v 2.96609 -15.0894 31.7586 1 1 1
v 0.978491 -27.0467 41.2299 1 1 1
v 2.43972 -19.7962 31.1491 1 1 1
v 2.43862 -19.8805 31.411 1 1 1
v 4.15004 -6.23317 34.2988 1 1 1
v 2.50712 -19.8403 31.0754 1 1 1
v 4.30595 -6.38445 34.1148 1 1 1
v 4.72842 1.52449 53.2696 1 1 1
v 3.23549 -15.2035 31.5903 1 1 1
v 3.93589 -7.47232 43.8802 1 1 1
v 2.75628 -19.8167 31.2993 1 1 1
v 3.95014 -8.03144 45.998 1 1 1
v 4.60626 -5.58995 34.2643 1 1 1
v 2.84607 -19.6425 31.2529 1 1 1
v 3.04912 -18.0992 31.445 1 1 1
v 4.98592 0.332111 54.7343 1 1 1
v 3.10594 -18.222 31.32 1 1 1
v 5.38614 0.374875 39.073 1 1 1
v 5.46384 0.573501 39.2742 1 1 1
v 4.15772 -8.5568 45.1252 1 1 1
v 4.15772 -8.5568 45.1252 1 1 1
v 5.592 1.01938 39.8978 1 1 1
v 5.14425 -3.11692 39.6221 1 1 1
v 3.09927 -19.91 31.5959 1 1 1
v 5.31718 -1.87753 41.7467 1 1 1
v 5.31718 -1.87753 41.7467 1 1 1
v 3.06913 -20.6839 32.0736 1 1 1
v 4.57326 -8.31927 47.9324 1 1 1
v 4.44371 -10.0839 45.564 1 1 1
v 5.57782 -2.14564 41.3963 1 1 1
v 3.31348 -20.0941 31.6422 1 1 1
v 4.04319 -15.2726 31.7458 1 1 1
v 5.90546 -0.370008 53.6063 1 1 1
v 2.54804 -26.2633 43.1991 1 1 1
v 3.47282 -20.5446 31.6946 1 1 1
v 2.46136 -27.7939 41.2155 1 1 1
v 7.18099 7.17164 31.5807 1 1 1
v 4.71598 -11.8377 45.508 1 1 1
v 5.16982 -8.30603 33.7988 1 1 1
v 5.30779 -7.67498 34.2405 1 1 1
v 6.04592 -2.84185 40.6429 1 1 1
v 5.13858 -9.61615 33.4345 1 1 1
v 5.55448 -7.81024 50.4057 1 1 1
v 5.86271 -4.91813 37.0309 1 1 1
v 6.33878 -1.97432 41.8813 1 1 1
v 5.89884 -5.29982 36.0634 1 1 1
v 4.2086 -18.2657 31.4469 1 1 1
v 6.21774 -5.94603 58.8559 1 1 1
v 6.26524 -3.7701 41.0071 1 1 1
v 4.21482 -19.6062 31.5687 1 1 1
v 6.18635 -5.33436 36.3222 1 1 1
v 6.18635 -5.33436 36.3222 1 1 1
v 5.76484 -10.3581 47.3796 1 1 1
v 6.69563 -5.28758 59.7408 1 1 1
v 5.18616 -13.2557 32.6867 1 1 1
v 4.40689 -19.1939 31.6363 1 1 1
v 6.62905 -3.84704 40.9846 1 1 1
v 6.91284 -5.25128 59.3136 1 1 1
v 6.90627 -5.40472 59.0763 1 1 1
v 6.90627 -5.40472 59.0763 1 1 1
v 6.57467 -7.40002 55.2582 1 1 1
v 5.27991 -14.0557 32.4805 1 1 1
v 4.85798 -17.5285 32.353 1 1 1
v 3.85356 -27.9508 41.7537 1 1 1
v 5.53399 -13.0765 32.7574 1 1 1
v 5.92886 -11.7365 33.4176 1 1 1
v 6.02557 -15.3095 45.5123 1 1 1
v 4.86733 -23.1472 41.859 1 1 1
v 7.96577 -6.13326 61.6453 1 1 1
v 5.63705 -18.5747 43.2595 1 1 1
v 5.51912 -19.9942 42.9774 1 1 1
v 4.57519 -27.4471 42.9301 1 1 1
v 4.57519 -27.4471 42.9301 1 1 1
v 5.75947 -19.2259 45.054 1 1 1
v 8.36237 3.299 36.9527 1 1 1
v 6.48946 -11.0281 33.8767 1 1 1
v 6.04192 -18.9326 43.6088 1 1 1
v 7.36622 -12.1979 51.3045 1 1 1
v 7.6526 -11.9409 53.828 1 1 1
v 6.27678 -13.761 33.1487 1 1 1
v 7.21037 -15.5538 51.0822 1 1 1
v 7.06987 -10.4227 37.2161 1 1 1
v 10.0606 10.7872 38.9798 1 1 1
v 8.02011 -14.2071 54.8723 1 1 1
v 6.13762 -17.0281 32.5527 1 1 1
v 6.62601 -14.1666 33.3268 1 1 1
v 7.86999 -8.87727 39.9045 1 1 1
v 9.27292 2.00649 39.3465 1 1 1
v 7.58388 -11.843 38.7434 1 1 1
v 8.97104 -13.8436 58.2838 1 1 1
v 7.73315 -11.6553 38.8342 1 1 1
v 9.1083 -14.5213 58.2781 1 1 1
v -10.0153 8.75686 21.7428 1 1 1
v -7.05666 -0.42244 16.7583 1 1 1
v -10.1666 8.68001 21.9184 1 1 1
v -7.50208 0.30435 17.4118 1 1 1
v -7.98085 2.42122 18.3398 1 1 1
v -7.51367 0.459444 17.4702 1 1 1
v -10.5996 8.99636 22.5778 1 1 1
v -9.17763 -0.653949 19.5892 1 1 1
v -8.27805 -0.229847 18.7079 1 1 1
v -9.04011 0.215161 19.7044 1 1 1
v -8.52538 0.33641 19.2242 1 1 1
v -9.09529 0.287141 19.9452 1 1 1
v -11.1049 -2.42311 21.847 1 1 1
v -10.6111 -2.38839 21.9203 1 1 1
v -10.3148 -2.45588 21.6183 1 1 1
v -9.84064 -1.6071 21.2881 1 1 1
v -9.95986 -1.62457 21.4449 1 1 1
v -8.46271 -0.923142 19.8472 1 1 1
v -10.7679 -2.58486 22.4408 1 1 1
v -8.91745 -0.725992 20.5019 1 1 1
v -10.8608 -2.65464 22.7446 1 1 1
v -10.3026 -2.48334 22.1234 1 1 1
v -5.46188 -2.84852 16.111 1 1 1
v -10.0154 -2.36979 22.3892 1 1 1
v -8.368 -0.983512 20.5301 1 1 1
v -10.3836 -2.59202 22.9983 1 1 1
v -8.80032 -0.9305 21.2947 1 1 1
v -8.80032 -0.9305 21.2947 1 1 1
v -9.01733 -1.89046 21.55 1 1 1
v -8.36743 -0.578206 21.2445 1 1 1
v -7.8494 -1.20131 20.9708 1 1 1
v -9.57175 -2.71532 23.4871 1 1 1
v -7.76786 -0.642257 21.6894 1 1 1
v -7.70466 -1.10752 21.8635 1 1 1
v -8.14475 -0.809253 22.5915 1 1 1
v -6.96671 5.96618 22.5393 1 1 1
v -6.2888 0.941445 20.4794 1 1 1
v -4.52658 7.29134 19.2859 1 1 1
v -7.51507 -1.47155 21.8109 1 1 1
v -7.33028 6.18135 23.304 1 1 1
v -7.33636 -0.705223 21.8708 1 1 1
v -7.1125 0.824836 22.1487 1 1 1
v -7.21043 5.97336 23.869 1 1 1
v -7.21276 -1.64791 22.2254 1 1 1
v -6.65792 0.706221 21.9773 1 1 1
v -7.19905 -1.1631 22.6874 1 1 1
v -7.19905 -1.1631 22.6874 1 1 1
v -6.64803 0.522395 22.3746 1 1 1
v -5.39449 9.65976 22.9921 1 1 1
v -5.35783 10.7978 23.3267 1 1 1
v -5.38502 10.8223 23.3915 1 1 1
v -3.47819 3.41906 18.5496 1 1 1
v -3.76168 3.61785 19.1793 1 1 1
v -3.16661 2.08771 17.7933 1 1 1
v -6.81416 -1.24357 23.3747 1 1 1
v -2.82952 3.28376 17.6488 1 1 1
v -2.64782 3.0443 17.5592 1 1 1
v -2.33665 6.33178 19.7103 1 1 1
v -2.64606 7.55279 20.7693 1 1 1
v -3.16493 7.58176 21.8983 1 1 1
v -1.9117 3.89947 18.416 1 1 1
v -3.04735 5.23522 21.6192 1 1 1
v -2.31077 -2.67432 18.4859 1 1 1
v -1.01059 -1.62461 16.0747 1 1 1
v -2.89186 7.48439 24.1286 1 1 1
v -2.63138 7.06275 23.4376 1 1 1
v -1.66569 7.59933 21.4438 1 1 1
v -1.68584 8.29649 21.9566 1 1 1
v -1.68584 8.29649 21.9566 1 1 1
v -0.477638 6.83921 19.1207 1 1 1
v -1.56336 9.38974 22.8785 1 1 1
v -0.793542 5.28554 19.7674 1 1 1
v -0.882141 10.702 22.0691 1 1 1
v -0.738769 5.32255 19.9526 1 1 1
v -1.46656 1.51811 20.8486 1 1 1
v -0.186932 13.3 22.2273 1 1 1
v 0.404799 12.1867 19.8693 1 1 1
v 0.213166 -1.19623 16.1241 1 1 1
v 0.35627 4.62195 18.0623 1 1 1
v 0.35627 4.62195 18.0623 1 1 1
v 0.307857 5.14625 18.7001 1 1 1
v 0.485902 4.52442 18.1499 1 1 1
v 0.170794 -7.12066 15.7676 1 1 1
v 1.29027 4.08746 17.3 1 1 1
v 1.50673 3.76955 17.1129 1 1 1
v 1.66676 13.7931 21.7729 1 1 1
v 1.13418 -1.56274 16.6436 1 1 1
v 1.67773 4.95643 19.152 1 1 1
v 1.43361 -0.35964 18.2191 1 1 1
v 1.44657 10.6504 24.6349 1 1 1
v -0.672738 -5.84983 25.4532 1 1 1
v 1.66231 6.17717 24.5138 1 1 1
v 2.19356 8.2059 23.3539 1 1 1
v 2.46288 11.322 25.2135 1 1 1
v 3.2454 10.7527 21.395 1 1 1
v 3.09136 9.75763 22.3361 1 1 1
v -1.39488 -14.8193 30.9481 1 1 1
v -1.11346 -13.9441 31.3022 1 1 1
v -1.16554 -14.2076 31.4711 1 1 1
v -0.895428 -14.1405 30.2568 1 1 1
v -0.96003 -13.1139 31.574 1 1 1
v -0.756729 -14.2647 30.4346 1 1 1
v 0.761913 -0.839964 32.0297 1 1 1
v 4.54313 12.806 22.163 1 1 1
v 4.54026 12.2335 20.8798 1 1 1
v 4.54313 12.806 22.163 1 1 1
v 0.93451 -11.8124 27.0381 1 1 1
v 1.13158 -10.5321 27.4506 1 1 1
v 2.24967 1.32407 31.331 1 1 1
v 2.24967 1.32407 31.331 1 1 1
v 1.47558 -8.39345 27.709 1 1 1
v 1.56883 -7.85921 27.5222 1 1 1
v 1.00572 -12.1322 28.1012 1 1 1
v 1.1781 -12.0312 27.0648 1 1 1
v 1.1781 -12.0312 27.0648 1 1 1
v 1.61183 -7.85436 29.0506 1 1 1
v 1.78083 -7.39585 28.4698 1 1 1
v 1.1904 -13.0113 27.3605 1 1 1
v 1.9692 -7.34338 27.9308 1 1 1
v 2.36385 -1.54658 32.1995 1 1 1
v 2.39687 -1.37892 32.7454 1 1 1
v 2.54975 -0.675077 32.2847 1 1 1
v 2.09339 -7.46071 27.9603 1 1 1
v 1.44604 -13.649 26.7526 1 1 1
v 3.10179 1.11807 30.1936 1 1 1
v 1.50313 -13.6327 26.9133 1 1 1
v 1.41711 -14.8086 26.6725 1 1 1
v 1.49371 -15.1779 27.1572 1 1 1
v 2.06862 -11.3277 26.3877 1 1 1
v 2.06862 -11.3277 26.3877 1 1 1
v 2.20328 -10.0651 26.8881 1 1 1
v 1.87505 -13.3607 26.481 1 1 1
v 2.33739 -9.93907 26.7232 1 1 1
v 2.43659 -9.81995 26.7902 1 1 1
v 3.15635 -1.42442 32.7499 1 1 1
v 3.59402 0.329541 31.0826 1 1 1
v 2.27522 -12.6839 26.2333 1 1 1
v 2.27522 -12.6839 26.2333 1 1 1
v 1.93929 -15.5569 27.9503 1 1 1
v 2.60162 -11.6488 25.9417 1 1 1
v 2.74386 -11.1584 26.1237 1 1 1
v 2.68355 -11.7613 26.8938 1 1 1
v 3.21281 -7.75688 26.7382 1 1 1
v 3.23244 -7.70956 27.4062 1 1 1
v 2.75486 -12.5755 25.2708 1 1 1
v 4.40161 1.45838 30.9125 1 1 1
v 2.48954 -15.8018 25.767 1 1 1
v 2.64402 -14.5424 26.1495 1 1 1
v 3.05055 -12.1968 26.6569 1 1 1
v 2.6046 -15.9886 26.0764 1 1 1
v 4.6395 -0.318288 29.5194 1 1 1
v 4.76092 0.817272 30.8511 1 1 1
v 4.76092 0.817272 30.8511 1 1 1
v 2.87294 -15.0726 26.6707 1 1 1
v 3.2834 -12.5513 26.8766 1 1 1
v 4.18722 -5.30026 28.2109 1 1 1
v 2.90283 -15.9878 25.8642 1 1 1
v 3.47258 -11.9927 26.3153 1 1 1
v 3.12908 -14.8043 26.045 1 1 1
v 3.62488 -10.7903 26.5951 1 1 1
v 4.71468 -1.61844 33.0931 1 1 1
v 4.46331 -4.30564 28.3511 1 1 1
v 5.07738 0.63897 31.6576 1 1 1
v 3.11276 -16.1777 26.1935 1 1 1
v 4.5933 -4.92348 27.8447 1 1 1
v 4.59452 -4.93833 27.9095 1 1 1
v 3.68792 -12.2659 26.3794 1 1 1
v 3.26782 -16.0771 25.8922 1 1 1
v 4.74965 -4.39095 29.637 1 1 1
v 3.4019 -15.89 26.3108 1 1 1
v 3.57267 -14.7771 26.2519 1 1 1
v 5.79294 2.52529 30.1572 1 1 1
v 5.00186 -4.2384 29.9615 1 1 1
v 3.65692 -16.3913 26.2202 1 1 1
v 5.11052 -5.29435 28.5535 1 1 1
v 5.28684 -4.18628 29.9665 1 1 1
v 5.73052 -2.06834 32.6347 1 1 1
v 5.73052 -2.06834 32.6347 1 1 1
v 5.27324 -5.0133 28.9466 1 1 1
v 5.79954 -1.925 32.7888 1 1 1
v 4.96213 -7.94532 27.4342 1 1 1
v 4.24429 -14.1686 26.0633 1 1 1
v 4.22465 -14.408 26.1616 1 1 1
v 4.3475 -14.5406 26.3573 1 1 1
v 5.79338 -4.09185 29.9033 1 1 1
v 4.29387 -15.6679 26.1042 1 1 1
v 5.91422 -3.87486 29.3406 1 1 1
v 5.83234 -5.40752 29.1845 1 1 1
v 5.17835 -10.1182 27.0328 1 1 1
v 6.06261 -5.07609 29.773 1 1 1
v 6.65264 -1.74495 32.9384 1 1 1
v 6.63468 -2.38375 33.8377 1 1 1
v 5.2222 -10.6686 26.6847 1 1 1
v 6.47045 -5.64701 32.855 1 1 1
v 5.83552 -8.40495 28.0261 1 1 1
v 5.60199 -10.3124 27.2443 1 1 1
v 5.60199 -10.3124 27.2443 1 1 1
v 5.03035 -15.1014 26.6797 1 1 1
v 5.62727 -10.8874 26.8548 1 1 1
v 5.67785 -10.7191 27.2092 1 1 1
v 5.68155 -10.7519 27.2729 1 1 1
v 5.78465 -10.414 27.344 1 1 1
v 6.37085 -8.94844 28.8533 1 1 1
v 6.33369 -9.24444 28.7142 1 1 1
v 6.65689 -8.86839 30.8343 1 1 1
v 7.14822 -7.05376 32.0503 1 1 1
v -1.1657 -1.7318 9.67657 1 1 1
v -8.09304 13.5632 26.6603 1 1 1
v -5.59821 11.189 22.0651 1 1 1
v -8.04506 10.903 26.7204 1 1 1
v -4.71442 11.8384 21.773 1 1 1
v -7.56499 11.6606 27.5583 1 1 1
v -3.26063 0.214185 17.0099 1 1 1
v -4.00944 8.28104 20.428 1 1 1
v -6.25882 4.09953 24.2379 1 1 1
v -6.88573 9.44731 26.6644 1 1 1
v -6.65426 4.22987 25.1039 1 1 1
v -4.33928 7.28913 21.3589 1 1 1
v -4.33928 7.28913 21.3589 1 1 1
v -2.80005 3.42684 17.4585 1 1 1
v -6.53062 5.57444 25.5816 1 1 1
v -5.92089 4.26061 24.0627 1 1 1
v -5.55388 3.53059 23.3184 1 1 1
v -5.55388 3.53059 23.3184 1 1 1
v -3.12123 4.3595 18.6951 1 1 1
v -6.19938 2.11589 24.7155 1 1 1
v -6.12718 -0.511857 24.3762 1 1 1
v -4.31312 10.8638 23.0923 1 1 1
v -1.97935 2.33526 16.2464 1 1 1
v -1.55297 2.76762 15.4915 1 1 1
v -7.72599 13.9299 31.2673 1 1 1
v -1.93661 1.79817 16.1756 1 1 1
v -3.2413 8.99065 20.6223 1 1 1
v -5.3701 -1.34255 22.9553 1 1 1
v -2.5487 6.54056 18.6163 1 1 1
v -4.99442 5.95697 23.9492 1 1 1
v -3.27933 9.55512 21.054 1 1 1
v -6.73257 14.4555 29.913 1 1 1
v -7.24986 14.3583 31.0333 1 1 1
v -1.65671 -0.583694 15.4466 1 1 1
v -5.39113 -2.16216 23.0881 1 1 1
v -4.91849 6.25666 24.3038 1 1 1
v -4.39692 5.62131 23.1727 1 1 1
v -6.49249 13.5065 29.9076 1 1 1
v -6.40273 14.6321 30.2863 1 1 1
v -2.43266 6.35569 19.3052 1 1 1
v -4.27864 5.40698 23.4879 1 1 1
v -1.78079 4.04922 17.4094 1 1 1
v -6.1587 13.5584 30.0306 1 1 1
v -6.1587 13.5584 30.0306 1 1 1
v -2.21057 8.95575 19.6499 1 1 1
v -5.89388 13.44 29.7006 1 1 1
v -5.89388 13.44 29.7006 1 1 1
v -1.77826 6.30939 18.6284 1 1 1
v -4.8285 7.57061 26.5625 1 1 1
v -1.44519 3.74244 17.3091 1 1 1
v -3.72528 5.34975 23.3999 1 1 1
v -4.71103 9.11508 26.9543 1 1 1
v -4.60244 9.46437 27.0328 1 1 1
v -4.70064 9.57479 27.3276 1 1 1
v -6.94968 9.45717 32.9031 1 1 1
v -1.19396 2.45646 16.8628 1 1 1
v -2.34376 -2.50153 18.5704 1 1 1
v -5.7176 10.3544 30.5669 1 1 1
v -4.27728 -3.17714 23.3575 1 1 1
v -6.21618 8.72815 31.8563 1 1 1
v -6.21618 8.72815 31.8563 1 1 1
v -3.72538 -2.58852 22.3616 1 1 1
v -5.77417 7.79183 30.711 1 1 1
v -1.1052 -1.15038 16.2199 1 1 1
v -1.05224 -1.25598 16.1821 1 1 1
v -0.826115 -0.985319 15.8457 1 1 1
v -6.69085 11.4502 35.0184 1 1 1
v -3.38698 -2.46786 22.2083 1 1 1
v -6.07649 11.846 33.6353 1 1 1
v -3.74231 15.4318 28.7325 1 1 1
v -1.86186 8.07619 21.3804 1 1 1
v -1.07747 7.02824 18.9352 1 1 1
v -1.89991 11.6923 22.8781 1 1 1
v -1.19608 -1.99438 17.1728 1 1 1
v -4.44724 -9.82851 24.8799 1 1 1
v -2.15758 5.59521 23.0643 1 1 1
v -0.910052 2.68505 18.5831 1 1 1
v -0.327606 2.39342 16.7329 1 1 1
v 1.28174 -3.47986 10.3166 1 1 1
v -0.0974438 4.50629 17.0457 1 1 1
v -3.06839 -2.77355 23.9389 1 1 1
v -0.14622 4.57697 17.2956 1 1 1
v -0.898376 5.20109 19.8945 1 1 1
v -0.231232 10.3758 19.6163 1 1 1
v -1.88034 6.46841 23.68 1 1 1
v -1.76716 6.46603 23.6387 1 1 1
v -2.25894 9.69583 26.3724 1 1 1
v -0.490689 5.50067 19.3592 1 1 1
v -1.07084 1.76362 20.0205 1 1 1
v -1.82479 6.95155 24.3136 1 1 1
v -1.81131 6.44872 24.2527 1 1 1
v -0.103251 6.5088 18.7263 1 1 1
v 0.0371314 2.87748 17.5621 1 1 1
v -0.113665 5.38176 19.2534 1 1 1
v 0.510862 4.8616 16.8689 1 1 1
v -0.0874213 5.29527 19.1857 1 1 1
v -0.0281077 12.8603 21.8267 1 1 1
v -2.66521 -8.92642 23.36 1 1 1
v -2.70867 -10.8732 23.1087 1 1 1
v 0.130708 -0.845995 16.8305 1 1 1
v 0.61041 4.85529 17.0427 1 1 1
v -1.05358 16.7149 27.7159 1 1 1
v -0.243835 -1.154 18.085 1 1 1
v 0.339915 5.26948 18.3224 1 1 1
v -1.37606 7.35682 25.4052 1 1 1
v -1.27559 -1.68145 21.7094 1 1 1
v -0.195839 -1.15008 18.0781 1 1 1
v -1.49141 7.65029 26.1724 1 1 1
v -1.23982 -2.17429 21.8689 1 1 1
v -2.75546 12.8956 33.7036 1 1 1
v 0.41856 -1.16702 16.2344 1 1 1
v -0.916746 6.79471 24.5807 1 1 1
v -0.746824 6.68546 24.1534 1 1 1
v 0.607795 -0.338027 16.1918 1 1 1
v 0.637875 5.09081 18.2539 1 1 1
v 0.680034 4.07732 17.8235 1 1 1
v 0.8188 4.86232 17.7644 1 1 1
v -1.93939 12.3679 32.0971 1 1 1
v 0.895724 5.15614 18.1453 1 1 1
v -0.357868 4.96534 23.517 1 1 1
v 0.557807 8.33189 21.2251 1 1 1
v -0.248067 7.07859 24.7737 1 1 1
v 0.799314 12.4294 22.5074 1 1 1
v 1.09861 5.12744 17.9737 1 1 1
v 0.33656 16.7901 27.342 1 1 1
v 0.33656 16.7901 27.342 1 1 1
v 0.416078 16.5106 27.0709 1 1 1
v -0.0467544 9.91718 26.3098 1 1 1
v 0.061547 11.1917 26.5441 1 1 1
v 0.948119 8.9622 21.2786 1 1 1
v -0.591932 -2.2663 23.3116 1 1 1
v -0.311375 -2.17901 22.3616 1 1 1
v 0.239885 6.9224 25.11 1 1 1
v 1.59438 13.0076 22.0439 1 1 1
v 0.106614 2.7393 24.6425 1 1 1
v 0.0776933 -1.86003 22.6295 1 1 1
v 0.103709 -2.00203 22.4238 1 1 1
v 0.0492083 10.4196 30.0817 1 1 1
v 0.0492083 10.4196 30.0817 1 1 1
v 0.586539 2.75918 24.104 1 1 1
v 1.61607 -1.09081 16.3445 1 1 1
v 0.668016 2.6979 24.0887 1 1 1
v 0.290767 -2.17801 23.4923 1 1 1
v 1.43037 1.27713 19.608 1 1 1
v 1.56886 -0.717283 17.5308 1 1 1
v 1.83951 1.16321 17.6375 1 1 1
v 0.441903 10.2512 32.8368 1 1 1
v 1.52622 -0.368425 18.9345 1 1 1
v 1.57061 1.62613 19.9649 1 1 1
v 0.603637 -2.58458 23.6502 1 1 1
v 1.98538 3.4758 18.6926 1 1 1
v 0.889471 -0.708289 23.124 1 1 1
v 0.96947 1.33346 23.998 1 1 1
v 1.55371 7.38006 24.229 1 1 1
v 1.58574 0.937524 20.0561 1 1 1
v 0.931193 4.82842 27.1842 1 1 1
v 0.931193 4.82842 27.1842 1 1 1
v 0.861578 -2.20344 23.2953 1 1 1
v 1.87512 16.1242 29.4908 1 1 1
v 2.05111 6.1886 21.0335 1 1 1
v 1.72609 7.32901 24.1593 1 1 1
v 1.78041 7.38719 23.9527 1 1 1
v 0.995279 -2.01671 22.9134 1 1 1
v 1.88776 16.3124 30.0201 1 1 1
v 2.21789 2.77183 18.2384 1 1 1
v 1.22611 -1.35547 22.442 1 1 1
v 2.04133 -0.821099 17.0518 1 1 1
v 1.23747 1.36564 24.7241 1 1 1
v 1.37869 1.84951 24.5413 1 1 1
v 2.18377 1.58557 18.179 1 1 1
v 1.3947 3.1826 25.6818 1 1 1
v 2.41632 8.42047 22.0216 1 1 1
v 2.15194 -0.759733 17.0829 1 1 1
v 1.61376 1.59318 24.2951 1 1 1
v 1.3951 1.77681 26.9212 1 1 1
v 3.04305 12.3957 22.8827 1 1 1
v 1.90667 12.2566 35.0554 1 1 1
v 3.15337 10.679 21.4518 1 1 1
v 2.47525 0.682832 20.226 1 1 1
v 2.76267 9.5383 26.7081 1 1 1
v 2.97683 15.5726 31.674 1 1 1
v 3.55119 9.47698 20.3734 1 1 1
v 3.68221 9.94683 20.9574 1 1 1
v 3.73086 8.98622 21.8127 1 1 1
v 3.7496 10.538 25.4354 1 1 1
v 3.96741 10.9076 24.5851 1 1 1
v 4.0252 15.263 34.0302 1 1 1
v 4.0252 15.263 34.0302 1 1 1
v 4.15997 10.1952 26.0087 1 1 1
v 4.14178 8.66564 22.4677 1 1 1
v 4.95033 12.2979 23.2175 1 1 1
v 4.6578 9.75902 26.6969 1 1 1
v 4.66624 8.35545 22.6318 1 1 1
v 5.11917 9.53876 26.887 1 1 1
v 6.15623 17.3047 29.2589 1 1 1
v 6.20136 17.184 28.0347 1 1 1
v 5.43217 10.364 19.1582 1 1 1
v 6.30202 13.2566 35.7343 1 1 1
v 6.30202 13.2566 35.7343 1 1 1
v 5.66602 8.52941 28.3122 1 1 1
v 8.29139 16.4678 31.1348 1 1 1
v 8.53396 16.6765 31.2273 1 1 1
v 8.53396 16.6765 31.2273 1 1 1
v 7.35403 6.20892 24.8216 1 1 1
v 9.84897 10.2635 41.4406 1 1 1
v 10.7208 12.2276 39.7999 1 1 1
v -4.29598 5.18383 13.7776 1 1 1
v -7.7006 7.18298 18.5224 1 1 1
v -4.38065 5.15032 13.9751 1 1 1
v -4.30719 5.13644 13.8886 1 1 1
v -3.18306 -2.08136 11.6951 1 1 1
v -3.14838 -1.84224 12.7461 1 1 1
v -3.86781 6.02316 15.692 1 1 1
v -3.91112 6.09567 15.7772 1 1 1
v -7.08935 1.18376 21.7999 1 1 1
v -7.30223 6.46214 23.3181 1 1 1
v -3.58736 0.824839 15.9422 1 1 1
v -2.29947 5.37495 14.4385 1 1 1
v -2.32895 5.40534 14.5057 1 1 1
v -4.6061 7.4303 19.0668 1 1 1
v -2.6294 5.91593 15.2653 1 1 1
v -6.94348 0.89893 22.5876 1 1 1
v -2.33718 3.53174 15.0218 1 1 1
v -2.99498 7.11111 17.1671 1 1 1
v -1.99555 5.3619 14.8422 1 1 1
v -2.24084 6.32478 15.5273 1 1 1
v -2.30922 6.97511 15.8285 1 1 1
v -3.88579 7.24375 19.3423 1 1 1
v -2.16968 6.21778 15.6247 1 1 1
v -3.37421 3.65658 18.4799 1 1 1
v -1.41274 2.57743 13.9936 1 1 1
v -6.36537 -0.0642002 24.4267 1 1 1
v -1.51634 1.68274 14.1581 1 1 1
v -2.63028 7.93764 17.9777 1 1 1
v -1.37799 2.8353 14.2835 1 1 1
v -1.84643 6.6074 16.0803 1 1 1
v -1.25887 2.9884 14.0607 1 1 1
v -1.93764 -0.00628459 15.2504 1 1 1
v -1.1062 2.82407 13.8144 1 1 1
v -1.11524 2.82942 13.8403 1 1 1
v -1.3023 -0.208334 13.72 1 1 1
v -1.18972 -0.190799 13.6129 1 1 1
v -1.18972 -0.190799 13.6129 1 1 1
v -1.80558 -0.634924 15.0528 1 1 1
v -2.67173 4.0812 17.9202 1 1 1
v -1.01302 1.50465 13.6005 1 1 1
v -1.0269 1.50943 13.6403 1 1 1
v -1.64278 6.91143 16.2161 1 1 1
v -1.39895 4.41965 15.5908 1 1 1
v -0.950754 4.29629 15.2154 1 1 1
v -2.17499 7.36834 19.6125 1 1 1
v -0.850615 7.68775 16.2744 1 1 1
v -1.26763 5.38185 17.3604 1 1 1
v -0.416515 -1.04955 13.5692 1 1 1
v -1.65167 8.08201 19.3116 1 1 1
v -1.65167 8.08201 19.3116 1 1 1
v -1.55364 -1.38109 16.8555 1 1 1
v -1.16157 5.43814 17.4419 1 1 1
v -1.12452 5.43875 17.4474 1 1 1
v -3.13041 7.82176 23.9588 1 1 1
v -1.45921 -1.22409 16.9418 1 1 1
v -0.230706 -0.839316 13.3917 1 1 1
v -0.193989 -0.939805 13.2615 1 1 1
v -1.03633 -0.866737 15.9837 1 1 1
v -0.694887 3.98569 16.1084 1 1 1
v -0.212027 -0.872808 13.4561 1 1 1
v -1.19906 5.51313 17.9703 1 1 1
v -1.5782 11.0074 20.8755 1 1 1
v -0.959989 5.14864 17.6237 1 1 1
v -1.08309 5.28686 18.1301 1 1 1
v -1.10707 7.81939 19.9302 1 1 1
v -0.625422 -6.28089 15.0595 1 1 1
v 0.344697 5.16406 15.0511 1 1 1
v 0.384138 3.65324 14.4916 1 1 1
v 0.447283 3.54329 14.2681 1 1 1
v -0.830295 10.8204 21.054 1 1 1
v 0.372212 5.49546 15.4156 1 1 1
v -0.300082 -4.88203 15.0851 1 1 1
v -0.287761 -0.96807 16.6998 1 1 1
v 0.650559 -0.543653 13.5501 1 1 1
v -0.170111 11.5811 20.8315 1 1 1
v 0.886385 4.10649 14.6908 1 1 1
v -0.0690879 -1.21903 16.926 1 1 1
v -0.115761 -1.30447 17.1583 1 1 1
v 0.00911431 -1.02297 16.8388 1 1 1
v 0.000465889 -1.169 16.9141 1 1 1
v 1.00764 3.90598 14.4173 1 1 1
v 1.0606 -1.39174 12.4162 1 1 1
v 1.06053 3.65956 14.3352 1 1 1
v 0.430221 9.52633 19.2259 1 1 1
v 0.585782 6.31342 17.4774 1 1 1
v 1.05048 4.03148 14.6565 1 1 1
v 1.0486 4.03352 14.6727 1 1 1
v 1.17355 2.9749 14.2318 1 1 1
v 1.59134 -0.700063 11.3811 1 1 1
v 1.35454 3.85691 14.468 1 1 1
v 0.906773 3.84713 16.7994 1 1 1
v 0.881194 4.51025 17.8225 1 1 1
v 0.782505 -1.2911 15.9076 1 1 1
v 0.781554 -1.29192 15.9143 1 1 1
v 0.787868 -1.3361 16.0522 1 1 1
v 1.36807 5.21402 16.6705 1 1 1
v 1.55474 -0.759564 13.5513 1 1 1
v 1.18187 5.6243 19.1193 1 1 1
v 1.60599 2.5439 15.8239 1 1 1
v 1.56598 2.97002 16.4838 1 1 1
v 1.62191 -1.00499 14.0532 1 1 1
v 1.62191 -1.00499 14.0532 1 1 1
v 1.68066 -0.727942 13.9394 1 1 1
v 1.70827 2.60999 15.8643 1 1 1
v 1.76497 -0.572556 13.6887 1 1 1
v 1.90325 4.51094 15.7638 1 1 1
v 1.37007 2.27183 18.3713 1 1 1
v 1.82909 -1.04182 13.8256 1 1 1
v 1.97063 1.07055 14.534 1 1 1
v 1.56512 6.77608 22.3441 1 1 1
v 2.1112 4.94342 16.6163 1 1 1
v 2.04113 1.00919 14.6419 1 1 1
v 2.1713 2.66595 14.9667 1 1 1
v 2.13758 4.86966 16.8018 1 1 1
v 2.16967 2.67304 15.0139 1 1 1
v 2.07422 0.1984 14.2817 1 1 1
v 2.16625 -0.529189 14.084 1 1 1
v 2.33974 2.20204 14.8608 1 1 1
v 2.20875 -0.52451 14.0442 1 1 1
v 1.87695 -1.04163 18.0685 1 1 1
v 2.25506 -0.666226 14.3072 1 1 1
v 1.97176 -0.975164 18.2561 1 1 1
v 2.35386 -0.643763 14.4205 1 1 1
v 2.01805 -0.959634 18.2725 1 1 1
v 2.9008 10.1865 22.5158 1 1 1
v 1.89332 -5.51896 19.8619 1 1 1
v 3.03516 6.16437 17.4158 1 1 1
v 3.05186 6.31965 17.8565 1 1 1
v 1.09133 -11.8309 29.2809 1 1 1
v 1.84694 -9.06099 18.6628 1 1 1
v 3.26052 9.23338 19.1304 1 1 1
v 3.54811 10.8062 21.6894 1 1 1
v 3.12676 2.2219 15.4944 1 1 1
v 2.31079 -7.31197 20.2122 1 1 1
v 2.38417 -7.74918 20.2087 1 1 1
v 3.62689 7.07248 19.889 1 1 1
v 3.20898 1.68989 19.9549 1 1 1
v 2.45147 -7.75055 20.2104 1 1 1
v 2.55293 -6.61211 20.2579 1 1 1
v 2.17238 -10.7336 29.3516 1 1 1
v 1.96273 -13.7482 29.3699 1 1 1
v 2.52678 -7.7917 19.7024 1 1 1
v 2.33668 -9.42127 29.1489 1 1 1
v 3.16728 -0.31219 19.5761 1 1 1
v 2.1343 -12.2871 29.7673 1 1 1
v 2.1343 -12.2871 29.7673 1 1 1
v 2.75177 -5.55701 20.1796 1 1 1
v 2.11475 -13.0252 29.3654 1 1 1
v 2.17402 -12.319 29.3056 1 1 1
v 3.71812 6.61043 26.8439 1 1 1
v 2.2868 -11.2005 29.4104 1 1 1
v 2.22224 -12.1465 29.2725 1 1 1
v 2.18455 -13.2857 29.4529 1 1 1
v 2.14262 -14.1958 29.4124 1 1 1
v 2.26669 -13.0372 29.5464 1 1 1
v 2.28614 -12.7864 29.4199 1 1 1
v 2.39737 -12.4045 29.4067 1 1 1
v 2.70361 -8.75646 29.495 1 1 1
v 2.70361 -8.75646 29.495 1 1 1
v 2.39425 -12.8051 29.5016 1 1 1
v 2.47096 -12.7936 29.2902 1 1 1
v 2.47096 -12.7936 29.2902 1 1 1
v 2.47096 -12.7936 29.2902 1 1 1
v 2.69561 -9.71521 20.2347 1 1 1
v 2.64381 -11.8149 29.156 1 1 1
v 2.62456 -11.0645 20.2126 1 1 1
v 3.62825 0.929473 19.8229 1 1 1
v 3.62825 0.929473 19.8229 1 1 1
v 4.05578 6.22502 17.662 1 1 1
v 2.84324 -9.52004 20.2912 1 1 1
v 2.83307 -11.6843 29.3976 1 1 1
v 4.30434 9.28194 14.8733 1 1 1
v 3.01692 -8.13328 19.7964 1 1 1
v 3.02359 -8.30242 20.1111 1 1 1
v 3.1626 -6.90288 20.3038 1 1 1
v 3.1626 -6.90288 20.3038 1 1 1
v 2.77658 -15.4882 29.2893 1 1 1
v 3.09314 -11.5083 29.4223 1 1 1
v 3.05774 -13.0178 29.4798 1 1 1
v 3.30973 -8.41901 20.3845 1 1 1
v 3.43961 -11.5199 29.5146 1 1 1
v 3.9718 0.272733 18.3332 1 1 1
v 4.43262 5.2665 18.2998 1 1 1
v 3.52372 -12.4084 29.578 1 1 1
v 4.95799 6.70879 26.8944 1 1 1
v 4.42355 4.57151 18.9308 1 1 1
v 3.79298 -13.1264 29.503 1 1 1
v 3.94119 -13.3205 29.4076 1 1 1
v 4.1594 -12.5304 29.4968 1 1 1
v 3.96881 -16.0736 29.3859 1 1 1
v 4.31089 -13.4353 29.4921 1 1 1
v 4.14309 -16.1155 29.2946 1 1 1
v 3.88848 -10.2616 20.4136 1 1 1
v 4.84297 -7.87107 29.8793 1 1 1
v 5.8031 6.70233 26.9225 1 1 1
v 3.97877 -10.3275 20.4877 1 1 1
v 4.05731 -9.70791 20.5275 1 1 1
v 4.05731 -9.70791 20.5275 1 1 1
v 4.60722 -14.7639 29.8827 1 1 1
v 4.9479 -11.3215 29.868 1 1 1
v 5.27433 -8.38757 29.9768 1 1 1
v 5.16126 -10.6778 29.7881 1 1 1
v 6.37798 6.55115 26.9281 1 1 1
v 4.58238 -7.40343 20.5641 1 1 1
v 5.30444 -11.2878 29.7478 1 1 1
v 5.58416 -9.78624 30.0463 1 1 1
v 5.55131 -11.8048 30.3141 1 1 1
v 5.68493 -10.1591 30.1077 1 1 1
v 5.72881 -9.78923 30.1569 1 1 1
v 4.76008 -8.3028 20.5472 1 1 1
v 5.12883 -17.6593 29.2759 1 1 1
v 4.9372 -7.46385 20.6343 1 1 1
v 5.07946 -5.76078 20.6103 1 1 1
v 5.95075 -11.8449 30.0249 1 1 1
v 5.18969 -7.61567 20.5041 1 1 1
v 5.30912 -10.2008 20.4084 1 1 1
v 5.44291 -0.0333405 16.0319 1 1 1
v 5.33901 -10.3956 20.4554 1 1 1
v 7.88237 6.20157 27.5987 1 1 1
v 7.88237 6.20157 27.5987 1 1 1
v 6.22588 5.20765 17.8615 1 1 1
v -13.5375 11.3513 27.9118 1 1 1
v -13.5836 11.3808 27.9855 1 1 1
v -10.8018 0.85107 23.163 1 1 1
v -17.787 -0.921302 34.482 1 1 1
v -18.5309 -1.12603 35.8837 1 1 1
v -16.5507 0.582006 33.0624 1 1 1
v -18.4415 -1.40622 36.955 1 1 1
v -17.8387 -1.16124 36.2494 1 1 1
v -16.9162 0.42314 35.2381 1 1 1
v -16.9162 0.42314 35.2381 1 1 1
v -16.6948 -1.15796 34.7706 1 1 1
v -17.0097 -1.48505 36.0865 1 1 1
v -17.3491 -1.34149 36.7499 1 1 1
v -17.6278 -1.454 37.2792 1 1 1
v -16.6861 -0.979691 36.0568 1 1 1
v -16.7912 -1.51755 36.3556 1 1 1
v -16.5088 -1.67985 36.1799 1 1 1
v -16.7765 -1.92756 36.7902 1 1 1
v -16.1354 -0.962658 35.9717 1 1 1
v -16.9249 -2.78819 37.2855 1 1 1
v -16.3646 -0.877086 36.5997 1 1 1
v -16.3646 -0.877086 36.5997 1 1 1
v -16.6734 -2.13668 37.0891 1 1 1
v -16.5212 -0.124654 37.196 1 1 1
v -16.5212 -0.124654 37.196 1 1 1
v -16.1973 -1.19079 36.6045 1 1 1
v -16.8265 -2.67862 37.604 1 1 1
v -16.4933 -2.38844 37.1194 1 1 1
v -16.2553 -2.02117 36.9411 1 1 1
v -16.3 -2.46953 37.076 1 1 1
v -15.8913 -1.94516 36.4625 1 1 1
v -16.1769 -1.86744 37.0254 1 1 1
v -16.264 -0.260054 37.4879 1 1 1
v -15.6976 -2.36414 36.3331 1 1 1
v -15.5169 -2.48413 36.1781 1 1 1
v -15.8744 -0.246226 37.1162 1 1 1
v -15.8504 -1.02611 37.1692 1 1 1
v -16.518 -0.890961 38.4444 1 1 1
v -16.0927 -1.41624 37.6319 1 1 1
v -15.7189 -0.539373 37.108 1 1 1
v -15.6564 -2.23171 36.8453 1 1 1
v -15.9929 -1.94908 37.6062 1 1 1
v -16.0817 -1.96762 37.7749 1 1 1
v -16.1012 -2.54396 37.7845 1 1 1
v -16.0771 -2.62244 37.7765 1 1 1
v -15.9033 -0.9226 37.7596 1 1 1
v -15.8141 -2.13704 37.65 1 1 1
v -16.0428 -1.19696 38.3344 1 1 1
v -16.0373 -1.33819 38.4907 1 1 1
v -16.0373 -1.33819 38.4907 1 1 1
v -15.8723 -1.49728 38.245 1 1 1
v -15.7174 -2.30236 37.9179 1 1 1
v -15.7373 -2.09992 38.2735 1 1 1
v -15.5902 -1.09573 38.0984 1 1 1
v -15.8548 -1.63466 38.7095 1 1 1
v -15.5516 -1.81493 38.2377 1 1 1
v -16.0839 -1.61036 39.4129 1 1 1
v -15.5203 -1.31885 38.4021 1 1 1
v -15.4865 -0.801443 38.4599 1 1 1
v -15.7883 -1.97599 39.1729 1 1 1
v -16.02 -1.64655 39.7357 1 1 1
v -15.7644 -1.28722 39.2936 1 1 1
v -15.8509 -1.56679 39.5565 1 1 1
v -16.3241 -2.75024 40.4088 1 1 1
v -13.9713 1.79355 36.2451 1 1 1
v -15.7338 -1.24065 39.4767 1 1 1
v -15.6203 -1.43984 39.2766 1 1 1
v -15.1269 1.99852 38.7092 1 1 1
v -15.9493 -2.05291 40.0676 1 1 1
v -13.3008 1.88651 35.2541 1 1 1
v -14.0987 11.087 37.8485 1 1 1
v -15.6324 -1.4513 39.6863 1 1 1
v -16.7108 -2.83837 41.7519 1 1 1
v -13.1128 1.65919 34.9775 1 1 1
v -15.2107 -1.54807 39.1857 1 1 1
v -15.2107 -1.54807 39.1857 1 1 1
v -16.2729 -2.53756 41.6197 1 1 1
v -6.70986 -9.82497 21.5195 1 1 1
v -15.3126 -1.4804 40.5127 1 1 1
v -15.2437 -1.59496 40.517 1 1 1
v -13.3936 1.16648 37.1472 1 1 1
v -14.885 -1.53496 40.3262 1 1 1
v -15.2298 -1.4751 41.1359 1 1 1
v -15.4458 -2.16214 41.5272 1 1 1
v -15.8815 -2.22774 42.4988 1 1 1
v -13.677 11.1728 39.5457 1 1 1
v -13.8438 10.485 39.8764 1 1 1
v -15.0759 -1.61169 41.242 1 1 1
v -4.0895 9.59021 18.7686 1 1 1
v -15.8508 -2.14213 42.9564 1 1 1
v -7.99446 15.0331 27.8817 1 1 1
v -4.18179 9.75023 19.0406 1 1 1
v -15.1486 -1.75357 41.8329 1 1 1
v -15.3228 -2.16134 42.7982 1 1 1
v -14.8888 -1.39906 42.1255 1 1 1
v -4.22962 8.14698 19.5186 1 1 1
v -3.2636 8.87722 17.5298 1 1 1
v -6.75739 10.9741 26.609 1 1 1
v -7.57509 15.3131 29.4085 1 1 1
v -3.1845 6.46702 18.1297 1 1 1
v -2.37539 6.87529 16.321 1 1 1
v -6.8643 9.872 27.9821 1 1 1
v -5.76619 4.43913 24.8164 1 1 1
v -6.68435 9.92702 27.9771 1 1 1
v -12.1836 0.322675 40.9657 1 1 1
v -5.61365 4.81969 24.8698 1 1 1
v -2.49198 2.6218 16.7742 1 1 1
v -3.03943 2.92152 18.2879 1 1 1
v -6.06703 0.202755 25.9272 1 1 1
v -5.27406 2.57596 24.4582 1 1 1
v -6.40702 13.5843 29.8699 1 1 1
v -4.78424 5.95955 24.427 1 1 1
v -4.49072 5.61679 23.6651 1 1 1
v -1.78602 2.64891 15.8142 1 1 1
v -4.75582 6.31932 24.5888 1 1 1
v -4.75582 6.31932 24.5888 1 1 1
v -4.78981 -0.917628 23.6675 1 1 1
v -4.62668 -1.40785 23.1713 1 1 1
v -4.65782 6.36121 24.4733 1 1 1
v -5.18541 -2.51537 25.1047 1 1 1
v -4.57354 6.88873 25.0497 1 1 1
v -4.18972 6.47387 23.9063 1 1 1
v -5.63882 14.8885 29.8463 1 1 1
v -4.37346 7.04579 25.4996 1 1 1
v -4.37346 7.04579 25.4996 1 1 1
v -4.58588 8.02881 26.7941 1 1 1
v -4.97768 9.97748 28.548 1 1 1
v -4.6796 8.42939 27.381 1 1 1
v -1.97138 4.55318 18.4879 1 1 1
v -3.81407 -3.03474 23.0912 1 1 1
v -1.51814 7.02964 18.1377 1 1 1
v -2.08552 7.91851 20.1647 1 1 1
v -3.0015 -1.8972 21.6684 1 1 1
v -3.75282 -2.93866 24.0836 1 1 1
v -1.45432 6.71779 18.1306 1 1 1
v -3.64635 -3.19199 24.3881 1 1 1
v -3.81257 -3.30677 25.0439 1 1 1
v -3.81257 -3.30677 25.0439 1 1 1
v -6.03275 12.2639 36.355 1 1 1
v -5.70491 12.0217 36.0288 1 1 1
v -5.82771 12.1972 36.565 1 1 1
v -2.77259 -2.09758 22.6589 1 1 1
v -2.79673 15.4759 28.9673 1 1 1
v -0.451779 4.10757 16.7929 1 1 1
v -2.72026 10.7393 27.768 1 1 1
v -2.01541 10.921 27.6206 1 1 1
v -0.727921 11.191 21.6834 1 1 1
v -0.727921 11.191 21.6834 1 1 1
v -0.247738 1.91495 17.2842 1 1 1
v -1.63082 10.2282 26.5587 1 1 1
v -1.13886 6.91523 23.4895 1 1 1
v -1.19194 -2.0887 22.3186 1 1 1
v -1.20787 -3.27646 22.1946 1 1 1
v -1.43449 -3.59865 23.3243 1 1 1
v -1.08551 16.6199 28.3187 1 1 1
v 0.473473 4.91374 16.5524 1 1 1
v 0.195513 12.264 20.816 1 1 1
v 0.703657 9.06757 17.9499 1 1 1
v 0.555158 5.6001 17.7729 1 1 1
v 1.03 4.6789 16.6064 1 1 1
v 0.929215 12.7222 20.581 1 1 1
v 0.260262 17.1626 27.5041 1 1 1
v -0.0372044 11.1974 27.2637 1 1 1
v 0.12474 7.14483 24.6623 1 1 1
v 0.108499 11.8898 27.7222 1 1 1
v 0.368059 -1.64534 21.7911 1 1 1
v 1.33579 4.54032 16.538 1 1 1
v 1.3589 6.87653 17.717 1 1 1
v 1.11765 3.87857 24.235 1 1 1
v 1.08215 -1.19326 21.9788 1 1 1
v 1.08651 -1.27703 22.1359 1 1 1
v 1.79818 17.2231 28.1828 1 1 1
v 1.92404 4.42409 16.4507 1 1 1
v 1.19765 -1.02346 22.1508 1 1 1
v 2.00814 9.39205 19.6182 1 1 1
v 1.66313 9.00844 30.6211 1 1 1
v 2.0886 7.26713 22.0485 1 1 1
v 1.65831 0.965767 24.1758 1 1 1
v 1.65732 0.966573 24.3732 1 1 1
v 1.73125 1.32759 24.7 1 1 1
v 1.7313 1.33138 24.8183 1 1 1
v 1.92824 3.93977 24.0685 1 1 1
v 1.91075 7.42129 30.0132 1 1 1
v 1.77605 1.25323 24.7331 1 1 1
v 1.77605 1.25323 24.7331 1 1 1
v 1.78691 -0.889671 22.7094 1 1 1
v 2.11752 -0.201198 16.063 1 1 1
v 1.70278 -1.76909 23.8299 1 1 1
v 2.59517 16.6737 29.4354 1 1 1
v 2.02083 4.99438 27.1094 1 1 1
v 2.01227 2.36141 24.5312 1 1 1
v 1.89226 -1.54974 23.6119 1 1 1
v 0.65123 -15.7179 49.2128 1 1 1
v 0.669609 -15.5696 48.7973 1 1 1
v 1.0693 -13.0736 49.1285 1 1 1
v 2.17964 -1.25219 24.1044 1 1 1
v 1.03264 -16.3137 50.3851 1 1 1
v 0.986509 -18.2764 49.75 1 1 1
v 0.607499 -24.7891 50.0749 1 1 1
v 1.13587 -16.027 50.6641 1 1 1
v 0.644512 -25.8996 50.0337 1 1 1
v 3.15755 13.4004 36.3563 1 1 1
v 1.555 -12.9109 50.5197 1 1 1
v 1.20588 -19.0052 49.3235 1 1 1
v 3.36893 15.3867 32.0948 1 1 1
v 1.39467 -18.186 49.7467 1 1 1
v 1.19486 -21.5923 50.2763 1 1 1
v 1.12277 -22.8843 49.29 1 1 1
v 1.58373 -15.2468 46.6031 1 1 1
v 0.980035 -27.2859 48.4367 1 1 1
v 0.963665 -27.6977 48.6176 1 1 1
v 1.28386 -23.0674 48.533 1 1 1
v 1.27134 -23.798 48.2996 1 1 1
v 1.78011 -16.8921 49.2189 1 1 1
v 1.89538 -17.4303 49.9699 1 1 1
v 3.73787 16.0106 32.114 1 1 1
v 1.5532 -23.7829 49.0111 1 1 1
v 1.37468 -27.1044 49.4147 1 1 1
v 1.50599 -25.184 49.4312 1 1 1
v 1.97743 -18.0972 50.971 1 1 1
v 1.60803 -24.1456 49.4196 1 1 1
v 1.60803 -24.1456 49.4196 1 1 1
v 1.62349 -25.1469 49.7451 1 1 1
v 2.07139 -17.9539 50.1626 1 1 1
v 1.69418 -24.4857 48.1976 1 1 1
v 1.77193 -23.6089 48.8136 1 1 1
v 2.12193 -18.0561 50.9059 1 1 1
v 2.02302 -19.025 48.0616 1 1 1
v 1.7885 -23.9025 48.6885 1 1 1
v 2.15307 -17.6016 47.7269 1 1 1
v 2.2041 -17.5746 50.3196 1 1 1
v 1.44041 -30.2565 46.6418 1 1 1
v 2.22868 -17.9927 49.3759 1 1 1
v 2.04965 -20.5943 47.2324 1 1 1
v 1.86611 -24.3388 49.0236 1 1 1
v 1.90258 -24.0197 49.0271 1 1 1
v 1.90258 -24.0197 49.0271 1 1 1
v 2.11919 -20.6396 46.7889 1 1 1
v 1.9287 -24.8758 48.5529 1 1 1
v 1.9287 -24.8758 48.5529 1 1 1
v 1.90875 -25.6172 48.9689 1 1 1
v 1.90875 -25.6172 48.9689 1 1 1
v 1.99145 -24.2462 48.7207 1 1 1
v 2.3605 -18.3179 49.1874 1 1 1
v 2.03453 -23.5325 47.7778 1 1 1
v 2.18587 -23.0996 48.0857 1 1 1
v 2.14832 -24.5078 48.5065 1 1 1
v 2.38268 -20.4962 48.0148 1 1 1
v 2.39886 -20.0565 47.4382 1 1 1
v 2.73465 -16.8447 49.3408 1 1 1
v 2.2798 -24.2922 48.1972 1 1 1
v 2.79292 -16.2773 48.6114 1 1 1
v 3.02025 -13.8082 51.0213 1 1 1
v 3.02025 -13.8082 51.0213 1 1 1
v 2.3275 -25.8739 48.2319 1 1 1
v 2.42757 -24.2518 47.5212 1 1 1
v 2.4649 -24.4619 47.5322 1 1 1
v 2.98657 -15.2294 46.8247 1 1 1
v 2.67771 -22.591 47.9363 1 1 1
v 3.20034 -15.4707 50.4462 1 1 1
v 3.06758 -18.1344 50.1269 1 1 1
v 2.66041 -24.878 47.7324 1 1 1
v 3.50155 -10.1409 44.1568 1 1 1
v 3.33838 -14.8346 47.69 1 1 1
v 3.49101 -15.1014 50.0511 1 1 1
v 2.75633 -26.8731 47.1883 1 1 1
v 3.13441 -19.8784 46.3163 1 1 1
v 3.13441 -19.8784 46.3163 1 1 1
v 3.65421 -14.5127 49.7692 1 1 1
v 3.69391 -14.4939 50.6494 1 1 1
v 3.07058 -23.6652 47.2346 1 1 1
v 2.72592 -28.6116 45.623 1 1 1
v 2.85716 -29.734 48.2884 1 1 1
v 4.81717 15.1966 32.7645 1 1 1
v 3.32111 -19.762 45.3883 1 1 1
v 3.32111 -19.762 45.3883 1 1 1
v 3.03979 -26.9384 47.8014 1 1 1
v 3.96431 -10.5479 46.5443 1 1 1
v 3.07543 -27.1584 48.7445 1 1 1
v 3.36833 -20.432 45.4267 1 1 1
v 3.9391 -14.2507 49.568 1 1 1
v 5.26766 7.76081 49.8639 1 1 1
v 2.93129 -29.1692 46.1186 1 1 1
v 2.93129 -29.1692 46.1186 1 1 1
v 4.08998 -14.1944 51.0477 1 1 1
v 3.01175 -28.5792 46.03 1 1 1
v 3.29934 -26.4113 48.0362 1 1 1
v 3.35232 -27.204 48.885 1 1 1
v 3.26543 -28.6619 45.9374 1 1 1
v 3.26753 -29.2836 46.611 1 1 1
v 3.47949 -26.9493 47.9268 1 1 1
v 3.87404 -21.8598 47.8978 1 1 1
v 4.40457 -14.814 49.3884 1 1 1
v 3.46083 -27.6079 44.2057 1 1 1
v 4.78956 -12.4372 50.8292 1 1 1
v 3.66154 -27.3923 46.7362 1 1 1
v 3.4955 -27.3185 43.4241 1 1 1
v 4.04418 -21.2644 45.1478 1 1 1
v 5.2509 -9.3631 51.2271 1 1 1
v 3.76006 -29.0666 46.4858 1 1 1
v 3.76006 -29.0666 46.4858 1 1 1
v 4.00143 -26.8246 46.7535 1 1 1
v 3.90635 -29.5996 46.7617 1 1 1
v 4.16368 -26.5163 46.6893 1 1 1
v 5.85932 13.9139 36.3166 1 1 1
v 4.20975 -26.9918 47.0122 1 1 1
v 4.22311 -29.4661 46.716 1 1 1
v 4.24285 -28.6129 46.0827 1 1 1
v 4.24285 -28.6129 46.0827 1 1 1
v 4.30244 -30.0267 47.1782 1 1 1
v 4.9596 -22.0964 47.1366 1 1 1
v 4.5268 -29.3238 46.3501 1 1 1
v 4.62263 -29.4115 46.8426 1 1 1
v 4.89571 -27.6232 48.3105 1 1 1
v 6.39481 14.0222 36.69 1 1 1
v 6.39481 14.0222 36.69 1 1 1
v 6.03725 16.6835 30.075 1 1 1
v 4.95348 -26.367 45.7189 1 1 1
v 4.95348 -26.367 45.7189 1 1 1
v 6.72895 12.9429 38.5059 1 1 1
v 6.72895 12.9429 38.5059 1 1 1
v 6.64384 -7.67211 50.2498 1 1 1
v 6.64384 -7.67211 50.2498 1 1 1
v 6.50399 -7.56906 48.5112 1 1 1
v 4.92187 -28.212 44.3014 1 1 1
v 7.38313 11.53 42.7186 1 1 1
v 6.98339 -9.10079 50.663 1 1 1
v 5.05005 -26.8523 42.4956 1 1 1
v 5.20219 -28.2783 44.0135 1 1 1
v 5.59776 -28.3179 44.6461 1 1 1
v 7.27925 14.0944 36.0026 1 1 1
v 7.60474 -10.8807 51.504 1 1 1
v 7.28874 -13.7177 49.6899 1 1 1
v 7.66683 -11.3005 51.3362 1 1 1
v 7.30973 -14.8793 50.1871 1 1 1
v 6.22447 -28.0738 44.3306 1 1 1
v 7.00293 -26.1387 48.8259 1 1 1
v 8.9938 10.6665 44.4557 1 1 1
v 6.83576 -28.7645 45.4059 1 1 1
v 8.36823 -18.1693 49.7742 1 1 1
v 8.5408 -19.0955 50.1796 1 1 1
v 8.50938 -18.104 49.3527 1 1 1
v 8.65787 -15.073 48.9289 1 1 1
v 7.97382 -18.1771 45.5161 1 1 1
v 8.5218 -18.425 48.7036 1 1 1
v 10.6473 10.2431 46.7943 1 1 1
v 8.92994 -24.9713 48.4494 1 1 1
v 9.11596 -24.8383 48.504 1 1 1
v 9.86462 -21.5527 50.7819 1 1 1
v 9.13968 -26.4729 47.9468 1 1 1
v 9.26302 -27.375 48.752 1 1 1
v 9.33572 -28.3504 48.6091 1 1 1
v 9.43933 -27.058 47.6071 1 1 1
v 9.96406 -25.2709 49.3561 1 1 1
v 9.50732 -26.663 47.4456 1 1 1
v 9.73817 -26.294 48.02 1 1 1
v 9.9838 -18.7538 46.9379 1 1 1
v 9.78558 -26.4015 48.2365 1 1 1
v 10.2176 -24.9454 49.6488 1 1 1
v 9.80166 -28.0737 48.2681 1 1 1
v 10.0305 -25.5519 47.8971 1 1 1
v 10.0406 -27.0485 48.2491 1 1 1
v 10.6069 -26.5335 48.0997 1 1 1
v -3.00784 -1.40212 10.8076 1 1 1
v -3.0619 -1.42718 10.9047 1 1 1
v -2.78201 6.45394 14.7411 1 1 1
v -1.68999 0.756125 11.9893 1 1 1
v -1.71688 3.17583 12.3591 1 1 1
v -1.76579 5.46714 13.2689 1 1 1
v -3.35324 7.67323 17.8119 1 1 1
v -2.20471 5.3002 14.538 1 1 1
v -1.9549 6.53452 14.1164 1 1 1
v -1.34839 2.57084 12.464 1 1 1
v -1.20434 1.99355 12.0551 1 1 1
v -1.18155 1.29495 11.957 1 1 1
v -2.74559 1.65342 16.6292 1 1 1
v -2.15591 4.06911 15.7565 1 1 1
v -0.921311 0.305402 11.4804 1 1 1
v -0.921311 0.305402 11.4804 1 1 1
v -0.830203 0.162949 11.2386 1 1 1
v -1.17179 3.12077 12.6279 1 1 1
v -1.29832 3.31373 13.3138 1 1 1
v -1.29832 3.31373 13.3138 1 1 1
v -0.941764 3.32815 12.3937 1 1 1
v -0.748097 1.63638 11.6481 1 1 1
v -0.91261 3.19188 12.369 1 1 1
v -1.21981 6.07111 13.9176 1 1 1
v -1.79728 0.247145 15.3237 1 1 1
v -0.657559 0.383325 11.4589 1 1 1
v -2.47006 9.17884 18.8833 1 1 1
v -1.98738 4.82743 16.7972 1 1 1
v -1.54246 -1.10532 15.1089 1 1 1
v -0.408802 -2.59609 10.8696 1 1 1
v -1.87353 6.56971 17.6075 1 1 1
v -1.95166 9.4065 18.5046 1 1 1
v -1.39848 -1.24745 15.1109 1 1 1
v -0.706826 4.63242 13.2386 1 1 1
v -0.319621 -2.56023 10.8649 1 1 1
v -0.47706 2.92887 12.3519 1 1 1
v -1.64044 6.56325 17.9019 1 1 1
v -0.0929318 -0.124985 11.091 1 1 1
v -0.310584 6.68971 13.335 1 1 1
v -0.429052 4.75307 14.9667 1 1 1
v -0.491291 6.79914 16.3138 1 1 1
v 0.0251441 4.93025 13.4736 1 1 1
v -0.0519915 5.38974 14.2759 1 1 1
v 0.310177 4.91448 13.0567 1 1 1
v -0.180137 9.41706 16.7938 1 1 1
v 0.465433 4.53332 12.7527 1 1 1
v 0.537608 3.55353 12.213 1 1 1
v 0.241227 4.29723 15.1999 1 1 1
v 0.241227 4.29723 15.1999 1 1 1
v 0.70532 0.0399124 11.1181 1 1 1
v 0.753845 3.63411 12.2811 1 1 1
v 0.624174 -0.159908 12.773 1 1 1
v 0.779173 -0.202079 11.1581 1 1 1
v 0.649782 4.09299 13.6195 1 1 1
v 0.844776 -0.113482 10.9918 1 1 1
v 0.80474 8.18688 14.127 1 1 1
v 0.659463 0.566302 14.8196 1 1 1
v 0.73921 4.97157 15.6041 1 1 1
v 0.829414 7.83646 15.7163 1 1 1
v 1.0882 3.37475 12.1266 1 1 1
v 1.13429 4.9981 12.935 1 1 1
v 1.13608 2.52344 11.8831 1 1 1
v 1.25793 3.62993 12.11 1 1 1
v 1.18385 4.4054 13.7204 1 1 1
v 1.1747 4.0727 16.6141 1 1 1
v 1.51952 -0.259198 11.4745 1 1 1
v 1.57203 0.215493 11.3945 1 1 1
v 1.80697 5.95162 18.6065 1 1 1
v 1.67181 0.33599 15.3919 1 1 1
v 1.72249 0.670958 11.1978 1 1 1
v 2.02547 7.91506 19.5044 1 1 1
v 1.78938 -0.401159 15.2064 1 1 1
v 1.84767 0.048302 11.1687 1 1 1
v 1.85377 0.154563 11.2137 1 1 1
v 1.88383 0.0589982 11.362 1 1 1
v 2.20861 6.29709 13.7934 1 1 1
v 2.20861 6.29709 13.7934 1 1 1
v 2.09747 3.30772 13.4625 1 1 1
v 1.95282 0.156381 11.4349 1 1 1
v 2.14083 -0.171933 15.7621 1 1 1
v 2.348 5.18227 13.8153 1 1 1
v 2.77716 10.5758 17.7117 1 1 1
v 2.91768 5.17475 13.5668 1 1 1
v 2.79275 0.796866 11.8285 1 1 1
v 3.59689 7.03553 12.5172 1 1 1
v -11.1112 2.53216 32.9135 1 1 1
v -7.08157 11.8095 27.6816 1 1 1
v -3.00982 8.49987 15.7884 1 1 1
v -6.53349 13.2802 29.2086 1 1 1
v -6.21014 11.6873 28.1556 1 1 1
v -6.21014 11.6873 28.1556 1 1 1
v -2.46672 8.9664 15.8854 1 1 1
v -5.7012 11.2457 27.3028 1 1 1
v -5.74346 4.54167 27.7043 1 1 1
v -5.70491 6.75581 27.935 1 1 1
v -6.05688 10.9574 29.3625 1 1 1
v -2.38259 3.21366 17.003 1 1 1
v -2.3748 4.03017 17.0038 1 1 1
v -2.43575 5.10107 17.7937 1 1 1
v -4.09395 4.66319 24.1798 1 1 1
v -2.15312 0.550678 17.2504 1 1 1
v -3.85236 -1.48393 23.6347 1 1 1
v -1.32997 0.000178088 13.8634 1 1 1
v -4.00246 5.95915 25.1679 1 1 1
v -4.69603 -2.32559 27.9738 1 1 1
v -5.19141 9.39053 30.847 1 1 1
v -1.89572 5.21148 17.0902 1 1 1
v -3.56381 -0.0449166 24.7932 1 1 1
v -3.95704 8.75375 27.0376 1 1 1
v -3.97171 9.20289 28.5523 1 1 1
v -3.13981 6.68233 24.9922 1 1 1
v -1.11993 6.01147 15.4749 1 1 1
v -2.69824 -2.72294 23.8135 1 1 1
v -3.19005 7.90389 27.2312 1 1 1
v -1.27448 4.55133 17.1633 1 1 1
v -3.3602 12.1735 29.0887 1 1 1
v -3.04543 11.184 27.2963 1 1 1
v -2.81861 -2.871 25.9635 1 1 1
v -4.02917 13.0839 34.5022 1 1 1
v -1.90095 -1.30032 22.7894 1 1 1
v -1.96782 -1.33991 23.692 1 1 1
v -0.374161 -0.626557 13.8495 1 1 1
v -2.35852 17.5123 30.2668 1 1 1
v -0.118756 9.00927 16.3071 1 1 1
v -1.09308 10.6303 26.533 1 1 1
v -0.689185 7.2125 24.8395 1 1 1
v -0.634511 8.31343 25.5396 1 1 1
v 0.334207 11.229 18.509 1 1 1
v 0.172478 7.78934 24.9212 1 1 1
v 0.741396 4.34591 14.5863 1 1 1
v 0.384061 7.75251 25.0349 1 1 1
v 0.837078 4.28947 14.486 1 1 1
v 1.07353 7.9821 15.0634 1 1 1
v 1.10981 12.3401 28.0923 1 1 1
v 1.17054 4.6096 14.4243 1 1 1
v 1.19389 4.14617 17.1271 1 1 1
v 1.20346 8.26003 18.0458 1 1 1
v 1.28523 11 18.2891 1 1 1
v 1.58917 12.4337 26.7744 1 1 1
v 1.74786 3.79925 25.1371 1 1 1
v 1.57508 2.00554 14.196 1 1 1
v 1.84487 -1.00825 23.6646 1 1 1
v 2.44085 14.7248 31.7811 1 1 1
v 2.51335 10.0635 31.0792 1 1 1
v 2.29692 3.99322 25.9323 1 1 1
v 2.81878 11.6288 33.0527 1 1 1
v 2.37369 2.36662 25.4664 1 1 1
v 2.42783 2.81113 25.8794 1 1 1
v 2.40328 2.84115 25.0947 1 1 1
v 2.04095 0.773087 17.0287 1 1 1
v 2.02211 5.81397 16.3668 1 1 1
v 2.66641 2.4594 25.7486 1 1 1
v 3.10719 8.59274 31.0692 1 1 1
v 3.5261 15.2736 35.185 1 1 1
v 2.65436 -1.31645 25.1142 1 1 1
v 2.77465 1.78207 25.7485 1 1 1
v 3.05391 5.04373 27.043 1 1 1
v 3.04278 -0.939056 24.8416 1 1 1
v 2.50897 0.263408 17.3729 1 1 1
v 3.94303 3.96648 30.4435 1 1 1
v 2.95686 10.4657 19.4609 1 1 1
v 4.56935 16.7146 32.8239 1 1 1
v 3.33698 10.063 19.8916 1 1 1
v -1.44321 1.15065 10.0999 1 1 1
v -1.17406 2.41779 10.351 1 1 1
v -1.06451 2.38742 10.0895 1 1 1
v -2.14425 3.38684 14.6993 1 1 1
v -2.15092 3.69818 14.8638 1 1 1
v -1.24848 4.92895 11.0754 1 1 1
v -1.90902 0.852319 14.8034 1 1 1
v -0.70285 -1.89531 9.22351 1 1 1
v -1.89103 0.479018 15.276 1 1 1
v -0.835069 3.04311 10.193 1 1 1
v -0.974405 5.1532 11.1297 1 1 1
v -0.974405 5.1532 11.1297 1 1 1
v -0.869652 3.84233 11.0542 1 1 1
v -0.780141 3.28167 10.5849 1 1 1
v -0.605605 5.0867 10.8166 1 1 1
v -0.349424 0.0530085 9.59768 1 1 1
v -0.842701 -0.0121826 15.0372 1 1 1
v -0.989718 8.46301 15.5201 1 1 1
v -0.599794 6.33856 15.4155 1 1 1
v -0.43183 4.08722 14.7835 1 1 1
v 0.0608583 1.75182 10.3697 1 1 1
v -0.28907 2.41497 16.0311 1 1 1
v -0.0671771 4.7111 14.7606 1 1 1
v 0.00450724 8.786 15.6318 1 1 1
v 0.0412361 8.66906 15.8738 1 1 1
v 0.578242 -0.0990545 16.1986 1 1 1
v 0.5536 0.357754 9.61356 1 1 1
v 0.534631 5.61673 10.6299 1 1 1
v 0.616821 3.01589 10.006 1 1 1
v 1.21035 4.82869 15.587 1 1 1
v 1.00232 3.66021 10.223 1 1 1
v 1.00232 3.66021 10.223 1 1 1
v 1.51072 -0.153467 15.4567 1 1 1
v 1.05719 3.45021 10.4279 1 1 1
v 1.15376 3.68025 10.7516 1 1 1
v 1.17016 1.45065 10.053 1 1 1
v 1.32337 2.23999 10.1351 1 1 1
v 1.32603 2.24195 10.149 1 1 1
v 1.33444 0.559858 9.94242 1 1 1
v 2.14956 8.36057 16.461 1 1 1
v 1.45607 0.656317 9.94611 1 1 1
v -4.13583 6.49308 27.3017 1 1 1
v -3.88037 6.22271 26.3072 1 1 1
v -4.07723 8.51079 28.172 1 1 1
v -3.6869 7.6939 27.894 1 1 1
v -3.21139 0.00994523 26.575 1 1 1
v -3.23657 0.761073 26.6855 1 1 1
v -3.12687 0.510612 26.4936 1 1 1
v -3.24572 8.62887 27.0235 1 1 1
v -2.98818 8.05183 26.6188 1 1 1
v -2.65993 -1.92827 27.2696 1 1 1
v -2.36572 0.712953 25.3324 1 1 1
v -2.33533 12.1891 28.1682 1 1 1
v -2.49808 11.8006 30.5794 1 1 1
v -1.92154 7.50948 25.2104 1 1 1
v -2.33346 11.7186 28.8143 1 1 1
v -2.0932 12.3402 28.1717 1 1 1
v -1.42785 -2.21868 26.3717 1 1 1
v -0.367947 12.229 28.268 1 1 1
v -0.0277664 12.2636 27.4727 1 1 1
v -0.0613462 18.5597 32.4011 1 1 1
v 0.261573 12.8752 28.7869 1 1 1
v 0.592978 -2.91383 25.3413 1 1 1
v 0.388199 8.39075 23.4726 1 1 1
v 0.505343 8.0433 24.8402 1 1 1
v 0.737066 11.1215 31.2248 1 1 1
v 0.68632 0.0728551 20.721 1 1 1
v 1.21734 -0.085885 23.287 1 1 1
v 1.29454 -0.288954 22.9163 1 1 1
v 1.30562 -0.303442 23.0481 1 1 1
v 1.30943 8.67874 24.7707 1 1 1
v 1.33052 18.6285 27.5792 1 1 1
v 1.54734 16.5989 28.9928 1 1 1
v 2.21685 6.41288 24.4446 1 1 1
v 2.26436 6.20763 24.7493 1 1 1
v 2.75401 12.0794 26.7678 1 1 1
v 2.78962 7.38041 25.3502 1 1 1
v 2.67916 19.6702 26.2917 1 1 1
v 2.74033 8.85044 25.0527 1 1 1
v 5.05916 16.3058 34.8428 1 1 1
v 7.78749 -18.834 45.8565 1 1 1
v 4.03545 1.44013 26.1261 1 1 1
v 6.61231 16.4386 37.7558 1 1 1
v 6.65252 16.6924 36.5965 1 1 1
v 6.91273 18.2809 33.4102 1 1 1
v 5.77496 19.619 28.6054 1 1 1
v 8.02229 16.0669 37.4748 1 1 1
v 6.36577 5.43082 29.8364 1 1 1
v 8.08515 18.8037 37.3792 1 1 1
v 7.39809 17.171 33.7148 1 1 1
v 10.6522 16.9301 36.8551 1 1 1
v 10.6522 16.9301 36.8551 1 1 1
v 12.9001 15.2462 41.9634 1 1 1
v -0.98251 -0.865032 21.6597 1 1 1
v -0.98251 -0.865032 21.6597 1 1 1
v -0.713986 -0.743616 21.4922 1 1 1
v -0.713999 -0.572245 21.935 1 1 1
v -0.708516 -0.46692 21.5955 1 1 1
v -0.653281 -0.453582 21.7542 1 1 1
v -0.653281 -0.453582 21.7542 1 1 1
v 0.569493 -1.96721 21.7974 1 1 1
v 1.03381 -0.188965 21.2686 1 1 1
v 1.05853 -0.459908 21.1586 1 1 1
v 1.1286 -0.44874 21.7255 1 1 1
v 1.01913 -0.062338 20.5853 1 1 1
v 1.04101 -0.287031 20.6712 1 1 1
v 1.1358 -0.119334 21.1784 1 1 1
v 1.13784 -0.419498 20.8107 1 1 1
v 1.17714 -0.255553 20.9116 1 1 1
v 1.15923 -0.275118 20.5876 1 1 1
v 1.46038 -0.592072 21.616 1 1 1
v 1.9309 -0.548607 21.8445 1 1 1
v 2.31205 -0.535796 22.3021 1 1 1
v 2.31205 -0.535796 22.3021 1 1 1
v 2.61236 -0.492687 21.639 1 1 1
v 2.73434 -0.352213 21.4279 1 1 1
v 2.6816 0.0631711 20.9188 1 1 1
v 2.89254 2.96259 22.5734 1 1 1
v 2.77177 0.120833 21.1829 1 1 1
v 2.77177 0.120833 21.1829 1 1 1
v 2.86382 4.25473 22.267 1 1 1
v 3.11661 2.89506 22.7066 1 1 1
v 3.15186 2.59281 22.5462 1 1 1
v 3.25417 2.71051 22.7995 1 1 1
v 3.12864 0.926087 21.5073 1 1 1
v 3.2954 1.02765 21.9313 1 1 1
v 3.52602 0.74266 22.5992 1 1 1
v 3.60981 2.80004 23.0172 1 1 1
v 3.36952 3.03542 21.8358 1 1 1
v 3.11863 0.221442 19.7981 1 1 1
v 3.87238 0.17417 22.4167 1 1 1
v 3.87238 0.17417 22.4167 1 1 1
v -2.10068 -0.0324912 7.93038 1 1 1
v -1.47869 0.782258 6.22802 1 1 1
v -1.07848 1.94488 5.84653 1 1 1
v 0.720011 0.523596 8.69915 1 1 1

# Camera centers
# Regular cameras: blue (0.2 0.4 1.0)
# Loop closure cameras: green (0.2 1.0 0.3)
v 0 0 0 0.2 1.0 0.3
v -1.05941 0.0247043 -0.0381183 0.2 0.4 1.0
v -2.645 -0.0909548 0.128537 0.2 0.4 1.0
v -4.15945 -0.312954 0.124902 0.2 0.4 1.0
v -5.51581 -0.448117 0.138201 0.2 0.4 1.0
v -7.37571 -0.738869 0.222064 0.2 0.4 1.0
v -9.36332 -1.16563 0.499619 0.2 0.4 1.0
v -10.7407 -1.87705 0.755613 0.2 0.4 1.0
v -11.9777 -3.74195 0.181748 0.2 0.4 1.0
v -13.0671 -5.05417 -0.292561 0.2 0.4 1.0
v -13.819 -6.70243 -1.04041 0.2 0.4 1.0
v -13.9589 -7.5824 -1.50382 0.2 0.4 1.0
v -14.0274 -7.86041 -1.62653 0.2 0.4 1.0
v -13.7272 -8.61964 -1.99771 0.2 0.4 1.0
v -12.5683 -9.61969 -2.7161 0.2 0.4 1.0
v -10.2636 -10.1204 -3.41351 0.2 0.4 1.0
v -8.75197 -9.88715 -3.50763 0.2 0.4 1.0
v -7.43046 -9.82638 -3.70201 0.2 0.4 1.0
v -6.2268 -9.57172 -3.9 0.2 0.4 1.0
v -5.43068 -9.25106 -4.04419 0.2 0.4 1.0
v -4.66263 -8.89658 -4.28758 0.2 0.4 1.0
v -3.58311 -8.31422 -4.41225 0.2 0.4 1.0
v -2.84328 -7.95006 -4.50458 0.2 0.4 1.0
v -2.23165 -7.63109 -4.57784 0.2 0.4 1.0
v -1.72285 -7.37712 -4.60092 0.2 0.4 1.0
v -0.960605 -6.85 -4.82024 0.2 0.4 1.0
v -0.695265 -6.58123 -4.98665 0.2 0.4 1.0
v -0.486058 -5.66237 -5.3275 0.2 0.4 1.0
v -0.10173 -5.33238 -5.21904 0.2 0.4 1.0
v 0.8172 -5.15069 -5.02931 0.2 0.4 1.0
v 1.04101 -5.01815 -4.837 0.2 0.4 1.0
v 1.91206 -4.86784 -4.42395 0.2 0.4 1.0
v 3.66415 -4.71212 -3.82994 0.2 0.4 1.0
v 5.45878 -4.63999 -3.32468 0.2 0.4 1.0
v 7.39381 -4.39783 -2.42344 0.2 0.4 1.0
v 8.63313 -4.07328 -1.64373 0.2 0.4 1.0
v 9.44025 -3.79946 -1.05593 0.2 0.4 1.0
v 10.4701 -3.35646 -0.153321 0.2 0.4 1.0
v 11.5173 -2.85649 0.829307 0.2 0.4 1.0
v 12.4264 -2.15264 1.83691 0.2 0.4 1.0
v 12.8506 -1.1353 2.67033 0.2 0.4 1.0
v 13.1901 0.669021 3.84707 0.2 0.4 1.0
v 13.5453 3.59195 5.48328 0.2 0.4 1.0
v 13.5502 4.27902 5.89291 0.2 0.4 1.0
v 13.4952 4.8319 6.21625 0.2 0.4 1.0
v 13.3707 5.20719 6.5199 0.2 0.4 1.0
v 13.1398 6.21134 6.86625 0.2 0.4 1.0
v 12.5441 4.92389 5.69681 0.2 0.4 1.0
v 11.9673 3.32657 4.79379 0.2 0.4 1.0
v 11.5246 2.64092 4.40116 0.2 0.4 1.0
v 11.0017 1.98255 4.20103 0.2 0.4 1.0
v 10.5516 1.45772 3.90583 0.2 0.4 1.0
v 9.87704 0.791453 3.62921 0.2 0.4 1.0
v 9.2504 0.559138 3.48617 0.2 0.4 1.0
v 8.44323 0.486594 3.39552 0.2 0.4 1.0
v 7.75794 0.491791 3.17539 0.2 0.4 1.0
v 7.27294 0.379679 3.2889 0.2 0.4 1.0
v 6.30333 0.257703 3.00862 0.2 0.4 1.0
v 5.20986 0.196191 2.96076 0.2 0.4 1.0
v 4.09372 0.301994 2.93621 0.2 0.4 1.0
v 3.39068 0.358674 3.07973 0.2 0.4 1.0
v 2.61337 0.468624 3.20092 0.2 0.4 1.0
v 1.72242 0.644073 3.37656 0.2 0.4 1.0
v 1.19391 0.826071 3.28653 0.2 0.4 1.0
v 0.548533 0.929284 3.38057 0.2 0.4 1.0
v 0.0821565 1.10946 3.44473 0.2 0.4 1.0
v -0.501009 1.44194 4.02645 0.2 1.0 0.3
v -0.760699 1.60027 4.27 0.2 0.4 1.0
v -0.825873 1.64998 4.4164 0.2 0.4 1.0

# Camera axes (Optional small lines)
v 0.1 0 0
v 0 0.1 0
v 0 0 0.1
v -0.959838 0.0204881 -0.0299377
v -1.05548 0.124564 -0.0345714
v -1.06773 0.0214945 0.0614834
v -2.54585 -0.0968562 0.140085
v -2.63962 0.0087854 0.133329
v -2.6568 -0.0950853 0.227752
v -4.06087 -0.320594 0.139861
v -4.15264 -0.213367 0.13091
v -4.1748 -0.317857 0.223594
v -5.41775 -0.457173 0.155621
v -5.50791 -0.348692 0.145435
v -5.53378 -0.453835 0.236405
v -7.27834 -0.749328 0.24234
v -7.36688 -0.639649 0.230867
v -7.39675 -0.745651 0.31959
v -9.26686 -1.17774 0.523061
v -9.35343 -1.06667 0.510075
v -9.38778 -1.1734 0.596269
v -10.6452 -1.89112 0.781856
v -10.7297 -1.77848 0.768389
v -10.7683 -1.88635 0.851258
v -11.8829 -3.75742 0.20947
v -11.9662 -3.6438 0.196988
v -12.0073 -3.7532 0.276612
v -12.9723 -5.07051 -0.265043
v -13.0554 -4.95646 -0.274785
v -13.0969 -5.0678 -0.198079
v -13.7251 -6.72112 -1.0116
v -13.8062 -6.6055 -1.01946
v -13.8509 -6.7184 -0.946971
v -13.8648 -7.602 -1.47618
v -13.9458 -7.48614 -1.4801
v -13.9902 -7.6011 -1.41068
v -13.9331 -7.88021 -1.59989
v -14.0145 -7.76455 -1.60116
v -14.058 -7.88089 -1.53354
v -13.6324 -8.64007 -1.97299
v -13.7139 -8.52454 -1.96977
v -13.7564 -8.64285 -1.90494
v -12.4726 -9.63977 -2.69508
v -12.5552 -9.52537 -2.68555
v -12.5942 -9.64617 -2.62323
v -10.1665 -10.1378 -3.39718
v -10.252 -10.0263 -3.38175
v -10.2845 -10.1493 -3.32011
v -8.65393 -9.90209 -3.49479
v -8.74172 -9.7928 -3.47613
v -8.76879 -9.91671 -3.41359
v -7.33177 -9.83894 -3.69188
v -7.42155 -9.73162 -3.67131
v -7.44392 -9.85577 -3.60737
v -6.1276 -9.58185 -3.89252
v -6.21928 -9.47642 -3.87065
v -6.2369 -9.60027 -3.8047
v -5.33116 -9.25918 -4.03883
v -5.42435 -9.15516 -4.01655
v -5.43807 -9.27822 -3.94823
v -4.56287 -8.90256 -4.28431
v -4.6577 -8.80012 -4.26166
v -4.66734 -8.92228 -4.19106
v -3.48321 -8.31839 -4.4108
v -3.57941 -8.21724 -4.38811
v -3.58552 -8.33827 -4.31522
v -2.74331 -7.95248 -4.50513
v -2.84079 -7.85268 -4.48198
v -2.84329 -7.97266 -4.40717
v -2.13168 -7.63198 -4.58013
v -2.2303 -7.53332 -4.55687
v -2.22959 -7.65209 -4.48009
v -1.62292 -7.37639 -4.6046
v -1.72284 -7.27912 -4.58103
v -1.7191 -7.397 -4.50299
v -0.860745 -6.84772 -4.82502
v -0.962013 -6.75155 -4.80275
v -0.955503 -6.86739 -4.7219
v -0.595519 -6.57788 -4.99293
v -0.697565 -6.48256 -4.97054
v -0.688526 -6.59715 -4.88816
v -0.386925 -5.65601 -5.33899
v -0.491085 -5.56316 -5.31598
v -0.473925 -5.67321 -5.22883
v -0.0028999 -5.3252 -5.23249
v -0.107558 -5.23308 -5.20879
v -0.0876393 -5.34172 -5.12048
v 0.915593 -5.14264 -5.04526
v 0.81025 -5.05119 -5.02202
v 0.83365 -5.15675 -4.93086
v 1.13898 -5.00914 -4.85494
v 1.03315 -4.9187 -4.83003
v 1.05948 -5.02356 -4.73887
v 2.00899 -4.85687 -4.44598
v 1.90232 -4.76853 -4.41739
v 1.93466 -4.87205 -4.32663
v 3.75986 -4.69953 -3.85602
v 3.65257 -4.61294 -3.82457
v 3.69068 -4.71425 -3.73355
v 5.55329 -4.62586 -3.35416
v 5.4453 -4.54099 -3.32043
v 5.48856 -4.64004 -3.22922
v 7.48675 -4.38195 -2.45676
v 7.3779 -4.29914 -2.42082
v 7.42711 -4.39496 -2.3292
v 8.72453 -4.05611 -1.68049
v 8.61512 -3.97493 -1.64258
v 8.66949 -4.06772 -1.55074
v 9.53029 -3.78134 -1.0955
v 9.42044 -3.70144 -1.05613
v 9.479 -3.79144 -0.964096
v 10.5583 -3.33726 -0.196411
v 10.4481 -3.25893 -0.1549
v 10.5118 -3.34558 -0.0630949
v 11.6038 -2.83665 0.783051
v 11.4933 -2.75948 0.825959
v 11.5616 -2.84246 0.917902
v 12.511 -2.13257 1.78758
v 12.4003 -2.05628 1.83127
v 12.4728 -2.13498 1.92372
v 12.9339 -1.11528 2.61861
v 12.8227 -1.03962 2.66238
v 12.8985 -1.11422 2.75555
v 13.2724 0.688321 3.79355
v 13.1608 0.763981 3.83617
v 13.2389 0.69372 3.93083
v 13.6271 3.60891 5.42838
v 13.5147 3.6857 5.46665
v 13.5939 3.62235 5.56519
v 13.6314 4.29609 5.83703
v 13.5189 4.37249 5.87604
v 13.5996 4.31019 5.97411
v 13.5758 4.84914 6.15961
v 13.4635 4.92522 6.19947
v 13.5452 4.8634 6.29693
v 13.4519 5.22483 6.46412
v 13.3396 5.30089 6.50416
v 13.4202 5.23736 6.60139
v 13.2213 6.22932 6.81106
v 13.1091 6.30534 6.8515
v 13.189 6.24032 6.94833
v 12.6262 4.94311 5.64297
v 12.5144 5.01869 5.68538
v 12.593 4.94926 5.7803
v 12.0506 3.34665 4.74224
v 11.9389 3.4221 4.78523
v 12.0148 3.3483 4.87905
v 11.6091 2.66114 4.3517
v 11.4975 2.73691 4.39407
v 11.5706 2.66032 4.48778
v 11.0874 2.00287 4.15357
v 10.9759 2.07903 4.1958
v 11.0464 1.99926 4.2889
v 10.6384 1.47763 3.86041
v 10.5271 1.55459 3.90156
v 10.5947 1.47254 3.99482
v 9.96501 0.81058 3.58568
v 9.85417 0.888742 3.62575
v 9.91874 0.804456 3.71917
v 9.33951 0.57752 3.44468
v 9.22899 0.656779 3.48343
v 9.29041 0.570466 3.57712
v 8.53336 0.504054 3.35589
v 8.4233 0.584564 3.39336
v 8.48168 0.496438 3.48731
v 7.84935 0.507873 3.13817
v 7.73993 0.590141 3.17366
v 7.79427 0.500079 3.26819
v 7.36508 0.394861 3.25315
v 7.2562 0.478261 3.28764
v 7.30799 0.386829 3.38229
v 6.3972 0.270917 2.97678
v 6.28922 0.356701 3.00809
v 6.33477 0.262688 3.10341
v 5.30408 0.208695 2.9297
v 5.19677 0.295331 2.96097
v 5.24068 0.200059 3.05582
v 4.18959 0.312183 2.90966
v 4.08355 0.401465 2.93766
v 4.12028 0.303304 3.03261
v 3.48737 0.367207 3.05572
v 3.38227 0.458308 3.08128
v 3.41473 0.359194 3.17679
v 2.71142 0.474524 3.18219
v 2.60784 0.56844 3.20344
v 2.63222 0.467189 3.29912
v 1.82104 0.647864 3.36047
v 1.71888 0.743992 3.37845
v 1.73857 0.642784 3.47524
v 1.29334 0.827374 3.27593
v 1.19284 0.92604 3.28878
v 1.20453 0.823943 3.38594
v 0.64812 0.929369 3.37149
v 0.548528 1.02928 3.38146
v 0.557613 0.928404 3.48015
v 0.182078 1.10725 3.44145
v 0.0844301 1.20942 3.44653
v 0.0853883 1.10758 3.54466
v -0.401088 1.43816 4.02516
v -0.497204 1.54186 4.02803
v -0.49978 1.44032 4.12643
v -0.660805 1.59569 4.26944
v -0.75611 1.70013 4.27236
v -0.760241 1.59789 4.36997
v -0.726018 1.64462 4.41693
v -0.820522 1.74982 4.41821
v -0.826506 1.6482 4.51638
