# OBJ file generated by OpenCV reconstruction demo
# Number of 3D points: 13788
# Number of cameras: 69
# Scene points saved: yes

# 3D points (white)
v -15.293 -2.93464 44.7196 1 1 1
v -15.1192 -1.96116 45.2272 1 1 1
v -14.9153 -2.73178 45.3677 1 1 1
v -14.9805 -2.47226 45.5994 1 1 1
v -14.8608 -2.61204 45.4069 1 1 1
v -14.6621 -2.74189 45.2781 1 1 1
v -14.5467 -2.90483 45.4625 1 1 1
v -14.8965 -3.92467 46.5326 1 1 1
v -14.6459 -3.71096 46.2215 1 1 1
v -14.2899 -2.59697 45.8198 1 1 1
v -12.7261 1.2012 40.9008 1 1 1
v -14.1058 -2.81052 46.108 1 1 1
v -12.7233 1.08 41.7935 1 1 1
v -14.3422 -3.59657 47.3546 1 1 1
v -13.799 -2.903 46.3289 1 1 1
v -13.7992 -2.78857 46.4145 1 1 1
v -13.7375 -3.04659 46.4011 1 1 1
v -13.6541 -3.16793 46.1538 1 1 1
v -13.6541 -3.16793 46.1538 1 1 1
v -13.5225 -2.9257 46.2494 1 1 1
v -13.5015 -3.11361 46.9686 1 1 1
v -12.9494 -2.62326 46.5314 1 1 1
v -10.9094 -1.80194 45.6948 1 1 1
v -6.82462 -0.214022 30.5018 1 1 1
v -10.2793 -0.793309 47.0788 1 1 1
v -5.54921 -14.1805 26.5394 1 1 1
v -5.54921 -14.1805 26.5394 1 1 1
v -5.19069 -14.0537 26.3216 1 1 1
v -6.63569 20.0731 35.8387 1 1 1
v -6.69364 15.8472 36.2451 1 1 1
v -5.32873 12.8503 34.9197 1 1 1
v -4.68453 6.127 31.4366 1 1 1
v -4.94253 15.1435 33.3169 1 1 1
v -5.04327 12.3749 34.3872 1 1 1
v -4.58018 6.5146 31.5971 1 1 1
v -4.58018 6.5146 31.5971 1 1 1
v -3.94775 -2.52112 28.5801 1 1 1
v -4.41725 5.52137 31.937 1 1 1
v -3.81183 -2.6067 28.5788 1 1 1
v -3.81183 -2.6067 28.5788 1 1 1
v -4.61909 12.5203 34.4382 1 1 1
v -4.77311 21.5007 35.5216 1 1 1
v -4.10193 5.83647 30.9395 1 1 1
v -3.7304 3.27985 28.1976 1 1 1
v -3.72703 -5.30477 28.5471 1 1 1
v -3.60716 -4.63484 28.1774 1 1 1
v -3.60716 -4.63484 28.1774 1 1 1
v -4.05196 7.91625 31.4759 1 1 1
v -4.10006 7.02192 32.0607 1 1 1
v -3.64707 -2.57003 28.8562 1 1 1
v -3.64707 -2.57003 28.8562 1 1 1
v -3.52187 -2.91617 27.8965 1 1 1
v -3.7572 5.30553 29.6689 1 1 1
v -3.75804 5.26224 29.9932 1 1 1
v -3.70456 5.96734 30.6021 1 1 1
v -3.89972 8.08156 33.1757 1 1 1
v -3.70603 7.36195 31.9528 1 1 1
v -3.73314 7.09749 32.3215 1 1 1
v -3.39505 5.97534 30.5011 1 1 1
v -3.94747 12.403 36.5958 1 1 1
v -3.60684 22.5072 33.6977 1 1 1
v -3.71981 12.2219 34.9262 1 1 1
v -2.64693 -5.5645 26.5642 1 1 1
v -2.52614 -5.31166 26.334 1 1 1
v -2.5969 -2.31208 27.2232 1 1 1
v -2.78409 6.27024 29.8442 1 1 1
v -2.78158 7.35585 30.0874 1 1 1
v -2.75776 7.21284 30.0066 1 1 1
v -2.46917 3.49197 27.2981 1 1 1
v -2.54338 6.16594 28.4465 1 1 1
v -2.29805 -6.11499 27.0293 1 1 1
v -2.28546 2.04454 26.767 1 1 1
v -2.07043 2.09164 25.5212 1 1 1
v -2.30647 7.90221 30.3131 1 1 1
v -2.30647 7.90221 30.3131 1 1 1
v -1.83522 -6.20789 27.8005 1 1 1
v -1.76089 8.76859 31.378 1 1 1
v -2.04242 19.2915 36.3539 1 1 1
v -1.78556 12.4206 33.1719 1 1 1
v -1.60024 12.6983 33.1285 1 1 1
v -1.62192 13.1092 34.2211 1 1 1
v -1.58776 12.8323 34.2737 1 1 1
v -1.05894 5.84389 27.8087 1 1 1
v -1.22194 13.6225 33.7585 1 1 1
v -1.32233 20.3479 37.0925 1 1 1
v -1.08007 13.4828 33.5669 1 1 1
v -1.08007 13.4828 33.5669 1 1 1
v -0.976425 12.2525 32.7286 1 1 1
v -1.00125 13.6661 33.6534 1 1 1
v -0.63892 -4.40837 25.9919 1 1 1
v -0.908972 20.2362 37.0935 1 1 1
v -0.555316 -4.3637 25.9803 1 1 1
v -0.554975 -4.35388 25.9235 1 1 1
v -0.289381 -5.00313 24.7584 1 1 1
v 0.0338849 13.3395 48.1251 1 1 1
v 0.136355 -5.59165 21.2362 1 1 1
v 0.224513 21.0938 36.7287 1 1 1
v 0.384946 13.5392 33.4856 1 1 1
v 0.963299 20.611 36.6342 1 1 1
v 0.8891 13.2744 33.5171 1 1 1
v 1.0265 13.6719 33.5962 1 1 1
v 1.09765 14.5766 34.5356 1 1 1
v 1.28947 -7.80976 38.679 1 1 1
v 1.30435 20.628 36.4114 1 1 1
v 1.35529 13.8518 33.109 1 1 1
v 1.48557 14.1101 33.2371 1 1 1
v 1.32063 3.02586 26.9252 1 1 1
v 1.68939 12.1867 31.5033 1 1 1
v 1.71475 12.7408 31.3933 1 1 1
v 2.05206 20.9647 36.9039 1 1 1
v 2.21078 22.2678 38.697 1 1 1
v 2.13332 21.2854 37.1306 1 1 1
v 1.78797 11.8467 30.921 1 1 1
v 1.96078 12.7084 31.7614 1 1 1
v 2.42458 21.8242 38.2628 1 1 1
v 1.9104 6.41141 27.6983 1 1 1
v 2.04437 7.4364 28.7984 1 1 1
v 1.96906 6.31632 27.6251 1 1 1
v 2.10054 7.56264 29.3312 1 1 1
v 1.95631 8.12778 26.8684 1 1 1
v 1.88007 -4.29815 24.8948 1 1 1
v 1.88854 -4.31168 24.9675 1 1 1
v 2.17655 7.97713 28.7316 1 1 1
v 2.19156 8.01252 28.8679 1 1 1
v 2.77433 21.2952 35.3271 1 1 1
v 2.07984 -4.60118 25.4777 1 1 1
v 2.3876 3.25115 27.4734 1 1 1
v 2.69116 8.20599 28.7084 1 1 1
v 2.74476 8.35099 29.2124 1 1 1
v 2.6609 6.63112 27.8616 1 1 1
v 2.50063 -4.44928 25.3646 1 1 1
v 5.19484 -27.8991 49.2835 1 1 1
v 5.19484 -27.8991 49.2835 1 1 1
v 3.03872 7.90246 28.0574 1 1 1
v 3.27124 8.79342 29.9515 1 1 1
v 3.24551 8.73732 29.7601 1 1 1
v 3.19163 7.8469 28.2678 1 1 1
v 3.30041 8.33401 28.9335 1 1 1
v 3.32113 7.2835 28.8579 1 1 1
v 3.37453 7.59631 28.6308 1 1 1
v 3.43538 7.64319 28.1077 1 1 1
v 4.69503 20.2914 37.6391 1 1 1
v 6.47923 -25.7245 49.5156 1 1 1
v 3.8725 7.25669 29.6019 1 1 1
v 4.47207 22.3622 33.6574 1 1 1
v 6.70328 -25.2408 49.1005 1 1 1
v 3.95985 7.35844 29.2282 1 1 1
v 3.93241 6.96251 28.8331 1 1 1
v 4.96474 19.903 36.0826 1 1 1
v 5.41553 11.9559 39.0928 1 1 1
v 3.93718 6.98808 28.3212 1 1 1
v 3.89535 6.91613 28.0502 1 1 1
v 5.04158 20.845 35.931 1 1 1
v 4.61898 17.527 32.3449 1 1 1
v 4.82178 14.0609 33.4452 1 1 1
v 7.46257 -27.1584 49.1687 1 1 1
v 7.46257 -27.1584 49.1687 1 1 1
v 4.15492 4.89605 27.4936 1 1 1
v 4.3166 7.75546 28.4485 1 1 1
v 4.37737 7.83741 28.7419 1 1 1
v 7.61642 -25.854 49.3503 1 1 1
v 7.81026 -26.4835 50.5426 1 1 1
v 5.03365 13.7069 32.1705 1 1 1
v 4.4286 5.51726 27.9209 1 1 1
v 4.66906 6.97513 29.0258 1 1 1
v 4.66906 6.97513 29.0258 1 1 1
v 5.1084 13.2451 31.693 1 1 1
v 4.90525 16.6553 30.4485 1 1 1
v 5.24748 14.3651 32.4115 1 1 1
v 8.20799 -26.9917 48.7218 1 1 1
v 8.22243 -24.7291 48.6873 1 1 1
v 5.32414 14.28 31.6059 1 1 1
v 5.00235 8.59819 29.4491 1 1 1
v 6.78245 19.6955 39.4118 1 1 1
v 5.0137 2.22824 28.498 1 1 1
v 5.14172 7.31396 29.2819 1 1 1
v 9.25864 -25.8603 51.542 1 1 1
v 5.59016 12.5621 31.2866 1 1 1
v 4.95436 0.6701 27.2931 1 1 1
v 5.33669 8.42228 29.4885 1 1 1
v 5.57635 6.87569 30.3946 1 1 1
v 5.31976 3.09232 28.1594 1 1 1
v 5.28736 3.10651 28.0444 1 1 1
v 5.10389 -4.56468 26.6396 1 1 1
v 7.04636 10.8323 35.4224 1 1 1
v 5.56399 0.170418 27.6553 1 1 1
v 7.85088 12.0688 38.5783 1 1 1
v 5.66701 -0.293633 27.7759 1 1 1
v 5.65715 -0.225735 27.5177 1 1 1
v 7.12486 16.689 34.6861 1 1 1
v 6.13397 0.757809 29.3683 1 1 1
v 8.02188 12.0475 37.589 1 1 1
v 6.82361 3.24465 29.8609 1 1 1
v 6.86129 3.25795 30.0049 1 1 1
v 6.97271 3.67814 30.3482 1 1 1
v 9.26332 14.4527 40.0563 1 1 1
v 6.99674 3.03664 29.6254 1 1 1
v 12.6776 -11.6078 52.5652 1 1 1
v 10.1266 15.6172 41.7404 1 1 1
v 10.5157 16.451 41.5103 1 1 1
v 12.1241 15.4458 42.4755 1 1 1
v 12.6046 16.576 40.8069 1 1 1
v 15.5049 13.5979 44.7765 1 1 1
v -12.9995 -6.12502 37.1659 1 1 1
v -13.8337 -1.29485 39.0123 1 1 1
v -17.6638 18.4098 47.4107 1 1 1
v -13.1903 -3.21406 37.5753 1 1 1
v -13.4364 -3.60264 38.5007 1 1 1
v -14.5688 -3.51109 42.3905 1 1 1
v -14.5953 -3.02042 42.9486 1 1 1
v -1.61006 1.32343 1.61555 1 1 1
v -14.9056 -3.36374 44.5723 1 1 1
v -13.0167 21.3289 34.526 1 1 1
v -1.60855 1.32435 1.61821 1 1 1
v -15.3566 -2.27046 45.9821 1 1 1
v -14.8598 -2.9657 44.6948 1 1 1
v -14.9053 -2.8003 44.9663 1 1 1
v -14.8536 -2.49815 45.2077 1 1 1
v -14.7367 -2.35583 45.3747 1 1 1
v -14.0158 -2.75354 46.1077 1 1 1
v -12.9614 1.31207 41.9453 1 1 1
v -20.9911 -24.6634 75.3257 1 1 1
v -20.9911 -24.6634 75.3257 1 1 1
v -11.249 23.6364 32.3345 1 1 1
v -11.302 23.7636 32.5217 1 1 1
v -11.249 23.6364 32.3345 1 1 1
v -14.8505 -4.15001 50.5414 1 1 1
v -12.3903 0.589141 42.9183 1 1 1
v -11.8183 19.628 37.1294 1 1 1
v -20.7849 -13.3125 78.0077 1 1 1
v -12.7895 13.1408 44.9998 1 1 1
v -12.6904 13.2655 44.8805 1 1 1
v -15.1449 -34.7415 65.6425 1 1 1
v -15.1449 -34.7415 65.6425 1 1 1
v -12.629 13.4101 46.0746 1 1 1
v -12.629 13.4101 46.0746 1 1 1
v -11.8065 -2.46917 46.023 1 1 1
v -15.5378 -32.3397 68.4278 1 1 1
v -14.4946 -35.5093 65.0059 1 1 1
v -15.6084 -31.5563 68.9587 1 1 1
v -15.6084 -31.5563 68.9587 1 1 1
v -14.5474 -34.9338 65.5554 1 1 1
v -14.5474 -34.9338 65.5554 1 1 1
v -14.782 -32.2751 68.3388 1 1 1
v -14.782 -32.2751 68.3388 1 1 1
v -14.8945 -31.78 69.1937 1 1 1
v -14.8945 -31.78 69.1937 1 1 1
v -13.7245 -35.6381 64.9006 1 1 1
v -13.7245 -35.6381 64.9006 1 1 1
v -11.7048 13.0861 46.3451 1 1 1
v -14.038 -31.4018 68.8797 1 1 1
v -6.91392 -17.2778 32.3032 1 1 1
v -6.91392 -17.2778 32.3032 1 1 1
v -16.1277 -9.98355 75.1429 1 1 1
v -6.96069 -15.3527 33.4319 1 1 1
v -10.3906 -0.609938 47.1149 1 1 1
v -9.31915 19.4661 37.899 1 1 1
v -9.31915 19.4661 37.899 1 1 1
v -12.3592 -31.9849 67.9816 1 1 1
v -6.08654 -17.4628 31.8414 1 1 1
v -6.07993 -17.0669 31.9493 1 1 1
v -10.1445 -28.4448 56.8721 1 1 1
v -10.1445 -28.4448 56.8721 1 1 1
v -11.5484 -31.9135 67.9099 1 1 1
v -11.5484 -31.9135 67.9099 1 1 1
v -6.09732 -15.0639 32.889 1 1 1
v -6.09732 -15.0639 32.889 1 1 1
v -14.0763 -11.1574 77.2415 1 1 1
v -10.7513 -31.9163 67.9497 1 1 1
v -10.7513 -31.9163 67.9497 1 1 1
v -5.71517 -14.6577 32.9087 1 1 1
v -10.7873 -31.0778 68.5706 1 1 1
v -10.7873 -31.0778 68.5706 1 1 1
v -7.71053 21.8794 34.5583 1 1 1
v -9.84911 -35.761 65.5335 1 1 1
v -9.84911 -35.761 65.5335 1 1 1
v -9.86633 -35.0936 66.0326 1 1 1
v -9.86633 -35.0936 66.0326 1 1 1
v -6.97299 10.6143 35.1848 1 1 1
v -8.17441 -1.36413 48.6062 1 1 1
v -6.97452 16.8716 36.2787 1 1 1
v -9.10925 -31.879 68.1064 1 1 1
v -9.10925 -31.879 68.1064 1 1 1
v -8.24589 -35.0721 64.5598 1 1 1
v -6.1536 13.7752 33.1335 1 1 1
v -6.93036 20.5942 36.9979 1 1 1
v -6.91967 20.5937 37.0262 1 1 1
v -8.12899 -33.0741 66.293 1 1 1
v -8.39582 -30.9737 68.0117 1 1 1
v -6.05596 14.6551 33.6187 1 1 1
v -6.62412 20.761 36.1645 1 1 1
v -6.41412 20.4908 36.4093 1 1 1
v -7.92911 7.80087 53.9004 1 1 1
v -6.24028 19.7018 36.2755 1 1 1
v -5.9916 21.905 34.5059 1 1 1
v -5.54687 15.2718 34.4923 1 1 1
v -4.7029 6.39609 31.7206 1 1 1
v -5.23109 13.88 34.2263 1 1 1
v -5.23109 13.88 34.2263 1 1 1
v -4.57832 6.26115 31.5729 1 1 1
v -5.26307 15.1988 34.2076 1 1 1
v -3.83787 -2.44888 28.6898 1 1 1
v -5.33977 15.9207 35.1115 1 1 1
v -3.41272 -4.73838 26.5582 1 1 1
v -3.70846 -2.93315 28.7303 1 1 1
v -3.71012 -2.93461 28.7647 1 1 1
v -5.42697 20.3 36.9306 1 1 1
v -4.15196 4.7443 31.0236 1 1 1
v -3.43251 -5.2054 28.5069 1 1 1
v -4.67423 13.5747 33.4595 1 1 1
v -3.85667 3.43133 29.5432 1 1 1
v -4.66611 12.9193 34.3578 1 1 1
v -3.75093 3.16234 29.6326 1 1 1
v -4.46607 12.5221 34.9374 1 1 1
v -4.29161 14.3594 33.0091 1 1 1
v -4.75402 21.3745 35.2859 1 1 1
v -3.59325 5.88047 30.5008 1 1 1
v -4.1266 -35.1625 66.2695 1 1 1
v -3.97388 -33.0601 63.0263 1 1 1
v -3.89043 14.2651 32.376 1 1 1
v -2.98824 3.80193 26.2453 1 1 1
v -2.63799 -5.84967 27.5222 1 1 1
v -3.97435 12.2965 35.8196 1 1 1
v -4.44485 18.4351 39.2199 1 1 1
v -2.5336 -5.52535 26.918 1 1 1
v -4.36455 19.4233 38.134 1 1 1
v -4.14507 23.1857 33.7766 1 1 1
v -3.99894 17.3092 37.1603 1 1 1
v -2.47441 -2.3424 27.4001 1 1 1
v -3.3277 -32.8044 65.9848 1 1 1
v -2.23561 -5.59236 26.7861 1 1 1
v -2.77979 6.25875 29.7741 1 1 1
v -3.67856 24.1122 32.0848 1 1 1
v -2.73282 6.48099 29.2794 1 1 1
v -2.07312 -6.08271 27.5208 1 1 1
v -2.40627 1.91518 27.2295 1 1 1
v -2.78566 7.39626 30.2825 1 1 1
v -2.4647 3.54356 27.5176 1 1 1
v -3.64862 18.6752 38.922 1 1 1
v -3.70227 19.6202 39.096 1 1 1
v -2.70981 7.54282 30.3355 1 1 1
v -2.70981 7.54282 30.3355 1 1 1
v -1.93384 -5.57834 26.6044 1 1 1
v -3.20779 19.7305 37.8537 1 1 1
v -1.73589 -34.1094 63.2803 1 1 1
v -1.76211 -6.83813 30.7526 1 1 1
v -1.776 -32.6069 63.8055 1 1 1
v -3.07645 14.7299 42.4979 1 1 1
v -1.67911 -31.5386 65.811 1 1 1
v -2.27587 7.88889 30.5657 1 1 1
v -1.64581 -31.6793 66.0611 1 1 1
v -1.37598 -32.5179 64.3929 1 1 1
v -1.347 -32.3506 65.1755 1 1 1
v -1.09675 -32.468 64.6679 1 1 1
v -0.991276 -33.8687 63.0383 1 1 1
v -0.985519 -33.9391 63.1209 1 1 1
v -1.0517 -32.0507 64.2761 1 1 1
v -2.57602 14.5682 42.9524 1 1 1
v -0.977407 -32.6101 63.9991 1 1 1
v -1.97954 7.9774 31.1644 1 1 1
v -0.820633 -33.2285 62.6463 1 1 1
v -0.659712 -34.909 62.8622 1 1 1
v -2.5578 19.7728 37.9211 1 1 1
v -0.772295 -31.3487 62.8072 1 1 1
v -0.63815 -33.3214 63.7581 1 1 1
v -0.536218 -35.2813 63.5231 1 1 1
v -1.77406 7.88447 30.0288 1 1 1
v -1.77406 7.88447 30.0288 1 1 1
v -0.466579 -30.8655 65.6299 1 1 1
v -0.470938 -30.701 65.249 1 1 1
v -0.158497 -36.7547 64.5387 1 1 1
v -2.23574 19.183 38.4933 1 1 1
v -0.917557 -6.14122 27.6067 1 1 1
v -0.954055 -1.96791 7.75694 1 1 1
v -1.30829 6.77916 28.0667 1 1 1
v -0.728037 -4.5718 25.3185 1 1 1
v -1.27131 8.61328 31.9065 1 1 1
v -1.15928 13.0037 33.4736 1 1 1
v -0.905441 13.2098 33.1577 1 1 1
v -0.572309 3.37518 28.2872 1 1 1
v -0.572309 3.37518 28.2872 1 1 1
v 0.3659 -6.96295 26.1173 1 1 1
v 2.92518 -25.2053 57.4078 1 1 1
v 2.82743 -25.5049 53.957 1 1 1
v 0.267588 9.07909 29.9775 1 1 1
v 0.260118 14.6615 31.9673 1 1 1
v 3.37277 -26.1608 56.3608 1 1 1
v 3.47905 -26.7294 57.5896 1 1 1
v 3.36826 -26.4785 53.0058 1 1 1
v 3.45066 -26.7672 52.0666 1 1 1
v 3.56758 -27.2841 53.107 1 1 1
v 3.6747 -27.6563 52.8246 1 1 1
v 3.6747 -27.6563 52.8246 1 1 1
v 3.62139 -22.0918 54.7237 1 1 1
v 3.68538 -32.5281 49.5021 1 1 1
v 3.72697 -24.7775 54.5798 1 1 1
v 3.76388 -24.9096 54.8788 1 1 1
v 3.76365 -32.6088 50.0282 1 1 1
v 3.85136 -25.431 54.3612 1 1 1
v 3.75614 -22.9215 54.481 1 1 1
v 3.83762 -25.6892 53.8463 1 1 1
v 1.24973 -7.19041 27.5452 1 1 1
v 3.85303 -30.5973 50.1299 1 1 1
v 3.95397 -27.6707 52.2682 1 1 1
v 3.97257 -27.7681 52.4854 1 1 1
v 3.77807 -21.5574 53.2069 1 1 1
v 3.77807 -21.5574 53.2069 1 1 1
v 3.74626 -31.0168 47.5724 1 1 1
v 0.922544 6.18513 29.0144 1 1 1
v 1.93989 13.2028 46.2574 1 1 1
v 3.95735 -31.7563 49.036 1 1 1
v 3.95735 -31.7563 49.036 1 1 1
v 4.02927 -24.6206 53.7665 1 1 1
v 4.69677 -21.2265 63.7837 1 1 1
v 4.2065 -27.4792 52.6448 1 1 1
v 4.11209 -32.0966 49.0461 1 1 1
v 4.13032 -32.1981 49.2215 1 1 1
v 0.961032 21.1267 35.8805 1 1 1
v 4.01725 -18.4829 54.1572 1 1 1
v 4.03914 -18.6018 53.9276 1 1 1
v 3.77065 -22.0587 48.412 1 1 1
v 4.27209 -30.8548 49.9193 1 1 1
v 4.16309 -21.4249 52.7785 1 1 1
v 4.28596 -21.9031 53.9862 1 1 1
v 4.45093 -25.1808 54.3833 1 1 1
v 4.45093 -25.1808 54.3833 1 1 1
v 4.45727 -25.0957 53.7544 1 1 1
v 4.35244 -29.1169 50.1613 1 1 1
v 4.38981 -29.1562 49.9128 1 1 1
v 4.44373 -32.5838 48.8222 1 1 1
v 4.49291 -24.4762 52.9829 1 1 1
v 4.55558 -32.7133 49.4405 1 1 1
v 4.57653 -21.1878 53.0079 1 1 1
v 4.63339 -29.9269 49.7518 1 1 1
v 4.54405 -21.5337 52.3062 1 1 1
v 4.65406 -32.1416 48.7983 1 1 1
v 4.66117 -25.3318 51.8364 1 1 1
v 4.66117 -25.3318 51.8364 1 1 1
v 5.6114 -14.615 66.8142 1 1 1
v 4.68931 -30.167 49.2019 1 1 1
v 4.96203 -25.0406 53.137 1 1 1
v 4.79336 -29.6533 49.2149 1 1 1
v 4.71912 -17.6953 53.2156 1 1 1
v 1.49912 -3.57782 24.7858 1 1 1
v 5.04802 -30.5464 50.7166 1 1 1
v 1.4876 -5.90312 23.2006 1 1 1
v 5.02575 -31.714 49.1515 1 1 1
v 4.92293 -17.623 53.4426 1 1 1
v 4.99411 -17.5505 54.1136 1 1 1
v 5.09825 -28.0644 50.7825 1 1 1
v 5.0536 -27.8881 50.4546 1 1 1
v 5.06593 -18.7431 53.093 1 1 1
v 5.04761 -18.7125 52.9582 1 1 1
v 5.25674 -15.8444 56.0962 1 1 1
v 5.08406 -17.612 53.392 1 1 1
v 5.12613 -20.7945 52.4102 1 1 1
v 5.03341 -20.7402 51.2243 1 1 1
v 5.05277 -20.8082 51.3383 1 1 1
v 5.30591 -15.4909 55.9373 1 1 1
v 5.27567 -29.6241 49.9152 1 1 1
v 5.42824 -15.8151 56.4129 1 1 1
v 5.41905 -15.7958 56.3429 1 1 1
v 5.27534 -29.7187 49.3614 1 1 1
v 5.2678 -19.54 53.0614 1 1 1
v 5.2678 -19.54 53.0614 1 1 1
v 1.76414 11.6696 30.9506 1 1 1
v 5.28973 -18.7715 52.9788 1 1 1
v 5.51194 -15.9112 55.965 1 1 1
v 5.32576 -19.5967 52.8909 1 1 1
v 5.53828 -15.6836 56.0335 1 1 1
v 5.29073 -25.6917 49.925 1 1 1
v 5.4612 -32.1428 48.902 1 1 1
v 5.46217 -29.5123 49.2759 1 1 1
v 5.47325 -28.6641 49.6008 1 1 1
v 5.47572 -28.7249 49.4025 1 1 1
v 5.46071 -19.2831 52.7939 1 1 1
v 2.24509 20.0831 37.1341 1 1 1
v 2.24509 20.0831 37.1341 1 1 1
v 1.98144 -4.44029 25.7853 1 1 1
v 5.44923 -23.6454 50.6831 1 1 1
v 5.52378 -17.8432 53.3031 1 1 1
v 5.58229 -18.6071 53.4289 1 1 1
v 5.5727 -19.7724 52.3497 1 1 1
v 5.60272 -19.4186 52.5281 1 1 1
v 2.04192 -4.14496 25.4841 1 1 1
v 5.65813 -28.2527 49.087 1 1 1
v 5.81492 -18.3088 53.3616 1 1 1
v 5.73582 -28.9776 49.059 1 1 1
v 5.72042 -29.6041 48.6239 1 1 1
v 5.74183 -22.7171 51.1197 1 1 1
v 5.77647 -29.4248 49.0205 1 1 1
v 2.07574 7.84949 29.2276 1 1 1
v 6.02435 -17.4137 54.6536 1 1 1
v 5.8486 -28.7097 49.2235 1 1 1
v 5.81644 -28.1955 48.5785 1 1 1
v 5.93721 -20.6071 52.0093 1 1 1
v 5.90693 -28.5397 48.5559 1 1 1
v 2.17055 7.87623 28.9829 1 1 1
v 5.9521 -29.2216 48.5703 1 1 1
v 2.25041 -4.59736 25.5048 1 1 1
v 6.39759 -17.6633 55.439 1 1 1
v 2.28516 -4.07774 25.3742 1 1 1
v 2.27189 -4.25842 25.0255 1 1 1
v 6.25569 -21.6912 51.6083 1 1 1
v 6.24216 -17.6188 52.8313 1 1 1
v 6.1445 -27.8436 48.3155 1 1 1
v 6.46859 -20.9149 53.0366 1 1 1
v 2.32905 8.03161 28.8078 1 1 1
v 6.47752 -17.4501 53.6725 1 1 1
v 6.42401 -22.0401 51.7481 1 1 1
v 6.21904 -28.2729 48.2026 1 1 1
v 2.36401 3.23537 27.3361 1 1 1
v 2.38763 8.23903 28.9654 1 1 1
v 6.48052 -21.6629 51.8382 1 1 1
v 6.37035 -29.8301 48.5196 1 1 1
v 6.7112 -23.5978 52.9599 1 1 1
v 6.21564 -23.3224 49.1569 1 1 1
v 6.53712 -22.458 51.4183 1 1 1
v 6.53779 -30.1435 48.4214 1 1 1
v 6.40249 -27.6975 47.926 1 1 1
v 6.61239 -16.7378 52.5664 1 1 1
v 6.61239 -16.7378 52.5664 1 1 1
v 6.76703 -17.4793 53.3476 1 1 1
v 6.54145 -29.1027 48.2463 1 1 1
v 6.78461 -17.2507 53.4199 1 1 1
v 6.74552 -17.199 53.2008 1 1 1
v 2.74887 -4.9132 26.336 1 1 1
v 6.54926 -25.1825 48.7053 1 1 1
v 6.60822 -27.0097 48.3871 1 1 1
v 6.54256 -30.6725 46.9616 1 1 1
v 6.64271 -25.0582 48.7394 1 1 1
v 6.88833 -22.9863 51.0056 1 1 1
v 6.95085 -16.9275 53.2437 1 1 1
v 6.84304 -31.8421 48.145 1 1 1
v 6.81637 -31.9839 47.7267 1 1 1
v 6.80364 -30.5205 47.9835 1 1 1
v 6.96453 -22.4583 50.7614 1 1 1
v 6.75595 -25.2628 48.399 1 1 1
v 6.75595 -25.2628 48.399 1 1 1
v 6.92288 -28.7427 48.7301 1 1 1
v 6.89133 -26.1201 49.1497 1 1 1
v 7.11212 -20.4957 51.9973 1 1 1
v 7.0426 -20.3701 51.7103 1 1 1
v 6.91978 -26.9163 48.4429 1 1 1
v 7.2796 -33.7442 49.1269 1 1 1
v 7.1264 -21.1072 51.3722 1 1 1
v 7.1264 -21.1072 51.3722 1 1 1
v 6.90536 -25.4653 48.4098 1 1 1
v 7.23969 -20.8723 51.7018 1 1 1
v 3.32548 21.0141 35.5584 1 1 1
v 7.31299 -32.3617 48.9445 1 1 1
v 7.07024 -28.9314 47.9611 1 1 1
v 7.05202 -23.1325 49.3781 1 1 1
v 7.4908 -16.876 53.7718 1 1 1
v 7.17593 -22.1317 50.1823 1 1 1
v 7.17735 -26.5668 48.4753 1 1 1
v 7.42063 -20.5853 51.2402 1 1 1
v 7.73401 -16.7573 54.1713 1 1 1
v 7.38059 -26.9319 48.7494 1 1 1
v 7.75586 -17.6835 53.2721 1 1 1
v 7.37825 -29.7767 47.5342 1 1 1
v 2.88145 -2.45637 24.7527 1 1 1
v 3.49333 9.92009 31.7775 1 1 1
v 7.44997 -25.9097 48.5907 1 1 1
v 7.56426 -22.1501 49.852 1 1 1
v 3.19135 6.99247 28.4594 1 1 1
v 8.02309 -20.3362 52.4209 1 1 1
v 7.60131 -27.4186 48.0278 1 1 1
v 3.15705 7.94259 28.2374 1 1 1
v 3.15705 7.94259 28.2374 1 1 1
v 7.71522 -26.6989 48.6765 1 1 1
v 8.09141 -19.0097 51.9654 1 1 1
v 7.98082 -18.8421 51.5862 1 1 1
v 8.43259 -17.0104 54.6811 1 1 1
v 7.92531 -17.2703 50.935 1 1 1
v 3.80944 21.9355 34.6147 1 1 1
v 3.49071 6.84945 28.6621 1 1 1
v 8.19843 -19.695 51.0684 1 1 1
v 8.29102 -19.9762 51.1973 1 1 1
v 3.59432 7.62152 29.1022 1 1 1
v 8.28137 -24.0794 49.9024 1 1 1
v 8.63722 -19.7927 52.4711 1 1 1
v 8.88714 -16.5708 54.7463 1 1 1
v 8.31614 -19.6344 50.4354 1 1 1
v 8.51015 -19.9946 51.4778 1 1 1
v 3.62247 6.55025 28.4152 1 1 1
v 3.63481 6.55496 28.4766 1 1 1
v 3.5979 -4.7068 25.8586 1 1 1
v 8.67143 -18.957 51.6869 1 1 1
v 3.65075 -4.50229 25.7541 1 1 1
v 8.45223 -27.0846 48.3479 1 1 1
v 9.32752 -16.7847 55.4322 1 1 1
v 8.37427 -27.1848 47.7044 1 1 1
v 4.32828 22.2973 35.0117 1 1 1
v 9.06736 -18.8469 51.9455 1 1 1
v 9.05687 -33.1891 48.5115 1 1 1
v 9.08824 -18.1386 51.5771 1 1 1
v 9.67952 -16.177 54.9562 1 1 1
v 9.50937 -16.3773 53.8567 1 1 1
v 9.41738 -16.2487 53.4778 1 1 1
v 8.94826 -27.3856 48.2827 1 1 1
v 4.43467 22.0195 33.6283 1 1 1
v 4.8662 19.9773 35.391 1 1 1
v 4.41754 20.7965 33.109 1 1 1
v 9.44442 -19.2797 51.0027 1 1 1
v 10.0789 -15.9503 54.8457 1 1 1
v 4.20436 4.63623 27.7952 1 1 1
v 9.32754 -26.8576 48.2017 1 1 1
v 9.50197 -24.7788 49.4399 1 1 1
v 9.28894 -27.3648 47.8793 1 1 1
v 9.39055 -25.9978 48.481 1 1 1
v 4.66039 22.9399 33.1754 1 1 1
v 4.65834 22.9254 33.1534 1 1 1
v 4.80166 22.6593 33.4895 1 1 1
v 10.1208 -16.4405 52.5891 1 1 1
v 10.6074 -15.6776 55.1466 1 1 1
v 10.0917 -15.4064 52.6393 1 1 1
v 10.4189 -15.3755 53.7994 1 1 1
v 10.4189 -15.3755 53.7994 1 1 1
v 5.01605 13.2112 31.9259 1 1 1
v 9.80759 -27.2964 48.1243 1 1 1
v 4.737 8.44445 29.5675 1 1 1
v 4.72916 17.024 30.7497 1 1 1
v 4.4918 -4.16468 25.6407 1 1 1
v 5.20589 14.2824 32.2624 1 1 1
v 4.46388 24.7605 30.4903 1 1 1
v 4.46388 24.7605 30.4903 1 1 1
v 10.0642 -27.7275 48.0272 1 1 1
v 5.17647 14.337 31.817 1 1 1
v 10.5661 -32.7536 48.5952 1 1 1
v 4.80361 15.5945 29.7035 1 1 1
v 10.9583 -12.8147 53.69 1 1 1
v 11.2051 -12.7975 54.7313 1 1 1
v 10.8621 -13.0593 52.8603 1 1 1
v 10.4052 -31.9093 47.1947 1 1 1
v 11.0566 -12.8176 53.2048 1 1 1
v 11.1144 -12.8717 53.4314 1 1 1
v 11.1153 -13.2665 52.9447 1 1 1
v 11.5122 -12.7735 54.6729 1 1 1
v 5.48217 6.80128 30.0531 1 1 1
v 10.8448 -30.6344 47.9359 1 1 1
v 10.8448 -30.6344 47.9359 1 1 1
v 10.7544 -27.8743 47.8461 1 1 1
v 5.2244 0.343533 27.4585 1 1 1
v 11.6294 -12.2896 53.3423 1 1 1
v 11.6269 -12.2854 53.3282 1 1 1
v 11.0285 -29.9545 47.8422 1 1 1
v 5.29343 0.655919 27.4735 1 1 1
v 5.78515 20.5983 32.7144 1 1 1
v 11.2785 -30.6982 48.5216 1 1 1
v 11.6882 -12.3996 53.0423 1 1 1
v 11.575 -12.8319 52.3695 1 1 1
v 5.52283 3.02214 28.2666 1 1 1
v 5.52325 3.37949 28.3038 1 1 1
v 11.9056 -12.6089 53.1635 1 1 1
v 5.3342 -2.60749 26.381 1 1 1
v 5.55074 3.27305 28.1948 1 1 1
v 5.495 0.176406 27.4284 1 1 1
v 5.70726 0.724758 28.3119 1 1 1
v 11.9735 -11.0296 52.9552 1 1 1
v 12.0869 -12.8183 52.9691 1 1 1
v 5.45962 -2.78178 26.2817 1 1 1
v 7.38802 15.9114 36.4861 1 1 1
v 5.65545 -3.15561 26.5054 1 1 1
v 5.65545 -3.15561 26.5054 1 1 1
v 5.65182 -2.59998 26.5297 1 1 1
v 13.1789 -11.0181 55.944 1 1 1
v 12.4092 -11.0592 52.5336 1 1 1
v 12.4899 -11.6924 52.5422 1 1 1
v 12.4899 -11.6924 52.5422 1 1 1
v 11.9869 -30.6571 47.8577 1 1 1
v 5.62647 -2.97794 26.1624 1 1 1
v 12.7416 -11.9054 52.7926 1 1 1
v 5.76447 -2.49844 26.3793 1 1 1
v 12.7091 -11.6401 52.6346 1 1 1
v 13.1412 -11.7481 54.2007 1 1 1
v 12.9371 -11.582 53.4395 1 1 1
v 12.3711 -24.3537 49.3807 1 1 1
v 12.6005 -19.0363 50.3662 1 1 1
v 14.107 -11.3443 57.249 1 1 1
v 5.92643 -3.69325 26.3803 1 1 1
v 13.1782 -11.5473 53.5602 1 1 1
v 12.9307 -14.6332 52.1285 1 1 1
v 12.8492 -18.2909 51.0233 1 1 1
v 12.9029 -24.9965 50.1778 1 1 1
v 13.0723 -23.5982 50.245 1 1 1
v 12.8479 -24.4459 49.2371 1 1 1
v 13.7015 -15.272 53.4865 1 1 1
v 12.8405 -23.867 49.0111 1 1 1
v 13.7537 -16.0478 52.7941 1 1 1
v 6.90431 3.04402 29.4671 1 1 1
v 13.2296 -27.1708 48.7848 1 1 1
v 14.2652 -12.6313 54.2457 1 1 1
v 13.5255 -19.1164 50.6534 1 1 1
v 13.8246 -16.0716 52.112 1 1 1
v 13.2965 -24.822 48.9678 1 1 1
v 14.7153 -10.4551 55.9524 1 1 1
v 13.5264 -24.7419 49.7917 1 1 1
v 7.57937 22.327 33.5331 1 1 1
v 15.02 -10.247 56.1141 1 1 1
v 13.5393 -24.4058 48.9898 1 1 1
v 13.4578 -21.0828 48.8553 1 1 1
v 13.5366 -30.3466 48.0707 1 1 1
v 13.7919 -23.6371 49.6251 1 1 1
v 13.7739 -23.6331 49.5996 1 1 1
v 14.8287 -10.2081 54.8143 1 1 1
v 13.7664 -29.9783 48.2905 1 1 1
v 14.1143 -25.2884 49.8228 1 1 1
v 14.1514 -23.8184 49.6589 1 1 1
v 6.71371 25.075 29.3464 1 1 1
v 14.3084 -32.2387 48.6983 1 1 1
v 14.3084 -32.2387 48.6983 1 1 1
v 14.2173 -29.5136 48.1921 1 1 1
v 14.534 -31.117 48.8542 1 1 1
v 14.6577 -25.7259 49.5334 1 1 1
v 14.2803 -31.9293 47.4946 1 1 1
v 9.53652 19.0407 37.2349 1 1 1
v 14.7021 -30.7157 48.8762 1 1 1
v 14.4921 -32.4404 47.8244 1 1 1
v 14.8103 -27.0482 49.4458 1 1 1
v 13.8746 -31.1311 45.5878 1 1 1
v 14.113 -31.5756 46.2551 1 1 1
v 14.9189 -28.0294 49.2555 1 1 1
v 14.8702 -27.9454 49.1172 1 1 1
v 14.9218 -29.2814 48.9966 1 1 1
v 13.4804 -30.3698 43.9217 1 1 1
v 13.4804 -30.3698 43.9217 1 1 1
v 13.7922 -30.9507 44.7836 1 1 1
v 14.8623 -31.5593 48.0737 1 1 1
v 14.8623 -31.5593 48.0737 1 1 1
v 14.8623 -31.5593 48.0737 1 1 1
v 20.5751 -5.40611 68.6578 1 1 1
v 9.91676 19.7594 36.9109 1 1 1
v 9.91676 19.7594 36.9109 1 1 1
v 15.2886 -30.7408 48.5543 1 1 1
v 16.3183 -29.1202 51.8946 1 1 1
v 17.3078 -29.6931 54.401 1 1 1
v 17.8633 -30.5905 55.582 1 1 1
v 16.2809 -30.2613 50.7048 1 1 1
v 15.2903 -31.842 47.4069 1 1 1
v 10.8365 18.8091 38.191 1 1 1
v 17.616 -30.4996 53.8744 1 1 1
v 10.5122 20.0124 36.4043 1 1 1
v 10.7899 19.845 36.9135 1 1 1
v 11.1839 18.9156 38.0323 1 1 1
v 11.1839 18.9156 38.0323 1 1 1
v 14.8391 11.512 47.1308 1 1 1
v 14.8391 11.512 47.1308 1 1 1
v 12.4856 16.79 40.4243 1 1 1
v 12.4835 16.7713 40.4146 1 1 1
v 10.9494 20.0762 36.2217 1 1 1
v 21.578 -0.850052 62.8292 1 1 1
v 18.5491 -2.37282 52.5944 1 1 1
v 15.5722 13.6563 44.9541 1 1 1
v 20.2299 4.30088 56.4451 1 1 1
v 11.4586 21.1071 34.5586 1 1 1
v 22.9009 -0.107788 62.1807 1 1 1
v 23.3266 -0.625519 63.1421 1 1 1
v 17.886 11.145 47.3134 1 1 1
v 14.6466 16.7496 39.5951 1 1 1
v 14.6918 16.7697 39.6993 1 1 1
v 17.0075 12.731 44.9929 1 1 1
v 15.291 16.0613 41.0199 1 1 1
v 15.291 16.0613 41.0199 1 1 1
v 13.7173 20.4664 34.6791 1 1 1
v 13.0863 21.8869 33.2565 1 1 1
v 22.4002 6.09968 53.2763 1 1 1
v 27.9484 -3.15693 64.5328 1 1 1
v 25.0807 -5.36836 57.7687 1 1 1
v 29.3404 -3.20323 66.8507 1 1 1
v 19.8935 11.5156 46.6141 1 1 1
v 20.8875 9.46374 48.4704 1 1 1
v 21.512 -32.6181 47.2152 1 1 1
v 24.7908 -36.1631 53.17 1 1 1
v 15.3166 20.6253 34.4123 1 1 1
v 20.3478 13.2916 43.4544 1 1 1
v 20.5998 13.5823 43.0939 1 1 1
v 30.3356 -2.11066 60.1137 1 1 1
v 30.4673 -2.12985 60.3522 1 1 1
v 15.6513 -20.6118 30.185 1 1 1
v 15.6513 -20.6118 30.185 1 1 1
v -16.4647 17.0486 43.935 1 1 1
v -9.10636 -19.1104 29.156 1 1 1
v -9.10636 -19.1104 29.156 1 1 1
v -9.03405 -19.093 29.2448 1 1 1
v -14.618 -3.64687 46.3102 1 1 1
v -14.1729 -3.06112 46.6343 1 1 1
v -13.0401 1.16443 42.0501 1 1 1
v -13.1444 1.14281 42.5723 1 1 1
v -13.4412 13.4683 41.8924 1 1 1
v -13.5065 -3.14138 47.0109 1 1 1
v -12.7464 1.12246 43.0692 1 1 1
v -15.2395 -36.1529 64.91 1 1 1
v -15.2225 -34.7239 65.2448 1 1 1
v -8.9824 -15.4627 34.0899 1 1 1
v -14.6618 -34.4034 66.5086 1 1 1
v -14.6618 -34.4034 66.5086 1 1 1
v -14.5922 -33.3868 66.4915 1 1 1
v -14.5922 -33.3868 66.4915 1 1 1
v -10.8822 25.2978 31.6055 1 1 1
v -13.89 -34.4132 66.5672 1 1 1
v -13.89 -34.4132 66.5672 1 1 1
v -14.0369 -32.335 68.5335 1 1 1
v -14.0369 -32.335 68.5335 1 1 1
v -12.9406 -35.3886 64.8451 1 1 1
v -12.8645 -35.0886 64.3198 1 1 1
v -14.3776 -31.7044 70.9501 1 1 1
v -13.0403 -34.9949 65.7693 1 1 1
v -13.0403 -34.9949 65.7693 1 1 1
v -12.1441 12.8567 46.8163 1 1 1
v -10.6854 -1.45257 46.4836 1 1 1
v -7.25795 -15.1511 32.9496 1 1 1
v -7.25795 -15.1511 32.9496 1 1 1
v -12.4044 -30.3657 68.2271 1 1 1
v -9.41285 -1.2593 47.8514 1 1 1
v -8.97892 -34.015 63.871 1 1 1
v -8.91866 -35.1469 64.2819 1 1 1
v -8.94878 -34.4154 64.8796 1 1 1
v -8.94878 -34.4154 64.8796 1 1 1
v -8.88269 -1.74705 54.3293 1 1 1
v -8.88269 -1.74705 54.3293 1 1 1
v -8.7032 11.962 48.09 1 1 1
v -7.85739 17.7086 40.312 1 1 1
v -7.86391 12.6442 47.2154 1 1 1
v -6.68103 14.4285 38.1568 1 1 1
v -7.44622 -9.24966 65.5781 1 1 1
v -5.45813 -33.621 67.2188 1 1 1
v -7.11115 -2.50947 67.6725 1 1 1
v -4.54712 0.0453444 31.2155 1 1 1
v -6.01129 22.0662 34.7999 1 1 1
v -4.72206 6.06976 31.6658 1 1 1
v -3.79536 -4.56635 28.5747 1 1 1
v -4.62462 6.55019 32.0702 1 1 1
v -4.10777 -2.301 34.4833 1 1 1
v -3.69708 -3.9781 28.6639 1 1 1
v -5.17374 15.6702 34.7602 1 1 1
v -4.44643 7.00006 32.067 1 1 1
v -3.58653 -4.09111 28.5399 1 1 1
v -4.03009 1.44951 31.3291 1 1 1
v -4.27204 5.62775 31.6407 1 1 1
v -3.43603 -5.01275 27.8156 1 1 1
v -4.81524 12.6013 35.0863 1 1 1
v -3.40092 -5.37913 28.3441 1 1 1
v -4.65076 12.5873 34.922 1 1 1
v -4.65547 12.6649 35.1092 1 1 1
v -4.07765 5.76602 31.0298 1 1 1
v -4.25718 8.50489 33.957 1 1 1
v -3.62364 1.37126 29.0072 1 1 1
v -3.86344 8.021 33.1907 1 1 1
v -3.57944 6.3204 31.3879 1 1 1
v -2.59836 -4.64093 23.147 1 1 1
v -2.50948 -5.83789 26.8116 1 1 1
v -2.69231 -2.7231 28.5866 1 1 1
v -3.64711 13.1507 37.7321 1 1 1
v -3.2877 8.56249 35.3449 1 1 1
v -2.39447 -5.33014 26.6407 1 1 1
v -2.39447 -5.33014 26.6407 1 1 1
v -4.06671 22.3492 33.8706 1 1 1
v -0.659815 -31.9218 65.6932 1 1 1
v -2.68524 3.60102 28.0486 1 1 1
v -2.68524 3.60102 28.0486 1 1 1
v -2.09911 -4.41506 28.8749 1 1 1
v -2.09722 -4.42481 28.8643 1 1 1
v -2.91919 14.8955 43.3006 1 1 1
v -2.54345 15.4928 42.6126 1 1 1
v -2.45366 15.0627 43.7589 1 1 1
v -2.14353 14.7844 44.3153 1 1 1
v -1.36774 -4.68 25.9376 1 1 1
v -1.08272 -4.99516 26.2324 1 1 1
v -0.440032 -7.35583 34.5798 1 1 1
v -1.60945 12.7137 34.0085 1 1 1
v -1.42084 12.2813 33.3142 1 1 1
v -1.4463 12.9897 33.5293 1 1 1
v -1.39274 12.3957 33.6624 1 1 1
v -1.24261 6.47268 28.9893 1 1 1
v -0.658434 -4.84131 26.1016 1 1 1
v -1.14267 5.88953 27.8712 1 1 1
v -0.640502 -4.52552 26.152 1 1 1
v -0.352873 -5.08818 25.2764 1 1 1
v 3.76891 -22.8618 55.9881 1 1 1
v 3.79837 -27.3387 52.2791 1 1 1
v 3.79837 -27.3387 52.2791 1 1 1
v 4.01162 -27.2611 53.0916 1 1 1
v 3.94904 -32.0014 49.6702 1 1 1
v 4.0097 -32.3119 49.6544 1 1 1
v -1.19142 -2.62169 12.2845 1 1 1
v 4.07932 -30.1945 50.6265 1 1 1
v 0.700578 -7.4941 28.5976 1 1 1
v 4.23311 -29.4505 51.7512 1 1 1
v 4.39026 -31.0221 50.4471 1 1 1
v 5.09777 -19.4317 61.9279 1 1 1
v 0.400615 13.5617 33.5806 1 1 1
v 0.280892 14.7468 32.1878 1 1 1
v 0.83261 -6.84766 25.7157 1 1 1
v 4.7187 -20.9173 52.3985 1 1 1
v 4.90009 -17.9307 53.3099 1 1 1
v 5.21567 -30.1901 50.475 1 1 1
v 5.16174 -17.8205 55.4092 1 1 1
v 5.0785 -28.7384 49.1605 1 1 1
v 5.1731 -20.6541 52.8301 1 1 1
v 5.3693 -29.4677 49.6233 1 1 1
v 0.532818 -4.5086 22.1262 1 1 1
v 5.70515 -15.8937 57.6379 1 1 1
v 5.45804 -28.6546 49.3107 1 1 1
v 5.72534 -17.8541 55.3127 1 1 1
v 5.72534 -17.8541 55.3127 1 1 1
v 1.30493 13.2261 34.022 1 1 1
v 5.72106 -29.6066 48.6548 1 1 1
v 5.80671 -16.1279 54.2418 1 1 1
v 1.41918 -5.31857 26.5003 1 1 1
v 5.81782 -20.1136 52.3251 1 1 1
v 5.87169 -21.7255 52.1032 1 1 1
v 5.88832 -28.2927 48.4878 1 1 1
v 1.90054 -5.75502 28.8809 1 1 1
v 6.23359 -21.9771 51.8719 1 1 1
v 6.38169 -17.2479 54.4636 1 1 1
v 6.11885 -29.0295 48.3515 1 1 1
v 5.80856 -30.5247 45.104 1 1 1
v 6.16224 -25.8914 48.7252 1 1 1
v 6.36332 -29.6217 48.6481 1 1 1
v 6.28376 -29.372 48.2317 1 1 1
v 6.20262 -21.6577 50.0844 1 1 1
v 6.64154 -17.4567 53.9552 1 1 1
v 6.60254 -30.3337 48.744 1 1 1
v 7.49091 -24.3972 56.2445 1 1 1
v 1.8387 8.02916 30.67 1 1 1
v 1.78267 7.91085 30.3511 1 1 1
v 6.47738 -28.9228 48.0052 1 1 1
v 1.71688 12.7297 31.4052 1 1 1
v 1.72182 12.7383 31.4313 1 1 1
v 6.66105 -26.2436 48.8684 1 1 1
v 6.71209 -27.3714 48.2622 1 1 1
v 6.89431 -31.0468 47.8065 1 1 1
v 1.87031 -4.33298 25.15 1 1 1
v 1.99715 12.6046 31.152 1 1 1
v 6.97003 -26.5912 48.5156 1 1 1
v 7.28173 -20.9479 52.0244 1 1 1
v 7.02468 -28.8176 47.77 1 1 1
v 7.0237 -27.5349 48.1627 1 1 1
v 2.5751 20.9844 36.6109 1 1 1
v 7.26535 -31.6907 47.9778 1 1 1
v 2.62636 20.6337 36.4084 1 1 1
v 7.13669 -31.3844 46.9531 1 1 1
v 7.1333 -25.365 48.1059 1 1 1
v 7.11194 -25.5567 47.8222 1 1 1
v 2.10898 8.89936 29.1747 1 1 1
v 7.5111 -21.1681 50.9667 1 1 1
v 7.40623 -20.9695 50.4617 1 1 1
v 7.4091 -26.5985 48.6227 1 1 1
v 2.16069 8.90968 29.2377 1 1 1
v 7.50505 -21.0791 50.0754 1 1 1
v 4.94487 -7.52773 39.6465 1 1 1
v 2.61275 11.8971 31.8585 1 1 1
v 2.291 -4.56021 25.1625 1 1 1
v 2.45615 8.66676 29.5655 1 1 1
v 7.94842 -26.7507 48.2976 1 1 1
v 8.11684 -27.8192 48.738 1 1 1
v 8.13538 -27.1985 48.6055 1 1 1
v 9.17332 -35.4222 51.7273 1 1 1
v 8.50553 -24.5048 50.7958 1 1 1
v 2.63307 6.60346 27.7469 1 1 1
v 8.73564 -16.7948 52.6189 1 1 1
v 8.7543 -16.8144 52.6799 1 1 1
v 8.42897 -27.6747 47.7813 1 1 1
v 8.42897 -27.6747 47.7813 1 1 1
v 8.69745 -27.7696 48.3205 1 1 1
v 4.5088 13.8243 37.4227 1 1 1
v 9.41206 -18.418 52.8902 1 1 1
v 5.5214 16.0216 42.3494 1 1 1
v 9.41764 -17.17 52.2643 1 1 1
v 3.35514 -4.77914 26.4112 1 1 1
v 3.5454 7.51487 29.2689 1 1 1
v 10.0133 -15.5258 53.3938 1 1 1
v 3.46366 6.1486 28.3646 1 1 1
v 3.55899 7.80288 28.7165 1 1 1
v 10.1131 -15.7205 52.5787 1 1 1
v 8.67919 -29.605 43.1335 1 1 1
v 5.41282 11.9069 37.0635 1 1 1
v 10.3709 -15.7029 52.6932 1 1 1
v 3.746 6.88556 28.511 1 1 1
v 4.82325 21.4257 35.6242 1 1 1
v 4.94894 21.1846 35.9522 1 1 1
v 3.91978 7.75805 28.7857 1 1 1
v 3.94865 7.7748 28.8917 1 1 1
v 3.89392 6.95474 28.1692 1 1 1
v 10.1403 -31.7823 46.239 1 1 1
v 10.5686 -26.301 48.2158 1 1 1
v 3.94666 -4.43252 25.3469 1 1 1
v 11.1105 -12.839 52.7298 1 1 1
v 5.35573 20.4241 35.8658 1 1 1
v 4.1839 5.97222 28.0446 1 1 1
v 11.3621 -12.6632 52.7004 1 1 1
v 10.036 -30.1156 43.8554 1 1 1
v 10.8796 -27.8213 47.4382 1 1 1
v 10.2294 -30.5238 44.4706 1 1 1
v 11.2826 -31.1523 48.0934 1 1 1
v 11.5514 -12.802 52.2938 1 1 1
v 4.75513 8.47348 29.6363 1 1 1
v 4.77406 16.6968 30.6616 1 1 1
v 4.31627 -4.19362 25.0179 1 1 1
v 4.40715 -4.24717 25.3041 1 1 1
v 11.9531 -13.4763 51.6061 1 1 1
v 4.60062 -4.6255 25.7003 1 1 1
v 4.54164 -4.16634 25.1869 1 1 1
v 4.84573 0.777718 27.147 1 1 1
v 12.5871 -11.1917 52.4568 1 1 1
v 5.38653 6.53187 29.5881 1 1 1
v 5.44515 8.53014 30.0927 1 1 1
v 12.7819 -19.2663 50.9885 1 1 1
v 5.30828 2.26778 28.1083 1 1 1
v 12.8897 -18.3531 51.1458 1 1 1
v 5.46638 8.54035 29.5266 1 1 1
v 5.42556 3.42209 28.3506 1 1 1
v 12.1471 -14.7269 48.6987 1 1 1
v 12.1471 -14.7269 48.6987 1 1 1
v 5.33199 3.62285 27.8325 1 1 1
v 12.996 -17.7424 50.4552 1 1 1
v 5.59774 -0.559319 27.687 1 1 1
v 14.346 -11.149 55.86 1 1 1
v 5.97035 6.40198 29.8773 1 1 1
v 14.4036 -15.5261 54.9208 1 1 1
v 14.7314 -10.8724 56.4241 1 1 1
v 13.4895 -21.1791 50.319 1 1 1
v 5.58861 -1.98663 26.8821 1 1 1
v 14.9569 -11.9429 56.0445 1 1 1
v 13.4944 -24.7796 49.1042 1 1 1
v 15.0406 -11.1443 56.0823 1 1 1
v 13.3192 -30.8419 46.6685 1 1 1
v 14.5039 -14.7465 53.0636 1 1 1
v 10.062 15.753 42.8352 1 1 1
v 9.42384 14.5808 40.4614 1 1 1
v 5.78219 -3.57101 26.0736 1 1 1
v 14.3613 -16.541 51.4266 1 1 1
v 5.82281 -2.07411 26.2384 1 1 1
v 5.92568 -3.36856 26.3023 1 1 1
v 14.7006 -19.6727 51.5058 1 1 1
v 6.13398 -1.71029 26.7788 1 1 1
v 6.61058 3.56606 28.9799 1 1 1
v 6.61058 3.56606 28.9799 1 1 1
v 6.34026 -4.14072 26.9232 1 1 1
v 14.4994 -32.1008 47.9874 1 1 1
v 6.15354 -3.2642 26.3017 1 1 1
v 6.17363 -3.26342 26.3609 1 1 1
v 6.32451 -3.08141 26.8266 1 1 1
v 14.9143 -30.1217 48.7701 1 1 1
v 8.55534 20.3 35.7567 1 1 1
v 16.9559 -29.0994 53.7626 1 1 1
v 8.12001 22.5122 34.077 1 1 1
v 20.3818 -15.4618 64.4109 1 1 1
v 20.3818 -15.4618 64.4109 1 1 1
v 20.3006 -14.2792 64.1859 1 1 1
v 20.3832 -14.0092 64.3699 1 1 1
v 18.1384 -30.13 55.6682 1 1 1
v 12.3938 15.5449 42.2278 1 1 1
v 8.1696 -18.5475 26.6689 1 1 1
v 11.7093 17.5401 39.5466 1 1 1
v 18.0998 -33.3983 48.5198 1 1 1
v 11.4024 19.4797 36.8645 1 1 1
v 11.4024 19.4797 36.8645 1 1 1
v 12.1993 18.5238 38.284 1 1 1
v 18.9718 -33.6094 48.9387 1 1 1
v 24.697 -0.953392 63.1409 1 1 1
v 9.50713 24.2758 29.8189 1 1 1
v 17.7786 11.0909 47.0817 1 1 1
v 11.7898 -16.7776 25.3011 1 1 1
v 14.684 21.6516 32.3816 1 1 1
v 32.0939 -1.86696 61.8751 1 1 1
v 32.401 -1.85855 62.4107 1 1 1
v 32.7028 -1.17213 60.8157 1 1 1
v -15.5616 -2.26014 45.9706 1 1 1
v -15.6708 -1.67856 46.4185 1 1 1
v -15.3875 -2.48646 45.5978 1 1 1
v -15.2191 -3.13569 45.2389 1 1 1
v -15.1625 -4.20941 45.4206 1 1 1
v -15.06 -3.91397 45.7412 1 1 1
v -15.1565 -2.73755 45.7693 1 1 1
v -15.0875 -2.37328 45.4729 1 1 1
v -14.9581 -2.85983 45.6245 1 1 1
v -14.856 -3.38669 45.6195 1 1 1
v -14.7495 -3.96742 46.0566 1 1 1
v -14.66 -3.06452 45.9992 1 1 1
v -14.5866 -3.00565 45.6263 1 1 1
v -14.5202 -3.78838 45.8073 1 1 1
v -14.3385 -2.73395 46.1237 1 1 1
v -13.8862 -3.09071 46.2925 1 1 1
v -13.8497 -3.05978 46.666 1 1 1
v -13.9296 -3.35516 47.1445 1 1 1
v -13.9296 -3.35516 47.1445 1 1 1
v -13.8179 -2.90453 46.5767 1 1 1
v -13.7964 -3.22241 46.8243 1 1 1
v -13.672 -3.10242 46.9575 1 1 1
v -13.185 1.06421 44.0435 1 1 1
v -7.69347 -12.8064 23.6317 1 1 1
v -8.59857 -17.404 32.5887 1 1 1
v -8.59857 -17.404 32.5887 1 1 1
v -12.6629 -0.720743 47.4568 1 1 1
v -12.4387 20.3352 37.1781 1 1 1
v -9.46836 -21.8059 41.1773 1 1 1
v -13.2063 13.3477 46.0786 1 1 1
v -7.73272 -16.7363 29.8927 1 1 1
v -12.0464 -34.9755 63.8118 1 1 1
v -11.8852 19.6393 37.3448 1 1 1
v -11.3222 -2.48396 45.6962 1 1 1
v -11.3012 -35.0279 64.2587 1 1 1
v -11.3402 -34.3751 64.6794 1 1 1
v -11.3402 -34.3751 64.6794 1 1 1
v -11.5524 19.7315 37.4254 1 1 1
v -7.87733 -3.84623 27.39 1 1 1
v -10.5692 -34.5 64.9127 1 1 1
v -10.5692 -34.5 64.9127 1 1 1
v -11.6966 12.9592 46.3284 1 1 1
v -7.00916 -13.9256 30.6053 1 1 1
v -9.75671 -33.5921 65.1786 1 1 1
v -9.75671 -33.5921 65.1786 1 1 1
v -8.24455 -34.9202 64.3176 1 1 1
v -8.08855 -34.3212 64.7383 1 1 1
v -8.1439 -33.4769 64.9927 1 1 1
v -8.15902 -33.5527 65.1758 1 1 1
v -9.63242 -2.45778 61.6705 1 1 1
v -7.75916 17.7392 41.497 1 1 1
v -3.96597 -33.3532 63.567 1 1 1
v -6.31498 13.7167 32.9458 1 1 1
v -6.3296 13.915 33.4118 1 1 1
v -6.36401 14.3435 33.9057 1 1 1
v -6.18164 0.833286 63.5005 1 1 1
v -6.23384 14.5227 33.6706 1 1 1
v -6.09795 13.2031 48.5662 1 1 1
v -3.17564 -19.3138 59.5757 1 1 1
v -5.34079 15.8532 35.2566 1 1 1
v -5.03535 12.2243 34.2005 1 1 1
v -5.22696 14.7639 33.5365 1 1 1
v -4.50491 5.5751 31.8202 1 1 1
v -3.81385 -3.14406 29.1793 1 1 1
v -3.82092 -2.64543 28.9204 1 1 1
v -3.61254 -5.04756 28.6426 1 1 1
v -3.59305 -4.07554 28.3439 1 1 1
v -3.65972 -2.5397 29.1217 1 1 1
v -3.44256 -5.23578 28.6789 1 1 1
v -3.59657 -3.17622 28.8784 1 1 1
v -4.1896 4.93321 31.296 1 1 1
v -3.46617 -4.58697 28.4952 1 1 1
v -1.0973 -32.9426 62.3518 1 1 1
v -3.46946 -4.41873 28.1251 1 1 1
v -3.42174 -4.75342 28.506 1 1 1
v -3.46659 -4.04033 28.0847 1 1 1
v -3.29149 -5.65464 29.9597 1 1 1
v -3.27464 -3.8526 29.4155 1 1 1
v -0.576867 -30.6735 63.7861 1 1 1
v -3.80834 5.31175 29.9573 1 1 1
v -4.59797 19.3741 38.3212 1 1 1
v -3.94713 13.3717 33.3609 1 1 1
v -2.87783 -2.64914 27.4106 1 1 1
v -2.60593 -2.35356 27.6483 1 1 1
v -3.53559 14.5514 33.2244 1 1 1
v -2.83354 9.55244 39.6969 1 1 1
v -3.49245 14.0545 31.7578 1 1 1
v -3.2717 18.8587 38.7828 1 1 1
v -2.06425 -6.16996 26.5496 1 1 1
v -2.76322 6.43508 30.5096 1 1 1
v -2.76322 6.43508 30.5096 1 1 1
v -2.73638 6.61256 29.9482 1 1 1
v -2.71748 6.81863 29.8748 1 1 1
v 2.13022 -31.436 61.7054 1 1 1
v -2.35634 14.8868 43.5313 1 1 1
v -2.35634 14.8868 43.5313 1 1 1
v -2.60018 6.21118 28.9287 1 1 1
v -2.58865 6.24759 29.0607 1 1 1
v -2.34563 1.77745 27.178 1 1 1
v -1.9418 -5.49047 24.4067 1 1 1
v -1.81462 -5.67776 25.344 1 1 1
v -1.81462 -5.67776 25.344 1 1 1
v -1.70291 -5.84233 26.1672 1 1 1
v -1.70291 -5.84233 26.1672 1 1 1
v -2.09145 19.6897 37.2072 1 1 1
v 3.35799 -26.069 56.1611 1 1 1
v 3.41125 -26.2012 56.4579 1 1 1
v -1.35006 12.173 35.194 1 1 1
v 4.21451 -24.1092 65.1045 1 1 1
v -1.4476 7.0999 29.0857 1 1 1
v 3.48123 -27.099 52.6014 1 1 1
v -1.40756 6.79421 28.7338 1 1 1
v 4.40821 -23.5064 60.1675 1 1 1
v -0.708282 -4.50793 26.2492 1 1 1
v -1.05358 19.0794 37.7556 1 1 1
v 4.20213 -33.2608 51.1166 1 1 1
v 3.98499 -22.2852 55.8974 1 1 1
v 4.52581 -34.3766 52.8818 1 1 1
v 4.00534 -22.4554 55.5273 1 1 1
v 3.98984 -24.4162 53.8905 1 1 1
v 3.45276 -29.9744 44.9535 1 1 1
v 4.29472 -24.5699 54.0341 1 1 1
v 4.40885 -12.4874 62.0322 1 1 1
v 4.30261 -24.5807 53.5088 1 1 1
v 4.38852 -29.3951 51.1535 1 1 1
v 4.28579 -30.28 49.7759 1 1 1
v 3.9753 -28.0345 48.2058 1 1 1
v 4.38519 -26.1641 51.8918 1 1 1
v 4.28728 -22.4725 52.3532 1 1 1
v -0.275027 -5.19884 25.8457 1 1 1
v 4.22078 -17.8263 53.4575 1 1 1
v 5.45225 -13.4447 63.6717 1 1 1
v 4.47875 -17.9034 53.3547 1 1 1
v 5.2236 -18.7414 55.9359 1 1 1
v 4.9987 -20.3464 51.9919 1 1 1
v 5.3408 -15.6077 56.2278 1 1 1
v 5.22222 -27.879 49.332 1 1 1
v 5.10984 -18.919 52.0243 1 1 1
v 0.104986 7.1556 30.5917 1 1 1
v 0.879444 -7.54761 28.928 1 1 1
v 0.815105 17.2085 38.2585 1 1 1
v 5.73321 -20.6021 52.0708 1 1 1
v 5.99527 -29.3338 49.505 1 1 1
v 5.77997 -21.0781 51.4471 1 1 1
v 5.62071 -28.1992 46.6187 1 1 1
v 6.12906 -29.0947 48.9864 1 1 1
v 1.23292 1.09995 31.0307 1 1 1
v 6.11919 -27.7602 48.2214 1 1 1
v 6.31554 -29.6407 48.2871 1 1 1
v 6.20921 -26.7433 48.1635 1 1 1
v 6.38027 -25.435 48.9126 1 1 1
v 6.48361 -23.0169 50.3441 1 1 1
v 6.75662 -22.1171 51.7147 1 1 1
v 6.75791 -21.7436 51.7673 1 1 1
v 6.60307 -22.5127 50.5263 1 1 1
v 6.69219 -31.3892 47.5151 1 1 1
v 1.80191 -7.5195 29.1993 1 1 1
v 6.66608 -22.6152 49.537 1 1 1
v 6.92229 -22.712 50.6734 1 1 1
v 6.77689 -30.8422 46.6719 1 1 1
v 6.82189 -26.9477 48.1844 1 1 1
v 7.0964 -31.2192 47.7799 1 1 1
v 7.12265 -16.7885 52.4499 1 1 1
v 3.81791 13.4677 45.5926 1 1 1
v 7.34559 -17.4888 53.0211 1 1 1
v 4.06695 13.8757 46.7207 1 1 1
v 7.01529 -26.181 45.942 1 1 1
v 1.74171 12.7672 32.2563 1 1 1
v 7.58477 -25.6121 48.0799 1 1 1
v 7.58477 -25.6121 48.0799 1 1 1
v 7.6397 -24.78 47.8394 1 1 1
v 1.8598 7.29196 28.9527 1 1 1
v 8.38583 -19.4776 50.4187 1 1 1
v 8.52587 -27.5216 48.3282 1 1 1
v 1.95373 -4.51691 25.0857 1 1 1
v 8.70568 -24.4829 48.7907 1 1 1
v 2.44485 9.99688 31.1224 1 1 1
v 2.09335 6.48597 28.4406 1 1 1
v 2.72529 21.3185 35.2607 1 1 1
v 2.17123 -4.08226 25.5351 1 1 1
v 2.23456 -4.08883 25.4889 1 1 1
v 2.23456 -4.08883 25.4889 1 1 1
v 2.2166 -4.07838 25.4264 1 1 1
v 2.21708 -3.99541 25.402 1 1 1
v 3.4469 20.2232 37.4434 1 1 1
v 9.68786 -27.5188 49.3987 1 1 1
v 3.65133 9.9411 34.1659 1 1 1
v 3.36445 21.0741 35.6656 1 1 1
v 10.0955 -16.4614 52.3309 1 1 1
v 10.1845 -13.904 52.4199 1 1 1
v 8.93965 -29.2458 43.1396 1 1 1
v 10.1098 -30.1069 46.8687 1 1 1
v 10.5346 -13.2286 52.627 1 1 1
v 4.7387 20.1604 37.561 1 1 1
v 3.97648 7.65367 31.009 1 1 1
v 3.62727 7.44374 29.5962 1 1 1
v 11.0302 -30.1894 47.7668 1 1 1
v 10.6746 -15.6746 49.652 1 1 1
v 11.135 -30.4319 47.3772 1 1 1
v 11.5024 -13.4049 52.3723 1 1 1
v 3.56036 7.96143 28.2364 1 1 1
v 3.9107 6.8074 28.4338 1 1 1
v 5.0765 21.288 35.3835 1 1 1
v 4.23873 8.73592 29.7849 1 1 1
v 5.66131 21.1251 37.0502 1 1 1
v 4.03566 6.71344 28.3233 1 1 1
v 4.0921 8.10444 28.727 1 1 1
v 12.4175 -11.6879 51.928 1 1 1
v 12.5375 -11.533 52.0744 1 1 1
v 3.99151 -4.47048 25.0286 1 1 1
v 12.7121 -12.5376 51.743 1 1 1
v 4.65431 8.09664 29.6082 1 1 1
v 12.8384 -13.1965 51.9131 1 1 1
v 12.8587 -24.4641 49.2492 1 1 1
v 14.013 -13.1166 53.8923 1 1 1
v 13.7767 -23.1059 49.927 1 1 1
v 5.26424 6.26261 29.3003 1 1 1
v 4.91002 7.04136 28.315 1 1 1
v 13.8989 -21.7142 50.3442 1 1 1
v 13.8691 -25.2733 49.5569 1 1 1
v 13.7469 -24.295 49.1635 1 1 1
v 5.04134 -4.5791 26.3295 1 1 1
v 14.0917 -23.4148 50.1903 1 1 1
v 5.99454 14.8712 32.5528 1 1 1
v 5.29949 2.27461 28.0878 1 1 1
v 5.81143 21.0233 32.9635 1 1 1
v 14.3525 -18.4126 49.9074 1 1 1
v 5.50156 2.16532 27.7144 1 1 1
v 5.70063 3.88302 28.4358 1 1 1
v 5.79647 0.764747 28.0129 1 1 1
v 5.37877 -2.74804 26.1293 1 1 1
v 16.7288 -18.0319 55.7996 1 1 1
v 5.68478 -2.11469 26.6589 1 1 1
v 5.69227 -2.3697 26.5454 1 1 1
v 15.5269 -29.3789 49.4585 1 1 1
v 17.3194 -14.837 56.8239 1 1 1
v 14.9625 -12.225 50.3749 1 1 1
v 6.03367 -4.22618 26.5997 1 1 1
v 10.3764 13.6124 41.1706 1 1 1
v 5.84656 -3.54106 25.9057 1 1 1
v 6.01678 -2.25311 26.0578 1 1 1
v 6.45782 -4.0031 26.9522 1 1 1
v 17.2442 -14.9994 53.8323 1 1 1
v 6.30724 -3.23478 26.5138 1 1 1
v 6.30724 -3.23478 26.5138 1 1 1
v 6.43471 -2.3132 26.9826 1 1 1
v 6.65857 -2.69316 26.8221 1 1 1
v 6.99659 -2.76942 27.5803 1 1 1
v 10.3347 19.7178 36.7914 1 1 1
v 10.5681 22.4908 33.7088 1 1 1
v 10.2294 25.0306 29.2888 1 1 1
v 1.16298 -0.756535 9.24398 1 1 1
v 20.5436 13.1161 43.0562 1 1 1
v -14.8624 -2.54491 46.0128 1 1 1
v -19.9645 -13.0595 76.0225 1 1 1
v -19.377 -12.799 76.7598 1 1 1
v -14.9844 -30.7439 65.4958 1 1 1
v -15.2213 -31.5781 67.393 1 1 1
v -18.8518 -12.8054 78.2563 1 1 1
v -14.7146 -31.2136 68.0049 1 1 1
v -14.7146 -31.2136 68.0049 1 1 1
v -13.574 -3.24761 47.4921 1 1 1
v -13.9559 -31.1224 68.2859 1 1 1
v -13.9559 -31.1224 68.2859 1 1 1
v -13.4549 -2.89646 49.5298 1 1 1
v -16.8337 -9.96522 76.3911 1 1 1
v -13.0592 -31.5553 67.0522 1 1 1
v -12.43 0.589198 43.6915 1 1 1
v -8.08801 -11.7383 24.4133 1 1 1
v -12.2773 0.339703 43.3568 1 1 1
v -8.99041 -17.7311 35.6873 1 1 1
v -12.4121 -30.3812 68.3444 1 1 1
v -12.9892 12.9387 45.4987 1 1 1
v -15.1555 -12.4732 79.3338 1 1 1
v -12.9652 13.117 45.6675 1 1 1
v -8.54667 -16.6253 35.5096 1 1 1
v -12.9265 13.3756 45.9155 1 1 1
v -10.5606 -35.1889 64.4105 1 1 1
v -9.82009 -27.444 54.8757 1 1 1
v -12.1429 12.3363 43.0995 1 1 1
v -12.1429 12.3363 43.0995 1 1 1
v -14.2682 -11.4876 78.2612 1 1 1
v -12.0721 12.0691 47.3584 1 1 1
v -9.79329 -32.0059 66.1076 1 1 1
v -11.3561 23.9185 32.7673 1 1 1
v -11.6499 12.8066 46.0758 1 1 1
v -10.2454 -0.928065 47.0869 1 1 1
v -9.54837 -5.88156 45.0053 1 1 1
v -8.985 -32.93 66.0714 1 1 1
v -8.985 -32.93 66.0714 1 1 1
v -9.01647 -31.4764 67.2676 1 1 1
v -9.01647 -31.4764 67.2676 1 1 1
v -10.6253 10.3916 48.3116 1 1 1
v -8.36237 -30.8268 67.6401 1 1 1
v -8.13508 -31.3548 67.0843 1 1 1
v -10.5914 26.295 41.2251 1 1 1
v -10.5914 26.295 41.2251 1 1 1
v -8.6684 20.1046 36.1658 1 1 1
v -4.06966 -33.3374 62.9462 1 1 1
v -6.72076 1.20995 61.1924 1 1 1
v -6.72231 1.19429 61.8398 1 1 1
v -6.34317 12.9464 46.482 1 1 1
v -6.49949 16.0176 44.7443 1 1 1
v -6.87467 20.1438 36.44 1 1 1
v -5.35592 7.08781 53.9035 1 1 1
v -6.14082 13.8755 33.558 1 1 1
v -5.77519 12.2611 46.8497 1 1 1
v -6.59856 20.0934 36.2371 1 1 1
v -5.47416 12.1473 47.5657 1 1 1
v -6.41693 20.2169 36.164 1 1 1
v -4.55794 0.0998341 37.4582 1 1 1
v -1.13372 -31.712 63.5046 1 1 1
v -0.632346 -34.9094 62.9683 1 1 1
v -2.84204 -6.49397 72.1873 1 1 1
v -0.914265 -30.8958 61.8472 1 1 1
v -0.467787 -32.9195 62.1623 1 1 1
v -0.199754 -35.6298 62.5982 1 1 1
v -5.33 12.4349 34.1081 1 1 1
v -6.00544 21.6198 34.236 1 1 1
v -4.25753 3.16291 33.7514 1 1 1
v -3.89115 -3.11833 28.4393 1 1 1
v -3.56363 -5.50339 29.4832 1 1 1
v -3.60617 -4.81374 28.819 1 1 1
v -4.45164 5.92908 31.1261 1 1 1
v -3.57977 -4.85029 29.0229 1 1 1
v -4.41957 6.52429 32.1617 1 1 1
v -4.43232 6.95072 32.2583 1 1 1
v -5.26867 19.1446 36.8092 1 1 1
v -3.58928 -3.05844 28.6814 1 1 1
v -3.35463 -5.25228 29.0733 1 1 1
v -3.44382 -4.45204 28.355 1 1 1
v -3.46705 -4.34281 28.0925 1 1 1
v -4.09838 6.97953 32.2456 1 1 1
v -4.44868 18.667 39.9158 1 1 1
v -3.78449 5.376 30.3959 1 1 1
v -3.74654 5.25525 30.2826 1 1 1
v -4.79136 21.1395 35.0682 1 1 1
v -3.68551 6.05856 31.5317 1 1 1
v -4.27188 14.4268 33.332 1 1 1
v -3.56712 5.86011 30.6122 1 1 1
v -3.37446 13.7851 41.0172 1 1 1
v -3.36131 5.92349 30.6193 1 1 1
v -3.95507 13.9748 31.9457 1 1 1
v -3.66872 18.2668 38.4689 1 1 1
v -2.89699 15.0821 43.9181 1 1 1
v -2.51245 -5.49654 27.3653 1 1 1
v -2.24887 -5.9941 29.6959 1 1 1
v -2.69864 -2.55617 27.2013 1 1 1
v -2.58793 -2.36265 27.7734 1 1 1
v -2.45168 14.0804 42.4912 1 1 1
v -2.23429 -5.51999 27.0578 1 1 1
v -2.76879 6.7364 31.3803 1 1 1
v -2.12201 -5.76695 26.9012 1 1 1
v -3.62715 22.4683 33.7063 1 1 1
v 3.29284 -27.8173 58.662 1 1 1
v -2.50096 3.48968 27.1353 1 1 1
v 3.38289 -26.1374 56.2917 1 1 1
v -2.38186 3.63481 27.8743 1 1 1
v 3.52234 -27.5307 52.8914 1 1 1
v 3.53714 -27.542 52.8762 1 1 1
v 3.65737 -27.7432 52.3329 1 1 1
v 3.808 -23.129 54.9411 1 1 1
v -1.7407 12.7971 33.6985 1 1 1
v 4.04941 -31.7877 48.9564 1 1 1
v 4.23787 -27.447 52.5465 1 1 1
v 4.2622 -30.93 49.692 1 1 1
v 4.16555 -21.4381 52.7912 1 1 1
v -1.57206 6.77065 29.2117 1 1 1
v 4.30825 -24.0066 51.4129 1 1 1
v 4.54972 -20.0988 53.8008 1 1 1
v -1.19391 8.69619 31.3987 1 1 1
v -0.838507 -4.26781 26.0872 1 1 1
v 4.8153 -17.4984 53.4631 1 1 1
v 1.34578 26.2813 53.5847 1 1 1
v 5.21475 -29.5643 49.24 1 1 1
v -0.526142 -4.40164 26.1669 1 1 1
v 5.39098 -21.452 53.11 1 1 1
v -1.17608 5.59767 27.0286 1 1 1
v 5.31757 -17.3168 54.3264 1 1 1
v 5.27458 -17.2711 54.1882 1 1 1
v 5.49986 -28.7024 49.7274 1 1 1
v 5.2415 -18.7545 52.9307 1 1 1
v 5.3903 -19.4281 52.7775 1 1 1
v 5.63512 -30.0044 48.4377 1 1 1
v 5.5357 -18.448 52.8722 1 1 1
v 6.06169 -16.8631 56.6515 1 1 1
v 5.71118 -17.2501 54.045 1 1 1
v 5.7589 -20.4112 52.0053 1 1 1
v 0.601619 -7.58047 29.0587 1 1 1
v 6.01482 -17.8543 53.0512 1 1 1
v 6.23834 -22.3861 51.9067 1 1 1
v 6.23834 -22.3861 51.9067 1 1 1
v 6.35094 -22.5237 51.5642 1 1 1
v 6.77272 -22.159 52.7991 1 1 1
v 6.69956 -31.3405 48.0379 1 1 1
v 6.5751 -25.2223 48.7629 1 1 1
v 6.91468 -20.8767 51.8613 1 1 1
v 6.95252 -31.1716 47.3999 1 1 1
v 7.17858 -17.2407 53.0956 1 1 1
v 7.33417 -17.0558 53.2785 1 1 1
v 7.36881 -17.5154 53.1298 1 1 1
v 7.21697 -30.7324 47.2185 1 1 1
v 7.12953 -22.0396 49.9211 1 1 1
v 7.3485 -26.7845 48.4853 1 1 1
v 0.960516 13.4771 33.2018 1 1 1
v 1.18975 13.544 32.3937 1 1 1
v 1.39925 13.8221 32.6282 1 1 1
v 8.26173 -19.58 50.2232 1 1 1
v 8.35061 -27.1992 47.7103 1 1 1
v 8.65825 -18.9314 51.5591 1 1 1
v 1.99607 19.4632 36.1176 1 1 1
v 6.63119 -13.4319 44.796 1 1 1
v 2.10706 20.8252 36.6065 1 1 1
v 1.76717 20.2359 35.0751 1 1 1
v 8.92232 -18.6465 51.2944 1 1 1
v 2.08363 20.1817 35.3507 1 1 1
v 1.61136 12.5826 30.9981 1 1 1
v 2.81589 13.9231 35.788 1 1 1
v 9.49056 -17.2717 52.331 1 1 1
v 1.77973 12.6537 31.0539 1 1 1
v 1.77125 7.39869 28.9835 1 1 1
v 10.0997 -16.4508 52.358 1 1 1
v 1.96955 -4.39879 25.4776 1 1 1
v 2.34186 12.3436 31.3809 1 1 1
v 1.94187 7.30372 28.3891 1 1 1
v 2.04077 -4.2824 25.5462 1 1 1
v 2.04077 -4.2824 25.5462 1 1 1
v 10.2144 -14.6247 52.431 1 1 1
v 10.0604 -27.7146 48.0116 1 1 1
v 2.10576 7.91766 28.6344 1 1 1
v 2.16331 13.8828 30.2999 1 1 1
v 2.29122 8.16278 28.7412 1 1 1
v 2.27596 7.97177 28.6325 1 1 1
v 2.44634 -4.19878 25.9444 1 1 1
v 10.9999 -28.1627 47.5946 1 1 1
v 3.12824 9.39767 30.1431 1 1 1
v 11.4444 -12.2353 52.2776 1 1 1
v 11.3131 -27.3111 47.6379 1 1 1
v 4.5246 19.7018 36.2248 1 1 1
v 3.08669 7.90332 28.0062 1 1 1
v 3.11806 7.91857 28.097 1 1 1
v 3.84508 21.2354 33.1476 1 1 1
v 4.81668 19.6163 35.6919 1 1 1
v 3.48823 -4.76031 26.0187 1 1 1
v 3.5385 -4.77649 26.1449 1 1 1
v 3.23949 8.18418 28.0607 1 1 1
v 4.56201 20.9049 34.7218 1 1 1
v 12.3435 -9.55717 51.8344 1 1 1
v 13.2097 -15.4708 51.8248 1 1 1
v 3.90964 6.82942 28.7077 1 1 1
v 3.93867 7.13126 27.9543 1 1 1
v 4.35822 16.7452 30.8132 1 1 1
v 13.8256 -22.143 49.544 1 1 1
v 3.84152 -4.28576 24.781 1 1 1
v 14.103 -23.4262 49.7302 1 1 1
v 15.1106 -11.0916 53.9075 1 1 1
v 4.40631 -4.55761 25.3315 1 1 1
v 5.02309 14.2472 30.4236 1 1 1
v 5.01457 16.9506 30.8985 1 1 1
v 5.13619 8.27153 28.9024 1 1 1
v 5.33169 2.209 28.3004 1 1 1
v 5.02016 0.352711 26.9091 1 1 1
v 5.44202 5.32147 28.8037 1 1 1
v 5.4056 8.32714 29.0232 1 1 1
v 5.31918 8.26715 28.793 1 1 1
v 5.49321 3.49617 28.0126 1 1 1
v 5.41863 -3.03307 25.9102 1 1 1
v 5.66474 -2.65047 26.5336 1 1 1
v 5.68246 -2.36821 26.524 1 1 1
v 6.49833 0.13266 28.6474 1 1 1
v 5.71593 -4.31551 25.908 1 1 1
v 6.41374 4.8362 28.9384 1 1 1
v 6.08745 -4.02228 26.4933 1 1 1
v 6.0053 -2.96999 26.3758 1 1 1
v 6.18288 -2.27344 26.451 1 1 1
v 6.18996 -3.48837 26.1727 1 1 1
v 6.44487 -3.38676 26.7015 1 1 1
v 9.38959 18.9396 36.9055 1 1 1
v -0.896277 -0.992543 8.34669 1 1 1
v 14.117 16.4395 38.6055 1 1 1
v 18.8302 11.1773 44.674 1 1 1
v 13.501 20.4037 34.2775 1 1 1
v 31.933 -1.11495 59.6153 1 1 1
v 22.3515 -27.2311 41.8555 1 1 1
v 14.6382 20.1019 33.2797 1 1 1
v 20.9157 -24.9487 37.3045 1 1 1
v 21.5381 -24.0894 37.8561 1 1 1
v -15.8197 -9.39791 50.614 1 1 1
v -16.9006 -5.01635 53.9603 1 1 1
v -15.198 -3.32229 45.2563 1 1 1
v -15.1023 -3.78151 45.1349 1 1 1
v -15.1458 -3.0911 45.1641 1 1 1
v -15.2402 -1.97537 45.1359 1 1 1
v -15.0031 -2.74666 45.1038 1 1 1
v -7.62456 0.700843 1.94325 1 1 1
v -15.0575 -2.1734 45.2144 1 1 1
v -14.9785 -2.46765 45.033 1 1 1
v -14.7714 -2.9072 45.559 1 1 1
v -14.4099 -2.88921 46.4285 1 1 1
v -15.4296 15.5719 42.186 1 1 1
v -10.34 -20.382 36.4827 1 1 1
v -10.34 -20.382 36.4827 1 1 1
v -14.7422 24.3539 31.2328 1 1 1
v -14.7592 24.4363 31.3647 1 1 1
v -12.2172 -34.6638 65.4248 1 1 1
v -12.2172 -34.6638 65.4248 1 1 1
v -15.9677 -9.85172 72.2499 1 1 1
v -16.1077 -10.0277 73.7109 1 1 1
v -16.4833 -10.5249 77.492 1 1 1
v -12.3006 -33.4535 66.9721 1 1 1
v -11.3663 -35.1614 64.7362 1 1 1
v -11.3663 -35.1614 64.7362 1 1 1
v -12.8061 1.04926 43.8104 1 1 1
v -12.1987 0.241092 43.5274 1 1 1
v -10.6229 -34.7713 65.6536 1 1 1
v -11.378 -30.3558 68.0638 1 1 1
v -11.378 -30.3558 68.0638 1 1 1
v -14.6414 -12.4913 80.8809 1 1 1
v -13.14 21.2549 34.7852 1 1 1
v -9.89086 -32.089 68.5779 1 1 1
v -9.89086 -32.089 68.5779 1 1 1
v -9.03044 -30.7453 68.0876 1 1 1
v -12.1029 19.4449 37.4867 1 1 1
v -12.1029 19.4449 37.4867 1 1 1
v -10.3341 -0.711473 46.7946 1 1 1
v -8.21793 -32.4302 67.2201 1 1 1
v -8.21793 -32.4302 67.2201 1 1 1
v -8.21793 -32.4302 67.2201 1 1 1
v -9.98459 -6.73283 52.8817 1 1 1
v -10.0718 -0.988007 47.1328 1 1 1
v -11.5124 19.4945 37.1331 1 1 1
v -11.2664 23.4035 32.0899 1 1 1
v -11.2664 23.4035 32.0899 1 1 1
v -8.65647 11.6859 47.5694 1 1 1
v -9.29535 19.2384 37.7639 1 1 1
v -3.3453 -32.4292 65.3212 1 1 1
v -7.63884 9.9885 49.9371 1 1 1
v -1.39409 -35.5499 66.2859 1 1 1
v -3.47351 -17.5105 55.1187 1 1 1
v -1.82993 -30.2879 63.0198 1 1 1
v -1.47035 -31.7215 66.0358 1 1 1
v -6.65319 12.1255 47.0945 1 1 1
v -4.3179 -0.327945 64.2355 1 1 1
v -0.464209 -33.0971 66.4397 1 1 1
v -7.94799 23.5511 31.8891 1 1 1
v -0.576356 -32.0821 64.7361 1 1 1
v -0.485322 -33.8329 63.4153 1 1 1
v -6.00522 12.5513 46.5944 1 1 1
v -5.477 12.136 47.5216 1 1 1
v -1.52595 -9.5921 75.2892 1 1 1
v -1.31867 -9.85588 77.1032 1 1 1
v -6.85349 20.1817 36.5421 1 1 1
v -2.56996 -0.605481 64.5131 1 1 1
v -2.56996 -0.605481 64.5131 1 1 1
v -6.63934 20.3304 35.6606 1 1 1
v -6.27435 19.6802 36.0291 1 1 1
v -5.80657 14.6261 33.7902 1 1 1
v -5.32754 13.1715 33.0591 1 1 1
v -4.78834 12.4393 34.9483 1 1 1
v -3.94544 -2.55401 28.8411 1 1 1
v -3.70857 -2.45189 29.2271 1 1 1
v -3.71204 -2.68064 28.7007 1 1 1
v -3.73494 -2.67873 28.5027 1 1 1
v -4.58253 12.0682 33.8171 1 1 1
v -3.32256 -5.82105 28.9507 1 1 1
v -4.24483 4.07029 29.3994 1 1 1
v -3.44624 -4.73389 28.3735 1 1 1
v -3.20109 -5.65533 29.5308 1 1 1
v -3.15377 -5.71845 29.4099 1 1 1
v -3.3925 -3.66846 28.5768 1 1 1
v -4.28129 18.1331 38.4177 1 1 1
v -3.1717 -5.59 28.0621 1 1 1
v -4.44295 18.8019 37.1176 1 1 1
v -4.41291 18.8796 37.3035 1 1 1
v -3.13975 -5.39049 28.1129 1 1 1
v -3.09859 -5.5643 27.8414 1 1 1
v -3.95474 17.9095 38.8829 1 1 1
v -2.83294 -5.81721 28.9888 1 1 1
v -3.72434 5.49771 29.807 1 1 1
v -3.76159 17.7562 38.3925 1 1 1
v -2.80828 -5.36987 27.5615 1 1 1
v -2.50639 -6.007 29.1293 1 1 1
v -2.74605 -5.38136 27.1346 1 1 1
v 3.36279 -26.0878 56.1745 1 1 1
v -2.00093 9.50502 39.9651 1 1 1
v 5.20496 -16.3645 70.6551 1 1 1
v -3.25456 19.1967 37.0558 1 1 1
v 3.86129 -22.8902 56.4256 1 1 1
v -2.1374 -4.33529 28.7789 1 1 1
v -2.07426 -6.11009 27.7579 1 1 1
v -2.26449 -5.39055 26.7692 1 1 1
v 3.81451 -30.1831 49.3487 1 1 1
v 4.15033 -25.0084 54.1739 1 1 1
v 4.40077 -27.7778 53.9517 1 1 1
v -1.80522 -4.14258 29.6748 1 1 1
v 4.36492 -30.2703 51.4701 1 1 1
v -2.76152 7.34945 29.89 1 1 1
v -2.76152 7.34945 29.89 1 1 1
v -2.32208 18.2731 38.4639 1 1 1
v -2.63908 19.2364 37.0207 1 1 1
v -2.71547 7.78002 30.1501 1 1 1
v -2.60904 7.74 30.7217 1 1 1
v 4.46345 -31.46 50.6151 1 1 1
v 4.45942 -31.0406 50.5889 1 1 1
v 4.33103 -26.1466 51.8248 1 1 1
v -2.30806 18.7692 37.7248 1 1 1
v 4.09253 -18.5381 54.2865 1 1 1
v 4.47737 -24.3309 53.352 1 1 1
v -2.50928 6.41587 29.4893 1 1 1
v 4.28356 -21.0716 53.5559 1 1 1
v 4.4043 -27.64 50.7877 1 1 1
v -2.48137 1.67441 26.8576 1 1 1
v 4.68411 -24.9534 53.1187 1 1 1
v 4.35545 -18.6169 54.3368 1 1 1
v -2.25761 8.02646 31.1158 1 1 1
v -1.71388 -5.99532 26.901 1 1 1
v 4.62644 -25.3505 52.0045 1 1 1
v 4.68294 -22.6192 53.3701 1 1 1
v -2.45923 1.70072 26.4132 1 1 1
v 4.73332 -17.7336 53.9367 1 1 1
v -2.08821 7.6249 30.1673 1 1 1
v 5.09363 -17.9817 53.818 1 1 1
v 5.09385 -20.2022 52.2624 1 1 1
v -1.49515 11.5331 33.427 1 1 1
v 5.38494 -19.3854 53.3215 1 1 1
v 5.37628 -28.5155 49.1163 1 1 1
v 5.28331 -19.5336 52.6683 1 1 1
v 5.55566 -29.1728 49.2244 1 1 1
v -1.385 -4.63042 26.0603 1 1 1
v 5.44828 -19.7844 52.7769 1 1 1
v -1.36299 12.8086 33.426 1 1 1
v 5.76814 -21.083 52.8988 1 1 1
v 5.72925 -30.1733 48.7805 1 1 1
v 5.84572 -30.4226 49.1614 1 1 1
v 5.55915 -20.4107 52.0197 1 1 1
v 5.55206 -22.974 50.7358 1 1 1
v 5.7648 -29.3513 48.9934 1 1 1
v 5.88771 -16.5538 55.0164 1 1 1
v -1.51137 7.94444 29.9721 1 1 1
v 5.93964 -29.1363 49.2188 1 1 1
v -1.38443 13.1232 32.6769 1 1 1
v -1.25378 13.4061 33.3305 1 1 1
v 6.02463 -28.6634 49.5518 1 1 1
v 5.85572 -21.247 51.4134 1 1 1
v -1.51431 6.9609 28.9824 1 1 1
v 5.74581 -21.3735 50.4745 1 1 1
v 6.00397 -20.9102 51.7755 1 1 1
v -0.897139 20.1163 36.9233 1 1 1
v -0.919022 20.0251 36.7681 1 1 1
v 6.18398 -29.1113 48.6189 1 1 1
v -1.04556 12.7175 32.814 1 1 1
v 6.39296 -29.6423 48.9045 1 1 1
v 6.04246 -21.7177 50.4226 1 1 1
v -0.968348 13.0723 32.9713 1 1 1
v 6.29326 -21.2943 51.7275 1 1 1
v 6.47188 -22.1221 51.8672 1 1 1
v -1.52312 6.056 27.3975 1 1 1
v 6.54023 -30.0667 48.467 1 1 1
v 6.70316 -17.1911 53.8179 1 1 1
v 6.7093 -17.1729 53.03 1 1 1
v 6.86527 -17.5805 53.6105 1 1 1
v 6.89736 -17.606 53.73 1 1 1
v -0.648276 -4.42304 26.0835 1 1 1
v 6.64395 -21.5618 50.7093 1 1 1
v 6.87264 -21.4405 51.5656 1 1 1
v 6.88049 -22.9634 50.6551 1 1 1
v 6.73184 -16.3765 52.3813 1 1 1
v 6.87161 -25.9218 48.7493 1 1 1
v 6.78899 -27.1605 47.6225 1 1 1
v 7.16106 -21.1969 51.3628 1 1 1
v 7.16106 -21.1969 51.3628 1 1 1
v 6.82406 -26.3876 48.146 1 1 1
v 6.55554 -24.7146 47.4053 1 1 1
v 0.906964 -7.82463 30.2214 1 1 1
v 0.0752399 -6.95428 26.9916 1 1 1
v 6.96955 -21.8326 49.4339 1 1 1
v 7.44198 -29.9053 47.9151 1 1 1
v 7.08599 -25.6253 47.9877 1 1 1
v 7.68498 -17.5942 52.9189 1 1 1
v -0.109444 20.09 34.9851 1 1 1
v 7.31241 -26.3703 48.1896 1 1 1
v 7.43082 -26.5686 48.5988 1 1 1
v 0.301634 15.701 35.0391 1 1 1
v 7.64435 -26.4811 48.3915 1 1 1
v 8.01314 -16.5737 53.1574 1 1 1
v 8.0519 -20.877 51.3295 1 1 1
v 7.19085 -19.3736 48.5326 1 1 1
v 7.95873 -26.8492 48.6186 1 1 1
v 7.878 -23.3347 48.1297 1 1 1
v 8.30098 -19.2701 50.9462 1 1 1
v 0.733323 19.9885 35.5273 1 1 1
v 0.146539 14.4101 31.4887 1 1 1
v 0.14397 14.4087 31.4825 1 1 1
v 8.21756 -23.8094 49.0415 1 1 1
v 8.48179 -18.7311 51.0412 1 1 1
v 0.765465 20.5726 34.9052 1 1 1
v 1.36415 -7.0171 27.103 1 1 1
v 1.15526 13.5014 32.3065 1 1 1
v 9.14259 -27.1304 47.4478 1 1 1
v 10.1797 -15.7649 53.9668 1 1 1
v 10.1797 -15.7649 53.9668 1 1 1
v 1.91911 19.3285 35.8748 1 1 1
v 1.32683 13.7362 32.1637 1 1 1
v 10.3047 -15.082 52.5764 1 1 1
v 0.757357 -14.852 21.4136 1 1 1
v 2.22203 20.1035 35.04 1 1 1
v 1.55915 12.5029 30.8104 1 1 1
v 0.592331 23.985 30.3985 1 1 1
v 1.62488 11.6029 30.297 1 1 1
v 1.67084 6.97376 28.6879 1 1 1
v 1.67084 6.97376 28.6879 1 1 1
v 3.28148 19.8587 36.739 1 1 1
v 6.39573 13.5753 43.6665 1 1 1
v 10.1128 -9.19914 48.8941 1 1 1
v 3.19032 20.222 35.4101 1 1 1
v 11.3012 -27.2693 47.6496 1 1 1
v 1.95109 -4.37599 25.5494 1 1 1
v 2.96196 20.3182 34.3109 1 1 1
v 2.01075 7.73967 28.4093 1 1 1
v 12.6328 -10.8613 54.9828 1 1 1
v 1.97952 -4.53665 25.3344 1 1 1
v 1.89965 6.31622 27.651 1 1 1
v 11.7989 -12.569 51.8972 1 1 1
v 2.062 -4.3562 25.216 1 1 1
v 12.2619 -24.2494 49.0577 1 1 1
v 2.54409 12.367 29.6346 1 1 1
v 4.11151 18.9141 35.3763 1 1 1
v 12.82 -24.2749 49.5484 1 1 1
v 12.6756 -12.1644 51.5487 1 1 1
v 12.851 -23.3318 49.5095 1 1 1
v 3.32838 21.0698 33.0989 1 1 1
v 2.48944 -4.36517 25.0992 1 1 1
v 13.3137 -13.6584 52.5053 1 1 1
v 13.1772 -24.5489 49.5139 1 1 1
v 13.0685 -29.9068 47.7646 1 1 1
v 12.9441 -26.7076 48.035 1 1 1
v 2.62443 7.29006 27.4887 1 1 1
v 13.533 -15.7659 51.3263 1 1 1
v 13.3189 -24.5907 48.7503 1 1 1
v 2.46458 8.60188 26.9458 1 1 1
v 14.5528 -13.0547 53.8047 1 1 1
v 14.5528 -13.0547 53.8047 1 1 1
v 14.5528 -13.0547 53.8047 1 1 1
v 4.06198 21.5213 33.0801 1 1 1
v 14.3686 -30.4829 48.9559 1 1 1
v 3.66577 17.8909 31.1502 1 1 1
v 5.01332 19.9885 34.9755 1 1 1
v 13.9804 -24.8921 48.8542 1 1 1
v 4.83658 20.8637 34.4541 1 1 1
v 3.44581 7.68867 28.2499 1 1 1
v 3.44581 7.68867 28.2499 1 1 1
v 3.31645 6.37476 27.6207 1 1 1
v 14.8218 -29.5346 49.5078 1 1 1
v 4.20524 21.9149 32.7806 1 1 1
v 4.32611 20.9909 32.8026 1 1 1
v 3.83897 7.31256 28.8921 1 1 1
v 4.99538 13.8937 32.7382 1 1 1
v 3.54099 7.5691 27.8442 1 1 1
v 4.40478 21.9637 32.3033 1 1 1
v 4.12824 22.0196 31.6888 1 1 1
v 3.89259 6.58144 28.0677 1 1 1
v 8.00267 15.1494 39.7185 1 1 1
v 4.85103 13.607 31.5894 1 1 1
v 3.83593 6.52551 27.5312 1 1 1
v 4.04276 4.60243 27.4073 1 1 1
v 14.4514 -30.2946 45.8225 1 1 1
v 4.45148 8.04353 28.5885 1 1 1
v 5.07176 13.5031 31.0025 1 1 1
v 4.22652 -4.27836 25.3365 1 1 1
v 2.96117 25.3997 27.5071 1 1 1
v 2.96117 25.3997 27.5071 1 1 1
v 8.08401 -21.0318 31.0973 1 1 1
v 4.63607 -4.87898 25.9354 1 1 1
v 4.38 15.1281 28.7033 1 1 1
v 15.9279 -30.8265 47.0301 1 1 1
v 7.79386 -20.5287 30.1481 1 1 1
v 4.99502 8.19998 28.5839 1 1 1
v 5.33966 2.33289 28.2713 1 1 1
v 4.58271 -4.04936 25.2752 1 1 1
v 5.36226 0.706677 27.555 1 1 1
v 5.58321 0.313838 27.4649 1 1 1
v 5.69527 2.16965 28.0047 1 1 1
v 6.07638 -3.56234 27.258 1 1 1
v 5.52112 -2.27474 26.2319 1 1 1
v 7.33989 16.2458 33.0397 1 1 1
v 6.20613 1.6232 27.9186 1 1 1
v 5.87293 -2.07472 25.9985 1 1 1
v 6.87342 2.86774 28.6452 1 1 1
v 7.32643 21.3781 32.1665 1 1 1
v 9.23758 19.053 35.3648 1 1 1
v 9.91893 17.9079 36.1977 1 1 1
v 11.8112 16.0306 39.0818 1 1 1
v 9.55751 18.884 35.1084 1 1 1
v 8.25505 -2.91021 29.3741 1 1 1
v 14.5924 13.1417 42.8332 1 1 1
v 2.34104 -1.61722 17.4542 1 1 1
v 10.403 19.5807 35.0273 1 1 1
v 10.777 19.2137 34.3911 1 1 1
v 9.44946 21.1495 31.5043 1 1 1
v 18.286 10.0568 45.5281 1 1 1
v 14.1558 15.3706 38.9149 1 1 1
v 14.393 15.5174 39.3047 1 1 1
v 13.8906 16.315 38.205 1 1 1
v 30.6045 -2.65172 65.0372 1 1 1
v 10.6515 20.3436 32.9966 1 1 1
v 10.5275 20.7092 32.5488 1 1 1
v 26.6586 4.57802 52.8461 1 1 1
v 9.25688 23.839 27.5926 1 1 1
v 30.6925 -31.8432 51.2412 1 1 1
v 13.5416 20.7748 30.6799 1 1 1
v 20.3751 -24.4916 36.6287 1 1 1
v -15.591 -1.95566 42.7192 1 1 1
v -15.5365 -1.59749 42.3905 1 1 1
v -14.5943 -3.84611 38.1666 1 1 1
v -15.4316 -2.29467 42.6254 1 1 1
v -15.3764 -3.21066 43.2223 1 1 1
v -15.1401 -4.01036 42.8286 1 1 1
v -15.2349 -2.05757 43.2175 1 1 1
v -15.1733 -2.57489 45.0643 1 1 1
v -15.2586 -1.99573 45.4499 1 1 1
v -15.0512 -2.37998 45.1353 1 1 1
v -10.7373 -18.64 29.656 1 1 1
v -10.7812 -19.9914 32.1033 1 1 1
v -14.7692 -3.48955 46.1012 1 1 1
v -16.6101 16.7044 40.0308 1 1 1
v -14.6293 -3.9267 46.3233 1 1 1
v -14.1339 -3.25274 45.9665 1 1 1
v -14.1447 -3.14166 46.6449 1 1 1
v -13.4901 -3.28299 46.9727 1 1 1
v -10.5641 -32.9896 62.2471 1 1 1
v -13.0976 -2.8704 47.7167 1 1 1
v -13.0489 -2.8888 47.1365 1 1 1
v -13.0479 1.0239 42.7397 1 1 1
v -12.822 0.871166 42.3287 1 1 1
v -10.6902 -31.4721 67.125 1 1 1
v -10.6902 -31.4721 67.125 1 1 1
v -10.7047 -31.0698 68.642 1 1 1
v -10.7047 -31.0698 68.642 1 1 1
v -10.8228 -30.6256 69.1456 1 1 1
v -9.78358 -34.1341 64.5488 1 1 1
v -9.78358 -34.1341 64.5488 1 1 1
v -12.4774 -0.762771 44.4014 1 1 1
v -9.89714 -30.6675 67.4055 1 1 1
v -9.90797 -30.4914 67.0179 1 1 1
v -8.9931 -33.3681 64.9794 1 1 1
v -8.9931 -33.3681 64.9794 1 1 1
v -8.29175 -34.5489 63.8434 1 1 1
v -8.10404 -32.9251 66.1557 1 1 1
v -10.6703 -1.45155 46.3303 1 1 1
v -12.5009 13.2605 46.444 1 1 1
v -12.2541 12.3293 47.5353 1 1 1
v -10.1887 -0.717258 46.4201 1 1 1
v -10.0644 -1.01283 46.6205 1 1 1
v -10.3306 -2.62055 74.6551 1 1 1
v -9.25189 -2.73461 58.1751 1 1 1
v -9.16881 -2.14766 47.5976 1 1 1
v -10.3074 10.1481 49.72 1 1 1
v -10.5215 26.949 42.0527 1 1 1
v -10.5215 26.949 42.0527 1 1 1
v -6.46174 0.618019 58.7296 1 1 1
v -6.07883 0.760297 63.7013 1 1 1
v -1.13665 -33.1802 63.2194 1 1 1
v -1.25826 -32.2073 62.0946 1 1 1
v -1.13657 -32.6635 63.0335 1 1 1
v -1.12153 -32.772 62.1701 1 1 1
v -0.672342 -33.2269 62.2313 1 1 1
v -0.623263 -31.4206 64.7015 1 1 1
v -0.87919 -9.68562 76.2012 1 1 1
v -9.15046 25.094 29.7338 1 1 1
v -2.34104 -0.29901 64.4765 1 1 1
v 1.69751 -15.7414 72.3666 1 1 1
v -4.29217 0.0925832 38.6097 1 1 1
v 1.69303 -9.7401 76.6082 1 1 1
v -6.33093 14.0019 33.344 1 1 1
v -6.25507 13.8785 33.4866 1 1 1
v -5.13388 12.3091 34.7152 1 1 1
v -5.19792 12.3007 34.2777 1 1 1
v -4.59249 6.50029 32.1172 1 1 1
v 2.79509 -24.9663 56.8078 1 1 1
v 3.80749 -32.6331 57.0244 1 1 1
v -4.54249 5.62419 31.549 1 1 1
v -3.93353 1.41251 32.1047 1 1 1
v -4.30217 5.37485 32.337 1 1 1
v -4.67428 -4.68671 23.3456 1 1 1
v -3.75959 -3.14022 29.5518 1 1 1
v -4.27503 5.53316 31.619 1 1 1
v -3.7834 -2.66222 29.1123 1 1 1
v -3.45907 -5.47348 29.1345 1 1 1
v 5.39598 -14.7762 72.8437 1 1 1
v 5.41246 -15.4614 71.724 1 1 1
v -3.39497 -5.24259 28.6094 1 1 1
v -3.39497 -5.24259 28.6094 1 1 1
v -3.27479 -5.29955 29.0873 1 1 1
v -3.27479 -5.29955 29.0873 1 1 1
v 5.50051 -15.0805 71.6519 1 1 1
v -3.56375 -3.03554 28.8393 1 1 1
v -3.31101 -5.23069 28.9397 1 1 1
v -3.38589 -4.76176 28.709 1 1 1
v 5.54954 -15.3808 71.3528 1 1 1
v -3.46067 13.1363 38.6493 1 1 1
v 4.79985 -24.1634 61.6743 1 1 1
v 5.65032 -15.4787 70.6077 1 1 1
v -3.46815 -4.3955 28.0316 1 1 1
v 5.60176 -14.2241 70.116 1 1 1
v -3.74581 7.02802 32.3803 1 1 1
v 3.85401 -27.486 52.5162 1 1 1
v 3.80577 -27.3936 52.3356 1 1 1
v -3.64297 12.3509 35.6683 1 1 1
v -3.18188 -5.35823 27.9581 1 1 1
v -3.7042 3.20113 30.1205 1 1 1
v 3.58252 -30.3557 49.4714 1 1 1
v 4.07031 -29.9149 52.1782 1 1 1
v -3.11549 -5.52578 28.217 1 1 1
v 4.00867 -29.5088 52.0403 1 1 1
v 3.70089 -30.2761 49.7606 1 1 1
v -3.04889 -5.35605 28.1301 1 1 1
v -3.12028 -5.18989 27.7331 1 1 1
v -3.10839 -5.19784 27.7192 1 1 1
v -3.02229 -5.5522 27.6665 1 1 1
v -3.02229 -5.5522 27.6665 1 1 1
v 4.20886 -24.3945 53.5976 1 1 1
v -2.7961 -5.69384 28.3912 1 1 1
v -2.7961 -5.69384 28.3912 1 1 1
v 4.07783 -22.4036 53.5416 1 1 1
v 4.35 -30.9809 50.3234 1 1 1
v -3.00806 -5.1849 27.3738 1 1 1
v 4.34531 -19.3039 56.2124 1 1 1
v -2.67 -6.12496 28.5188 1 1 1
v 3.99039 -18.6914 54.0376 1 1 1
v -3.02017 18.1391 38.643 1 1 1
v 4.15708 -29.9753 48.6897 1 1 1
v 4.46932 -24.5041 52.9821 1 1 1
v -2.83063 -5.44203 27.406 1 1 1
v -2.58477 -6.07542 28.2574 1 1 1
v -3.0481 -5.48554 25.9219 1 1 1
v 4.54576 -24.4353 52.244 1 1 1
v -4.03496 -2.5245 22.842 1 1 1
v -2.37396 -5.688 28.9111 1 1 1
v 4.72411 -24.9145 52.1671 1 1 1
v -3.59781 -2.50784 24.5041 1 1 1
v -2.49101 -6.09037 27.5713 1 1 1
v 4.68377 -29.6304 49.3427 1 1 1
v 4.87113 -24.6801 52.1196 1 1 1
v 4.85194 -27.6205 50.0237 1 1 1
v -2.18755 10.2243 35.9532 1 1 1
v 4.65348 -17.648 53.6193 1 1 1
v -2.82947 6.48586 31.238 1 1 1
v -2.94412 6.56059 30.3646 1 1 1
v 5.39527 -27.0148 51.5142 1 1 1
v 5.20981 -15.8506 55.8588 1 1 1
v 5.40685 -15.787 56.1059 1 1 1
v 4.97515 -20.3679 51.9951 1 1 1
v 5.09116 -21.0668 52.0154 1 1 1
v -2.41879 -2.3625 27.7458 1 1 1
v -2.79064 7.31527 30.2678 1 1 1
v 5.46344 -19.4796 53.5838 1 1 1
v 5.14535 -22.6331 50.7712 1 1 1
v 5.29829 -20.7715 51.7904 1 1 1
v -2.30903 -5.66899 26.257 1 1 1
v 5.13957 -20.3349 51.0715 1 1 1
v -2.38992 7.22562 31.2868 1 1 1
v -1.93813 -6.22522 27.366 1 1 1
v 5.31183 -17.8807 52.4431 1 1 1
v 5.17109 -17.749 52.08 1 1 1
v 5.55534 -20.1158 52.2029 1 1 1
v 5.87294 -16.5317 54.9772 1 1 1
v 5.5182 -28.9344 48.2826 1 1 1
v 5.5368 -19.3643 52.3152 1 1 1
v 5.44936 -20.7508 50.3997 1 1 1
v 6.06441 -17.4183 54.6088 1 1 1
v 6.06441 -17.4183 54.6088 1 1 1
v 6.05889 -16.5006 54.8163 1 1 1
v -2.39869 -5.6721 24.8381 1 1 1
v -2.08032 4.02554 29.704 1 1 1
v 6.23538 -20.5177 51.8299 1 1 1
v 6.13301 -29.0989 47.8757 1 1 1
v 6.12217 -29.1017 47.8955 1 1 1
v 6.38043 -22.8288 51.1655 1 1 1
v 7.22989 -23.2996 53.9579 1 1 1
v 6.2667 -29.6497 47.8142 1 1 1
v 6.6615 -29.8644 48.7094 1 1 1
v 6.23194 -23.3049 49.3687 1 1 1
v 6.69392 -29.9838 48.398 1 1 1
v 6.8949 -22.707 51.8125 1 1 1
v 6.5223 -27.9363 48.4103 1 1 1
v -1.29704 12.8806 34.0777 1 1 1
v 6.45713 -25.926 48.2998 1 1 1
v 6.59106 -24.9587 48.5515 1 1 1
v 7.0291 -22.7703 50.3165 1 1 1
v 7.45338 -16.5484 53.2338 1 1 1
v -0.982979 13.4842 33.3408 1 1 1
v -1.04856 12.1519 32.3937 1 1 1
v -0.963956 12.2838 32.6668 1 1 1
v 6.54201 -19.1501 47.8026 1 1 1
v 7.21923 -25.0687 47.8208 1 1 1
v 7.9199 -21.6882 51.2708 1 1 1
v 7.87946 -26.5426 47.9118 1 1 1
v -0.569062 -5.33061 26.4931 1 1 1
v 7.88852 -26.3626 47.0495 1 1 1
v 8.09351 -19.2679 49.935 1 1 1
v -0.455716 -6.81063 25.9636 1 1 1
v 8.61605 -27.3288 48.8581 1 1 1
v 0.622334 -7.36327 28.6547 1 1 1
v 0.217974 13.2227 32.7875 1 1 1
v 9.76543 -15.0518 52.5134 1 1 1
v 10.8389 -15.5168 55.0612 1 1 1
v 1.16176 1.12637 30.9405 1 1 1
v 10.309 -15.6711 52.4678 1 1 1
v 10.3583 -14.7492 52.8501 1 1 1
v 1.31293 13.1926 32.8001 1 1 1
v 10.7295 -27.4801 47.093 1 1 1
v 12.9682 -10.9727 56.194 1 1 1
v 1.64462 12.0297 30.9863 1 1 1
v 1.63344 12.6073 31.0162 1 1 1
v 12.7873 -10.8211 54.2645 1 1 1
v 1.72082 12.6418 30.9271 1 1 1
v 1.77766 11.5741 30.7684 1 1 1
v 12.106 -23.4332 49.013 1 1 1
v 2.63619 21.1626 34.8369 1 1 1
v 1.93966 11.9682 30.8873 1 1 1
v 1.9614 3.5173 28.562 1 1 1
v 12.8033 -18.3322 50.7959 1 1 1
v 13.0139 -18.4904 51.2362 1 1 1
v 12.6636 -21.5653 49.5073 1 1 1
v 2.24662 7.7382 29.9335 1 1 1
v 2.11266 7.46627 29.3933 1 1 1
v 13.5223 -23.292 49.9133 1 1 1
v 14.9213 -10.2283 55.7861 1 1 1
v 15.3495 -10.8452 56.6087 1 1 1
v 14.8648 -10.3194 55.122 1 1 1
v 2.01889 6.41801 27.9649 1 1 1
v 15.1044 -11.0419 55.4927 1 1 1
v 1.98781 -3.87033 25.5772 1 1 1
v 15.0115 -30.9245 50.5085 1 1 1
v 14.4427 -25.5637 50.2511 1 1 1
v 15.9918 -10.9505 56.7132 1 1 1
v 14.7527 -31.4054 49.3354 1 1 1
v 15.3897 -30.9679 50.6667 1 1 1
v 14.6199 -19.6238 51.1607 1 1 1
v 14.7377 -30.3603 49.1116 1 1 1
v 2.25384 -4.07654 25.5118 1 1 1
v 2.25384 -4.07654 25.5118 1 1 1
v 14.4735 -20.0674 50.5902 1 1 1
v 3.58666 21.004 33.3518 1 1 1
v 13.531 -25.5089 46.6411 1 1 1
v 3.84134 9.38122 31.1409 1 1 1
v 3.84134 9.38122 31.1409 1 1 1
v 15.0421 -10.4887 52.402 1 1 1
v 3.20772 -4.90125 26.7406 1 1 1
v 4.23288 20.0013 33.8528 1 1 1
v 4.24926 20.4531 33.8678 1 1 1
v 12.7612 -8.21433 47.2572 1 1 1
v 2.6963 7.40492 27.692 1 1 1
v 2.6963 7.40492 27.692 1 1 1
v 5.18116 20.2543 35.3772 1 1 1
v 3.33509 12.3623 29.3394 1 1 1
v 3.17115 7.8579 28.0725 1 1 1
v 4.8466 13.8164 32.8276 1 1 1
v 2.91917 6.68234 27.095 1 1 1
v 5.03448 14.233 33.0072 1 1 1
v 7.34093 12.2807 37.3123 1 1 1
v 3.65123 15.516 30.0136 1 1 1
v 4.27332 19.3802 32.0763 1 1 1
v 4.8668 20.5657 32.8654 1 1 1
v 4.28394 6.88476 28.9974 1 1 1
v 4.46921 17.3805 31.3286 1 1 1
v 3.7935 -4.75617 25.8506 1 1 1
v 4.32736 -4.81248 26.9118 1 1 1
v 3.89482 16.1709 29.6937 1 1 1
v 4.01062 7.57581 28.2185 1 1 1
v 3.81286 7.49278 27.6681 1 1 1
v 3.95384 7.59378 27.7744 1 1 1
v 4.32664 8.40741 28.643 1 1 1
v 4.00686 4.59128 27.3424 1 1 1
v 5.345 11.2361 31.1231 1 1 1
v 4.25375 7.39807 27.9884 1 1 1
v 4.01379 4.90577 27.1089 1 1 1
v 4.23211 -4.88952 25.857 1 1 1
v 4.29268 -4.80776 25.8508 1 1 1
v 4.92605 8.60092 29.1968 1 1 1
v 5.02035 20.1932 31.0983 1 1 1
v 6.31457 8.19066 31.4712 1 1 1
v 4.31319 15.0691 28.5909 1 1 1
v 2.50568 24.7602 26.5853 1 1 1
v 5.55501 14.4462 30.8182 1 1 1
v 4.19708 -4.28061 24.9288 1 1 1
v 4.97535 6.33465 28.0417 1 1 1
v 4.9831 -4.79577 25.8957 1 1 1
v 5.39823 3.2631 27.8771 1 1 1
v 5.30977 -0.791481 26.9708 1 1 1
v 5.75702 3.92007 28.4122 1 1 1
v 5.57998 0.241074 27.4114 1 1 1
v 5.49467 -4.64906 26.5105 1 1 1
v 5.68707 -4.6625 26.5762 1 1 1
v 8.3848 -3.87495 31.4492 1 1 1
v 5.58086 -2.60129 26.3891 1 1 1
v 5.78882 -0.222939 27.0074 1 1 1
v 6.95634 21.5513 32.0854 1 1 1
v 6.46411 0.647308 28.0296 1 1 1
v 6.07934 -3.47875 26.5374 1 1 1
v 11.1671 17.4102 38.3611 1 1 1
v 6.03968 -3.42941 25.8562 1 1 1
v 6.08363 -3.466 25.7334 1 1 1
v 10.3931 18.4785 35.6281 1 1 1
v 34.0307 -1.11603 62.5601 1 1 1
v 12.4613 19.506 32.6484 1 1 1
v 13.6951 19.397 31.9546 1 1 1
v 12.9154 -18.5686 27.0033 1 1 1
v -17.9204 -12.6571 77.1078 1 1 1
v -17.9118 -12.6489 77.0237 1 1 1
v -13.8421 -29.8258 66.7098 1 1 1
v -13.6995 -30.7488 68.2074 1 1 1
v -12.7089 -34.0131 64.9884 1 1 1
v -11.8962 -23.3735 44.9222 1 1 1
v -11.8962 -23.3735 44.9222 1 1 1
v -14.9173 -3.55487 46.765 1 1 1
v -14.9321 -2.44374 46.5023 1 1 1
v -14.6597 -3.21614 46.8542 1 1 1
v -12.3715 -31.3542 69.1857 1 1 1
v -14.3492 -2.86172 47.262 1 1 1
v -10.7788 -23.9497 44.4543 1 1 1
v -14.1504 -3.21582 47.6922 1 1 1
v -10.5422 -35.8194 65.963 1 1 1
v -10.5533 -35.5141 65.3656 1 1 1
v -10.5533 -35.5141 65.3656 1 1 1
v -13.633 -3.22723 47.6125 1 1 1
v -10.3543 -34.2715 66.1926 1 1 1
v -10.3543 -34.2715 66.1926 1 1 1
v -14.5925 -12.6752 81.6475 1 1 1
v -10.3109 -34.075 67.2941 1 1 1
v -10.3109 -34.075 67.2941 1 1 1
v -9.7312 -35.4814 65.5879 1 1 1
v -9.7312 -35.4814 65.5879 1 1 1
v -13.5539 2.68259 43.0756 1 1 1
v -9.79321 -32.6299 67.618 1 1 1
v -9.79321 -32.6299 67.618 1 1 1
v -8.89023 -35.425 65.157 1 1 1
v -8.91533 -34.7336 65.8017 1 1 1
v -8.91533 -34.7336 65.8017 1 1 1
v -8.05258 -34.5573 65.4428 1 1 1
v -8.16103 -32.3646 67.1548 1 1 1
v -12.9132 13.0658 45.9354 1 1 1
v -9.22589 -1.34716 48.8129 1 1 1
v -6.98822 -2.68658 67.6953 1 1 1
v -1.41979 -31.8218 64.2712 1 1 1
v -0.998899 -31.8418 63.2797 1 1 1
v -0.998899 -31.8418 63.2797 1 1 1
v -0.695304 -34.5834 62.4905 1 1 1
v -0.712386 -34.2664 61.9981 1 1 1
v -0.712386 -34.2664 61.9981 1 1 1
v -0.632663 -33.3398 62.4874 1 1 1
v -0.266035 -33.9078 63.681 1 1 1
v -6.33861 12.5942 45.7484 1 1 1
v 1.88307 -17.6838 72.6698 1 1 1
v 1.88307 -17.6838 72.6698 1 1 1
v 1.78626 -9.54055 76.5332 1 1 1
v 2.03034 -9.7343 76.1435 1 1 1
v -4.56651 11.0483 48.6527 1 1 1
v -1.90101 5.62915 55.7304 1 1 1
v -6.79636 20.3987 36.9022 1 1 1
v -6.40123 17.5108 35.7153 1 1 1
v -0.225317 3.99809 57.9442 1 1 1
v -5.85959 14.4293 33.3398 1 1 1
v 3.68312 -25.9043 54.7218 1 1 1
v 3.58118 -24.5872 54.0909 1 1 1
v 3.56338 -25.3129 52.9341 1 1 1
v 5.89958 -8.59915 72.8676 1 1 1
v 3.80344 -27.391 52.3304 1 1 1
v 4.18475 -29.8211 52.6984 1 1 1
v -5.54572 12.2305 30.659 1 1 1
v -4.90664 16.8403 36.2855 1 1 1
v -4.70587 12.2698 34.342 1 1 1
v -4.69149 12.6855 34.0245 1 1 1
v 3.72596 -28.9381 49.1784 1 1 1
v -3.97676 9.05495 34.8673 1 1 1
v -3.92246 -2.95385 28.569 1 1 1
v -4.23673 4.82269 31.1878 1 1 1
v 4.11795 -30.7054 49.5048 1 1 1
v 4.1211 -30.0667 49.5829 1 1 1
v 4.19529 -28.8203 49.4468 1 1 1
v -3.36421 -4.76641 28.7657 1 1 1
v -3.35175 0.597161 31.3464 1 1 1
v -3.60226 -3.73056 28.02 1 1 1
v -3.3497 12.4286 37.2797 1 1 1
v -2.95462 -5.90122 29.2571 1 1 1
v -4.08237 13.3277 33.7702 1 1 1
v -2.9699 -5.82548 28.6968 1 1 1
v -3.68338 5.87311 30.8752 1 1 1
v 5.21067 -29.442 49.7922 1 1 1
v 4.89483 -17.4159 54.273 1 1 1
v -3.83706 5.21963 29.8988 1 1 1
v 4.8412 -20.2296 51.567 1 1 1
v -2.8726 -5.79378 27.8615 1 1 1
v 5.3597 -29.6241 49.0414 1 1 1
v 5.28871 -28.4156 48.9628 1 1 1
v 5.28879 -17.347 53.3228 1 1 1
v -2.94215 -5.27669 27.0963 1 1 1
v -3.41829 17.2781 35.4978 1 1 1
v -3.41829 17.2781 35.4978 1 1 1
v 5.45397 -29.7302 48.0889 1 1 1
v 5.46438 -21.0086 51.9766 1 1 1
v 5.5448 -28.7013 48.6957 1 1 1
v 5.56119 -20.7191 52.0033 1 1 1
v 5.62494 -28.4447 48.8378 1 1 1
v 5.67241 -17.3876 52.8851 1 1 1
v 5.87755 -29.1256 48.55 1 1 1
v 5.89044 -28.4809 48.6341 1 1 1
v -2.58307 -5.41255 27.0839 1 1 1
v 5.67898 -25.8882 48.1376 1 1 1
v 5.67898 -25.8882 48.1376 1 1 1
v 8.22538 -29.201 55.6436 1 1 1
v 8.22538 -29.201 55.6436 1 1 1
v -2.19938 -4.2822 28.7174 1 1 1
v 6.28469 -21.7579 51.8119 1 1 1
v 6.0831 -21.5597 51.1293 1 1 1
v -2.53843 -2.33427 27.9073 1 1 1
v 6.22215 -26.0364 48.9687 1 1 1
v 6.19912 -22.0743 50.4661 1 1 1
v 6.67354 -27.4519 49.6615 1 1 1
v -1.62845 9.71413 35.4304 1 1 1
v 7.01779 -23.63 51.9768 1 1 1
v 6.33276 -22.8418 50.0169 1 1 1
v -2.18844 -5.63828 27.1578 1 1 1
v -2.18844 -5.63828 27.1578 1 1 1
v 6.17125 -25.1689 48.42 1 1 1
v -1.9815 -6.28106 27.3824 1 1 1
v -1.51838 8.8403 34.5664 1 1 1
v 6.80268 -27.4765 48.5879 1 1 1
v 6.78178 -27.4329 48.5396 1 1 1
v -2.3708 6.42343 30.2785 1 1 1
v 6.76808 -22.895 49.9821 1 1 1
v 6.8446 -20.1771 51.1869 1 1 1
v 6.1673 -25.5397 46.9395 1 1 1
v 7.32479 -16.7905 53.2744 1 1 1
v 7.01001 -22.4806 49.9134 1 1 1
v 7.08203 -22.5475 50.0897 1 1 1
v -1.30981 11.7446 33.8694 1 1 1
v 7.17747 -26.9192 47.1125 1 1 1
v 7.59826 -26.5035 47.7571 1 1 1
v 8.18569 -19.0872 52.1504 1 1 1
v 7.51619 -24.7478 47.7665 1 1 1
v -1.2458 -5.69493 26.8415 1 1 1
v 8.09889 -19.5957 50.7615 1 1 1
v 6.98243 -25.6769 45.2913 1 1 1
v 8.38338 -23.9382 49.4978 1 1 1
v -1.16668 13.0933 33.101 1 1 1
v -1.51848 -4.70916 25.9414 1 1 1
v -1.05808 12.8827 32.6125 1 1 1
v 10.314 -16.2128 56.2163 1 1 1
v -1.09467 -4.94783 26.1902 1 1 1
v -0.961809 7.09506 29.6195 1 1 1
v 13.4554 -22.2201 61.1966 1 1 1
v 10.4274 -15.4976 53.8985 1 1 1
v 10.2064 -12.8741 52.0135 1 1 1
v 10.2317 -13.1859 51.9724 1 1 1
v 11.0693 -12.8609 53.8076 1 1 1
v 11.0087 -12.8289 53.0541 1 1 1
v 11.2195 -29.9789 48.5158 1 1 1
v 11.2436 -13.3139 53.0422 1 1 1
v 0.461841 19.9899 34.0202 1 1 1
v 3.75883 12.4794 40.2478 1 1 1
v 11.2679 -12.6726 52.5116 1 1 1
v 0.867765 13.342 32.8838 1 1 1
v 11.297 -12.1547 52.3831 1 1 1
v 21.9588 -44.3228 70.6052 1 1 1
v 11.4759 -13.4072 52.2625 1 1 1
v 11.4216 -12.2837 52.2884 1 1 1
v 11.5057 -12.8507 52.2657 1 1 1
v 11.4512 -12.8254 52.0913 1 1 1
v 0.969898 13.7972 32.6825 1 1 1
v 1.0724 9.81375 31.7327 1 1 1
v 13.127 -10.7439 55.5222 1 1 1
v 13.0415 -10.6994 55.3335 1 1 1
v 1.47934 12.837 32.8449 1 1 1
v 11.8548 -28.7355 47.4244 1 1 1
v 12.1229 -24.133 48.7501 1 1 1
v 4.82438 12.4947 40.4066 1 1 1
v 2.12565 19.954 34.8234 1 1 1
v 12.9476 -12.7054 52.3955 1 1 1
v 12.9241 -12.3018 52.2324 1 1 1
v 13.5761 -10.4052 54.0638 1 1 1
v 13.7126 -13.3298 53.6347 1 1 1
v 14.232 -12.9622 54.6699 1 1 1
v 4.8988 12.3043 38.8159 1 1 1
v 13.1229 -23.3487 48.7647 1 1 1
v 13.5257 -23.4657 49.1183 1 1 1
v 13.7101 -25.0859 49.208 1 1 1
v 13.8387 -22.2857 49.6872 1 1 1
v 14.7213 -30.2461 49.4178 1 1 1
v 14.8097 -30.8494 49.1521 1 1 1
v 14.8163 -30.8604 49.1946 1 1 1
v 23.464 -40.6149 63.9816 1 1 1
v 2.00929 -4.00743 25.3284 1 1 1
v 2.15748 -4.50361 25.3541 1 1 1
v 4.75425 20.0338 35.3786 1 1 1
v 4.26633 19.6982 33.8817 1 1 1
v 6.0682 11.6513 35.5585 1 1 1
v 2.69282 6.70086 27.8835 1 1 1
v 28.9453 -43.9758 69.2938 1 1 1
v 28.6945 -43.6987 68.7841 1 1 1
v 7.4221 16.0043 38.0197 1 1 1
v 4.43652 13.2126 31.8357 1 1 1
v 27.5812 -42.0623 66.2091 1 1 1
v 4.5937 13.4774 31.8922 1 1 1
v 3.87517 7.18446 28.9263 1 1 1
v 5.13001 13.6331 32.4705 1 1 1
v 4.12793 9.00803 29.7563 1 1 1
v 5.03553 21.0823 33.5039 1 1 1
v 4.01787 8.9207 29.236 1 1 1
v 3.64097 7.67171 28.0577 1 1 1
v 3.57949 -5.48122 25.7104 1 1 1
v 5.07195 13.0713 31.6618 1 1 1
v 6.03325 12.6966 33.3435 1 1 1
v 4.39644 6.82063 29.2113 1 1 1
v 4.45395 6.80663 29.0771 1 1 1
v 5.22253 14.2405 31.6707 1 1 1
v 4.37602 13.2086 29.9361 1 1 1
v 3.86701 4.77636 27.4343 1 1 1
v 4.21799 6.70535 28.3352 1 1 1
v 4.19032 6.6839 28.2802 1 1 1
v 4.11938 16.3969 29.5101 1 1 1
v 7.76892 12.5925 35.2913 1 1 1
v 4.28269 16.0032 29.177 1 1 1
v 32.0913 -43.3649 68.9404 1 1 1
v 5.04374 14.809 29.8309 1 1 1
v 5.49834 14.4946 30.4102 1 1 1
v 4.3821 -4.906 25.3845 1 1 1
v 4.73264 5.49805 27.2589 1 1 1
v 5.52681 5.65943 28.4929 1 1 1
v 5.63286 2.28871 28.0746 1 1 1
v 5.5374 2.25795 27.9176 1 1 1
v 8.56848 18.9292 35.2627 1 1 1
v 5.81458 4.38632 28.275 1 1 1
v 6.19151 15.3367 30.4099 1 1 1
v 5.4482 1.83393 27.348 1 1 1
v 6.278 0.439164 27.9788 1 1 1
v 5.5619 -2.68899 26.2924 1 1 1
v 6.42178 0.321486 28.0446 1 1 1
v 2.52374 24.3441 24.8652 1 1 1
v 6.01011 -3.81073 26.4118 1 1 1
v 8.95183 18.4412 33.4492 1 1 1
v 10.3674 18.8787 33.784 1 1 1
v 38.9064 -40.6289 63.6198 1 1 1
v 42.5382 -42.0921 65.9266 1 1 1
v 36.9903 -1.0156 61.4658 1 1 1
v -15.9908 -3.19206 46.1014 1 1 1
v -15.6432 -4.30521 45.5525 1 1 1
v -15.6606 -3.9049 45.4787 1 1 1
v -15.8454 -2.16324 44.941 1 1 1
v -15.8454 -2.16324 44.941 1 1 1
v -15.9014 -1.99169 45.9875 1 1 1
v -19.0126 21.6959 36.3308 1 1 1
v -15.5829 -3.35041 46.2199 1 1 1
v -15.6581 -2.3769 46.083 1 1 1
v -15.5779 -2.67762 46.0667 1 1 1
v -15.5016 -2.86143 45.9168 1 1 1
v -11.929 -35.3625 68.4233 1 1 1
v -15.3846 -2.43916 45.4361 1 1 1
v -12.4406 -31.2866 70.6159 1 1 1
v -15.1864 -2.45951 45.3323 1 1 1
v -15.0148 -3.79376 46.7202 1 1 1
v -15.0239 -2.56483 47.0507 1 1 1
v -15.0631 -2.25326 46.4707 1 1 1
v -14.9312 -2.76515 47.0839 1 1 1
v -14.8294 -3.37981 47.0527 1 1 1
v -15.2756 -12.9359 81.6927 1 1 1
v -10.5579 -35.3026 66.9772 1 1 1
v -10.5579 -35.3026 66.9772 1 1 1
v -10.6002 -33.7523 67.8825 1 1 1
v -10.6002 -33.7523 67.8825 1 1 1
v -14.4669 -11.8878 81.7954 1 1 1
v -9.75254 -34.0894 66.4429 1 1 1
v -9.75254 -34.0894 66.4429 1 1 1
v -13.8329 -3.17801 47.846 1 1 1
v -13.7705 -3.07229 47.6371 1 1 1
v -8.12256 -33.9046 66.1107 1 1 1
v -8.12256 -33.9046 66.1107 1 1 1
v -8.14175 -32.4172 67.2756 1 1 1
v -8.14175 -32.4172 67.2756 1 1 1
v -10.9207 -11.9679 80.3968 1 1 1
v -13.1997 13.4293 46.2846 1 1 1
v -13.1129 13.471 46.2853 1 1 1
v -13.0656 13.0389 45.7449 1 1 1
v -8.25031 -11.026 74.8506 1 1 1
v -12.4267 13.8264 48.0368 1 1 1
v -11.8358 11.9866 47.7318 1 1 1
v -3.93681 -33.1859 63.3899 1 1 1
v -11.6057 12.7611 46.3006 1 1 1
v -10.2195 4.96705 44.8977 1 1 1
v -8.25279 -0.149475 50.6081 1 1 1
v -1.6338 -34.3984 64.1446 1 1 1
v -11.7852 19.2435 37.0573 1 1 1
v -11.7791 19.4592 37.3889 1 1 1
v -1.51928 -31.348 65.2331 1 1 1
v -1.60365 -32.0918 63.3386 1 1 1
v -7.86529 7.41623 52.8405 1 1 1
v -0.886703 -31.6114 63.2147 1 1 1
v -0.723059 -31.4608 63.4807 1 1 1
v -0.414617 -30.8309 65.5472 1 1 1
v -0.2255 -31.6332 66.1297 1 1 1
v -1.60445 -9.74438 75.3673 1 1 1
v -11.2533 23.3947 32.0667 1 1 1
v -7.74329 16.6391 39.4991 1 1 1
v -7.74329 16.6391 39.4991 1 1 1
v -6.15041 12.8301 45.4241 1 1 1
v -5.52003 11.8171 46.7309 1 1 1
v -5.52003 11.8171 46.7309 1 1 1
v -6.6452 14.4692 41.2429 1 1 1
v -1.85791 5.37958 55.1768 1 1 1
v -1.85791 5.37958 55.1768 1 1 1
v -0.22672 1.80795 60.3837 1 1 1
v -4.66386 -0.360248 35.1145 1 1 1
v 4.58954 -8.44203 71.5427 1 1 1
v 3.24384 -32.2079 49.8441 1 1 1
v 4.20835 -23.2897 59.5065 1 1 1
v -6.37284 13.8849 33.2887 1 1 1
v 5.92713 -15.1989 71.5564 1 1 1
v -6.54501 20.7028 36.2745 1 1 1
v 3.86621 -32.3804 49.9603 1 1 1
v 3.88562 -32.1695 50.0118 1 1 1
v 3.76119 -29.9346 50.5941 1 1 1
v 3.76119 -29.9346 50.5941 1 1 1
v 5.06344 -19.5072 61.7404 1 1 1
v 3.94399 -27.1164 52.6386 1 1 1
v 3.82002 -22.225 54.7711 1 1 1
v 4.06041 -29.1691 51.3727 1 1 1
v 4.06041 -29.1691 51.3727 1 1 1
v -5.72672 14.8392 34.1824 1 1 1
v 4.0506 -31.9316 49.4154 1 1 1
v 6.28166 -14.6495 67.7094 1 1 1
v 6.11687 -6.74536 71.0827 1 1 1
v 4.78805 -30.0097 52.6229 1 1 1
v 4.27445 -19.0749 56.3597 1 1 1
v 4.31245 -24.7015 53.3071 1 1 1
v 5.85704 -7.08728 68.4447 1 1 1
v 4.13513 -28.8485 49.7841 1 1 1
v -5.50097 19.5777 35.9303 1 1 1
v 4.70462 -32.2537 49.8351 1 1 1
v 4.53907 -24.5948 53.2617 1 1 1
v 3.99334 -21.2129 52.1106 1 1 1
v -3.80475 1.48639 32.5036 1 1 1
v -4.25579 5.39631 32.485 1 1 1
v -4.58464 16.9069 36.8476 1 1 1
v 4.74318 -31.2585 48.6635 1 1 1
v 4.6619 -24.4418 51.4866 1 1 1
v -4.44071 5.94385 31.3697 1 1 1
v -4.00338 8.79336 34.3065 1 1 1
v 4.26509 -21.2256 51.403 1 1 1
v -4.07412 5.59215 32.4449 1 1 1
v 4.46398 -21.6944 51.7583 1 1 1
v -3.71137 -2.63002 29.3715 1 1 1
v 5.07514 -26.0877 51.0686 1 1 1
v -4.19873 5.84316 31.5139 1 1 1
v -4.05653 17.3755 37.4067 1 1 1
v 4.43852 -21.0917 50.8137 1 1 1
v 4.74824 -17.7565 53.3693 1 1 1
v 4.68669 -17.3331 53.0447 1 1 1
v 5.09367 -29.0724 48.983 1 1 1
v -4.01289 5.10245 31.2465 1 1 1
v 5.11829 -17.3627 54.1337 1 1 1
v -4.04999 4.39662 30.2289 1 1 1
v 5.05413 -17.5881 53.1399 1 1 1
v -3.36237 -3.55035 29.0648 1 1 1
v 5.45492 -20.1139 53.4569 1 1 1
v 5.02199 -19.0433 52.1495 1 1 1
v 5.2709 -19.5608 52.729 1 1 1
v -3.3303 -4.28723 28.5551 1 1 1
v -3.36943 -4.37981 28.3547 1 1 1
v -2.92902 -5.6568 28.9721 1 1 1
v -3.64915 3.456 30.3537 1 1 1
v 5.37804 -20.4877 51.6716 1 1 1
v 5.50087 -29.3035 48.2604 1 1 1
v 5.50087 -29.3035 48.2604 1 1 1
v 5.58618 -28.4118 48.7729 1 1 1
v 5.48558 -19.7024 52.078 1 1 1
v -3.45403 17.3734 36.9623 1 1 1
v 5.53668 -18.0384 52.9879 1 1 1
v 5.89669 -16.3265 54.6213 1 1 1
v 5.62702 -28.6479 48.4139 1 1 1
v 5.6151 -19.941 51.8648 1 1 1
v 5.49847 -21.3146 51.0485 1 1 1
v 5.77973 -21.1709 51.7949 1 1 1
v 6.06916 -31.2493 48.3239 1 1 1
v -2.7444 -5.89918 28.5461 1 1 1
v 5.87766 -17.7305 52.5234 1 1 1
v 6.01031 -17.8191 52.8803 1 1 1
v 5.95377 -28.6158 48.1014 1 1 1
v 6.05105 -16.9579 53.3013 1 1 1
v -2.91957 -5.64765 27.8089 1 1 1
v -2.91957 -5.64765 27.8089 1 1 1
v 5.09693 -20.1576 48.9102 1 1 1
v -2.90014 -5.50895 27.8641 1 1 1
v -3.06209 -5.3146 27.3626 1 1 1
v -4.11715 13.6647 31.5371 1 1 1
v -2.50765 -6.14829 28.5971 1 1 1
v 6.0924 -29.3357 47.8589 1 1 1
v 5.89451 -27.4591 47.7661 1 1 1
v 6.67151 -22.5845 52.2542 1 1 1
v 5.99129 -27.9674 47.7684 1 1 1
v 6.17349 -29.5557 47.6319 1 1 1
v 6.06435 -17.1475 52.1643 1 1 1
v -1.9546 10.2399 36.4976 1 1 1
v 6.22428 -30.7064 47.0476 1 1 1
v 6.52403 -31.294 47.7162 1 1 1
v 6.50168 -28.9231 48.1333 1 1 1
v 6.50168 -28.9231 48.1333 1 1 1
v 7.77098 -23.3545 54.3058 1 1 1
v 6.23235 -27.5141 47.7232 1 1 1
v 6.552 -30.1763 47.5216 1 1 1
v 6.56364 -22.4769 50.4797 1 1 1
v 6.71579 -30.8475 47.666 1 1 1
v -2.34932 -6.13142 27.9928 1 1 1
v 6.38268 -26.7106 47.9343 1 1 1
v 6.1533 -24.7351 47.8144 1 1 1
v 7.19346 -16.8761 54.0023 1 1 1
v 6.42517 -26.7344 47.7162 1 1 1
v 7.02868 -31.0537 47.7608 1 1 1
v 6.52092 -25.4916 47.9441 1 1 1
v 6.69337 -26.6127 47.952 1 1 1
v 7.25122 -22.8033 51.0291 1 1 1
v -2.79842 6.44828 30.3422 1 1 1
v 6.76729 -25.2883 48.1984 1 1 1
v -2.75919 6.73809 30.1643 1 1 1
v -1.99274 -6.05745 27.8314 1 1 1
v 7.30285 -29.6794 47.5377 1 1 1
v 7.30285 -29.6794 47.5377 1 1 1
v 7.54502 -31.1804 47.5394 1 1 1
v 7.07391 -26.1329 47.7681 1 1 1
v -1.87357 -6.21196 27.722 1 1 1
v -2.50482 7.8102 30.3183 1 1 1
v -2.61035 3.6309 28.4685 1 1 1
v -2.58852 3.65216 28.5402 1 1 1
v 7.49197 -26.2971 47.7064 1 1 1
v -1.89358 12.528 33.1418 1 1 1
v 9.31237 -16.4409 54.9588 1 1 1
v -1.97343 7.83774 30.6684 1 1 1
v -2.04165 4.05637 29.2526 1 1 1
v 8.00494 -24.4621 48.1817 1 1 1
v 8.15079 -26.7502 47.7867 1 1 1
v 8.40357 -27.3206 48.1155 1 1 1
v 8.35168 -19.7405 50.5539 1 1 1
v 5.96485 -17.5432 44.0292 1 1 1
v -1.59221 12.3887 32.63 1 1 1
v -1.34452 12.3066 33.0846 1 1 1
v -1.37222 13.1832 32.9185 1 1 1
v -1.28938 13.3155 33.1626 1 1 1
v -1.1735 12.87 33.1154 1 1 1
v 9.25292 -26.7403 48.1484 1 1 1
v 9.06466 -27.1329 47.5135 1 1 1
v -1.15595 11.9501 32.0116 1 1 1
v -0.648559 9.19212 32.3604 1 1 1
v 9.59004 -16.1422 51.2015 1 1 1
v 10.2853 -14.0777 52.8486 1 1 1
v -1.42119 5.97968 27.9682 1 1 1
v -0.830797 -4.87654 26.1966 1 1 1
v -0.265427 14.8595 33.2419 1 1 1
v 10.7001 -31.3382 47.7546 1 1 1
v -1.16356 6.16553 28.1803 1 1 1
v -0.743799 -4.44053 26.2457 1 1 1
v 9.90254 -25.7174 46.9365 1 1 1
v 10.668 -31.2103 47.1349 1 1 1
v 11.0071 -31.3138 47.9696 1 1 1
v 10.6599 -31.1742 47.089 1 1 1
v 10.9456 -12.4289 52.8453 1 1 1
v -0.632457 -4.48918 26.3153 1 1 1
v 10.2369 -27.3063 46.8648 1 1 1
v -0.585506 -4.39327 26.3571 1 1 1
v 10.6916 -30.3908 46.97 1 1 1
v -0.406557 -4.52365 26.6313 1 1 1
v 10.8591 -16.068 50.7062 1 1 1
v 10.8591 -16.068 50.7062 1 1 1
v 10.953 -10.9534 52.1129 1 1 1
v 0.0649741 7.09214 30.3112 1 1 1
v 11.6831 -12.4723 52.4092 1 1 1
v 12.2838 -31.4313 48.6832 1 1 1
v 11.8148 -11.0201 52.5631 1 1 1
v 10.1135 -24.0652 45.0298 1 1 1
v 11.7591 -11.4825 51.6736 1 1 1
v 1.83841 13.5204 34.8808 1 1 1
v 12.0913 -10.8804 52.4745 1 1 1
v 4.76639 12.8393 41.3224 1 1 1
v 11.8292 -11.1967 51.1685 1 1 1
v 11.8292 -11.1967 51.1685 1 1 1
v 1.06861 17.9622 33.5307 1 1 1
v 12.0656 -27.3417 47.4832 1 1 1
v 12.4167 -10.8847 52.112 1 1 1
v 12.6251 -11.6032 52.2528 1 1 1
v 12.4252 -11.5457 51.8033 1 1 1
v 12.366 -11.302 51.6843 1 1 1
v 12.6669 -10.6511 52.2437 1 1 1
v 1.15435 12.2984 31.5121 1 1 1
v 13.5744 -10.6133 53.7044 1 1 1
v 13.7243 -27.567 49.7578 1 1 1
v 1.24126 13.0444 31.5952 1 1 1
v 1.19381 12.9697 31.4632 1 1 1
v 14.421 -10.4221 55.2329 1 1 1
v 13.5574 -31.8816 48.2686 1 1 1
v 13.9108 -10.6489 53.8374 1 1 1
v 13.734 -11.3819 53.3268 1 1 1
v 13.074 -24.7051 48.731 1 1 1
v 12.6347 -29.4192 46.4772 1 1 1
v 1.25071 11.6519 30.9434 1 1 1
v 18.9306 -17.962 62.5031 1 1 1
v 12.7976 -31.0288 46.3467 1 1 1
v 14.2395 -10.2465 53.8881 1 1 1
v 14.5531 -10.3009 54.5377 1 1 1
v 13.6935 -29.8862 48.2368 1 1 1
v 15.8269 -13.5054 56.4199 1 1 1
v 13.6397 -31.4363 47.4427 1 1 1
v 15.303 -10.6472 55.3667 1 1 1
v 14.9181 -29.5952 49.767 1 1 1
v 1.56002 11.2946 30.1518 1 1 1
v 15.7442 -29.9665 50.4063 1 1 1
v 14.8248 -31.7874 47.9769 1 1 1
v 2.25091 8.11277 30.2931 1 1 1
v 14.2804 -29.8028 46.871 1 1 1
v 2.71588 9.25747 31.1286 1 1 1
v 14.2481 -30.7536 46.0389 1 1 1
v 2.71236 17.2547 32.3949 1 1 1
v 2.8654 11.429 31.2725 1 1 1
v 15.5726 -29.8157 48.4877 1 1 1
v 0.441394 -6.05121 22.5467 1 1 1
v 1.79115 7.46728 27.8792 1 1 1
v 1.88144 7.63442 27.7982 1 1 1
v 3.41339 17.9003 32.6984 1 1 1
v 2.15343 -4.52383 25.7876 1 1 1
v 2.05634 -4.07307 25.6105 1 1 1
v 2.86711 -6.18646 26.7536 1 1 1
v 2.14474 -4.03499 25.4221 1 1 1
v 2.19436 -4.03395 25.4985 1 1 1
v 2.14474 -4.03499 25.4221 1 1 1
v 2.9053 6.87156 28.3002 1 1 1
v 3.07204 -4.77839 26.5237 1 1 1
v 2.75869 7.41975 28.018 1 1 1
v 16.7119 -31.4005 47.2105 1 1 1
v 2.91243 -4.30319 25.896 1 1 1
v 3.32966 20.5332 30.9155 1 1 1
v 2.94976 18.9113 29.9175 1 1 1
v 4.93517 13.8557 32.5615 1 1 1
v 5.1983 14.1473 33.0672 1 1 1
v 5.1983 14.1473 33.0672 1 1 1
v 2.72441 7.62029 27.3264 1 1 1
v 2.93605 -3.66194 25.4922 1 1 1
v 4.35997 19.7979 31.8501 1 1 1
v 3.20019 7.76532 27.6131 1 1 1
v 4.56204 13.6485 30.6624 1 1 1
v 4.61234 13.7058 30.7565 1 1 1
v 3.77085 8.28883 28.255 1 1 1
v 4.69118 8.21028 28.9821 1 1 1
v 4.07066 3.86367 27.1438 1 1 1
v 6.87904 15.3244 32.901 1 1 1
v 5.12255 2.45193 28.0221 1 1 1
v 5.08621 2.43288 27.9573 1 1 1
v 4.98454 2.24442 27.7388 1 1 1
v 4.98697 2.11423 27.6507 1 1 1
v 3.35096 22.9258 28.0004 1 1 1
v 6.36767 15.4381 31.6006 1 1 1
v 3.69229 -4.19076 24.1948 1 1 1
v 5.43857 5.58563 28.3034 1 1 1
v 5.442 5.57606 28.2907 1 1 1
v 6.07586 -3.5804 27.7578 1 1 1
v 5.40324 4.33935 27.5554 1 1 1
v 5.4184 -2.10144 26.5452 1 1 1
v 5.47494 -2.59867 26.3372 1 1 1
v 6.93881 -2.22739 28.5091 1 1 1
v 6.32057 0.257201 27.8197 1 1 1
v 6.51346 5.68219 28.7193 1 1 1
v 5.79089 -3.14788 26.1357 1 1 1
v 5.85119 -3.50278 26.0254 1 1 1
v 7.37503 -2.75506 27.835 1 1 1
v 34.6481 -1.40372 63.1142 1 1 1
v 23.186 -29.3475 44.0892 1 1 1
v 29.4122 -30.673 49.2229 1 1 1
v 28.2949 -28.8363 46.7483 1 1 1
v 31.3275 5.64267 50.2094 1 1 1
v -18.1001 -0.351298 45.931 1 1 1
v -17.9481 -0.523124 44.9396 1 1 1
v -18.0109 -0.110419 44.8729 1 1 1
v -17.7179 -1.92348 45.6764 1 1 1
v -12.6955 -18.2352 28.0144 1 1 1
v -16.6881 -3.35454 45.749 1 1 1
v -16.3127 -1.17566 44.5963 1 1 1
v -15.8932 -4.0524 45.6845 1 1 1
v -15.8217 -4.48387 46.0229 1 1 1
v -16.9019 -10.398 78.7821 1 1 1
v -16.9019 -10.398 78.7821 1 1 1
v -15.8523 -3.82653 46.001 1 1 1
v -15.8523 -3.82653 46.001 1 1 1
v -15.8898 -1.8149 46.4201 1 1 1
v -15.7746 -1.75691 45.4866 1 1 1
v -15.795 -1.70701 45.9391 1 1 1
v -15.608 -2.12617 46.1536 1 1 1
v -15.6152 -2.02113 46.3337 1 1 1
v -15.222 -4.17847 46.4579 1 1 1
v -15.2158 -3.96911 46.2943 1 1 1
v -15.2155 -3.96601 46.3649 1 1 1
v -15.2155 -3.96601 46.3649 1 1 1
v -15.2122 -3.39562 46.6724 1 1 1
v -15.2122 -3.39562 46.6724 1 1 1
v -15.4732 -10.1224 76.6016 1 1 1
v -15.1844 -3.11618 47.287 1 1 1
v -15.024 -4.14426 49.048 1 1 1
v -15.0411 -4.13813 49.0621 1 1 1
v -10.6168 -32.5496 67.2629 1 1 1
v -10.6168 -32.5496 67.2629 1 1 1
v -10.6294 -31.9894 68.2507 1 1 1
v -10.6294 -31.9894 68.2507 1 1 1
v -14.6588 -4.04552 48.3125 1 1 1
v -10.663 -31.1602 68.8147 1 1 1
v -14.7993 -3.70932 53.4867 1 1 1
v -9.75351 -34.4635 65.0969 1 1 1
v -9.77676 -33.1389 66.4474 1 1 1
v -9.77676 -33.1389 66.4474 1 1 1
v -11.2378 -17.5945 26.9012 1 1 1
v -11.2378 -17.5945 26.9012 1 1 1
v -14.1347 -3.196 48.191 1 1 1
v -8.87629 -34.4565 64.7005 1 1 1
v -8.87629 -34.4565 64.7005 1 1 1
v -8.93981 -33.7504 65.6933 1 1 1
v -8.93981 -33.7504 65.6933 1 1 1
v -13.7549 -3.33117 48.7237 1 1 1
v -9.04887 -30.4208 68.6992 1 1 1
v -8.68923 -32.0053 67.045 1 1 1
v -13.0289 -2.95598 48.8315 1 1 1
v -8.32103 -30.9185 67.8009 1 1 1
v -8.06858 -31.6044 67.6774 1 1 1
v -13.2268 -0.291686 47.5532 1 1 1
v -13.2268 -0.291686 47.5532 1 1 1
v -13.0125 1.08161 43.5534 1 1 1
v -10.2677 -0.710029 47.6187 1 1 1
v -10.1463 -0.961317 47.9497 1 1 1
v -9.02879 -1.79299 61.9774 1 1 1
v -12.0033 11.937 47.3451 1 1 1
v -8.27093 -1.60527 49.4745 1 1 1
v -1.36776 -32.5246 64.4536 1 1 1
v -1.03549 -32.7145 64.7864 1 1 1
v -1.35489 -32.4911 61.7165 1 1 1
v -0.592083 -33.2604 67.1008 1 1 1
v -6.51699 0.32782 59.0622 1 1 1
v -0.99081 -33.9371 60.9942 1 1 1
v -0.926162 -32.0124 63.6217 1 1 1
v -0.926162 -32.0124 63.6217 1 1 1
v -0.99001 -32.9235 62.0237 1 1 1
v -8.80157 6.06028 45.5934 1 1 1
v -1.24137 -31.6679 60.2754 1 1 1
v -7.94067 7.72081 53.3498 1 1 1
v -0.439284 -35.0378 61.6002 1 1 1
v -0.423104 -35.063 61.6333 1 1 1
v -2.86109 -6.59324 71.9674 1 1 1
v -7.8222 9.20194 47.7226 1 1 1
v -6.53905 11.5416 45.97 1 1 1
v -5.8246 12.054 46.4154 1 1 1
v -7.75268 16.6139 39.4024 1 1 1
v 3.51443 -10.3304 74.8395 1 1 1
v 5.42882 -15.0858 71.3043 1 1 1
v 3.2673 -22.3204 56.7214 1 1 1
v 5.87901 -15.658 71.377 1 1 1
v 3.05797 -26.5558 52.5068 1 1 1
v 6.30772 -15.6779 71.767 1 1 1
v 4.84308 -12.9112 66.5875 1 1 1
v 6.54194 -14.9957 72.0015 1 1 1
v 3.52489 -24.5268 53.8992 1 1 1
v 3.675 -27.1628 52.7177 1 1 1
v 3.675 -27.1628 52.7177 1 1 1
v -6.50899 17.1568 35.1088 1 1 1
v 3.63057 -22.9396 54.3363 1 1 1
v 3.87342 -27.4766 52.5417 1 1 1
v 3.65892 -30.5363 49.8412 1 1 1
v 6.08994 -6.13699 72.2384 1 1 1
v 5.26424 -7.76597 68.1264 1 1 1
v 3.82458 -24.2792 53.4973 1 1 1
v -6.41967 19.464 35.5916 1 1 1
v 3.86783 -29.2217 50.7591 1 1 1
v -6.57808 19.7148 34.8349 1 1 1
v 3.75101 -29.5307 49.4998 1 1 1
v 5.18598 -7.54059 66.0692 1 1 1
v 5.87443 -5.78211 69.6273 1 1 1
v 4.07001 -24.2215 53.1704 1 1 1
v 4.10803 -30.706 49.5137 1 1 1
v 4.10056 -30.3231 49.4762 1 1 1
v 4.82354 -2.89174 65.704 1 1 1
v 4.91755 -3.45623 65.7345 1 1 1
v 6.3335 -5.51213 69.1098 1 1 1
v -9.14226 21.8541 24.5933 1 1 1
v 4.64564 -24.7801 52.649 1 1 1
v -5.69718 18.254 34.8796 1 1 1
v 6.27071 -6.14892 66.7093 1 1 1
v 6.48165 -4.90656 67.8136 1 1 1
v 4.11746 -17.8002 53.1468 1 1 1
v 4.72598 -28.4154 50.3166 1 1 1
v 4.72598 -28.4154 50.3166 1 1 1
v 6.39044 -6.69446 66.221 1 1 1
v -5.47754 14.4825 33.1319 1 1 1
v -5.47754 14.4825 33.1319 1 1 1
v -4.93996 18.0098 36.0705 1 1 1
v -5.22848 13.2673 32.7795 1 1 1
v 4.90132 -24.1843 51.0822 1 1 1
v 5.12589 -15.4938 55.4961 1 1 1
v -4.39754 6.97746 32.3559 1 1 1
v 5.05203 -26.462 50.2601 1 1 1
v 5.11786 -29.4109 49.1692 1 1 1
v -3.93425 8.84621 34.4703 1 1 1
v 5.25591 -15.4476 55.4357 1 1 1
v 4.88608 -17.6144 53.1715 1 1 1
v 4.83301 -18.5426 52.2543 1 1 1
v 5.18819 -27.8305 49.2857 1 1 1
v 5.28722 -19.5319 53.0636 1 1 1
v 5.28722 -19.5319 53.0636 1 1 1
v 5.19706 -28.2319 48.9352 1 1 1
v -4.14175 -3.0463 28.0675 1 1 1
v -3.82285 -2.92446 29.1068 1 1 1
v -3.59114 -4.82412 29.094 1 1 1
v -3.59114 -4.82412 29.094 1 1 1
v -4.59984 15.9854 34.4718 1 1 1
v -3.91062 -2.47524 28.7472 1 1 1
v -3.92027 11.284 34.4422 1 1 1
v 5.34762 -29.6066 47.8224 1 1 1
v 5.53003 -29.0281 48.5059 1 1 1
v 5.54352 -28.0268 48.7716 1 1 1
v 6.20731 -28.502 50.5905 1 1 1
v -3.57313 -2.60689 29.1947 1 1 1
v 5.53628 -28.54 48.1754 1 1 1
v -3.25621 -4.7528 29.0801 1 1 1
v -2.78418 8.68438 35.9242 1 1 1
v 5.74898 -17.0142 53.0918 1 1 1
v 5.6279 -28.8266 47.9463 1 1 1
v -2.84861 12.4718 37.1121 1 1 1
v -3.50788 1.00801 30.3137 1 1 1
v 5.90433 -29.1839 48.4074 1 1 1
v 6.02249 -29.0579 48.5276 1 1 1
v -3.39319 0.589417 30.1281 1 1 1
v 6.48088 -21.4599 52.1839 1 1 1
v 6.48076 -17.7655 53.3607 1 1 1
v -3.80646 5.22593 30.0074 1 1 1
v 5.57317 -24.8878 47.6074 1 1 1
v 6.50297 -30.4556 48.3108 1 1 1
v 6.68817 -21.6699 51.61 1 1 1
v 5.54912 -22.7018 47.6052 1 1 1
v -3.11736 -5.48077 27.4365 1 1 1
v 6.2012 -24.5613 48.1962 1 1 1
v 6.88651 -17.7043 52.5284 1 1 1
v -2.9705 -5.23074 27.3849 1 1 1
v 7.26169 -20.9081 51.6913 1 1 1
v 7.07155 -16.8669 52.5223 1 1 1
v 6.47854 -22.6099 47.94 1 1 1
v 7.16408 -21.9616 49.9964 1 1 1
v 7.23267 -21.0339 49.431 1 1 1
v -2.75764 -2.63794 27.2369 1 1 1
v 7.28905 -25.1472 48.1147 1 1 1
v -2.9367 7.36846 29.5887 1 1 1
v -2.77913 7.30326 29.9297 1 1 1
v -2.77913 7.30326 29.9297 1 1 1
v 7.60869 -26.5171 47.4009 1 1 1
v -2.60059 16.2093 32.9765 1 1 1
v 7.56254 -26.569 46.7778 1 1 1
v -2.12739 -1.8643 28.1727 1 1 1
v -2.60687 6.08697 29.1709 1 1 1
v -1.72141 -5.38792 27.4424 1 1 1
v -1.72141 -5.38792 27.4424 1 1 1
v 8.69661 -18.7228 50.8109 1 1 1
v 9.5859 -15.8968 53.3895 1 1 1
v 10.4464 -15.938 54.6674 1 1 1
v 10.4464 -15.938 54.6674 1 1 1
v 9.30561 -24.4214 48.8862 1 1 1
v -2.10664 7.03242 28.6205 1 1 1
v -1.43948 12.6736 31.8537 1 1 1
v 10.372 -15.1771 53.7307 1 1 1
v 9.46211 -14.7655 51.0633 1 1 1
v 9.63598 -27.2769 47.2042 1 1 1
v 10.0717 -14.547 51.6781 1 1 1
v -1.33334 -4.76776 26.4169 1 1 1
v 9.75716 -29.8039 46.3502 1 1 1
v -0.903207 18.259 32.421 1 1 1
v 12.6232 -32.8898 50.5522 1 1 1
v -0.817792 -4.24614 26.2437 1 1 1
v -0.495247 12.175 30.9532 1 1 1
v 11.2558 -11.4535 52.0825 1 1 1
v 12.6828 -10.5792 55.2744 1 1 1
v 12.6828 -10.5792 55.2744 1 1 1
v 18.7506 -30.3332 63.7359 1 1 1
v 0.180518 18.4429 32.9906 1 1 1
v 13.2069 -32.7305 50.0311 1 1 1
v 12.3703 -15.041 52.2386 1 1 1
v 16.6595 -7.35413 63.4377 1 1 1
v 10.7643 -23.5746 46.4568 1 1 1
v 17.4508 -10.1266 64.2106 1 1 1
v 12.0218 -10.6682 51.8637 1 1 1
v 17.5848 -7.59013 64.8611 1 1 1
v 17.5848 -7.59013 64.8611 1 1 1
v 10.961 -24.6469 46.1887 1 1 1
v 17.4758 -7.54778 64.1794 1 1 1
v 11.6806 -22.9225 47.8507 1 1 1
v 12.4286 -10.8861 52.1464 1 1 1
v 0.179564 12.6317 30.6345 1 1 1
v 13.7754 -32.6859 49.9035 1 1 1
v 8.33715 -10.3827 43.1314 1 1 1
v 10.3327 -10.674 47.3058 1 1 1
v -0.607947 13.6597 28.7795 1 1 1
v 12.6771 -30.2823 47.509 1 1 1
v 13.5267 -10.6068 53.5974 1 1 1
v 22.8422 -12.4958 73.2023 1 1 1
v 0.826532 13.0234 31.1282 1 1 1
v 15.2434 -10.2759 56.4033 1 1 1
v 12.9223 -22.7674 48.8304 1 1 1
v 12.9223 -22.7674 48.8304 1 1 1
v 13.0198 -24.2496 48.6815 1 1 1
v 12.8429 -18.7786 49.3406 1 1 1
v 9.47898 -7.13637 44.8846 1 1 1
v 15.2109 -10.0397 55.8457 1 1 1
v 14.0079 -14.4929 52.1272 1 1 1
v 13.0185 -19.8099 48.4813 1 1 1
v 15.1722 -9.75839 54.6551 1 1 1
v 19.7214 -13.6405 62.4005 1 1 1
v 12.3456 -12.1957 47.7906 1 1 1
v 1.62698 17.7176 31.7674 1 1 1
v 17.4961 -29.727 54.0397 1 1 1
v 15.6755 -32.3329 49.4616 1 1 1
v 26.9759 -24.5047 72.8243 1 1 1
v 21.8372 -36.8267 58.0951 1 1 1
v 3.37829 17.6878 31.6125 1 1 1
v 2.5218 8.47249 28.5048 1 1 1
v 2.5218 8.47249 28.5048 1 1 1
v 2.1232 -4.03703 25.3953 1 1 1
v 2.07601 -3.95933 25.2928 1 1 1
v 1.91189 7.79831 26.7148 1 1 1
v 2.22847 -4.217 25.0809 1 1 1
v 3.0003 18.412 29.7509 1 1 1
v 2.47873 7.79544 27.1412 1 1 1
v 2.81126 7.8405 27.5377 1 1 1
v 2.82187 6.51859 27.1245 1 1 1
v 3.30065 6.74988 27.8995 1 1 1
v 2.67749 -3.73928 25.0953 1 1 1
v 2.68577 18.1883 28.1114 1 1 1
v 3.78917 6.36629 28.0355 1 1 1
v 3.82937 6.40304 28.1005 1 1 1
v 24.3601 -36.0488 56.7568 1 1 1
v 3.8184 6.83971 27.9778 1 1 1
v 4.02105 7.53274 27.7261 1 1 1
v 4.35145 6.77724 28.0174 1 1 1
v 4.35145 6.77724 28.0174 1 1 1
v 4.24958 8.11685 28.0287 1 1 1
v 7.90618 17.674 33.9349 1 1 1
v 5.07454 3.11084 27.6655 1 1 1
v 7.33927 17.433 32.965 1 1 1
v 4.3089 5.28412 26.6372 1 1 1
v 4.3089 5.28412 26.6372 1 1 1
v 8.74756 16.9495 34.1326 1 1 1
v 8.74756 16.9495 34.1326 1 1 1
v 4.64711 1.07227 25.626 1 1 1
v 6.08399 0.00726563 27.5952 1 1 1
v 6.24535 -0.140389 27.6518 1 1 1
v 5.53443 -2.90718 26.0407 1 1 1
v 5.52469 -2.90881 26.0235 1 1 1
v 5.76987 -2.98327 25.825 1 1 1
v 5.94241 -3.43978 25.838 1 1 1
v 5.88219 -3.49402 25.5237 1 1 1
v 5.80186 -3.51143 25.393 1 1 1
v 31.4673 -2.20182 62.1784 1 1 1
v 7.17081 18.4716 28.1234 1 1 1
v 24.8995 -30.4738 46.5181 1 1 1
v 33.7681 -1.32039 59.5521 1 1 1
v -16.6605 -4.13468 46.3649 1 1 1
v -16.1503 -2.43154 45.6184 1 1 1
v -15.2626 -2.35031 46.9189 1 1 1
v -15.2402 -2.5215 47.0456 1 1 1
v -14.8464 -3.31855 48.4506 1 1 1
v -14.6903 -3.95895 49.4956 1 1 1
v -14.9299 -2.3643 48.083 1 1 1
v -14.5849 -2.72998 47.4899 1 1 1
v -5.48044 -1.22239 31.2088 1 1 1
v 3.97345 -30.3513 50.5831 1 1 1
v 4.05071 -29.503 50.3546 1 1 1
v 3.79028 -28.105 49.8631 1 1 1
v 3.79013 -30.1042 48.6709 1 1 1
v 4.81046 -29.8948 52.6633 1 1 1
v 3.94831 -21.1652 51.9208 1 1 1
v 4.98055 -29.5609 49.6905 1 1 1
v 5.08951 -28.7594 49.328 1 1 1
v 5.45312 -28.464 50.0686 1 1 1
v 5.49129 -21.351 53.1705 1 1 1
v 4.98713 -28.8889 47.9637 1 1 1
v 5.45309 -19.9883 53.0456 1 1 1
v 5.32628 -20.8407 51.9533 1 1 1
v -4.08697 1.15466 31.3575 1 1 1
v -3.54822 1.54229 32.7078 1 1 1
v 5.8246 -28.3931 48.4667 1 1 1
v -4.91302 -1.48085 26.2656 1 1 1
v -3.01502 -5.63618 30.1313 1 1 1
v 6.54847 -22.6085 52.1081 1 1 1
v 6.19142 -29.1873 48.1058 1 1 1
v -3.61481 -3.30768 28.9411 1 1 1
v -3.06497 -5.42454 29.7366 1 1 1
v -3.06497 -5.42454 29.7366 1 1 1
v 4.43083 -20.1966 46.164 1 1 1
v -3.00124 -5.11394 29.5018 1 1 1
v -2.90963 -5.2647 29.8548 1 1 1
v 7.2042 -23.5898 52.3326 1 1 1
v -3.43981 -4.52377 28.156 1 1 1
v -3.71195 0.0789518 29.2354 1 1 1
v 4.87369 -24.3572 44.8537 1 1 1
v -3.04061 -5.59739 28.7933 1 1 1
v -3.5905 -4.35779 27.6411 1 1 1
v 6.81448 -27.3941 48.6654 1 1 1
v -3.41763 3.69443 31.0663 1 1 1
v -3.0766 -5.32198 28.2049 1 1 1
v 6.85449 -28.6148 47.5855 1 1 1
v 6.85449 -28.6148 47.5855 1 1 1
v 6.8882 -17.1218 52.1815 1 1 1
v -2.50947 -5.94482 29.2279 1 1 1
v 7.57456 -22.9757 51.4578 1 1 1
v 7.75686 -23.101 51.9139 1 1 1
v 7.1358 -26.4613 48.4871 1 1 1
v -2.43596 -5.49537 28.9921 1 1 1
v -2.38164 -5.99006 28.9687 1 1 1
v 7.39795 -20.9476 50.4549 1 1 1
v -3.64864 -5.8074 25.2023 1 1 1
v -2.39421 -5.23897 28.5458 1 1 1
v 7.70807 -26.6303 48.1769 1 1 1
v -2.98784 6.2591 30.6271 1 1 1
v 7.5857 -19.4689 49.2677 1 1 1
v -2.18477 -5.6918 27.8525 1 1 1
v -2.06216 -5.62964 27.5905 1 1 1
v -2.06216 -5.62964 27.5905 1 1 1
v -3.05583 6.90632 29.0669 1 1 1
v -1.87893 -5.81109 27.7999 1 1 1
v -2.7286 6.45712 29.7159 1 1 1
v 7.70575 -18.7224 48.1724 1 1 1
v 9.4511 -25.9801 48.7262 1 1 1
v 9.80615 -27.2381 48.2639 1 1 1
v 1.61626 -22.5075 29.371 1 1 1
v -2.21705 7.37043 28.222 1 1 1
v 10.6895 -29.4062 47.4525 1 1 1
v -1.07474 6.12429 28.5246 1 1 1
v -0.696471 -4.83556 26.1606 1 1 1
v -0.599823 6.57329 29.2287 1 1 1
v -0.620412 -4.64476 26.2089 1 1 1
v 12.5832 -24.456 49.7628 1 1 1
v 0.190674 -6.77255 27.2678 1 1 1
v 0.784879 -7.27211 27.7762 1 1 1
v 1.06521 -7.11486 27.3068 1 1 1
v 13.9818 -30.0781 48.3418 1 1 1
v 12.9341 -28.6243 46.1365 1 1 1
v 12.9341 -28.6243 46.1365 1 1 1
v 13.5147 -29.6941 46.8714 1 1 1
v 14.033 -28.1356 48.0768 1 1 1
v 10.619 -12.2704 44.653 1 1 1
v 14.7822 -29.9805 48.6715 1 1 1
v 0.644073 5.83836 28.0905 1 1 1
v -0.664671 -14.2646 20.5157 1 1 1
v -6.29502 -11.5261 10.2235 1 1 1
v 1.24443 6.44908 27.4386 1 1 1
v 3.64536 -20.9048 26.1412 1 1 1
v 3.64536 -20.9048 26.1412 1 1 1
v 1.31808 7.25915 26.9572 1 1 1
v 1.31808 7.25915 26.9572 1 1 1
v 4.15658 -21.1842 26.5298 1 1 1
v 2.40851 -4.43773 26.2451 1 1 1
v 1.74119 7.42293 26.7463 1 1 1
v 2.06646 6.76108 26.6626 1 1 1
v 2.34636 -4.32317 24.7608 1 1 1
v 3.556 -5.12653 26.5162 1 1 1
v 3.28624 7.60685 27.9722 1 1 1
v 2.49134 5.84868 26.2066 1 1 1
v 3.26183 7.29677 27.2697 1 1 1
v 3.26183 7.29677 27.2697 1 1 1
v 3.68544 4.65146 26.5487 1 1 1
v 4.09925 7.48452 27.0608 1 1 1
v 4.31297 -4.86614 25.7222 1 1 1
v 4.42244 2.02492 26.7272 1 1 1
v 4.63023 1.90603 27.015 1 1 1
v 2.99313 6.4502 24.8777 1 1 1
v 3.03737 6.48906 24.9478 1 1 1
v 5.10406 0.590588 26.9899 1 1 1
v 5.63767 5.61293 28.3065 1 1 1
v 5.69165 0.255274 27.554 1 1 1
v 5.71413 -0.0091867 27.2047 1 1 1
v 5.98281 -3.29521 27.2483 1 1 1
v 5.95705 3.33717 27.7813 1 1 1
v -12.4512 -12.7293 9.71415 1 1 1
v -12.8543 -10.1459 2.54011 1 1 1
v -3.14665 -15.7866 14.4672 1 1 1
v -2.95662 -15.9154 14.7719 1 1 1
v -13.0151 -16.2112 17.1878 1 1 1
v -14.9129 -2.52444 3.1766 1 1 1
v -14.9129 -2.52444 3.1766 1 1 1
v -14.8921 -2.54371 3.17056 1 1 1
v -14.8921 -2.54371 3.17056 1 1 1
v -14.9576 -4.0565 44.6772 1 1 1
v -14.922 -2.79589 42.5569 1 1 1
v -13.0964 0.374047 40.2519 1 1 1
v 3.51748 -28.2673 48.6126 1 1 1
v 3.3915 -27.9185 47.4593 1 1 1
v 3.5373 -23.5404 48.7543 1 1 1
v 3.58402 -27.0876 46.8566 1 1 1
v 3.91883 -27.4666 47.8757 1 1 1
v 3.45167 -20.2364 49.0665 1 1 1
v 3.83929 -24.8855 47.2242 1 1 1
v -5.93391 10.9099 31.419 1 1 1
v 4.2932 -27.2369 46.367 1 1 1
v 4.28728 -27.1757 46.2792 1 1 1
v 3.98015 -20.315 48.5729 1 1 1
v 3.88662 -20.2557 48.2816 1 1 1
v 3.41462 -18.4865 47.1597 1 1 1
v -5.02608 5.52339 30.4614 1 1 1
v -3.88253 4.7971 33.4513 1 1 1
v -4.78382 5.26328 30.6669 1 1 1
v -3.59317 -5.24027 29.6892 1 1 1
v -4.76016 6.33624 30.9054 1 1 1
v -3.38744 1.02952 32.8674 1 1 1
v -4.4528 7.89288 32.3786 1 1 1
v -3.13468 -5.46388 30.3579 1 1 1
v -3.30397 -5.52037 29.7891 1 1 1
v -3.73678 -4.88786 28.5846 1 1 1
v 4.85362 -19.9592 48.8686 1 1 1
v -4.53505 5.32991 30.2733 1 1 1
v -2.83058 -5.57779 30.7394 1 1 1
v 4.85633 -20.7772 47.6503 1 1 1
v -3.08734 -5.43282 29.6767 1 1 1
v -3.08734 -5.43282 29.6767 1 1 1
v -2.84242 -3.53292 31.2596 1 1 1
v -3.40773 -3.20725 29.6213 1 1 1
v -2.70688 -5.68378 30.7258 1 1 1
v -2.96764 -4.25427 30.5182 1 1 1
v 4.85538 -26.3537 44.9102 1 1 1
v -3.03172 -4.64406 29.7941 1 1 1
v -3.43286 -2.98215 29.2584 1 1 1
v 5.18962 -21.4909 47.6487 1 1 1
v -4.15195 6.65096 30.9179 1 1 1
v -2.91504 -3.32722 30.4776 1 1 1
v -4.73531 3.3944 27.6861 1 1 1
v -4.06304 6.42793 30.8945 1 1 1
v -3.50812 1.03753 30.3497 1 1 1
v -3.59344 0.158358 29.6387 1 1 1
v 5.08772 -24.2188 45.4799 1 1 1
v 5.38978 -21.6614 47.2379 1 1 1
v 5.47186 -21.6937 47.4668 1 1 1
v -3.46865 0.530939 29.9164 1 1 1
v 5.33558 -25.7004 45.1228 1 1 1
v 5.36094 -23.8945 45.9077 1 1 1
v -3.3682 -4.32644 27.7552 1 1 1
v 5.27291 -23.7859 45.0833 1 1 1
v 5.79485 -19.6188 48.2694 1 1 1
v -4.04564 4.88334 29.1884 1 1 1
v 5.48117 -24.5676 45.1518 1 1 1
v 5.44812 -24.5663 45.1102 1 1 1
v 5.55115 -25.5365 44.9622 1 1 1
v 5.71501 -24.3612 45.4334 1 1 1
v -2.42229 -5.78458 29.1091 1 1 1
v 5.83998 -25.2567 45.1357 1 1 1
v 5.72918 -22.1042 45.8744 1 1 1
v 5.87773 -21.1301 46.6383 1 1 1
v 6.13315 -24.8089 45.6298 1 1 1
v -3.78745 6.55558 29.3383 1 1 1
v -3.78745 6.55558 29.3383 1 1 1
v -2.6991 -5.45333 27.7609 1 1 1
v -3.58914 5.2475 29.0632 1 1 1
v 6.10805 -20.3435 46.52 1 1 1
v 5.89845 -23.9808 44.5283 1 1 1
v 6.12446 -21.1719 46.1525 1 1 1
v -2.54712 -6.10553 27.2749 1 1 1
v 6.26162 -23.7527 44.6389 1 1 1
v 5.16619 -21.2588 42.442 1 1 1
v 5.16619 -21.2588 42.442 1 1 1
v 5.31157 -18.3366 43.4079 1 1 1
v -2.26128 -2.15403 28.6532 1 1 1
v -1.6174 -5.88428 29.0286 1 1 1
v -3.36511 6.4408 28.4843 1 1 1
v 6.52545 -22.4927 44.8848 1 1 1
v 6.68045 -23.4369 44.9119 1 1 1
v -2.02957 -5.62139 27.6727 1 1 1
v -3.09599 7.12666 29.0972 1 1 1
v -2.43026 11.2959 31.3841 1 1 1
v -2.43026 11.2959 31.3841 1 1 1
v -2.28656 10.8599 30.911 1 1 1
v -2.52484 7.03551 29.0081 1 1 1
v -2.57959 6.95314 28.8405 1 1 1
v 7.61268 -25.3185 44.3732 1 1 1
v 7.7988 -23.346 45.3354 1 1 1
v 7.4881 -24.4169 44.1385 1 1 1
v -2.21015 11.3327 30.8212 1 1 1
v -2.2884 11.5898 30.1797 1 1 1
v 7.95581 -25.6552 44.0711 1 1 1
v -2.01632 11.439 30.6064 1 1 1
v 8.33513 -26.1788 44.339 1 1 1
v -2.3698 6.68584 27.9459 1 1 1
v -1.97571 11.2482 29.8891 1 1 1
v -1.27316 -4.75696 26.616 1 1 1
v -1.84557 6.59846 28.3122 1 1 1
v 8.61187 -24.7173 44.086 1 1 1
v 8.64387 -25.9594 43.446 1 1 1
v -0.974557 -4.92535 26.4663 1 1 1
v 9.76946 -26.1877 45.0665 1 1 1
v -0.630843 -4.17576 26.7309 1 1 1
v -0.779074 6.33738 28.7453 1 1 1
v -0.634896 -4.8275 26.2681 1 1 1
v 0.122483 11.7226 31.8193 1 1 1
v 10.1411 -22.9218 44.7455 1 1 1
v -0.882222 12.7413 28.7972 1 1 1
v -1.13473 12.322 28.1643 1 1 1
v 0.159764 12.6731 30.6679 1 1 1
v 11.3402 -22.4651 46.4844 1 1 1
v -0.242903 11.9848 29.6023 1 1 1
v 0.788318 9.2939 30.8562 1 1 1
v 11.4187 -18.0384 47.0821 1 1 1
v -0.0700825 11.7154 29.3226 1 1 1
v 0.371093 12.417 30.4146 1 1 1
v 0.00355571 11.836 29.5019 1 1 1
v 10.7811 -23.263 44.1501 1 1 1
v 10.9628 -18.1501 45.4778 1 1 1
v 11.0967 -22.9661 44.4784 1 1 1
v 10.9147 -22.8633 44.1173 1 1 1
v 1.0427 12.131 31.233 1 1 1
v 0.434022 11.8697 29.6541 1 1 1
v 10.5896 -18.8588 43.6798 1 1 1
v 0.600073 5.78732 28.0286 1 1 1
v 0.814298 10.9643 29.024 1 1 1
v 10.6508 -10.5944 44.1937 1 1 1
v 2.98548 12.5563 32.0653 1 1 1
v 2.16915 8.44271 29.5246 1 1 1
v 1.38659 7.16649 27.5729 1 1 1
v 0.871901 6.78625 26.0948 1 1 1
v 1.58367 7.22917 27.4556 1 1 1
v 2.00135 -4.54097 25.5272 1 1 1
v 1.6456 7.29566 26.5496 1 1 1
v 2.43603 6.6646 27.2711 1 1 1
v 2.53344 7.16314 27.5065 1 1 1
v 2.59669 7.23666 27.5967 1 1 1
v 2.2007 -4.24226 25.0316 1 1 1
v 3.18227 11.8088 29.0709 1 1 1
v 3.18227 11.8088 29.0709 1 1 1
v 3.75006 12.1201 29.8431 1 1 1
v 2.27258 -4.34518 24.6923 1 1 1
v 3.03064 6.49813 27.3707 1 1 1
v 3.80556 8.1259 28.9139 1 1 1
v 2.55389 7.47517 26.6357 1 1 1
v 4.44856 12.3749 30.4618 1 1 1
v 3.8443 8.37267 28.6809 1 1 1
v 3.07368 15.1475 28.1038 1 1 1
v 4.97916 9.57785 30.4752 1 1 1
v 3.20107 7.22808 27.1696 1 1 1
v 3.20107 7.22808 27.1696 1 1 1
v 3.18855 5.81353 26.9211 1 1 1
v 4.25378 12.6327 29.4537 1 1 1
v 3.42194 15.5977 28.3491 1 1 1
v 3.64968 4.31531 26.6963 1 1 1
v 3.52183 7.03194 26.7998 1 1 1
v 4.39738 11.356 28.7087 1 1 1
v 3.46012 14.9425 27.5945 1 1 1
v 4.67585 13.5374 29.2287 1 1 1
v 4.67585 13.5374 29.2287 1 1 1
v 3.51574 4.49663 26.2183 1 1 1
v 4.26739 13.0762 28.1975 1 1 1
v 3.8095 14.5029 27.6555 1 1 1
v 3.8095 14.5029 27.6555 1 1 1
v 4.38771 7.74595 27.5254 1 1 1
v 4.38771 7.74595 27.5254 1 1 1
v 4.81126 13.3617 28.8108 1 1 1
v 4.64674 2.03958 27.1738 1 1 1
v 3.99185 -4.95949 25.276 1 1 1
v 5.1388 14.6548 29.127 1 1 1
v 5.02828 6.57021 28.033 1 1 1
v 4.6889 2.87221 27.0271 1 1 1
v 4.13079 5.14225 26.3048 1 1 1
v 5.24274 13.9895 28.6195 1 1 1
v 6.41655 15.4466 30.6538 1 1 1
v 4.50088 -4.10517 25.4723 1 1 1
v 5.27913 1.7642 27.1413 1 1 1
v 5.75193 0.24402 27.6388 1 1 1
v 4.60235 -3.73481 25.3809 1 1 1
v 5.04369 -4.68378 25.9137 1 1 1
v 4.95249 -2.25342 25.838 1 1 1
v 5.71574 -4.56938 26.7377 1 1 1
v 6.27073 1.08386 28.0146 1 1 1
v 5.79478 0.0296425 27.018 1 1 1
v 5.12213 -2.8329 25.6586 1 1 1
v 10.2982 8.24546 34.5107 1 1 1
v 5.93935 -4.41507 26.588 1 1 1
v 5.87366 -4.16232 26.4661 1 1 1
v 5.34195 -3.65259 25.5108 1 1 1
v 5.47346 -3.25544 25.66 1 1 1
v 6.00609 -3.99617 26.1816 1 1 1
v 6.41424 -3.07023 26.6031 1 1 1
v 5.60484 -3.55203 25.3481 1 1 1
v 6.81192 -18.1376 20.476 1 1 1
v 6.81192 -18.1376 20.476 1 1 1
v -20.0276 10.9531 21.2515 1 1 1
v -12.8777 -19.8044 26.028 1 1 1
v -20.5839 13.3691 24.2611 1 1 1
v -20.5839 13.3691 24.2611 1 1 1
v -20.9765 15.3868 26.2146 1 1 1
v -20.9253 15.3086 26.2818 1 1 1
v -18.1493 -1.02302 39.7596 1 1 1
v -12.3529 -24.6303 36.9258 1 1 1
v -18.7422 5.85701 29.4359 1 1 1
v -12.4187 -23.8019 37.25 1 1 1
v -17.2412 -5.10478 44.6777 1 1 1
v -12.4476 -23.4222 37.6283 1 1 1
v -12.4476 -23.4222 37.6283 1 1 1
v -16.9477 -5.73764 44.2351 1 1 1
v -20.9225 16.1319 28.98 1 1 1
v -16.8882 -5.01648 42.5258 1 1 1
v -16.5971 -4.34123 39.6865 1 1 1
v -16.6354 -10.454 69.2707 1 1 1
v -16.2614 -4.82168 40.3427 1 1 1
v -20.9734 18.5053 29.4357 1 1 1
v -11.446 -24.306 36.0708 1 1 1
v -11.446 -24.306 36.0708 1 1 1
v -11.5395 -30.3409 65.0515 1 1 1
v -16.3233 -3.98709 41.8359 1 1 1
v -11.285 -30.5937 64.3107 1 1 1
v -15.8773 -4.93636 40.0968 1 1 1
v -15.8773 -4.93636 40.0968 1 1 1
v -16.2921 -2.87858 41.1781 1 1 1
v -15.6645 -4.88981 42.3259 1 1 1
v -15.6246 -4.68862 40.5149 1 1 1
v -10.7626 -30.0772 64.8188 1 1 1
v -10.73 -30.289 65.6304 1 1 1
v -16.0025 -2.13274 39.5679 1 1 1
v -15.5467 -4.33006 42.4882 1 1 1
v -14.6393 -12.5874 73.8151 1 1 1
v -9.82235 -32.3457 64.0029 1 1 1
v -9.82235 -32.3457 64.0029 1 1 1
v -15.6116 -3.04721 40.2456 1 1 1
v -15.7063 -2.82988 41.5464 1 1 1
v -15.7355 -2.63686 42.0597 1 1 1
v -15.3637 -4.04979 41.1494 1 1 1
v -15.4027 -3.23405 40.5802 1 1 1
v -15.3425 -3.47646 40.8102 1 1 1
v -14.325 -11.6523 68.6181 1 1 1
v -15.1085 -4.59998 42.5223 1 1 1
v -15.6348 -2.3711 43.9278 1 1 1
v -15.0156 -4.60538 41.1692 1 1 1
v -15.172 -3.24554 40.6789 1 1 1
v -15.037 -3.73523 42.4995 1 1 1
v -15.0725 -3.33855 41.2778 1 1 1
v -15.0887 -3.30069 41.5152 1 1 1
v -15.3808 -2.20305 43.5846 1 1 1
v -9.06866 -32.1381 63.3975 1 1 1
v -9.06866 -32.1381 63.3975 1 1 1
v -14.9414 -3.43523 41.0992 1 1 1
v -14.7487 -4.5826 44.5827 1 1 1
v -14.7487 -4.5826 44.5827 1 1 1
v -14.8236 -3.43422 41.2941 1 1 1
v -14.7227 -3.98048 42.7162 1 1 1
v -14.7645 -3.55292 41.6986 1 1 1
v -9.14047 -30.6387 64.0768 1 1 1
v -9.10875 -30.6967 64.4245 1 1 1
v -14.755 -3.27254 41.6592 1 1 1
v -9.18668 -29.7358 64.2025 1 1 1
v -8.24557 -31.9201 62.9844 1 1 1
v -8.3489 -31.2659 63.5104 1 1 1
v -8.3489 -31.2659 63.5104 1 1 1
v -8.55183 -29.8743 63.9464 1 1 1
v -14.0798 -3.89598 42.8328 1 1 1
v -13.9054 -4.68161 45.065 1 1 1
v -8.27378 -30.554 64.1737 1 1 1
v -8.31067 -30.4823 63.7905 1 1 1
v -14.0145 -3.8047 42.8799 1 1 1
v -13.7971 -3.88253 42.8383 1 1 1
v -13.6772 -2.38445 34.7435 1 1 1
v -13.1579 -3.50793 44.8623 1 1 1
v -16.7131 12.9035 32.0457 1 1 1
v -12.8853 -3.38608 49.1204 1 1 1
v -12.8776 -0.0962312 38.8737 1 1 1
v -11.3374 -2.36524 45.9051 1 1 1
v -4.27343 -32.2631 60.8074 1 1 1
v -4.27343 -32.2631 60.8074 1 1 1
v -11.3569 -3.14162 40.9895 1 1 1
v -3.73186 -31.4131 62.33 1 1 1
v -10.5709 -1.61497 42.8291 1 1 1
v -10.4847 -1.79888 43.1144 1 1 1
v -12.675 10.6074 40.376 1 1 1
v -7.77972 -3.47705 59.8699 1 1 1
v -2.17812 -31.5492 61.0565 1 1 1
v -11.8759 10.5318 41.1568 1 1 1
v -2.0083 -30.6105 60.393 1 1 1
v -1.60021 -32.3613 60.3855 1 1 1
v -10.21 5.13053 46.0365 1 1 1
v -1.90658 -30.3855 59.1558 1 1 1
v -8.57858 -2.32478 45.0227 1 1 1
v -14.77 19.747 25.853 1 1 1
v -9.0306 -0.386913 42.5144 1 1 1
v -1.24006 -30.5255 60.4589 1 1 1
v -1.10634 -29.6916 61.6613 1 1 1
v -1.10634 -29.6916 61.6613 1 1 1
v -9.95069 6.29478 42.9622 1 1 1
v -10.3433 2.82942 33.4575 1 1 1
v -2.75847 -9.83788 68.5302 1 1 1
v -5.34317 -1.32642 57.0926 1 1 1
v -8.32158 7.74089 43.8203 1 1 1
v -3.78844 -1.57261 57.2803 1 1 1
v -3.78844 -1.57261 57.2803 1 1 1
v -6.24641 5.35477 47.9989 1 1 1
v 0.0202308 -9.69196 68.1995 1 1 1
v -11.611 20.1932 28.175 1 1 1
v -11.611 20.1932 28.175 1 1 1
v 1.97363 -24.1555 53.6693 1 1 1
v 1.76016 -23.9439 52.8039 1 1 1
v -5.56685 8.84746 42.8677 1 1 1
v -7.50587 11.7769 36.0956 1 1 1
v -1.68706 0.62367 53.6266 1 1 1
v 3.51961 -14.273 65.5796 1 1 1
v 3.70838 -14.64 64.7341 1 1 1
v -2.73556 2.38849 47.8625 1 1 1
v 2.58934 -8.73682 63.1112 1 1 1
v 3.75181 -14.6951 63.7836 1 1 1
v 3.69465 -15.0249 62.9985 1 1 1
v 1.98889 -21.2743 51.311 1 1 1
v 3.88456 -14.6357 63.7231 1 1 1
v 2.5966 -24.8145 50.7145 1 1 1
v 3.01362 -13.8188 59.5165 1 1 1
v 2.52685 -21.7899 51.6633 1 1 1
v 2.76976 -26.1348 49.617 1 1 1
v 2.76976 -26.1348 49.617 1 1 1
v 3.03999 -8.25335 62.1616 1 1 1
v 2.99278 -26.898 49.9744 1 1 1
v 2.84844 -24.6593 50.5543 1 1 1
v 2.33479 -21.2826 50.3383 1 1 1
v 2.86596 -28.1471 48.1289 1 1 1
v 2.86596 -28.1471 48.1289 1 1 1
v 2.79973 -26.2331 48.7711 1 1 1
v 3.011 -26.4438 49.5252 1 1 1
v 2.79973 -26.2331 48.7711 1 1 1
v 3.03334 -26.1153 49.5418 1 1 1
v 2.92383 -23.425 50.2541 1 1 1
v 3.0478 -27.7962 47.9624 1 1 1
v 3.11814 -23.7614 50.7086 1 1 1
v 3.44916 -6.5485 62.1541 1 1 1
v 3.40852 -7.95539 61.124 1 1 1
v 4.38991 -14.1732 61.0451 1 1 1
v 3.57478 -5.91798 62.569 1 1 1
v 3.81924 -7.02793 62.5373 1 1 1
v 2.89362 -27.0067 46.8073 1 1 1
v 3.09411 -23.5041 49.6096 1 1 1
v -7.55982 17.4205 32.4203 1 1 1
v 3.92432 -6.13854 62.547 1 1 1
v 4.27485 -7.24511 62.7969 1 1 1
v -4.75989 14.4751 41.0033 1 1 1
v 3.53766 -23.4733 50.2709 1 1 1
v 3.51459 -23.6609 49.9267 1 1 1
v 3.29251 -3.47616 60.2318 1 1 1
v 3.14693 -4.08197 59.2864 1 1 1
v 3.47318 -3.96533 60.608 1 1 1
v -7.3435 17.7651 31.9494 1 1 1
v -6.99785 11.9544 29.8227 1 1 1
v 3.928 -5.98507 60.4431 1 1 1
v 2.93568 -20.525 48.6898 1 1 1
v 2.92588 -17.785 49.7035 1 1 1
v -6.9671 17.3784 32.5087 1 1 1
v -6.73929 11.9756 30.2795 1 1 1
v 2.97279 -19.0599 48.6067 1 1 1
v 3.21352 -17.4027 50.3445 1 1 1
v -5.23652 11.8408 35.2982 1 1 1
v 5.06758 -6.90676 62.059 1 1 1
v 4.59682 -5.38325 61.2614 1 1 1
v 3.24375 -23.036 46.9463 1 1 1
v 3.49628 -23.4913 47.6409 1 1 1
v 3.47303 -20.7185 48.8912 1 1 1
v 3.80397 -5.98563 57.7095 1 1 1
v 3.4034 -20.9503 48.3765 1 1 1
v -6.37732 13.2487 31.359 1 1 1
v 3.34894 -17.3927 49.7418 1 1 1
v 3.41094 -17.0635 49.6731 1 1 1
v 3.6375 -27.5177 45.082 1 1 1
v -5.53805 11.1117 32.3356 1 1 1
v 3.76787 -27.4924 45.016 1 1 1
v 3.50841 -17.1721 49.4127 1 1 1
v -6.27935 17.2192 32.3285 1 1 1
v 4.00391 -15.2884 51.6361 1 1 1
v 4.04002 -15.297 51.7697 1 1 1
v -5.55133 10.4631 31.4701 1 1 1
v 5.59251 -6.2937 61.401 1 1 1
v 4.00746 -16.8486 50.7119 1 1 1
v 4.03171 -20.0674 49.0824 1 1 1
v 3.93971 -19.7804 48.845 1 1 1
v 3.93971 -19.7804 48.845 1 1 1
v -5.75137 15.0194 32.7194 1 1 1
v 4.10177 -15.4191 51.4223 1 1 1
v 4.09599 -16.7185 50.6854 1 1 1
v 3.94966 -18.7747 48.9438 1 1 1
v -4.20895 0.98949 30.8596 1 1 1
v -5.40315 10.6645 31.3738 1 1 1
v 4.02565 -18.116 49.1892 1 1 1
v 5.4701 -5.47801 60.0115 1 1 1
v -4.65081 1.49101 29.2734 1 1 1
v -5.80872 11.8235 30.3001 1 1 1
v 4.18797 -15.9555 50.4396 1 1 1
v 4.22138 -18.6131 49.0839 1 1 1
v 4.51015 -27.453 45.705 1 1 1
v 3.97803 -22.4071 46.2751 1 1 1
v 4.54159 -27.1817 45.7294 1 1 1
v 4.54159 -27.1817 45.7294 1 1 1
v 3.93951 -16.42 48.7068 1 1 1
v 3.93951 -16.42 48.7068 1 1 1
v 4.3066 -15.9618 50.1257 1 1 1
v 4.45721 -19.1145 49.0421 1 1 1
v 4.42881 -18.7521 49.0612 1 1 1
v 4.42881 -18.7521 49.0612 1 1 1
v 4.59359 -27.4106 45.4219 1 1 1
v 4.69879 -20.8108 48.7265 1 1 1
v 5.50096 -5.49888 58.4679 1 1 1
v -3.66652 -2.87116 29.7001 1 1 1
v 4.63329 -21.8666 47.9527 1 1 1
v -3.83028 -2.71345 28.8996 1 1 1
v -3.47217 -5.39533 28.8253 1 1 1
v 4.30922 -16.8131 48.6888 1 1 1
v -5.01318 15.1964 32.9797 1 1 1
v 4.8033 -16.5914 50.0219 1 1 1
v 6.71397 -4.73484 61.4633 1 1 1
v -3.30693 12.6568 37.0388 1 1 1
v -4.40189 10.8933 32.644 1 1 1
v -3.11306 -5.68011 29.4137 1 1 1
v -4.86411 16.5981 33.5345 1 1 1
v 4.92266 -27.424 45.188 1 1 1
v 4.84258 -17.292 49.3686 1 1 1
v -3.16116 -5.34933 29.0721 1 1 1
v -5.6495 18.3198 31.2277 1 1 1
v 4.61199 -16.935 47.8722 1 1 1
v 4.71466 -24.5062 44.8981 1 1 1
v 5.54734 -21.14 48.8736 1 1 1
v -2.27643 -5.50613 31.0687 1 1 1
v -3.71459 11.4591 33.6319 1 1 1
v 5.42311 -21.1851 47.9857 1 1 1
v 4.86145 -26.1148 44.0039 1 1 1
v -2.08007 13.9601 39.4627 1 1 1
v -1.89903 -5.40384 31.8236 1 1 1
v 5.24103 -21.5577 46.7911 1 1 1
v 5.72859 -20.1931 48.6381 1 1 1
v -4.27881 15.8177 32.8598 1 1 1
v -4.27881 15.8177 32.8598 1 1 1
v 5.10678 -21.7177 45.7493 1 1 1
v 5.37715 -25.9368 44.8255 1 1 1
v 5.77388 -22.2125 47.31 1 1 1
v -2.46202 13.111 36.5575 1 1 1
v -4.66991 12.4541 29.5403 1 1 1
v 5.70656 -20.3129 47.4045 1 1 1
v 5.70656 -20.3129 47.4045 1 1 1
v 6.05021 -20.2024 48.3812 1 1 1
v 5.65834 -16.2219 48.7194 1 1 1
v 5.55731 -16.3614 48.1794 1 1 1
v 6.06743 -19.7965 47.6924 1 1 1
v -3.54221 17.2051 33.8158 1 1 1
v 6.44414 -17.1039 49.4704 1 1 1
v -2.01815 -5.84877 29.1307 1 1 1
v -3.18276 6.04324 30.1189 1 1 1
v -2.80119 -6.21311 26.4436 1 1 1
v 5.69646 -18.8106 45.6226 1 1 1
v 5.69646 -18.8106 45.6226 1 1 1
v 7.14193 -16.0123 50.1574 1 1 1
v 2.3568 -23.5046 33.8059 1 1 1
v -2.78953 11.9901 32.1707 1 1 1
v -2.23034 -6.08177 27.2736 1 1 1
v 6.40659 -25.2023 44.1967 1 1 1
v 6.68956 -18.8798 47.2194 1 1 1
v -3.0861 6.87841 29.0135 1 1 1
v -3.0861 6.87841 29.0135 1 1 1
v 6.76532 -18.4906 47.0911 1 1 1
v 7.29246 -16.3645 48.998 1 1 1
v 6.76377 -25.4835 44.3527 1 1 1
v -2.32646 -2.00565 27.5811 1 1 1
v -3.0042 7.06538 28.72 1 1 1
v 8.83616 -15.7037 52.6609 1 1 1
v -3.02921 5.65024 27.8718 1 1 1
v -2.55542 6.14035 29.3148 1 1 1
v 7.11823 -17.8556 46.7991 1 1 1
v 7.47138 -17.4655 47.6517 1 1 1
v -2.59938 17.2462 32.3086 1 1 1
v -2.02626 12.1151 31.8484 1 1 1
v 8.4786 -12.3956 50.8752 1 1 1
v 8.18148 -15.2545 49.2326 1 1 1
v 7.9383 -15.2081 48.6054 1 1 1
v 10.9574 -19.6694 54.9678 1 1 1
v 8.25452 -14.8844 48.7129 1 1 1
v 9.26089 -5.63946 53.9935 1 1 1
v 8.21901 -15.1678 48.0655 1 1 1
v 8.29184 -14.912 48.2729 1 1 1
v 8.7438 -14.6505 49.3794 1 1 1
v -1.46729 8.54678 30.392 1 1 1
v 8.28198 -14.2208 47.9241 1 1 1
v 8.48778 -15.1372 48.1951 1 1 1
v 11.8046 -7.00809 58.5655 1 1 1
v 8.60613 -14.2669 48.2341 1 1 1
v 8.86451 -12.6256 49.0922 1 1 1
v 9.07321 -12.3532 49.3493 1 1 1
v 8.71878 -12.2861 48.0504 1 1 1
v 8.98892 -12.4965 48.3456 1 1 1
v 9.48122 -12.628 49.3831 1 1 1
v 9.16696 -12.1911 48.7288 1 1 1
v 12.1373 -5.30439 57.7477 1 1 1
v 8.90359 -12.85 47.5702 1 1 1
v -0.700462 14.118 31.8352 1 1 1
v -1.00578 17.8873 31.8057 1 1 1
v 13.2317 -5.17652 59.2505 1 1 1
v 9.2102 -12.3878 47.8509 1 1 1
v 9.61572 -15.8603 47.8349 1 1 1
v 9.49742 -11.9318 48.4031 1 1 1
v 9.26471 -11.99 47.7621 1 1 1
v 9.72619 -11.3331 48.6449 1 1 1
v 9.86371 -10.4598 48.9052 1 1 1
v 9.86371 -10.4598 48.9052 1 1 1
v -0.700103 -4.48488 25.8382 1 1 1
v 11.8759 -10.3142 53.0801 1 1 1
v 13.4763 -7.8063 57.3594 1 1 1
v 14.0184 -5.97203 59.0515 1 1 1
v 9.77483 -12.3527 47.5971 1 1 1
v 9.78564 -10.8838 48.0587 1 1 1
v -0.950859 6.14012 27.7326 1 1 1
v 13.5992 -9.68146 56.8713 1 1 1
v 13.2483 -7.3816 56.6095 1 1 1
v -0.539571 18.1237 31.3813 1 1 1
v 13.9411 -8.78261 57.6236 1 1 1
v 14.297 -8.09022 58.2947 1 1 1
v 9.93637 -13.1793 47.154 1 1 1
v 9.97889 -11.0435 47.6706 1 1 1
v 14.5453 -7.49296 58.8357 1 1 1
v 2.5872 14.844 37.2331 1 1 1
v 15.3944 -7.13928 60.3379 1 1 1
v 10.1178 -11.5181 46.9823 1 1 1
v 9.92707 -11.3344 46.4919 1 1 1
v 15.6836 -6.41695 60.2177 1 1 1
v 10.4213 -11.138 47.2846 1 1 1
v 0.573988 17.2736 32.0904 1 1 1
v 15.6303 -5.74564 59.8346 1 1 1
v 0.0394548 14.9443 30.3863 1 1 1
v 10.6165 -12.3102 47.3531 1 1 1
v 13.1375 -9.47161 53.4148 1 1 1
v 11.3417 -23.4578 46.3002 1 1 1
v 2.41576 10.1198 34.1327 1 1 1
v 11.2461 -14.9782 47.7823 1 1 1
v 15.9304 -6.05156 59.8141 1 1 1
v 12.2119 -9.78063 50.6654 1 1 1
v 10.4478 -11.1349 46.4616 1 1 1
v 11.945 -10.5798 49.5669 1 1 1
v 12.3912 -10.1391 50.5429 1 1 1
v 2.77508 13.5237 35.0197 1 1 1
v 2.77508 13.5237 35.0197 1 1 1
v 9.7557 -19.4743 42.7065 1 1 1
v 13.2192 -9.32271 52.2567 1 1 1
v 16.3966 -5.88664 59.7477 1 1 1
v 15.6817 -5.99596 58.1175 1 1 1
v 12.4306 -10.2727 50.155 1 1 1
v 15.4319 -9.17905 56.4967 1 1 1
v 11.1852 -13.9936 46.3489 1 1 1
v 11.4303 -22.2905 45.0456 1 1 1
v 11.7441 -21.2166 45.6558 1 1 1
v 13.3396 -9.79262 51.0337 1 1 1
v 11.6438 -22.3651 44.88 1 1 1
v 1.21774 18.82 31.4372 1 1 1
v 12.3389 -11.4392 48.362 1 1 1
v 1.67011 7.89673 30.1629 1 1 1
v 1.55626 18.0037 31.0906 1 1 1
v 17.5481 -7.18552 58.706 1 1 1
v 2.51544 17.3623 31.8545 1 1 1
v 1.10735 6.27008 27.2161 1 1 1
v 2.03166 19.0002 30.2766 1 1 1
v 1.23189 10.5097 26.9894 1 1 1
v 2.78048 19.7329 31.1225 1 1 1
v 2.92621 18.0311 31.1106 1 1 1
v 3.12175 18.0083 31.4573 1 1 1
v 5.47474 14.6322 35.2622 1 1 1
v 2.34046 18.8476 29.9441 1 1 1
v 3.22607 17.3681 31.1638 1 1 1
v 1.91627 -4.03605 25.1806 1 1 1
v 3.6284 19.2695 31.9576 1 1 1
v 1.75752 -4.4688 24.7202 1 1 1
v 1.89386 -4.12335 24.9493 1 1 1
v 1.89386 -4.12335 24.9493 1 1 1
v 1.89386 -4.12335 24.9493 1 1 1
v 5.66427 13.903 34.4628 1 1 1
v 2.70074 19.5975 29.6287 1 1 1
v 3.32575 19.6714 30.7083 1 1 1
v 5.08666 12.6413 32.7253 1 1 1
v 3.8514 18.9559 31.2398 1 1 1
v 3.82906 19.3828 31.1242 1 1 1
v 3.3127 20.463 30.0954 1 1 1
v 2.74486 19.8318 28.8883 1 1 1
v 3.93783 12.5928 29.84 1 1 1
v 3.31594 15.9956 29.0669 1 1 1
v 3.48841 16.2891 29.415 1 1 1
v 3.40482 12.3883 28.7159 1 1 1
v 3.49096 6.5263 27.3758 1 1 1
v 3.49096 6.5263 27.3758 1 1 1
v 3.57788 15.8665 28.6008 1 1 1
v 2.69045 -2.97906 24.4676 1 1 1
v 3.31473 4.30587 26.4122 1 1 1
v 4.49217 19.6406 30.1755 1 1 1
v 21.5504 -5.05669 55.5728 1 1 1
v 3.0154 22.5816 27.2903 1 1 1
v 3.0154 22.5816 27.2903 1 1 1
v 4.22087 6.43013 27.1831 1 1 1
v 3.88795 14.5501 27.491 1 1 1
v 4.65487 2.0434 27.1974 1 1 1
v 3.90469 4.43832 26.1227 1 1 1
v 3.89395 4.43108 26.0947 1 1 1
v 4.48373 1.75887 26.7587 1 1 1
v 3.98211 4.63364 25.9643 1 1 1
v 8.91845 17.0455 34.5199 1 1 1
v 9.23979 17.4919 35.073 1 1 1
v 4.13353 -4.1036 24.6136 1 1 1
v 2.62611 25.1495 24.8984 1 1 1
v 4.36181 -3.83485 24.8114 1 1 1
v 8.57511 17.9579 33.4652 1 1 1
v 4.42539 -2.26329 24.7965 1 1 1
v 1.83383 26.834 23.419 1 1 1
v 5.85428 -0.120621 27.1552 1 1 1
v 5.43984 -2.46797 26.2319 1 1 1
v 6.14374 -2.89332 26.2943 1 1 1
v 26.8965 -2.81566 55.5583 1 1 1
v 26.2004 -2.95853 54.497 1 1 1
v 26.8478 -3.02785 55.1916 1 1 1
v 8.49072 20.1882 29.9722 1 1 1
v 27.0489 -2.10656 52.8589 1 1 1
v 25.1965 -2.5196 50.1745 1 1 1
v 28.5621 -2.49924 52.154 1 1 1
v 8.5161 23.2011 26.3144 1 1 1
v 15.1489 18.4345 30.8086 1 1 1
v -19.1247 -1.23249 36.6041 1 1 1
v -18.8423 -3.14407 37.95 1 1 1
v -19.0783 -1.00853 36.788 1 1 1
v -19.1156 -1.02275 37.3499 1 1 1
v -18.9467 -0.950639 36.5756 1 1 1
v -18.4726 -3.21759 37.9541 1 1 1
v -19.9011 -14.3502 72.6486 1 1 1
v -18.8301 -1.27108 37.2153 1 1 1
v -18.7967 -1.17187 37.0547 1 1 1
v -18.4823 -4.44256 41.4884 1 1 1
v -18.3899 -3.51888 39.5348 1 1 1
v -18.5486 -1.43512 36.8808 1 1 1
v -18.2172 -4.22332 40.7723 1 1 1
v -17.97 -3.37798 38.5021 1 1 1
v -18.8437 -13.4851 73.0268 1 1 1
v -12.3625 -28.1152 48.1948 1 1 1
v -12.2736 -31.0443 64.4632 1 1 1
v -12.2736 -31.0443 64.4632 1 1 1
v -12.407 -29.7858 64.924 1 1 1
v -10.6406 -32.3018 63.5449 1 1 1
v -10.6406 -32.3018 63.5449 1 1 1
v -10.7249 -30.8427 64.2386 1 1 1
v -10.7249 -30.8427 64.2386 1 1 1
v -15.067 -12.7375 70.6397 1 1 1
v -14.9885 -4.64689 40.9696 1 1 1
v -9.89334 -31.481 63.7199 1 1 1
v -15.2568 -3.11656 41.0239 1 1 1
v -14.8332 -4.40552 41.4426 1 1 1
v -15.0078 -3.29527 40.6053 1 1 1
v -14.498 -3.99805 41.9062 1 1 1
v -14.5096 -3.98308 42.0648 1 1 1
v -10.7938 -17.0503 16.4104 1 1 1
v -8.18965 -33.2305 61.9658 1 1 1
v -14.0245 -4.01987 42.1159 1 1 1
v -13.9122 -4.09086 43.6717 1 1 1
v -13.9122 -4.09086 43.6717 1 1 1
v -12.194 -12.0274 71.9805 1 1 1
v -13.5983 -3.96514 42.7884 1 1 1
v -17.8235 21.1801 24.5296 1 1 1
v -13.2334 10.777 40.406 1 1 1
v -13.2239 10.6708 39.9352 1 1 1
v -12.6581 10.7169 40.4831 1 1 1
v -2.35446 -32.9772 60.5826 1 1 1
v -2.21227 -31.4047 60.6208 1 1 1
v -2.02323 -30.5526 62.8275 1 1 1
v -8.92361 -1.23323 43.7791 1 1 1
v -1.57536 -32.4503 59.3727 1 1 1
v -1.75993 -31.5536 59.131 1 1 1
v -1.58151 -31.7048 59.4165 1 1 1
v -4.21374 -10.36 72.696 1 1 1
v -1.35485 -32.088 59.9094 1 1 1
v -1.35499 -30.5261 58.955 1 1 1
v -9.17823 5.83967 44.6783 1 1 1
v -8.50912 5.84908 47.4107 1 1 1
v -3.90778 -6.88896 65.6862 1 1 1
v -6.24462 5.35996 48.0014 1 1 1
v -10.666 25.9148 39.8316 1 1 1
v -7.08655 10.6417 41.1235 1 1 1
v -6.88679 9.98663 40.5561 1 1 1
v 1.72212 -10.2966 67.0622 1 1 1
v 3.56529 -14.2923 65.9351 1 1 1
v 3.66229 -15.994 64.7631 1 1 1
v 2.25652 -28.5484 47.8088 1 1 1
v -1.82172 2.31379 50.425 1 1 1
v 2.86168 -22.3273 51.7553 1 1 1
v 3.18589 -23.9833 50.9177 1 1 1
v 3.4153 -26.6111 49.8756 1 1 1
v 3.8452 -5.82929 63.8828 1 1 1
v 3.50653 -23.6442 49.8775 1 1 1
v -6.5196 12.543 30.1264 1 1 1
v -5.23886 5.35644 29.4119 1 1 1
v 5.1496 -5.62679 63.1829 1 1 1
v 3.69468 -16.9249 50.626 1 1 1
v -5.39628 10.9472 30.8531 1 1 1
v -5.02702 6.61123 29.7062 1 1 1
v -4.10316 -5.44105 26.8396 1 1 1
v 3.62101 -16.9201 49.6112 1 1 1
v -5.38053 16.0611 32.9184 1 1 1
v -4.89964 3.51512 28.2024 1 1 1
v 3.86712 -18.1073 49.3542 1 1 1
v 3.86712 -18.1073 49.3542 1 1 1
v 4.57022 -27.0446 47.4308 1 1 1
v 4.20254 -15.2538 51.891 1 1 1
v 4.16532 -27.0283 45.5431 1 1 1
v 4.58598 -26.3212 47.2377 1 1 1
v -3.6086 -6.10686 27.4593 1 1 1
v -3.7332 -5.54433 27.2667 1 1 1
v -3.87822 -5.1372 26.7326 1 1 1
v -4.07258 -3.51927 26.7501 1 1 1
v 4.60157 -15.8957 51.3459 1 1 1
v -3.90439 -4.02912 26.7363 1 1 1
v 4.47148 -16.0122 50.7136 1 1 1
v 4.62425 -19.9692 48.9499 1 1 1
v -4.61397 4.3212 27.7184 1 1 1
v -4.4424 15.6627 33.4558 1 1 1
v -4.40149 15.8299 33.6614 1 1 1
v -4.46447 2.22782 27.1326 1 1 1
v -3.37919 -5.47267 27.391 1 1 1
v 4.94664 -27.3251 45.9538 1 1 1
v 4.94669 -27.7099 45.4765 1 1 1
v -3.56084 -6.03656 26.0015 1 1 1
v -4.29547 16.6117 32.9733 1 1 1
v 4.98184 -26.7931 44.9657 1 1 1
v 5.12459 -21.3156 47.7209 1 1 1
v 5.11553 -20.7767 47.8551 1 1 1
v 5.29601 -22.1107 47.1221 1 1 1
v 5.19587 -21.2852 47.0307 1 1 1
v 4.82158 -26.9345 43.3897 1 1 1
v 5.2506 -16.8736 48.8162 1 1 1
v 5.65863 -17.1973 49.259 1 1 1
v 5.7074 -24.4822 46.0544 1 1 1
v 5.70131 -19.5796 47.9628 1 1 1
v 5.32077 -16.5178 47.7399 1 1 1
v 6.08697 -16.9583 49.7567 1 1 1
v 5.9793 -16.9155 49.404 1 1 1
v 5.3723 -25.0025 44.2394 1 1 1
v -3.76873 -6.10396 22.6919 1 1 1
v -3.14233 -2.86578 25.7789 1 1 1
v -3.29417 5.84054 28.3597 1 1 1
v 6.39361 -16.3999 49.8492 1 1 1
v 6.56075 -16.4637 50.3671 1 1 1
v -2.98433 -2.87955 25.8454 1 1 1
v -2.68014 -5.95625 25.5384 1 1 1
v -2.49235 -6.60778 25.8108 1 1 1
v 6.14461 -20.1771 47.1656 1 1 1
v -2.87536 16.2006 32.7053 1 1 1
v -2.86929 16.1633 32.5796 1 1 1
v 6.10196 -24.0853 45.0643 1 1 1
v 6.10473 -18.131 46.6517 1 1 1
v 6.20919 -18.1639 46.9144 1 1 1
v 5.99754 -18.0786 46.2921 1 1 1
v -2.67534 9.25132 29.9643 1 1 1
v -1.94655 -6.20027 26.1624 1 1 1
v 6.75156 -19.0653 47.1246 1 1 1
v -2.48824 10.3181 30.0996 1 1 1
v 7.27018 -16.4149 49.0062 1 1 1
v -2.22309 10.7551 30.3566 1 1 1
v -1.88651 -6.39444 25.2518 1 1 1
v 7.01423 -23.1247 44.6004 1 1 1
v -2.2732 8.31262 27.9455 1 1 1
v -0.851977 17.724 31.7663 1 1 1
v -1.33906 -4.86282 24.4215 1 1 1
v -1.22039 -4.86043 24.5374 1 1 1
v -0.591957 17.4992 31.8225 1 1 1
v 9.09825 -12.5068 48.6532 1 1 1
v 8.59031 -26.8425 43.5156 1 1 1
v -1.02129 -5.64008 24.6336 1 1 1
v 9.21887 -26.3754 44.0038 1 1 1
v 9.63518 -12.1134 48.4126 1 1 1
v 10.4043 -10.4915 50.5046 1 1 1
v 9.84047 -12.1967 48.3833 1 1 1
v 9.1779 -26.6122 43.0495 1 1 1
v 13.9272 -6.52605 59.1463 1 1 1
v 9.95104 -14.4402 47.0897 1 1 1
v 13.2255 -8.34236 56.3645 1 1 1
v 10.0381 -11.221 47.6993 1 1 1
v 10.0722 -11.2156 47.7812 1 1 1
v 14.3372 -8.9193 57.9683 1 1 1
v 10.0567 -22.2243 44.8239 1 1 1
v 10.0784 -11.9715 47.0788 1 1 1
v 10.4347 -11.1682 47.647 1 1 1
v 9.89011 -26.5389 42.8708 1 1 1
v 16.1747 -6.56222 61.5473 1 1 1
v 11.6708 -10.6234 49.5136 1 1 1
v 12.353 -10.336 51.0158 1 1 1
v 11.3755 -23.3869 45.2239 1 1 1
v 12.0964 -12.7749 48.7253 1 1 1
v 11.8784 -23.1508 45.7612 1 1 1
v 1.21469 10.7564 28.5442 1 1 1
v 3.53828 13.7999 33.4665 1 1 1
v 0.911922 6.64663 25.8919 1 1 1
v 0.981247 6.7269 26.0586 1 1 1
v 1.53242 12.4173 28.0787 1 1 1
v 0.757989 5.02181 25.1614 1 1 1
v 0.757989 5.02181 25.1614 1 1 1
v 2.79402 17.3131 31.33 1 1 1
v 0.965654 -4.33075 23.5365 1 1 1
v 3.07474 18.3398 31.5072 1 1 1
v 1.12082 -4.46131 23.6726 1 1 1
v 1.40284 -4.85505 23.8045 1 1 1
v 4.22972 12.459 31.2717 1 1 1
v 2.16191 6.37293 25.7431 1 1 1
v 4.44658 11.7205 30.8093 1 1 1
v 2.92789 14.2683 26.8934 1 1 1
v 3.7667 12.6524 28.0544 1 1 1
v 2.8622 3.5086 25.1635 1 1 1
v 3.48284 1.24946 25.0348 1 1 1
v 2.9965 -4.66755 23.2863 1 1 1
v 3.46901 -4.94854 23.8317 1 1 1
v 0.728008 23.6424 21.2687 1 1 1
v 3.32371 -4.4737 23.2165 1 1 1
v 3.60309 -4.95931 23.6697 1 1 1
v 4.30351 -0.727584 25.2128 1 1 1
v 17.0533 -6.02579 46.9168 1 1 1
v 4.81551 1.21043 26.103 1 1 1
v 4.57689 -2.82938 25.0645 1 1 1
v 4.75278 0.84359 25.604 1 1 1
v 4.93306 2.49137 26.0566 1 1 1
v 4.34574 -3.5676 24.1517 1 1 1
v 4.55082 -3.34502 24.4721 1 1 1
v 4.69357 -3.97873 24.1987 1 1 1
v 24.4746 -3.41126 56.1232 1 1 1
v 9.80653 1.85855 30.9248 1 1 1
v 2.08931 27.7755 18.4128 1 1 1
v 17.2499 10.8841 38.4244 1 1 1
v 6.55592 26.0607 20.3032 1 1 1
v 13.6121 -21.1939 29.5304 1 1 1
v 13.6121 -21.1939 29.5304 1 1 1
v 13.6909 -21.2959 29.2562 1 1 1
v 13.6909 -21.2959 29.2562 1 1 1
v -19.0274 -1.26142 37.0123 1 1 1
v -18.2053 -3.4339 38.6217 1 1 1
v -18.3887 -1.23731 37.438 1 1 1
v -18.3887 -1.23731 37.438 1 1 1
v -20.2081 -14.3541 72.712 1 1 1
v -20.5756 17.1867 27.2933 1 1 1
v -17.5144 -2.87636 39.3606 1 1 1
v -17.2801 -5.59601 43.2003 1 1 1
v -14.5116 -30.4978 64.0051 1 1 1
v -19.4105 -13.7343 71.8259 1 1 1
v -16.9749 -5.43851 42.2162 1 1 1
v -13.6236 -32.3898 62.8064 1 1 1
v -13.6236 -32.3898 62.8064 1 1 1
v -16.716 -5.24797 40.7549 1 1 1
v -17.033 -2.88225 39.5801 1 1 1
v -13.6974 -31.8211 63.6022 1 1 1
v -18.7996 -13.5292 72.7713 1 1 1
v -16.3995 -4.54107 40.1221 1 1 1
v -12.8537 -33.0602 62.5951 1 1 1
v -15.5431 -5.12459 40.4608 1 1 1
v -15.5806 -4.525 40.4706 1 1 1
v -15.5806 -4.525 40.4706 1 1 1
v -10.7863 -20.6209 30.0454 1 1 1
v -10.7863 -20.6209 30.0454 1 1 1
v -15.5514 -3.1776 40.1157 1 1 1
v -15.549 -2.97832 40.075 1 1 1
v -15.6085 -2.9172 40.475 1 1 1
v -15.6164 -2.74821 40.6638 1 1 1
v -15.5893 -2.97796 41.3595 1 1 1
v -15.3588 -3.02335 40.6355 1 1 1
v -11.4452 -31.6149 63.5572 1 1 1
v -14.9906 -4.17192 41.1311 1 1 1
v -11.5725 -30.2771 64.4083 1 1 1
v -11.5725 -30.2771 64.4083 1 1 1
v -14.956 -3.93039 41.1532 1 1 1
v -18.5251 18.0291 30.7636 1 1 1
v -14.7662 -4.24418 42.0368 1 1 1
v -14.8561 -3.09845 41.2957 1 1 1
v -14.4756 -4.76807 42.2233 1 1 1
v -9.74547 -17.2646 18.2056 1 1 1
v -14.5236 -3.67947 42.4211 1 1 1
v -9.82197 -32.8359 62.5918 1 1 1
v -14.2094 -3.65894 41.9474 1 1 1
v -9.88935 -31.4723 63.4469 1 1 1
v -9.60733 -20.279 29.0306 1 1 1
v -8.99971 -33.6863 62.6754 1 1 1
v -13.7861 -4.02209 43.0181 1 1 1
v -13.9011 -4.05216 45.2103 1 1 1
v -13.7177 -4.25866 43.7399 1 1 1
v -9.11668 -31.2382 63.0989 1 1 1
v -9.22732 -15.5891 12.3048 1 1 1
v -8.29847 -32.6534 62.3564 1 1 1
v -8.29279 -32.7875 62.6517 1 1 1
v -13.4717 -2.23244 55.6454 1 1 1
v -7.53669 -33.0612 60.5393 1 1 1
v -13.1016 0.0213413 38.7602 1 1 1
v -12.4163 -1.91439 55.5863 1 1 1
v -13.3877 11.4982 41.7605 1 1 1
v -13.1048 10.8454 40.6833 1 1 1
v -14.9391 21.434 27.2272 1 1 1
v -13.835 19.7775 29.4732 1 1 1
v -10.3218 4.35573 44.8864 1 1 1
v -12.5491 17.0752 32.2909 1 1 1
v -11.8433 16.9569 33.1376 1 1 1
v -7.47259 0.179088 56.3303 1 1 1
v -6.96596 0.0316254 57.9651 1 1 1
v -6.94023 -0.303827 56.2049 1 1 1
v -0.997276 -32.6001 60.7606 1 1 1
v -0.83355 -32.9073 61.4051 1 1 1
v -1.17689 -30.2277 60.1665 1 1 1
v 0.0651641 -32.7095 60.4401 1 1 1
v -2.31681 -9.87388 73.2569 1 1 1
v -7.11125 13.1118 38.7942 1 1 1
v -9.72532 22.2289 26.166 1 1 1
v -9.72532 22.2289 26.166 1 1 1
v -5.0763 -0.373946 33.475 1 1 1
v -9.21589 22.941 24.9652 1 1 1
v -7.33323 17.2533 31.944 1 1 1
v -5.32512 4.85154 28.9664 1 1 1
v -4.24173 -5.64248 27.0249 1 1 1
v -5.5636 10.5565 31.334 1 1 1
v -5.13531 4.3879 29.0367 1 1 1
v 2.98621 -26.928 50.6914 1 1 1
v -5.09849 5.591 29.3084 1 1 1
v -3.77564 -5.79012 28.0951 1 1 1
v -4.27609 -3.133 27.1121 1 1 1
v -4.27609 -3.133 27.1121 1 1 1
v -5.50213 16.6267 33.8057 1 1 1
v -5.52789 14.2415 31.8591 1 1 1
v -4.20078 -2.87565 27.2513 1 1 1
v -5.43192 11.2932 29.7215 1 1 1
v -4.79529 5.61438 29.2505 1 1 1
v -4.04839 -0.381511 29.1492 1 1 1
v -3.81897 -5.065 27.1569 1 1 1
v -3.73819 -5.69438 27.08 1 1 1
v -4.3514 0.49002 27.5664 1 1 1
v -4.04341 -4.31518 26.0541 1 1 1
v 4.14502 -14.2844 60.953 1 1 1
v 3.54927 -28.3221 49.0899 1 1 1
v -4.42011 11.3211 33.6374 1 1 1
v -4.18715 7.11637 31.8132 1 1 1
v -4.88955 16.0246 33.6946 1 1 1
v -4.86066 16.079 33.8612 1 1 1
v 3.17888 -21.9614 50.4577 1 1 1
v -4.88219 14.0197 32.1673 1 1 1
v -4.36651 2.11867 27.3082 1 1 1
v -4.36912 2.11482 27.2935 1 1 1
v -3.26161 -6.42238 27.2362 1 1 1
v 3.70819 -28.0645 47.9927 1 1 1
v -3.72917 -5.91389 25.0116 1 1 1
v -4.46645 4.00774 27.2739 1 1 1
v 3.81712 -26.906 49.121 1 1 1
v -3.7404 -5.35263 25.2309 1 1 1
v 3.51077 -23.7304 48.9601 1 1 1
v -3.60472 -6.41904 24.9356 1 1 1
v -3.13984 -6.44778 26.9021 1 1 1
v -3.02642 -5.96069 27.6301 1 1 1
v 4.63536 -5.79945 63.5468 1 1 1
v 3.23605 -21.1266 48.2429 1 1 1
v 2.90131 -17.1421 48.6698 1 1 1
v -3.22712 -5.48922 26.4257 1 1 1
v 3.68867 -23.4507 48.6186 1 1 1
v 3.66593 -23.4239 48.4818 1 1 1
v -4.18426 4.1744 26.9386 1 1 1
v -2.73401 -6.30064 27.8924 1 1 1
v 3.74736 -16.9268 50.9595 1 1 1
v -2.9819 -6.08994 25.8443 1 1 1
v 3.97421 -15.4434 52.0536 1 1 1
v 4.05912 -16.9173 51.5123 1 1 1
v 3.77694 -17.406 49.84 1 1 1
v -2.70624 -4.434 27.6741 1 1 1
v -3.65086 5.12119 28.2227 1 1 1
v -1.58048 -4.72633 32.3508 1 1 1
v 4.40202 -15.5523 52.8788 1 1 1
v 4.22258 -18.9428 50.1753 1 1 1
v 4.07709 -19.2285 49.2285 1 1 1
v 4.85938 -27.8436 48.1257 1 1 1
v 4.28208 -24.6028 47.1091 1 1 1
v -2.4907 12.8289 35.7288 1 1 1
v -2.29351 -5.82889 27.4997 1 1 1
v -2.73738 -5.89596 25.3622 1 1 1
v -2.63444 -5.92428 25.7905 1 1 1
v 4.1215 -17.1089 48.7201 1 1 1
v 4.34532 -19.042 48.6055 1 1 1
v -3.46983 6.14535 27.6072 1 1 1
v -3.46983 6.14535 27.6072 1 1 1
v -3.48473 6.23951 27.4382 1 1 1
v 4.38345 -26.6072 44.9909 1 1 1
v -2.47447 -6.48311 25.6917 1 1 1
v -3.17911 11.0168 30.9164 1 1 1
v -2.29217 -6.35101 26.0973 1 1 1
v 5.38719 -28.3986 47.6724 1 1 1
v -3.41703 15.7414 31.2651 1 1 1
v -2.44115 -5.76225 25.5461 1 1 1
v -2.4932 -5.94205 24.9984 1 1 1
v 6.25871 -5.34825 60.6534 1 1 1
v -2.68756 8.13009 30.0341 1 1 1
v -7.15616 26.3005 19.8633 1 1 1
v 5.25573 -19.971 49.1584 1 1 1
v -2.6561 10.6778 30.4178 1 1 1
v -2.6561 10.6778 30.4178 1 1 1
v -2.6663 11.0162 30.4739 1 1 1
v 5.66503 -20.4461 49.5134 1 1 1
v 5.63801 -20.9977 48.8566 1 1 1
v 5.66091 -21.5803 48.659 1 1 1
v 7.6346 -4.61715 62.5376 1 1 1
v 5.99632 -20.9122 49.5122 1 1 1
v 5.67489 -25.951 46.1595 1 1 1
v -2.4943 7.10074 28.1788 1 1 1
v -2.19284 -6.62688 23.8355 1 1 1
v 5.81553 -16.5646 50.1449 1 1 1
v 5.70965 -21.8024 47.5248 1 1 1
v 5.72435 -24.1582 46.6007 1 1 1
v -2.08989 10.0534 30.1658 1 1 1
v -2.08989 10.0534 30.1658 1 1 1
v 5.74311 -22.5669 46.5692 1 1 1
v -2.19907 11.2686 29.8243 1 1 1
v -1.92886 -4.98807 24.5658 1 1 1
v -1.94194 -5.01016 24.5052 1 1 1
v -2.13812 9.07994 28.8798 1 1 1
v -2.44783 5.59514 26.4312 1 1 1
v -2.40191 5.90071 26.712 1 1 1
v 6.17392 -16.6864 49.4173 1 1 1
v -1.89132 10.3109 29.7329 1 1 1
v 5.94219 -20.6957 46.6516 1 1 1
v 6.16823 -20.1681 47.2613 1 1 1
v -1.05715 11.715 32.7556 1 1 1
v 7.11615 -26.8505 48.0293 1 1 1
v -1.1297 -4.31778 26.2042 1 1 1
v 6.53631 -24.6313 45.764 1 1 1
v 6.53631 -24.6313 45.764 1 1 1
v 6.82869 -27.4264 45.8528 1 1 1
v -2.14325 4.57668 25.2659 1 1 1
v 7.24807 -22.9968 47.2854 1 1 1
v 7.30216 -17.1453 49.0844 1 1 1
v 7.35341 -16.461 49.3383 1 1 1
v 7.40927 -18.022 48.802 1 1 1
v -0.925359 11.3122 29.6266 1 1 1
v -0.956621 11.2141 29.4892 1 1 1
v 7.86825 -15.9678 49.9283 1 1 1
v 7.81591 -16.4581 49.2028 1 1 1
v 2.57467 -3.41682 35.9919 1 1 1
v 8.36842 -15.4496 50.8162 1 1 1
v 9.78927 -15.0525 55.3907 1 1 1
v 9.72811 -15.0923 55.1681 1 1 1
v 1.42032 13.9977 36.353 1 1 1
v 8.42172 -15.3054 50.0474 1 1 1
v -0.321764 11.4417 29.6722 1 1 1
v -0.0114522 0.303082 27.5027 1 1 1
v 8.25068 -23.6354 46.724 1 1 1
v 1.85192 14.4904 36.6633 1 1 1
v 10.823 -12.3689 57.2888 1 1 1
v 2.90874 13.0361 39.5379 1 1 1
v -1.14417 5.72501 24.8189 1 1 1
v 1.43673 13.824 34.977 1 1 1
v 8.51463 -14.9447 48.9851 1 1 1
v 8.73232 -2.61013 52.3885 1 1 1
v 11.3807 -5.19802 59.7278 1 1 1
v -0.00998701 11.6638 29.3146 1 1 1
v -0.00998701 11.6638 29.3146 1 1 1
v 8.78029 -14.3238 49.3668 1 1 1
v 10.5376 -5.45643 56.8777 1 1 1
v 0.0977733 11.7821 29.1743 1 1 1
v 0.0664347 11.662 29.0286 1 1 1
v 8.91412 -26.5328 45.8835 1 1 1
v 0.673206 17.8684 31.8856 1 1 1
v 8.69022 -12.3166 48.255 1 1 1
v 9.14219 -12.818 49.32 1 1 1
v 0.685813 17.2526 30.9801 1 1 1
v 9.0267 -27.0403 44.5109 1 1 1
v 0.484148 10.0215 27.6712 1 1 1
v 9.85541 -12.0385 49.3727 1 1 1
v 1.22287 18.8595 31.4512 1 1 1
v 1.03719 18.2129 30.7092 1 1 1
v 1.00572 18.0832 30.5676 1 1 1
v 9.61297 -26.5801 45.2143 1 1 1
v 9.73338 -11.9514 48.602 1 1 1
v 9.71739 -12.5502 48.384 1 1 1
v 9.63761 -12.5459 48.1477 1 1 1
v 0.791893 9.83959 27.7979 1 1 1
v 9.86335 -26.2468 45.4947 1 1 1
v 0.2865 2.00744 24.6278 1 1 1
v 10.8273 -10.4376 51.343 1 1 1
v 14.9952 -6.32225 62.9628 1 1 1
v 10.1835 -11.973 48.3923 1 1 1
v 11.5797 -10.2679 52.23 1 1 1
v 11.5797 -10.2679 52.23 1 1 1
v 14.9753 -6.18675 62.2297 1 1 1
v 13.543 -6.78 58.0474 1 1 1
v 10.4294 -10.885 48.3916 1 1 1
v 13.922 -9.48757 57.8214 1 1 1
v 0.928567 6.29682 25.9028 1 1 1
v 10.6554 -11.0256 48.5154 1 1 1
v 13.4314 -9.86491 55.9988 1 1 1
v 12.5011 -3.46553 54.5525 1 1 1
v 10.8756 -10.5245 48.8612 1 1 1
v 0.924775 -4.81997 23.3817 1 1 1
v 10.9411 -18.4576 47.2039 1 1 1
v 10.9084 -18.4554 47.1189 1 1 1
v 10.9925 -1.09083 50.4379 1 1 1
v 15.1231 -7.64889 60.0982 1 1 1
v 11.2071 -12.9346 48.8253 1 1 1
v 11.001 -17.5726 47.3208 1 1 1
v 1.21594 -4.8956 23.8633 1 1 1
v 1.22612 -4.38313 23.7798 1 1 1
v 11.0555 -22.2358 46.0476 1 1 1
v 16.8668 -5.93477 63.8525 1 1 1
v 11.8691 -10.6606 50.0687 1 1 1
v 1.29314 -4.41707 23.7327 1 1 1
v 1.29314 -4.41707 23.7327 1 1 1
v 16.2544 -8.91149 61.6021 1 1 1
v 16.2544 -8.91149 61.6021 1 1 1
v 11.6726 -23.1588 47.3178 1 1 1
v 12.2874 -12.8849 50.5484 1 1 1
v 11.7327 -11.2937 49.386 1 1 1
v 12.2377 -12.3902 50.325 1 1 1
v 12.5335 -10.6987 51.3324 1 1 1
v 2.35067 5.83797 27.6783 1 1 1
v 12.6441 -10.5236 51.1492 1 1 1
v 2.72894 17.9393 30.4738 1 1 1
v 11.789 -20.2984 47.1922 1 1 1
v 2.1166 6.7096 26.8945 1 1 1
v 12.764 -9.96824 50.9835 1 1 1
v 1.78024 5.75416 25.8143 1 1 1
v 1.92373 5.79302 25.9989 1 1 1
v 1.58782 -4.66651 23.4688 1 1 1
v 1.79669 6.43039 25.3741 1 1 1
v 1.8444 6.5283 25.5126 1 1 1
v 1.81585 6.57963 25.3982 1 1 1
v 1.92066 6.4918 25.627 1 1 1
v 17.5133 -5.7315 62.3043 1 1 1
v 2.64859 18.1558 29.1763 1 1 1
v 2.64859 18.1558 29.1763 1 1 1
v 3.43761 12.5495 30.2477 1 1 1
v 12.7859 -13.0411 49.4965 1 1 1
v 12.8836 -27.7676 47.3016 1 1 1
v 1.72024 -4.19259 23.3041 1 1 1
v 13.0387 -12.6549 49.7114 1 1 1
v 13.0387 -12.6549 49.7114 1 1 1
v 2.12947 6.24873 25.6451 1 1 1
v 2.40177 5.48624 25.8101 1 1 1
v 2.34613 6.09441 25.5038 1 1 1
v 16.253 -7.38409 56.8444 1 1 1
v 3.22314 11.3561 28.2355 1 1 1
v 3.74165 11.8574 29.4854 1 1 1
v 2.49775 5.80785 25.4414 1 1 1
v 15.1111 -15.3805 52.5259 1 1 1
v 2.51696 5.34238 25.3931 1 1 1
v 2.52085 5.35247 25.3987 1 1 1
v 2.62777 6.18622 25.2977 1 1 1
v 3.39727 11.248 27.6278 1 1 1
v 2.57807 4.93964 24.6609 1 1 1
v 2.57807 4.93964 24.6609 1 1 1
v 2.80003 3.69037 24.8553 1 1 1
v 3.70869 17.8725 28.522 1 1 1
v 14.4253 -27.838 47.7064 1 1 1
v 3.17802 13.2592 26.2947 1 1 1
v 3.17802 13.2592 26.2947 1 1 1
v 3.54525 6.05712 26.0574 1 1 1
v 3.93474 7.22808 26.7669 1 1 1
v 3.31728 4.27547 24.7994 1 1 1
v 4.1226 1.60619 26.2887 1 1 1
v 1.02152 24.4931 21.7063 1 1 1
v 18.2154 -29.7243 54.1575 1 1 1
v 1.89213 23.1593 23.353 1 1 1
v 3.38621 4.02742 24.6632 1 1 1
v 18.0766 -1.60238 56.1257 1 1 1
v 3.14091 -5.11211 22.994 1 1 1
v 3.88867 -0.539801 25.0291 1 1 1
v 14.1232 -1.42417 47.0955 1 1 1
v 4.07985 2.24838 25.6238 1 1 1
v 4.30285 2.63227 26.109 1 1 1
v 3.6192 -4.95831 23.7323 1 1 1
v 4.41093 3.34713 26.2032 1 1 1
v 17.8696 -28.8737 51.82 1 1 1
v 17.8696 -28.8737 51.82 1 1 1
v 4.79241 1.3388 26.4361 1 1 1
v 4.15144 -0.674931 24.871 1 1 1
v 4.16719 -2.68919 24.4829 1 1 1
v 18.1206 -28.9782 51.5821 1 1 1
v 4.65782 3.54769 25.8766 1 1 1
v 17.3243 -28.3417 49.7431 1 1 1
v 4.28297 -3.20444 24.2738 1 1 1
v 4.93292 2.39605 26.0528 1 1 1
v 4.96056 -0.315301 25.9115 1 1 1
v 4.35001 -3.03163 24.4 1 1 1
v 5.1488 0.592717 26.3436 1 1 1
v 19.3509 -1.33852 55.7483 1 1 1
v 18.9845 -0.971768 54.9376 1 1 1
v 5.13223 0.603053 26.1414 1 1 1
v 5.02411 -0.543022 25.6702 1 1 1
v 4.7907 -4.57777 24.7137 1 1 1
v 8.00719 15.8895 32.7331 1 1 1
v 8.00719 15.8895 32.7331 1 1 1
v 4.98983 -0.495852 25.3279 1 1 1
v 5.7967 0.710773 26.6914 1 1 1
v 21.821 -4.11476 58.4575 1 1 1
v 4.77727 -3.90448 24.0367 1 1 1
v 20.5529 -2.05698 55.5204 1 1 1
v 7.72843 18.8977 28.7149 1 1 1
v 12.0226 13.4041 35.5833 1 1 1
v 11.9604 13.3008 35.4566 1 1 1
v 7.54376 21.3648 24.8349 1 1 1
v 28.1405 -1.97478 54.5132 1 1 1
v 28.8865 -2.22534 55.441 1 1 1
v 14.0579 17.036 29.4141 1 1 1
v -17.5656 -6.16933 34.4323 1 1 1
v -18.3284 -3.48228 35.2853 1 1 1
v -18.9173 -1.10496 35.6447 1 1 1
v -18.8236 -1.01917 36.8812 1 1 1
v -18.9817 -4.8418 41.9179 1 1 1
v -18.4632 -3.47851 38.4015 1 1 1
v -18.709 -1.11309 37.0782 1 1 1
v -18.2461 -3.20674 37.2218 1 1 1
v -23.3275 22.8095 33.7854 1 1 1
v -18.6752 -1.26315 37.3818 1 1 1
v -18.4071 -3.14883 38.284 1 1 1
v -20.2257 -5.65597 50.3996 1 1 1
v -13.4395 -25.7658 40.2071 1 1 1
v -18.1657 -5.50623 43.7624 1 1 1
v -17.0975 -3.43753 39.5113 1 1 1
v -14.4581 -31.2669 63.8833 1 1 1
v -16.1267 -4.20445 39.5742 1 1 1
v -14.5203 -30.6481 64.2052 1 1 1
v -16.1388 -3.14654 39.4862 1 1 1
v -16.1388 -3.14654 39.4862 1 1 1
v -15.7051 -3.91607 40.5257 1 1 1
v -15.1901 -5.06083 39.9944 1 1 1
v -17.9577 23.0343 20.6151 1 1 1
v -15.2771 -3.64517 40.8147 1 1 1
v -15.0051 -4.8272 41.0094 1 1 1
v -15.3042 -3.13761 41.395 1 1 1
v -14.9185 -4.10458 40.2087 1 1 1
v -17.9866 22.0363 25.0065 1 1 1
v -16.2003 -10.5044 65.7292 1 1 1
v -14.8525 -3.27138 42.7664 1 1 1
v -10.7225 -30.931 64.0743 1 1 1
v -10.7225 -30.931 64.0743 1 1 1
v -13.6776 -4.17861 43.2749 1 1 1
v -13.6479 -4.19949 43.1395 1 1 1
v -14.3812 -11.7741 70.7731 1 1 1
v -9.92973 -30.7519 63.7999 1 1 1
v -9.92973 -30.7519 63.7999 1 1 1
v -13.2936 -3.59926 44.6585 1 1 1
v -9.15005 -30.6915 63.89 1 1 1
v -8.25752 -32.1168 63.1941 1 1 1
v -8.54631 -29.7336 63.0289 1 1 1
v -8.32835 -30.6893 64.1654 1 1 1
v -8.0644 -32.0672 64.1113 1 1 1
v -8.0644 -32.0672 64.1113 1 1 1
v -12.8731 10.2132 40.248 1 1 1
v -13.2126 17.9189 30.1034 1 1 1
v -8.78703 -1.81828 41.0886 1 1 1
v -11.5883 20.1675 27.8885 1 1 1
v -9.2131 9.73766 42.6629 1 1 1
v -1.84983 -31.6357 61.9627 1 1 1
v -8.28081 8.28101 45.2542 1 1 1
v -1.32976 -31.4045 61.9925 1 1 1
v -1.12171 -30.9608 61.8141 1 1 1
v -1.2144 -29.7567 60.5483 1 1 1
v -5.31792 -1.2543 57.5485 1 1 1
v -7.16421 10.097 42.3012 1 1 1
v -7.57242 17.1698 31.9673 1 1 1
v -6.53401 11.9606 29.2197 1 1 1
v -6.09585 16.379 32.5488 1 1 1
v -5.83355 11.311 29.4822 1 1 1
v -4.44564 -3.19603 26.489 1 1 1
v -4.31857 -3.61221 26.7517 1 1 1
v -4.10719 -5.18406 26.7293 1 1 1
v 2.13365 -24.3785 54.6664 1 1 1
v -4.765 3.90423 28.3085 1 1 1
v -3.80174 -5.60414 26.9506 1 1 1
v -3.96044 -4.57574 26.1392 1 1 1
v -3.98706 -4.48707 25.8915 1 1 1
v -4.51071 9.0479 32.6758 1 1 1
v -4.22173 11.7687 35.9774 1 1 1
v -4.4767 5.60957 29.2208 1 1 1
v -3.46785 -6.03456 27.1564 1 1 1
v -3.70995 -5.00959 26.0725 1 1 1
v -4.90463 16.2536 32.9227 1 1 1
v -3.41926 -5.47603 26.7588 1 1 1
v -3.24727 -6.18515 27.1375 1 1 1
v -3.33939 12.0598 38.5394 1 1 1
v 2.90096 -26.555 50.2582 1 1 1
v -3.91833 5.17703 28.7745 1 1 1
v 2.81009 -24.2669 50.5783 1 1 1
v -3.08651 -6.28923 26.1661 1 1 1
v 2.9198 -21.6572 52.5772 1 1 1
v 3.08567 -8.99535 61.4871 1 1 1
v 3.30086 -26.309 50.4463 1 1 1
v 3.46479 -28.2445 49.5446 1 1 1
v -4.62429 13.9815 27.8991 1 1 1
v -4.62429 13.9815 27.8991 1 1 1
v -2.95219 -6.72247 24.9283 1 1 1
v -3.16852 -2.92941 25.671 1 1 1
v 3.423 -18.3628 53.5531 1 1 1
v -2.81276 -6.05138 25.5252 1 1 1
v 3.75418 -28.3835 49.126 1 1 1
v -3.74464 16.4227 32.6236 1 1 1
v 4.21859 -6.00667 64.1306 1 1 1
v -3.41327 16.1487 33.3747 1 1 1
v -3.49937 15.4696 32.399 1 1 1
v -3.36918 4.9454 26.507 1 1 1
v -3.27576 6.65736 27.8371 1 1 1
v 3.71923 -23.7176 48.6833 1 1 1
v -3.0502 7.03244 28.6928 1 1 1
v -3.04431 7.31006 28.6719 1 1 1
v -2.32142 -6.0728 25.576 1 1 1
v 5.22849 -5.59658 63.6085 1 1 1
v -2.55936 9.91824 31.4472 1 1 1
v 4.0913 -15.1809 52.4058 1 1 1
v -2.72049 8.69622 28.7266 1 1 1
v 4.47029 -27.242 46.658 1 1 1
v -2.50914 10.8879 29.9404 1 1 1
v 4.6923 -27.5885 47.3661 1 1 1
v 4.72363 -20.8237 50.3123 1 1 1
v 4.40883 -20.1463 49.0417 1 1 1
v 4.26176 -19.2941 48.3085 1 1 1
v 4.58038 -16.0725 51.2095 1 1 1
v 4.7529 -27.3062 46.2024 1 1 1
v 4.7529 -27.3062 46.2024 1 1 1
v -2.26018 10.8184 29.6216 1 1 1
v 6.20505 -4.65531 62.1836 1 1 1
v 4.9338 -19.6286 49.9771 1 1 1
v -2.19225 11.2923 29.8309 1 1 1
v -2.23711 8.17878 27.9648 1 1 1
v 4.94652 -20.7908 47.837 1 1 1
v 5.35695 -16.8812 51.1243 1 1 1
v 5.6317 -21.1204 50.1076 1 1 1
v 5.37753 -26.8539 46.7216 1 1 1
v 5.36136 -16.7973 50.249 1 1 1
v 4.26764 -20.0614 43.8404 1 1 1
v 5.55134 -24.6223 47.1388 1 1 1
v 5.65027 -21.5689 48.6134 1 1 1
v -2.06123 4.19398 24.9006 1 1 1
v 5.63986 -26.8332 46.4393 1 1 1
v -1.3102 -4.75892 24.5089 1 1 1
v 5.59998 -24.182 46.8572 1 1 1
v 5.3566 -23.7817 45.9108 1 1 1
v 5.80122 -22.1673 48.2609 1 1 1
v -1.24327 -4.78201 24.3773 1 1 1
v 5.90922 -26.4654 46.6131 1 1 1
v 5.9646 -24.9819 46.7561 1 1 1
v 6.08965 -25.9939 46.6777 1 1 1
v 6.0642 -25.6212 46.4992 1 1 1
v 6.30672 -24.9091 47.5879 1 1 1
v -0.157437 21.4574 36.4506 1 1 1
v 6.46446 -25.8376 46.6948 1 1 1
v 6.34529 -24.968 46.4902 1 1 1
v 6.5463 -21.418 47.6008 1 1 1
v 6.11518 -24.0673 45.0857 1 1 1
v 7.42809 -18.786 51.0616 1 1 1
v 7.48903 -16.1268 51.4845 1 1 1
v 6.67031 -25.9003 45.4712 1 1 1
v 6.94014 -24.2899 46.9143 1 1 1
v -0.172437 12.0511 29.7684 1 1 1
v -0.313849 11.5501 29.0397 1 1 1
v 7.22914 -25.919 46.7907 1 1 1
v 7.41642 -16.0018 50.0004 1 1 1
v 7.0182 -25.9826 45.4511 1 1 1
v 7.24007 -23.8467 46.7776 1 1 1
v 7.10698 -18.1821 47.7566 1 1 1
v 7.42723 -26.0052 46.3039 1 1 1
v 7.41539 -26.3076 45.9762 1 1 1
v 0.333132 17.52 31.2119 1 1 1
v 0.546542 11.6725 30.1317 1 1 1
v 0.546542 11.6725 30.1317 1 1 1
v 0.465753 10.556 28.7509 1 1 1
v 9.86911 -19.038 53.8 1 1 1
v 0.317033 10.6185 27.7565 1 1 1
v 8.61186 -26.1423 47.4525 1 1 1
v 9.24651 -1.12291 54.8924 1 1 1
v 8.3168 -24.9964 46.4314 1 1 1
v 9.00117 -0.96276 53.9812 1 1 1
v 0.812596 6.40005 26.4953 1 1 1
v 9.35914 -13.8726 49.5749 1 1 1
v 1.05516 6.50834 25.9459 1 1 1
v 9.58852 -25.3881 46.7384 1 1 1
v 9.59327 -12.4088 48.9107 1 1 1
v 9.29506 -12.9965 47.0935 1 1 1
v 1.13594 -4.8668 23.4235 1 1 1
v 9.54604 -11.937 47.9944 1 1 1
v 1.38511 6.4783 25.8634 1 1 1
v 1.38511 6.4783 25.8634 1 1 1
v 12.904 -4.74527 59.0394 1 1 1
v 1.28844 -4.41403 23.7216 1 1 1
v 10.2129 -10.8816 49.3318 1 1 1
v 1.39598 6.85793 25.5067 1 1 1
v 13.4494 -2.60278 59.6495 1 1 1
v 12.9536 -2.13565 57.1522 1 1 1
v 12.1673 -10.0813 53.495 1 1 1
v 1.67848 6.62339 25.2891 1 1 1
v 10.1825 -11.4271 47.3337 1 1 1
v 13.0593 -2.76038 56.6769 1 1 1
v 2.02781 5.85507 25.8552 1 1 1
v 10.4272 -11.3528 47.583 1 1 1
v 10.4272 -11.3528 47.583 1 1 1
v 14.4407 -7.03373 59.4205 1 1 1
v 10.9467 -23.3383 46.7964 1 1 1
v 3.05019 18.086 29.3324 1 1 1
v 16.5798 -5.83472 64.2287 1 1 1
v 15.4202 -9.15226 60.3129 1 1 1
v 1.92428 -3.30591 22.9699 1 1 1
v 15.8906 -7.8505 61.2687 1 1 1
v 15.7266 -6.82396 60.4521 1 1 1
v 2.70043 5.2667 25.8526 1 1 1
v 12.6555 -10.8188 51.1273 1 1 1
v 16.4342 -6.19856 61.8146 1 1 1
v 2.70672 6.10656 25.6896 1 1 1
v 12.8661 -10.6296 51.4018 1 1 1
v 12.8445 -9.95898 51.1935 1 1 1
v 11.4924 -25.5313 45.5742 1 1 1
v 11.4725 -23.5678 45.6545 1 1 1
v 2.42997 -4.97632 23.2418 1 1 1
v 2.8845 6.21462 25.6348 1 1 1
v 12.5679 -14.1817 49.2441 1 1 1
v 3.10187 6.73628 26.1321 1 1 1
v 11.8277 -21.909 46.2138 1 1 1
v 2.84965 5.28491 25.0692 1 1 1
v 12.4119 -24.0837 47.2066 1 1 1
v 3.32937 6.96749 26.364 1 1 1
v 12.4382 -23.4393 47.2101 1 1 1
v 12.5843 -22.8335 47.0646 1 1 1
v 13.2682 -15.7192 48.5151 1 1 1
v 14.924 -13.3138 52.8701 1 1 1
v 3.9393 2.17792 25.678 1 1 1
v 4.38716 -1.53697 25.5154 1 1 1
v 4.24617 -0.612079 25.1098 1 1 1
v 4.28235 -1.8169 25.0389 1 1 1
v 3.9854 -3.36624 23.7755 1 1 1
v 4.31962 -3.04622 24.3197 1 1 1
v 4.66185 -1.0943 25.2262 1 1 1
v 9.09047 12.6011 36.4805 1 1 1
v 4.5842 -1.43518 24.7347 1 1 1
v 4.72367 -4.10942 24.7119 1 1 1
v 4.66789 -3.73255 24.4555 1 1 1
v 4.67977 -4.24274 24.3545 1 1 1
v 5.05389 -0.0076568 25.4447 1 1 1
v 17.5016 -4.14478 53.1206 1 1 1
v 22.0581 -4.10878 58.8754 1 1 1
v 24.0801 -3.52678 57.6049 1 1 1
v -18.1766 -1.72418 32.9266 1 1 1
v -14.3639 -12.3827 27.229 1 1 1
v -17.6547 -2.3613 31.7023 1 1 1
v -14.442 -12.1516 27.4132 1 1 1
v -19.3163 -1.01077 37.9291 1 1 1
v -18.6839 -4.89475 42.0187 1 1 1
v -15.4627 -4.56361 40.8393 1 1 1
v -17.5517 -4.70848 53.5028 1 1 1
v -15.8413 -2.39677 41.8833 1 1 1
v -15.401 -4.04894 41.1583 1 1 1
v -14.9729 -3.00978 41.8496 1 1 1
v -14.6937 -3.29661 41.231 1 1 1
v -14.0635 -3.94515 42.5743 1 1 1
v -7.7702 -8.57615 3.85392 1 1 1
v -8.38647 -20.1274 25.9868 1 1 1
v -8.35691 -20.0558 25.7288 1 1 1
v -8.35691 -20.0558 25.7288 1 1 1
v -14.8051 20.8481 26.5278 1 1 1
v -14.2539 -2.03595 57.4804 1 1 1
v -9.80856 -31.2488 62.285 1 1 1
v -13.5989 -1.84525 57.8946 1 1 1
v -9.00331 -31.8396 61.7393 1 1 1
v -9.00331 -31.8396 61.7393 1 1 1
v -13.3384 11.1464 40.642 1 1 1
v -13.3384 11.1464 40.642 1 1 1
v -12.5617 -1.59837 57.0042 1 1 1
v -12.8671 11.3971 41.8353 1 1 1
v -12.6174 10.5993 40.1145 1 1 1
v -5.09673 -20.5787 56.0363 1 1 1
v -5.09673 -20.5787 56.0363 1 1 1
v -7.5081 0.389997 57.4979 1 1 1
v -2.10608 -31.8284 61.5999 1 1 1
v -5.31785 -1.20884 57.8135 1 1 1
v -6.22297 5.63501 48.7434 1 1 1
v -6.84076 10.6941 41.9416 1 1 1
v -6.91015 14.0174 33.3483 1 1 1
v -5.25117 0.0851275 33.7859 1 1 1
v -7.34976 17.4533 31.4102 1 1 1
v -6.78165 12.4188 30.8846 1 1 1
v -6.96186 16.5658 31.4614 1 1 1
v -5.97775 10.5347 30.7455 1 1 1
v -5.07666 4.31992 29.2154 1 1 1
v -4.08095 -5.38047 26.997 1 1 1
v -4.08095 -5.38047 26.997 1 1 1
v -4.29644 -3.18037 26.955 1 1 1
v -4.09739 -5.10017 26.9783 1 1 1
v -4.16196 -2.96823 27.1992 1 1 1
v -4.1473 -3.03209 27.1404 1 1 1
v -3.78122 -5.71598 28.2317 1 1 1
v -3.93004 -4.84765 26.9843 1 1 1
v -4.25041 -0.21476 27.89 1 1 1
v -4.81512 10.3862 32.1808 1 1 1
v -5.30881 16.61 33.6509 1 1 1
v -5.30881 16.61 33.6509 1 1 1
v -4.46881 2.46005 27.1688 1 1 1
v -3.54847 -5.51037 27.0241 1 1 1
v -4.45103 3.99847 27.2425 1 1 1
v -3.46956 -5.8158 25.8867 1 1 1
v -3.32459 -5.47542 26.5077 1 1 1
v -3.254 -5.59303 26.7818 1 1 1
v -3.48837 -6.35457 22.2733 1 1 1
v -3.01931 -6.43194 25.5999 1 1 1
v -3.1847 -6.83975 22.8929 1 1 1
v 3.10371 -22.138 60.9878 1 1 1
v -4.68012 18.8935 28.9975 1 1 1
v -3.019 -2.98449 25.4303 1 1 1
v 2.30361 -8.87587 60.1922 1 1 1
v 2.30361 -8.87587 60.1922 1 1 1
v -3.29097 11.5249 32.3529 1 1 1
v 2.78273 -21.9909 52.8614 1 1 1
v 4.336 -23.2828 62.9967 1 1 1
v -3.17964 2.37942 25.6608 1 1 1
v 4.02284 -22.8654 60.696 1 1 1
v 4.02284 -22.8654 60.696 1 1 1
v 3.14861 -26.6409 50.2879 1 1 1
v 3.58307 -29.4523 51.2326 1 1 1
v 3.58307 -29.4523 51.2326 1 1 1
v -2.97278 5.61732 26.5966 1 1 1
v -2.59882 11.7342 31.7377 1 1 1
v -2.65751 11.2924 30.9934 1 1 1
v -2.71897 9.55469 29.6268 1 1 1
v -2.69281 7.20062 28.1035 1 1 1
v -2.66966 7.43578 28.4705 1 1 1
v -2.65327 8.41198 28.7728 1 1 1
v -2.4936 9.59884 29.8456 1 1 1
v -2.4936 9.59884 29.8456 1 1 1
v -1.54901 -5.2866 26.2763 1 1 1
v -1.84121 -6.64963 23.614 1 1 1
v 4.31649 -28.0642 50.0224 1 1 1
v -1.64269 -5.24471 24.745 1 1 1
v 3.91921 -19.079 48.3219 1 1 1
v -2.07994 4.12176 24.7805 1 1 1
v 4.22724 -16.8755 50.2012 1 1 1
v -1.06817 11.6293 32.6413 1 1 1
v 4.10027 -17.3017 48.5351 1 1 1
v 3.69636 -1.54328 48.8179 1 1 1
v 5.04939 -27.4175 46.2155 1 1 1
v 5.4086 -17.3399 51.2854 1 1 1
v 6.55235 -4.84373 60.3513 1 1 1
v 5.01629 -21.9709 46.8331 1 1 1
v 5.54539 -27.44 47.0484 1 1 1
v -1.05504 12.1034 27.9437 1 1 1
v -0.528418 10.7204 29.3975 1 1 1
v -0.693971 17.3148 30.3994 1 1 1
v 5.6422 -20.9564 48.1143 1 1 1
v 5.8619 -20.9019 49.0949 1 1 1
v 0.00507952 0.403203 27.6323 1 1 1
v -0.272539 4.69407 26.0286 1 1 1
v -0.0377849 11.2048 28.3602 1 1 1
v 7.36508 -16.4915 49.3903 1 1 1
v 0.965542 9.97882 29.2492 1 1 1
v 0.694669 9.60018 27.4827 1 1 1
v 7.76847 -15.9257 49.5487 1 1 1
v 7.70619 -26.9796 46.7516 1 1 1
v 7.70619 -26.9796 46.7516 1 1 1
v 0.954667 9.98711 27.6863 1 1 1
v 0.956994 9.97926 27.6593 1 1 1
v 1.09961 9.81975 28.03 1 1 1
v 7.88737 -23.7975 47.5039 1 1 1
v 8.20752 -26.2863 45.8399 1 1 1
v 8.97919 -16.0771 50.4801 1 1 1
v 8.50957 -22.4515 47.5734 1 1 1
v 8.35572 -25.8536 46.3698 1 1 1
v 8.77233 -14.6258 49.7113 1 1 1
v 1.30479 -4.39737 23.7919 1 1 1
v 11.7336 -7.05442 58.184 1 1 1
v 1.54844 -4.32632 22.5905 1 1 1
v 2.18373 5.38923 25.7567 1 1 1
v 12.7517 -5.15421 59.5112 1 1 1
v 12.7517 -5.15421 59.5112 1 1 1
v 9.77226 -26.7831 46.3713 1 1 1
v 2.1477 6.20111 25.0752 1 1 1
v 13.2975 -5.4605 59.8607 1 1 1
v -3.63983 -9.03652 3.78272 1 1 1
v 12.8044 -9.62746 56.5709 1 1 1
v 2.53354 6.38335 25.2966 1 1 1
v 12.8928 -2.07282 57.2695 1 1 1
v 10.6097 -26.8447 47.0611 1 1 1
v 11.8149 -2.61307 53.4889 1 1 1
v 11.6743 -12.0385 51.6325 1 1 1
v 2.32948 20.5924 25.5497 1 1 1
v 12.9285 -10.2111 55.4598 1 1 1
v 13.5914 -7.33244 57.3601 1 1 1
v 3.0955 14.1163 26.691 1 1 1
v 13.1937 -3.24058 56.2025 1 1 1
v 14.0974 -8.87427 58.0803 1 1 1
v 3.48021 16.9374 27.7645 1 1 1
v 14.1485 -8.11328 57.6765 1 1 1
v 3.72833 10.3327 27.3559 1 1 1
v 12.4163 -12.8909 51.1339 1 1 1
v 11.7874 -15.1636 48.7375 1 1 1
v 12.951 -10.7766 51.5257 1 1 1
v 11.9045 -22.6243 46.6516 1 1 1
v 13.5571 -9.82256 51.7811 1 1 1
v 12.4179 -23.7487 47.5131 1 1 1
v 4.0681 1.12353 25.2496 1 1 1
v 12.9472 -11.1269 49.6467 1 1 1
v 4.09311 2.85266 25.3682 1 1 1
v 12.9365 -24.3497 48.2148 1 1 1
v 4.99236 4.18764 27.4853 1 1 1
v 12.8186 -24.051 47.4053 1 1 1
v 3.8067 -4.16996 22.8265 1 1 1
v 13.2834 -24.716 47.5419 1 1 1
v 4.50025 -3.48344 24.6033 1 1 1
v 16.9126 -7.35584 57.8129 1 1 1
v 17.4746 -15.4414 58.8472 1 1 1
v 4.77332 -3.45431 24.5246 1 1 1
v 5.12658 -4.35577 25.1631 1 1 1
v 5.09408 -3.69266 24.8911 1 1 1
v 5.2032 -3.2665 25.1541 1 1 1
v 5.35593 -4.11804 25.2056 1 1 1
v 5.11617 -3.92986 24.4026 1 1 1
v 8.73972 14.3186 33.1502 1 1 1
v -19.2367 -1.07049 37.0027 1 1 1
v -18.4684 -1.39884 34.6352 1 1 1
v -19.1444 -3.48442 39.2111 1 1 1
v -16.7031 -1.93503 36.696 1 1 1
v -15.7959 -5.01323 39.8556 1 1 1
v -15.4987 -5.12312 40.403 1 1 1
v -15.391 -2.87414 40.9484 1 1 1
v -14.9724 -3.4446 40.6218 1 1 1
v -15.014 -4.30271 42.2864 1 1 1
v -12.1962 -6.49807 29.3689 1 1 1
v -14.9433 -3.35988 41.7344 1 1 1
v -14.8101 -3.53513 41.9094 1 1 1
v -14.6194 -3.48214 41.4914 1 1 1
v -12.4528 -4.19806 39.9048 1 1 1
v -6.77701 -17.8041 19.3833 1 1 1
v -9.01431 15.3934 29.0429 1 1 1
v -6.56412 12.278 29.7761 1 1 1
v -5.65793 10.9602 27.9058 1 1 1
v -4.05297 -5.4915 28.1343 1 1 1
v -4.04964 -5.52249 27.9967 1 1 1
v -4.54647 0.732906 29.9759 1 1 1
v -4.92906 4.49137 29.2119 1 1 1
v -4.09674 -5.03461 27.2523 1 1 1
v -4.29764 -3.06863 26.6796 1 1 1
v -4.09405 -5.13817 26.7157 1 1 1
v -5.00016 6.89653 30.1735 1 1 1
v -3.92658 -4.64157 27.0038 1 1 1
v -3.77513 -5.3203 28.8151 1 1 1
v -4.47398 2.36253 26.9434 1 1 1
v -3.68313 -5.50577 27.898 1 1 1
v -4.44555 4.21001 27.6962 1 1 1
v -3.67162 -5.93932 24.7267 1 1 1
v -3.28919 -6.04134 28.5765 1 1 1
v -4.38196 11.4426 34.0824 1 1 1
v -4.74256 11.7571 28.4809 1 1 1
v -3.26291 -6.03197 26.0999 1 1 1
v -3.94605 4.9564 26.8025 1 1 1
v -3.94605 4.9564 26.8025 1 1 1
v -4.44248 18.4574 33.6955 1 1 1
v -4.44248 18.4574 33.6955 1 1 1
v -3.6819 4.18487 26.1554 1 1 1
v -3.33474 3.25763 27.7304 1 1 1
v -3.51155 5.20089 27.1548 1 1 1
v -2.63288 -5.93591 25.7156 1 1 1
v -3.2017 10.4122 30.0421 1 1 1
v -1.91914 -6.43386 29.0448 1 1 1
v -1.92553 -6.44957 28.9318 1 1 1
v -0.936963 -5.18614 35.0194 1 1 1
v -2.45903 10.7565 31.6541 1 1 1
v -2.53524 10.3443 30.3669 1 1 1
v -2.45455 10.2858 29.1927 1 1 1
v -2.39351 5.87117 26.9857 1 1 1
v -1.83432 -6.63299 23.7026 1 1 1
v -2.20233 8.82891 29.2143 1 1 1
v -2.05693 9.36918 29.0962 1 1 1
v -0.879009 -5.71332 28.8073 1 1 1
v -1.14859 12.4574 29.5787 1 1 1
v -0.0310968 -7.03879 24.7981 1 1 1
v 0.67938 12.2993 32.7285 1 1 1
v 0.0708122 10.5135 27.9689 1 1 1
v 2.18279 -3.90435 33.3319 1 1 1
v 0.424318 9.82695 27.4038 1 1 1
v 0.570132 6.13936 26.9712 1 1 1
v 0.571733 10.3204 27.9582 1 1 1
v 1.42051 -4.27244 24.3334 1 1 1
v 2.19133 8.70621 28.8653 1 1 1
v 1.53094 -4.39824 23.8735 1 1 1
v 1.5956 6.47292 25.4135 1 1 1
v 1.87765 4.97317 26.0154 1 1 1
v 1.80696 5.44968 25.7746 1 1 1
v 2.41469 18.6625 28.7597 1 1 1
v 2.36088 16.9021 28.0343 1 1 1
v 2.36088 16.9021 28.0343 1 1 1
v 2.36144 15.5686 27.5755 1 1 1
v 2.60022 19.3174 28.4502 1 1 1
v 4.20323 13.4922 32.2304 1 1 1
v 2.6129 4.37442 24.666 1 1 1
v 3.40879 -5.01663 26.6333 1 1 1
v 2.88121 3.46692 25.2036 1 1 1
v 2.86511 6.08928 25.4407 1 1 1
v 3.09376 6.69627 26.0988 1 1 1
v 3.34481 5.49103 25.4598 1 1 1
v 3.53943 4.55205 25.7291 1 1 1
v 3.71286 6.9312 26.3326 1 1 1
v 5.19136 14.1683 31.4012 1 1 1
v 4.21298 1.73982 26.649 1 1 1
v 4.35637 5.10831 26.9597 1 1 1
v 3.35515 -4.39904 22.6291 1 1 1
v 4.55891 2.80046 26.8014 1 1 1
v 4.40864 -0.612663 25.5649 1 1 1
v 4.38438 -1.72843 25.39 1 1 1
v 4.83702 -3.59226 24.5655 1 1 1
v 5.60257 -4.05553 26.3111 1 1 1
v 5.4089 -4.11506 25.3452 1 1 1
v 7.8751 17.0377 32.5098 1 1 1
v 8.34608 16.3595 33.8745 1 1 1
v 7.74599 18.9168 28.8826 1 1 1
v 9.61376 21.5683 20.5339 1 1 1
v 13.6173 16.2854 28.664 1 1 1
v -14.8332 -5.66529 24.3607 1 1 1
v -12.3974 -8.58494 18.6726 1 1 1
v -18.1414 -3.91439 34.6026 1 1 1
v -18.5401 -1.31176 35.2231 1 1 1
v -10.563 -3.68895 37.9367 1 1 1
v -6.0557 -17.4656 20.5291 1 1 1
v -8.55402 -11.311 38.067 1 1 1
v -4.52155 -12.2133 0.989816 1 1 1
v -9.98657 18.4145 31.4248 1 1 1
v -6.67169 5.31424 38.3429 1 1 1
v -6.39119 11.9641 29.0494 1 1 1
v -5.7516 9.95102 27.5241 1 1 1
v -6.12536 14.6332 32.7907 1 1 1
v -5.24618 5.3145 29.3043 1 1 1
v -4.41 -3.22095 26.4139 1 1 1
v -5.43491 10.8284 30.6443 1 1 1
v -3.93254 -4.92695 25.4545 1 1 1
v -4.61632 6.53812 30.1595 1 1 1
v -4.82147 10.2757 32.4238 1 1 1
v -4.83721 10.6727 33.195 1 1 1
v -3.24457 -5.43809 28.1893 1 1 1
v -3.39068 -6.02413 23.7156 1 1 1
v -3.04171 -6.43228 25.2968 1 1 1
v -2.96303 -6.55912 25.9757 1 1 1
v -3.39388 2.15289 24.9634 1 1 1
v -2.49149 -6.56402 24.8368 1 1 1
v -3.18173 6.46134 27.6137 1 1 1
v -3.41536 16.8846 34.5059 1 1 1
v -2.46092 -5.94818 24.9517 1 1 1
v -2.37487 -6.45243 25.2105 1 1 1
v -3.23681 16.7891 32.6915 1 1 1
v -3.25887 15.7891 31.2732 1 1 1
v -2.80764 16.8835 33.5986 1 1 1
v -2.29673 9.41245 28.7553 1 1 1
v -2.15493 9.36894 29.5986 1 1 1
v -2.20465 11.4426 30.0978 1 1 1
v -2.08804 4.04722 24.5494 1 1 1
v -1.47913 12.9998 35.7455 1 1 1
v -2.0928 2.91114 22.4535 1 1 1
v -0.8189 12.8294 34.6756 1 1 1
v -0.613828 14.3481 37.3512 1 1 1
v -1.05401 12.1697 28.0427 1 1 1
v -1.16628 13.7046 26.463 1 1 1
v -0.039303 0.411316 27.4414 1 1 1
v -0.039059 11.4438 30.7692 1 1 1
v 0.538469 13.6876 35.0906 1 1 1
v 0.0154591 11.9254 29.7906 1 1 1
v 0.559141 17.3856 32.2616 1 1 1
v 0.395092 10.1682 28.2436 1 1 1
v 0.321218 10.0562 27.6954 1 1 1
v 0.336118 10.633 27.8475 1 1 1
v 0.385118 7.76731 25.5595 1 1 1
v 0.865708 10.0728 28.4542 1 1 1
v 1.72217 12.2263 31.6757 1 1 1
v 0.927958 6.29357 25.8962 1 1 1
v 1.56836 6.92774 26.7712 1 1 1
v 1.7262 7.43964 27.7361 1 1 1
v 1.79439 6.42107 25.1804 1 1 1
v 3.47693 13.9558 33.9169 1 1 1
v 2.77703 18.1011 30.7343 1 1 1
v 3.06251 18.0025 31.5949 1 1 1
v 2.97643 16.9885 29.5424 1 1 1
v 2.65916 6.12972 26.5241 1 1 1
v 3.06762 16.784 29.2269 1 1 1
v 2.34254 20.6633 25.6282 1 1 1
v 3.66875 11.6162 30.2416 1 1 1
v 2.58817 4.55621 24.452 1 1 1
v 1.02312 -6.25878 16.6156 1 1 1
v 3.1737 7.24789 26.6926 1 1 1
v 5.54501 -2.66431 35.8556 1 1 1
v 2.94301 3.9452 25.3829 1 1 1
v 3.05084 6.59071 25.8962 1 1 1
v 2.86417 4.99543 24.9008 1 1 1
v 3.83194 17.884 29.1564 1 1 1
v 3.67553 17.1173 28.2705 1 1 1
v 3.94393 12.4142 28.4201 1 1 1
v 3.99862 12.5797 28.6416 1 1 1
v 4.09722 2.56483 25.4131 1 1 1
v 4.49374 0.0977999 25.8337 1 1 1
v 4.76403 -3.25885 26.1236 1 1 1
v 4.44679 -2.92347 24.8143 1 1 1
v 4.53183 -2.64636 25.0386 1 1 1
v 5.01658 2.52197 26.406 1 1 1
v 5.03226 2.53456 26.453 1 1 1
v 4.73299 -1.08139 25.3275 1 1 1
v 6.31222 1.21444 29.4543 1 1 1
v 5.05285 -3.37558 24.8918 1 1 1
v 1.64452 -8.85792 5.85875 1 1 1
v -21.3453 -1.54553 40.4007 1 1 1
v -21.9573 0.96712 41.0373 1 1 1
v -21.6004 -1.03507 41.0259 1 1 1
v -20.9417 -1.98772 39.7033 1 1 1
v -21.1151 -2.10258 40.3389 1 1 1
v -21.068 -1.43035 40.0396 1 1 1
v -20.9122 0.180382 39.0159 1 1 1
v -20.9122 0.180382 39.0159 1 1 1
v -22.7082 -4.93907 46.6266 1 1 1
v -20.3439 -2.62595 38.9793 1 1 1
v -20.6189 -1.448 39.3709 1 1 1
v -25.0017 -6.246 54.2595 1 1 1
v -20.4684 -2.79204 39.8095 1 1 1
v -20.5171 -2.60251 40.0633 1 1 1
v -20.3872 -0.0758317 38.6068 1 1 1
v -20.6197 -1.64912 40.6517 1 1 1
v -22.3451 -5.52203 48.3887 1 1 1
v -22.54 -5.74869 49.1695 1 1 1
v -21.8816 -5.21261 47.0432 1 1 1
v -19.6946 -0.873958 38.7897 1 1 1
v -20.2977 -0.150212 40.2836 1 1 1
v -20.2236 -2.95432 41.3577 1 1 1
v -20.2236 -2.95432 41.3577 1 1 1
v -20.4089 0.218757 40.7095 1 1 1
v -21.9719 -5.25305 47.8978 1 1 1
v -22.6818 -5.89585 50.5203 1 1 1
v -23.0797 -5.99867 51.8906 1 1 1
v -19.5814 -0.841889 39.2901 1 1 1
v -21.5813 -5.35465 47.4912 1 1 1
v -22.2644 -5.58788 50.2498 1 1 1
v -21.5304 -5.22468 47.8431 1 1 1
v -19.4152 -0.861808 39.5172 1 1 1
v -19.5031 -2.76272 40.994 1 1 1
v -19.9368 -2.40684 42.3711 1 1 1
v -20.7536 -5.4658 46.4967 1 1 1
v -19.1834 -2.75449 40.5148 1 1 1
v -19.3104 -0.691067 40.235 1 1 1
v -21.5247 -5.55765 49.6092 1 1 1
v -20.6339 -4.32194 47.0879 1 1 1
v -20.6339 -4.32194 47.0879 1 1 1
v -18.6011 -3.0989 40.5887 1 1 1
v -19.8042 -4.30518 45.8059 1 1 1
v -19.5223 -3.77876 44.9507 1 1 1
v -19.5223 -3.77876 44.9507 1 1 1
v -17.8316 -3.13058 42.0152 1 1 1
v -22.0555 -4.47125 57.98 1 1 1
v -18.0109 -4.82508 45.3264 1 1 1
v -18.5629 -5.21655 47.7921 1 1 1
v -17.3178 -4.48984 43.8979 1 1 1
v -16.985 -2.70855 42.5382 1 1 1
v -16.8687 -4.60651 43.8236 1 1 1
v -16.7024 -1.72277 42.0892 1 1 1
v -16.6051 -4.32304 44.1555 1 1 1
v -16.5887 -2.1362 43.016 1 1 1
v -16.5887 -2.1362 43.016 1 1 1
v -16.3816 -4.817 43.716 1 1 1
v -16.7828 -3.37314 44.6093 1 1 1
v -16.5839 -4.05951 44.3042 1 1 1
v -16.6539 -2.33512 43.7375 1 1 1
v -16.724 -2.85768 44.6381 1 1 1
v -16.724 -2.85768 44.6381 1 1 1
v -16.5019 -2.5456 43.6201 1 1 1
v -16.5394 -2.36498 43.9528 1 1 1
v -16.5394 -2.36498 43.9528 1 1 1
v -16.517 -2.21768 44.1308 1 1 1
v -16.5334 -4.48936 45.4497 1 1 1
v -16.2217 -2.77794 43.8346 1 1 1
v -16.2571 -2.99726 44.4573 1 1 1
v -16.2091 -2.50766 44.2466 1 1 1
v -15.8579 -4.46995 44.5323 1 1 1
v -16.1913 -3.429 45.6259 1 1 1
v -15.5205 -4.95239 43.9723 1 1 1
v -15.7687 -2.97462 44.0631 1 1 1
v -15.6485 -4.00513 44.962 1 1 1
v -15.6252 -4.01547 44.8758 1 1 1
v -15.9423 -3.12408 45.9905 1 1 1
v -15.7618 -2.88248 45.171 1 1 1
v -15.6808 -2.6255 44.7802 1 1 1
v -15.8198 -2.97064 46.2044 1 1 1
v -15.6024 -2.75554 45.288 1 1 1
v -15.8122 -3.28612 47.6758 1 1 1
v -15.4709 -4.27253 46.9008 1 1 1
v -15.1896 -2.96732 45.3606 1 1 1
v -15.1976 -3.06991 46.5326 1 1 1
v -14.92 -3.32067 46.5356 1 1 1
v -14.948 -3.44286 46.7788 1 1 1
v -14.948 -3.44286 46.7788 1 1 1
v -14.7013 -3.43812 46.1988 1 1 1
v -14.739 -3.35243 47.3421 1 1 1
v -14.7542 -3.48278 47.7018 1 1 1
v -13.8501 1.01767 41.411 1 1 1
v -13.4506 0.600951 40.0171 1 1 1
v -12.8896 -0.146269 41.8142 1 1 1
v -13.8092 12.1161 42.7941 1 1 1
v -11.1644 -1.78162 35.9836 1 1 1
v -13.833 12.0966 43.1749 1 1 1
v -12.6557 10.7964 44.2 1 1 1
v -11.0975 -1.00261 46.6857 1 1 1
v -11.0321 -1.19062 46.9117 1 1 1
v -6.41516 -22.1154 27.4536 1 1 1
v -11.3757 9.48776 46.4402 1 1 1
v -6.23856 -20.5199 28.3545 1 1 1
v -9.99013 -1.72014 47.1134 1 1 1
v -9.99013 -1.72014 47.1134 1 1 1
v -9.41324 18.0041 32.8537 1 1 1
v -6.96583 11.7994 29.8483 1 1 1
v -6.91629 12.3953 30.0363 1 1 1
v -6.60005 10.95 28.5076 1 1 1
v -6.48896 12.1929 29.5282 1 1 1
v -6.12414 16.5364 33.0051 1 1 1
v -5.59288 10.4897 31.1845 1 1 1
v -5.49937 10.894 31.8033 1 1 1
v -4.29706 -3.22746 26.7729 1 1 1
v -4.81982 4.5033 28.427 1 1 1
v -4.68316 1.0019 33.3041 1 1 1
v -5.66734 16.5397 34.8206 1 1 1
v -4.09915 -5.27335 27.9018 1 1 1
v -4.09264 -5.06618 27.4208 1 1 1
v -4.08879 -5.07904 27.3296 1 1 1
v -4.0259 -5.50767 27.3702 1 1 1
v -4.46121 4.12382 27.5546 1 1 1
v -3.83507 -4.94989 26.1652 1 1 1
v -4.28349 4.892 28.286 1 1 1
v -3.34905 -6.25723 27.3908 1 1 1
v -3.286 -6.37625 27.8024 1 1 1
v -3.29966 -6.09692 25.7073 1 1 1
v -3.15647 -6.19773 26.8049 1 1 1
v -4.16166 13.5577 40.2216 1 1 1
v -3.66542 2.35423 25.9542 1 1 1
v -4.32981 16.9542 33.4579 1 1 1
v -3.95133 14.1199 39.0395 1 1 1
v -2.92523 -6.3324 25.9532 1 1 1
v -2.92523 -6.3324 25.9532 1 1 1
v -3.49589 5.6022 26.4846 1 1 1
v -2.76931 -4.60352 27.3337 1 1 1
v -2.73067 -5.89997 25.437 1 1 1
v -2.52089 -6.01353 25.8883 1 1 1
v -3.42103 17.131 34.8799 1 1 1
v -3.42103 17.131 34.8799 1 1 1
v -1.19915 -9.58271 58.3197 1 1 1
v -2.64552 10.389 29.9245 1 1 1
v -2.53034 11.4946 30.5015 1 1 1
v -2.33681 11.3855 29.9072 1 1 1
v -1.6901 -5.31213 24.5276 1 1 1
v -1.6901 -5.31213 24.5276 1 1 1
v -2.06559 9.6811 29.6159 1 1 1
v -1.66196 7.75804 30.7096 1 1 1
v -1.72138 4.24143 25.6683 1 1 1
v -1.33251 -4.88089 24.3595 1 1 1
v -1.03505 15.7431 40.184 1 1 1
v -0.968841 15.5466 40.0944 1 1 1
v -1.23175 -4.78612 24.3401 1 1 1
v -1.23175 -4.78612 24.3401 1 1 1
v -0.800779 20.1153 35.0319 1 1 1
v -0.916175 11.1368 29.3449 1 1 1
v -1.04313 12.2678 28.1822 1 1 1
v 3.85917 -23.8903 61.8872 1 1 1
v -0.453223 11.4864 30.7293 1 1 1
v 4.11339 -29.375 59.3782 1 1 1
v -0.779313 -6.38588 19.9508 1 1 1
v 4.24531 -27.382 60.9513 1 1 1
v -0.299265 17.461 31.6374 1 1 1
v 4.18196 -28.9616 57.9901 1 1 1
v 4.18196 -28.9616 57.9901 1 1 1
v 4.21383 -25.6023 58.1698 1 1 1
v -0.289363 -5.50974 23.159 1 1 1
v 4.09799 -19.1259 58.7239 1 1 1
v 4.48315 -28.7636 58.7882 1 1 1
v 4.2592 -22.2561 57.7002 1 1 1
v 4.54968 -31.894 56.253 1 1 1
v 4.89132 -25.9542 59.223 1 1 1
v -0.868997 -6.7534 15.5261 1 1 1
v 4.75745 -30.8865 56.0191 1 1 1
v 0.322084 17.221 31.2095 1 1 1
v 4.87842 -32.4046 56.199 1 1 1
v 4.72695 -25.5255 56.7217 1 1 1
v 4.93708 -22.7079 59.0895 1 1 1
v 0.271898 11.2448 28.8272 1 1 1
v 0.573548 17.498 32.4249 1 1 1
v 4.84961 -18.3008 58.3073 1 1 1
v 4.89236 -29.123 55.9846 1 1 1
v 4.7962 -17.9231 57.4718 1 1 1
v 4.9147 -17.7063 57.9263 1 1 1
v 4.73903 -21.3985 55.6206 1 1 1
v 4.71286 -21.3559 55.3462 1 1 1
v 5.20114 -16.1666 60.4096 1 1 1
v 5.02027 -18.3832 58.1763 1 1 1
v 5.27945 -21.2649 57.2746 1 1 1
v 5.45492 -31.9759 56.2519 1 1 1
v 5.27014 -21.5192 57.0533 1 1 1
v 0.44376 10.1805 27.0493 1 1 1
v 5.34956 -20.1234 57.4649 1 1 1
v 5.05532 -30.7962 52.9382 1 1 1
v 5.50705 -19.4166 58.2492 1 1 1
v 0.551905 5.68073 26.3213 1 1 1
v 5.46216 -17.7224 58.0939 1 1 1
v 5.87877 -20.2481 59.6132 1 1 1
v 5.8229 -16.8992 58.9727 1 1 1
v 5.8229 -16.8992 58.9727 1 1 1
v 5.87821 -17.6632 59.1585 1 1 1
v 0.953752 17.6553 30.042 1 1 1
v 5.2895 -29.5897 52.1524 1 1 1
v 6.1304 -21.9287 59.1221 1 1 1
v 1.11722 10.9143 28.9309 1 1 1
v 1.11147 10.9534 29.0091 1 1 1
v 5.76639 -30.7349 54.1226 1 1 1
v 5.48219 -28.6833 52.1938 1 1 1
v 5.95557 -30.0816 54.8624 1 1 1
v 5.6669 -21.8777 54.2788 1 1 1
v 5.72243 -23.1453 53.8465 1 1 1
v 0.984446 6.77717 26.0014 1 1 1
v 0.984446 6.77717 26.0014 1 1 1
v 1.07695 6.57267 26.0368 1 1 1
v 6.37294 -18.0914 57.2561 1 1 1
v 6.16101 -29.6086 53.777 1 1 1
v 6.34922 -30.6586 54.8614 1 1 1
v 1.05055 -4.74232 23.6758 1 1 1
v 6.263 -31.168 53.8439 1 1 1
v 1.16789 6.43317 25.442 1 1 1
v 6.4253 -30.4793 54.1744 1 1 1
v 1.23726 2.18736 25.0666 1 1 1
v 6.42248 -22.4008 54.484 1 1 1
v 6.74007 -22.4055 56.358 1 1 1
v 6.60823 -30.9474 54.3436 1 1 1
v 6.85745 -23.2829 56.9518 1 1 1
v 6.28326 -29.6411 52.4227 1 1 1
v 6.48688 -23.3185 54.5356 1 1 1
v 6.84566 -17.6028 57.4567 1 1 1
v 1.42773 -4.34291 24.6653 1 1 1
v 1.28613 -4.43222 23.6473 1 1 1
v 1.31444 -4.39524 23.8452 1 1 1
v 6.70094 -23.0699 55.0761 1 1 1
v 1.28889 -4.76021 23.5038 1 1 1
v 6.62886 -29.0951 53.2953 1 1 1
v 7.17646 -23.0853 57.2962 1 1 1
v 6.656 -29.4347 52.7757 1 1 1
v 1.39334 -4.65643 23.5137 1 1 1
v 6.54036 -26.0935 52.4457 1 1 1
v 6.97554 -23.3551 55.1857 1 1 1
v 6.99014 -31.3381 53.8795 1 1 1
v 7.37725 -22.4388 57.1861 1 1 1
v 7.19176 -21.5744 56.1394 1 1 1
v 6.57692 -25.379 51.9078 1 1 1
v 1.60661 5.50148 25.3239 1 1 1
v 7.37962 -21.1111 56.5631 1 1 1
v 7.3065 -23.62 55.8558 1 1 1
v 7.16994 -23.8242 55.0086 1 1 1
v 6.90453 -26.1055 53.0998 1 1 1
v 7.60188 -17.9598 57.9589 1 1 1
v 7.21417 -31.7595 54.0549 1 1 1
v 7.30376 -30.8014 54.3308 1 1 1
v 6.78454 -25.5905 51.792 1 1 1
v 3.23711 11.8716 34.4417 1 1 1
v 7.25706 -32.2082 53.3878 1 1 1
v 7.44766 -17.4296 55.965 1 1 1
v 7.54584 -21.5697 55.9141 1 1 1
v 7.54584 -21.5697 55.9141 1 1 1
v 1.80955 6.21999 25.1949 1 1 1
v 7.18486 -26.7545 52.7689 1 1 1
v 7.14835 -31.8461 51.7778 1 1 1
v 2.9864 18.1457 32.5063 1 1 1
v 7.35117 -23.8298 53.5577 1 1 1
v 8.0218 -18.1238 57.7165 1 1 1
v 7.79928 -21.3427 56.1448 1 1 1
v 7.40316 -31.9835 52.7131 1 1 1
v 7.16045 -26.1694 51.8931 1 1 1
v 7.37229 -27.5662 52.7677 1 1 1
v 7.37229 -27.5662 52.7677 1 1 1
v 7.50517 -32.5756 52.5557 1 1 1
v 7.44301 -21.2788 53.1981 1 1 1
v 2.23019 5.57468 26.0919 1 1 1
v 7.84352 -30.6476 54.0666 1 1 1
v 7.84352 -30.6476 54.0666 1 1 1
v 7.53692 -21.4997 52.9799 1 1 1
v 7.77484 -27.836 53.714 1 1 1
v 8.44448 -21.6067 57.6776 1 1 1
v 2.77709 19.0161 29.8247 1 1 1
v 7.78854 -27.8047 52.9994 1 1 1
v 7.78854 -27.8047 52.9994 1 1 1
v 8.26863 -17.0857 56.4375 1 1 1
v 2.76655 19.2873 29.0134 1 1 1
v 2.45192 5.70884 26.3627 1 1 1
v 8.2139 -33.822 54.4242 1 1 1
v 7.89377 -27.5839 53.1517 1 1 1
v 8.80986 -16.8025 58.8098 1 1 1
v 7.82568 -26.6965 52.7456 1 1 1
v 7.75105 -26.1141 52.3335 1 1 1
v 7.75105 -26.1141 52.3335 1 1 1
v 9.33729 -17.0282 60.3588 1 1 1
v 8.26999 -20.0072 54.2092 1 1 1
v 8.10157 -20.002 52.86 1 1 1
v 8.19803 -25.9305 52.82 1 1 1
v 4.36245 18.343 35.2991 1 1 1
v 8.96251 -18.0982 56.7669 1 1 1
v 8.93712 -19.3582 55.9787 1 1 1
v 8.90804 -24.9461 54.8987 1 1 1
v 8.56796 -27.7889 52.7558 1 1 1
v 8.60978 -25.5119 53.0005 1 1 1
v 9.72335 -16.8866 58.6269 1 1 1
v 9.72335 -16.8866 58.6269 1 1 1
v 8.71304 -28.2724 52.6445 1 1 1
v 9.19844 -19.0623 55.4194 1 1 1
v 9.64261 -18.5738 57.3046 1 1 1
v 9.16308 -18.4 54.7697 1 1 1
v 8.80827 -27.834 52.0342 1 1 1
v 8.88613 -28.2813 52.009 1 1 1
v 9.17464 -29.0932 53.1811 1 1 1
v 9.17464 -29.0932 53.1811 1 1 1
v 8.93616 -24.9683 51.9533 1 1 1
v 9.79452 -19.7451 55.3156 1 1 1
v 3.38254 -4.52583 25.6059 1 1 1
v 10.43 -15.9705 57.1129 1 1 1
v 10.3183 -15.5919 56.6348 1 1 1
v 3.67533 4.82115 26.3364 1 1 1
v 10.5684 -16.8869 57.412 1 1 1
v 9.80842 -25.2114 52.9954 1 1 1
v 10.5096 -15.837 56.2639 1 1 1
v 10.5431 -14.8125 55.9446 1 1 1
v 3.3627 -4.63896 23.9733 1 1 1
v 9.90645 -27.8309 52.793 1 1 1
v 10.0296 -26.9959 53.3429 1 1 1
v 10.1865 -28.847 53.708 1 1 1
v 11.5418 -12.9125 59.437 1 1 1
v 3.68996 -4.27336 24.4929 1 1 1
v 3.68996 -4.27336 24.4929 1 1 1
v 11.0676 -12.7898 56.32 1 1 1
v 4.67267 8.04071 28.5972 1 1 1
v 11.7893 -12.5357 59.1236 1 1 1
v 4.46225 5.40728 27.5457 1 1 1
v 11.6499 -13.315 58.1833 1 1 1
v 10.2734 -28.0744 51.9902 1 1 1
v 6.20646 13.7556 34.5169 1 1 1
v 6.25648 13.7885 34.6617 1 1 1
v 11.8526 -12.8981 58.2362 1 1 1
v 11.6632 -12.7033 57.081 1 1 1
v 4.12695 1.15175 25.2504 1 1 1
v 11.7585 -12.1485 57.1854 1 1 1
v 4.38901 0.175032 26.2177 1 1 1
v 11.5926 -12.3034 55.7306 1 1 1
v 4.40942 -0.365315 25.9461 1 1 1
v 12.3851 -12.2706 58.9409 1 1 1
v 12.0567 -12.9134 57.4233 1 1 1
v 11.9354 -11.4453 56.8971 1 1 1
v 4.46999 -0.496913 25.9147 1 1 1
v 7.38806 13.6563 37.6685 1 1 1
v 12.1847 -10.9315 56.9255 1 1 1
v 4.32116 -2.53306 24.8704 1 1 1
v 11.1585 -31.9211 52.8476 1 1 1
v 4.65598 1.35293 26.0876 1 1 1
v 11.4036 -27.3819 53.5013 1 1 1
v 12.1747 -12.6341 56.3064 1 1 1
v 12.8515 -10.437 58.5919 1 1 1
v 8.11146 12.1005 39.2552 1 1 1
v 12.0044 -13.4707 54.5442 1 1 1
v 4.29834 -3.57685 23.9999 1 1 1
v 8.20529 14.39 38.9544 1 1 1
v 11.2633 -28.5691 51.6482 1 1 1
v 4.44939 -3.49888 23.9483 1 1 1
v 13.1258 -11.7285 57.5252 1 1 1
v 12.6316 -11.0769 55.609 1 1 1
v 12.8902 -11.2596 56.2861 1 1 1
v 12.0779 -29.1058 53.2105 1 1 1
v 4.69164 -4.22411 24.3028 1 1 1
v 12.8466 -11.1601 55.3057 1 1 1
v 5.66822 0.199818 27.4422 1 1 1
v 13.2052 -19.5956 54.9579 1 1 1
v 13.2052 -19.5956 54.9579 1 1 1
v 13.3455 -18.6031 55.3846 1 1 1
v 14.3707 -15.3298 58.8612 1 1 1
v 13.6729 -10.465 56.0892 1 1 1
v 13.805 -11.8845 56.3775 1 1 1
v 13.101 -25.169 54.0384 1 1 1
v 13.0498 -24.0275 53.4226 1 1 1
v 13.3528 -21.4089 54.3528 1 1 1
v 14.888 -18.9 59.6056 1 1 1
v 13.3995 -24.9142 53.6926 1 1 1
v 14.0497 -16.1256 55.4185 1 1 1
v 13.6354 -25.2444 54.0002 1 1 1
v 10.0825 14.3012 39.6155 1 1 1
v 13.5472 -25.3654 53.4608 1 1 1
v 13.773 -24.8702 54.2141 1 1 1
v 14.9022 -13.0694 57.5234 1 1 1
v 14.3567 -19.6756 55.8392 1 1 1
v 14.4783 -21.9473 55.9987 1 1 1
v 15.3711 -14.9807 58.1299 1 1 1
v 13.7919 -25.0944 52.0858 1 1 1
v 14.6363 -24.3867 54.458 1 1 1
v 14.6363 -24.3867 54.458 1 1 1
v 14.6368 -25.9369 54.1191 1 1 1
v 15.3496 -26.287 55.8734 1 1 1
v 15.0109 -24.5364 54.4404 1 1 1
v 14.627 -31.6801 53.4739 1 1 1
v 14.7653 -28.2383 51.9793 1 1 1
v 15.1501 -7.44311 51.7355 1 1 1
v 17.2782 -25.1541 58.6203 1 1 1
v 15.6595 -32.3453 54.2007 1 1 1
v 7.47192 21.1021 24.7902 1 1 1
v 17.1666 -11.8489 57.0573 1 1 1
v 15.6215 -31.7382 53.5427 1 1 1
v 16.8837 -31.9204 57.4023 1 1 1
v 16.4551 -32.7584 55.5071 1 1 1
v 16.1808 -31.5855 54.4994 1 1 1
v 16.5189 -29.8609 55.3478 1 1 1
v 16.6906 -30.67 54.7776 1 1 1
v 17.7641 -30.8221 57.5774 1 1 1
v 13.153 15.0484 38.5516 1 1 1
v 13.153 15.0484 38.5516 1 1 1
v 15.402 12.6131 43.9068 1 1 1
v 18.6303 11.7234 46.3783 1 1 1
v 19.0843 12.9735 42.3014 1 1 1
v 15.0124 18.3859 31.3523 1 1 1
v -15.4674 -5.05485 26.6523 1 1 1
v -11.5997 19.9837 27.6831 1 1 1
v -11.5997 19.9837 27.6831 1 1 1
v -10.1315 22.1195 23.8675 1 1 1
v -4.17729 7.35349 7.05035 1 1 1
v -6.22197 11.4002 32.4393 1 1 1
v -6.06803 12.9104 30.4604 1 1 1
v -3.89257 5.70217 5.73425 1 1 1
v -5.76458 12.2472 29.9667 1 1 1
v -5.21667 4.69954 29.9663 1 1 1
v -5.48795 11.651 30.3043 1 1 1
v -5.57594 17.3885 29.953 1 1 1
v -4.20112 -3.72105 26.7951 1 1 1
v -4.86487 5.96275 30.0594 1 1 1
v -4.11803 -5.55563 27.8723 1 1 1
v -4.45353 4.09249 27.4946 1 1 1
v -4.42074 6.80193 31.7832 1 1 1
v -4.81927 21.314 27.4679 1 1 1
v -3.97009 5.93878 28.8047 1 1 1
v -4.23585 10.6538 33.0514 1 1 1
v -3.42838 2.40346 25.6803 1 1 1
v -3.4066 4.2333 25.9461 1 1 1
v -3.39962 4.24962 25.992 1 1 1
v -2.70423 -5.95488 23.3084 1 1 1
v -2.69573 10.2377 29.1856 1 1 1
v -2.66683 9.80583 28.3916 1 1 1
v -2.45834 9.16941 28.9293 1 1 1
v -2.25011 9.40556 29.0124 1 1 1
v -1.98271 3.9285 24.5879 1 1 1
v -1.56305 -4.76156 24.349 1 1 1
v -1.08088 5.90594 27.6246 1 1 1
v -1.05244 11.9189 27.6285 1 1 1
v -0.461351 11.391 30.5612 1 1 1
v -0.06142 11.3907 28.8873 1 1 1
v 0.484297 5.99277 26.2414 1 1 1
v 0.494138 8.42491 26.4368 1 1 1
v 0.65603 6.24893 26.1974 1 1 1
v 0.643362 6.12332 25.9498 1 1 1
v 0.848247 9.99225 28.2879 1 1 1
v 0.310443 -6.25981 19.0767 1 1 1
v 0.919642 6.6081 26.1138 1 1 1
v 1.52616 17.866 30.9341 1 1 1
v 1.65145 11.618 30.6812 1 1 1
v 1.47954 9.90372 28.7607 1 1 1
v 1.34483 -4.34497 24.1526 1 1 1
v -0.400862 -7.54543 8.11577 1 1 1
v 1.81874 -4.795 25.2129 1 1 1
v 1.74323 5.11663 24.9987 1 1 1
v 2.06349 17.2099 28.0462 1 1 1
v 2.61422 19.6938 30.0301 1 1 1
v 2.13015 6.19357 25.5715 1 1 1
v 2.82114 17.4907 30.456 1 1 1
v 2.63348 15.8216 27.6367 1 1 1
v 2.75269 6.40713 25.7401 1 1 1
v 3.61534 1.32821 25.8171 1 1 1
v 3.6668 1.57212 25.956 1 1 1
v 3.67915 0.085969 25.3424 1 1 1
v 4.37479 2.28468 28.0752 1 1 1
v 4.03404 2.33282 26.1634 1 1 1
v 1.59754 -6.22693 13.5687 1 1 1
v 5.20575 14.4749 31.605 1 1 1
v 4.13534 2.32062 25.8218 1 1 1
v 4.22972 -1.86724 24.8558 1 1 1
v 4.22972 -1.86724 24.8558 1 1 1
v 4.51246 -1.28667 25.1649 1 1 1
v 4.81588 -3.03403 26.4158 1 1 1
v 5.01995 2.50467 26.3804 1 1 1
v 4.71546 -0.671898 24.9764 1 1 1
v 6.83065 -2.96847 29.2254 1 1 1
v 7.25956 -1.01166 28.7599 1 1 1
v -14.5759 -7.75443 26.003 1 1 1
v -4.39481 -9.99366 28.466 1 1 1
v -4.31879 -4.11086 28.3628 1 1 1
v -4.4517 4.08538 27.4745 1 1 1
v -3.82743 -6.18188 29.4487 1 1 1
v -3.61578 -5.59945 26.7957 1 1 1
v -3.06881 -6.03881 26.3178 1 1 1
v -2.98291 -6.43039 26.3484 1 1 1
v -2.94195 6.00048 27.2554 1 1 1
v -2.33762 5.70965 26.8014 1 1 1
v -2.25545 4.91343 25.5084 1 1 1
v -1.67512 -6.54276 24.1394 1 1 1
v -1.67512 -6.54276 24.1394 1 1 1
v -1.63017 -5.58321 22.205 1 1 1
v -1.55034 4.9983 24.5585 1 1 1
v -1.27231 -5.31113 22.2115 1 1 1
v -0.319491 4.09453 24.5307 1 1 1
v -0.024298 0.593422 28.0545 1 1 1
v -0.201269 -5.62731 21.5172 1 1 1
v 0.564421 6.63833 28.0205 1 1 1
v 1.25142 -4.80101 29.1408 1 1 1
v 1.49841 4.91151 24.0243 1 1 1
v 1.9106 5.76345 25.0448 1 1 1
v 2.48851 -4.72007 25.3939 1 1 1
v 2.23131 -5.15813 22.8214 1 1 1
v 2.85644 5.90115 25.0188 1 1 1
v 2.68658 3.20395 23.6869 1 1 1
v 3.22453 7.10294 26.9026 1 1 1
v 2.98394 -5.22534 24.2473 1 1 1
v 3.34664 -5.58723 20.8976 1 1 1
v 4.27099 0.00908457 25.628 1 1 1
v 4.45944 -1.86517 24.0797 1 1 1
v -3.06669 1.29254 22.4111 1 1 1
v -3.06669 1.29254 22.4111 1 1 1
v -1.29788 -5.10245 23.7453 1 1 1
v 1.03857 -4.27836 23.9555 1 1 1
v 1.18346 -5.29717 20.5984 1 1 1
v 1.25818 -4.79858 20.9348 1 1 1
v 1.33281 -5.13115 20.2072 1 1 1
v 2.26914 -5.29828 20.2429 1 1 1
v 4.03365 -3.10452 23.9979 1 1 1
v 0.974729 -12.639 1.99587 1 1 1
v -18.1555 -0.695291 35.9306 1 1 1
v -14.6431 -2.49514 38.9997 1 1 1
v -14.0592 -5.00466 38.3004 1 1 1
v -12.5028 -0.0861129 37.802 1 1 1
v -12.3734 -0.130761 38.2629 1 1 1
v -12.5499 -0.79642 40.0928 1 1 1
v -11.7903 -0.687977 38.3707 1 1 1
v -11.5952 -3.92689 39.5226 1 1 1
v -6.87837 12.1097 28.8962 1 1 1
v -6.25665 10.5068 26.7742 1 1 1
v -6.04976 9.52265 26.0224 1 1 1
v -5.38866 10.8697 26.9592 1 1 1
v -5.38035 8.82072 27.5206 1 1 1
v -4.61858 3.0362 24.3039 1 1 1
v -4.89902 9.52124 26.5171 1 1 1
v -4.55136 2.94537 25.2434 1 1 1
v -4.51213 2.90089 25.2558 1 1 1
v -4.80118 8.769 26.7454 1 1 1
v -4.33389 9.15192 23.7216 1 1 1
v -4.72282 10.5066 26.6759 1 1 1
v -4.43235 5.36203 26.7176 1 1 1
v -4.24472 4.07831 25.4414 1 1 1
v -4.32849 18.5562 24.3208 1 1 1
v -4.32849 18.5562 24.3208 1 1 1
v -3.7607 -3.87748 22.8184 1 1 1
v -3.89095 2.50318 23.3047 1 1 1
v -3.89095 2.50318 23.3047 1 1 1
v -3.7371 2.25395 22.182 1 1 1
v -3.63379 -4.91836 22.8436 1 1 1
v -3.56251 -3.89239 22.6867 1 1 1
v -3.53299 -5.56517 22.6962 1 1 1
v -3.53299 -5.56517 22.6962 1 1 1
v -3.50866 -5.81768 22.6138 1 1 1
v -3.47718 -5.84086 22.4309 1 1 1
v -3.91669 3.94522 25.1109 1 1 1
v -3.91669 3.94522 25.1109 1 1 1
v -3.54377 -5.08195 23.11 1 1 1
v -3.84973 3.46783 24.7555 1 1 1
v -3.9608 4.5458 26.036 1 1 1
v -4.45811 9.29608 29.927 1 1 1
v -3.38795 -5.43582 22.3698 1 1 1
v -3.3865 -6.00781 22.8657 1 1 1
v -4.24594 8.65056 29.08 1 1 1
v -4.24594 8.65056 29.08 1 1 1
v -4.12888 8.66607 28.288 1 1 1
v -4.43894 14.7188 30.4341 1 1 1
v -3.3269 -5.8886 23.433 1 1 1
v -3.41529 4.01201 24.1061 1 1 1
v -2.98255 2.70134 22.137 1 1 1
v -2.98255 2.70134 22.137 1 1 1
v -2.97332 3.07969 22.4494 1 1 1
v -2.79462 -3.65104 21.767 1 1 1
v -2.83516 -6.71385 22.5318 1 1 1
v -2.68618 -6.68858 22.5815 1 1 1
v -3.37072 14.9819 30.3202 1 1 1
v -2.41535 -6.32527 21.4865 1 1 1
v -2.41535 -6.32527 21.4865 1 1 1
v -3.39658 10.8089 34.5512 1 1 1
v -2.21692 -6.2275 21.7732 1 1 1
v -2.09715 -6.69609 21.2978 1 1 1
v -2.14309 8.71914 25.4373 1 1 1
v -1.83597 -6.64794 22.4428 1 1 1
v -2.30428 15.2335 29.2885 1 1 1
v -1.98769 8.90515 26.0938 1 1 1
v -1.95634 9.44533 26.4223 1 1 1
v -1.83313 8.48711 25.902 1 1 1
v -1.81559 9.24137 26.2567 1 1 1
v -1.4785 -5.77345 20.2955 1 1 1
v -1.4785 -5.77345 20.2955 1 1 1
v -1.53071 2.60864 21.6663 1 1 1
v -1.3809 -6.4332 22.2727 1 1 1
v -1.8523 12.0056 33.8955 1 1 1
v -1.184 -5.37737 20.3297 1 1 1
v -1.54099 12.7584 36.0463 1 1 1
v -0.891767 4.33963 24.299 1 1 1
v -0.88513 15.0766 27.8153 1 1 1
v -0.76183 9.56095 26.4665 1 1 1
v -0.76183 9.56095 26.4665 1 1 1
v -0.713323 -5.89025 22.0494 1 1 1
v -0.366826 9.70921 27.4628 1 1 1
v -0.269809 3.51024 23.0318 1 1 1
v -0.239003 9.41975 27.3206 1 1 1
v 0.00240761 9.40493 25.3294 1 1 1
v -0.0288047 -0.515783 23.9093 1 1 1
v -0.0288047 -0.515783 23.9093 1 1 1
v 0.102194 9.59745 25.3977 1 1 1
v 0.0711661 -7.47108 22.8727 1 1 1
v 0.211913 0.781801 21.1438 1 1 1
v 0.414009 4.04059 22.1817 1 1 1
v 0.567122 4.23256 21.7464 1 1 1
v 0.572384 4.1432 21.5563 1 1 1
v 0.817777 5.01762 22.1638 1 1 1
v 0.817777 5.01762 22.1638 1 1 1
v 0.915221 7.97237 23.8403 1 1 1
v 0.906267 4.635 21.9544 1 1 1
v 0.741765 -5.85664 19.863 1 1 1
v 1.13713 7.58129 24.0732 1 1 1
v 0.828612 -4.67971 19.7053 1 1 1
v 1.03799 4.54468 21.4799 1 1 1
v 0.952991 -5.78797 20.7352 1 1 1
v 1.08633 0.918432 21.3644 1 1 1
v 0.862941 -6.87302 17.8367 1 1 1
v 1.07554 -5.03283 20.0024 1 1 1
v 1.41051 3.86999 21.6258 1 1 1
v 1.55439 5.16001 22.1999 1 1 1
v 1.55439 5.16001 22.1999 1 1 1
v 1.54912 4.49505 21.3478 1 1 1
v 1.61735 4.71466 21.5443 1 1 1
v 2.18295 17.0686 27.7227 1 1 1
v 1.66564 4.08761 22.0592 1 1 1
v 1.38555 -5.49234 19.6688 1 1 1
v 1.67424 4.0378 21.2391 1 1 1
v 1.09074 -7.29573 14.2935 1 1 1
v 1.73009 4.68825 21.3204 1 1 1
v 2.31125 16.3689 25.7708 1 1 1
v 1.83398 4.39289 21.6591 1 1 1
v 1.83398 4.39289 21.6591 1 1 1
v 2.26214 14.7262 25.2028 1 1 1
v 2.26214 14.7262 25.2028 1 1 1
v 1.86398 3.60822 21.5672 1 1 1
v 2.39847 16.8192 25.2797 1 1 1
v 1.91821 4.58616 21.5685 1 1 1
v 2.50036 16.1921 25.0544 1 1 1
v 2.14057 3.48073 21.0731 1 1 1
v 2.68921 10.425 22.2082 1 1 1
v 2.61498 4.58259 22.136 1 1 1
v 2.48556 2.29192 21.3227 1 1 1
v 2.47918 1.79513 20.8356 1 1 1
v 3.01346 9.64893 24.4441 1 1 1
v 2.638 4.7786 21.4896 1 1 1
v 2.62661 3.54638 21.4352 1 1 1
v 3.52124 15.2713 25.8489 1 1 1
v 2.6146 -5.03757 21.4591 1 1 1
v 3.36536 8.38706 23.8194 1 1 1
v 3.23944 4.95945 22.1762 1 1 1
v 3.19715 3.03018 22.1628 1 1 1
v 3.08074 -0.0589256 21.2954 1 1 1
v 3.1072 -1.18618 20.8121 1 1 1
v 3.35026 0.618531 21.0644 1 1 1
v 3.66187 0.381462 22.6669 1 1 1
v 3.5753 0.899971 21.6203 1 1 1
v 3.54448 0.160403 21.3894 1 1 1
v 4.64074 7.9697 28.404 1 1 1
v 4.03448 4.07778 24.2367 1 1 1
v 4.04426 4.09053 24.2878 1 1 1
v 4.84881 7.93674 29.1062 1 1 1
v 4.99934 8.50424 29.7663 1 1 1
v 3.45896 -5.53142 20.8729 1 1 1
v 3.74906 -1.05078 21.6867 1 1 1
v 3.84216 -1.31222 21.9728 1 1 1
v 5.23915 8.53733 30.0659 1 1 1
v 3.86099 -1.37046 21.9766 1 1 1
v 3.85081 -1.4293 21.7474 1 1 1
v 5.3897 8.44594 29.3732 1 1 1
v 3.70955 -3.8447 20.1163 1 1 1
v 6.22487 13.2266 33.5344 1 1 1
v 3.97369 -2.56883 20.8452 1 1 1
v 4.19277 -2.0674 21.734 1 1 1
v 4.97911 1.42355 24.5832 1 1 1
v 7.68161 -22.4443 45.927 1 1 1
v 7.38498 11.9412 33.9261 1 1 1
v 7.25397 14.4838 30.4118 1 1 1
v 7.25397 14.4838 30.4118 1 1 1
v 7.33427 14.9689 28.5025 1 1 1
v 7.69059 14.428 30.2554 1 1 1
v 7.79512 14.4779 30.7433 1 1 1
v 8.24057 -29.7791 43.0927 1 1 1
v 7.13655 16.6228 25.8883 1 1 1
v 9.96969 -24.7158 45.2887 1 1 1
v 12.9478 -22.2715 46.8943 1 1 1
v 12.0197 12.9691 34.395 1 1 1
v 14.9101 9.36154 41.2178 1 1 1
v 16.9032 9.80085 41.0931 1 1 1
v 16.9032 9.80085 41.0931 1 1 1
v 13.7426 16.1418 28.0824 1 1 1
v -3.36288 -12.8974 2.73219 1 1 1
v -3.36288 -12.8974 2.73219 1 1 1
v 0.318527 -6.90721 7.81898 1 1 1
v 2.65668 -5.90921 14.2734 1 1 1
v 2.58436 -5.36703 13.068 1 1 1
v 3.06023 6.06557 6.10604 1 1 1
v -20.3964 -3.95979 36.2258 1 1 1
v -20.6812 -4.51267 37.1446 1 1 1
v -18.4009 -2.60357 32.4921 1 1 1
v -19.9048 -3.88431 36.0719 1 1 1
v -19.5509 -3.69192 35.3241 1 1 1
v -18.0708 -0.891795 32.0244 1 1 1
v -18.054 -2.72525 32.3671 1 1 1
v -19.1813 -3.51755 34.7935 1 1 1
v -18.1963 -2.79531 32.7375 1 1 1
v -17.6205 -0.74942 31.5041 1 1 1
v -18.1291 -2.60032 32.9029 1 1 1
v -19.3173 -3.65397 35.6097 1 1 1
v -19.9467 -4.4432 37.1393 1 1 1
v -17.7342 -0.975565 32.3269 1 1 1
v -19.4031 -3.82888 36.1423 1 1 1
v -17.8694 -2.99263 32.8511 1 1 1
v -19.5832 -3.94909 36.5961 1 1 1
v -17.9295 -2.4878 33.1549 1 1 1
v -17.9295 -2.4878 33.1549 1 1 1
v -19.5524 -5.5434 36.918 1 1 1
v -18.4178 -0.605974 34.1303 1 1 1
v -17.9108 -2.38497 33.3201 1 1 1
v -17.9108 -2.38497 33.3201 1 1 1
v -18.8824 -3.63987 35.5195 1 1 1
v -18.2099 -2.77961 34.0542 1 1 1
v -19.6296 -5.38975 37.4754 1 1 1
v -17.5216 -1.29669 32.5589 1 1 1
v -17.7687 -2.44593 33.3142 1 1 1
v -17.3401 -1.17244 32.2693 1 1 1
v -19.3571 -5.58478 37.2359 1 1 1
v -17.5814 -3.17158 33.1919 1 1 1
v -19.3427 -5.38978 37.6335 1 1 1
v -17.4502 -3.26285 33.3679 1 1 1
v -17.8227 -3.32218 34.1649 1 1 1
v -17.5884 -0.993615 33.5226 1 1 1
v -18.6564 -5.12654 36.5852 1 1 1
v -17.1227 -1.48682 33.0075 1 1 1
v -17.6755 -2.89989 34.3212 1 1 1
v -17.8584 -3.59241 34.9277 1 1 1
v -18.7915 -5.22628 37.2404 1 1 1
v -17.1527 -3.43449 33.6353 1 1 1
v -17.0576 -1.71159 33.4928 1 1 1
v -17.0367 -1.93033 33.4962 1 1 1
v -17.3709 -1.23662 34.1453 1 1 1
v -16.5181 -1.26526 32.3303 1 1 1
v -17.4788 -3.74344 34.6579 1 1 1
v -18.41 -5.42769 36.9721 1 1 1
v -16.9455 -3.72611 33.6149 1 1 1
v -18.7424 -5.64392 37.8601 1 1 1
v -16.6809 -1.53222 33.102 1 1 1
v -17.2876 -3.92093 34.882 1 1 1
v -16.7362 -1.46158 33.6318 1 1 1
v -17.0662 -3.67991 34.7091 1 1 1
v -17.0662 -3.67991 34.7091 1 1 1
v -16.5374 -1.79277 33.4466 1 1 1
v -16.7743 -3.89078 34.5866 1 1 1
v -16.1707 -3.58193 33.9449 1 1 1
v -16.274 -3.46438 34.2703 1 1 1
v -15.7683 -2.02884 33.5034 1 1 1
v -17.4833 -5.75999 38.2368 1 1 1
v -17.0644 -5.71206 37.5477 1 1 1
v -17.1391 -6.07225 38.219 1 1 1
v -16.7184 -4.93895 37.8276 1 1 1
v -6.95562 -14.7596 13.8458 1 1 1
v -16.0984 -4.88426 37.0768 1 1 1
v -15.0306 -3.99844 35.2263 1 1 1
v -3.76871 -10.3405 5.89115 1 1 1
v -15.126 -2.17907 35.7561 1 1 1
v -14.4736 -4.5759 35.2045 1 1 1
v -14.358 -4.7659 35.6275 1 1 1
v -14.4828 -3.36697 36.2046 1 1 1
v -14.4828 -3.36697 36.2046 1 1 1
v -14.2551 -5.03568 35.7985 1 1 1
v -13.97 -2.63514 35.1277 1 1 1
v -13.97 -2.63514 35.1277 1 1 1
v -13.6047 -3.96415 34.1958 1 1 1
v -13.7657 -2.83592 35.6759 1 1 1
v -13.4245 -3.28978 34.9209 1 1 1
v -13.8271 -3.64459 36.6017 1 1 1
v -13.5573 -3.25256 35.8288 1 1 1
v -13.5815 -5.26729 36.121 1 1 1
v -13.1958 -4.82874 35.4519 1 1 1
v -13.4227 -3.53207 36.1057 1 1 1
v -13.2995 -3.78891 36.1061 1 1 1
v -12.294 -4.91101 33.8219 1 1 1
v -12.9972 -3.70704 36.1396 1 1 1
v -13.099 -4.22354 36.5602 1 1 1
v -13.299 -4.32838 37.4909 1 1 1
v -12.7356 -4.19004 35.7822 1 1 1
v -13.241 -3.5514 37.7011 1 1 1
v -12.7922 -3.45626 36.4215 1 1 1
v -12.6454 -3.97367 36.2087 1 1 1
v -12.8407 -4.57042 36.8847 1 1 1
v -12.8808 -3.8006 37.3744 1 1 1
v -12.8808 -3.8006 37.3744 1 1 1
v -12.7685 -4.79647 38.5934 1 1 1
v -11.3529 -0.744732 34.0116 1 1 1
v -11.0902 -0.874743 33.9396 1 1 1
v -12.0822 -4.18339 37.7048 1 1 1
v -12.0822 -4.18339 37.7048 1 1 1
v -11.8237 -4.14681 37.7789 1 1 1
v -11.1098 8.74826 35.0814 1 1 1
v -11.8797 -4.3918 38.3299 1 1 1
v -11.6829 -4.17226 38.0179 1 1 1
v -11.8271 -3.8042 40.492 1 1 1
v -10.8074 -4.06189 36.8064 1 1 1
v -10.1334 7.57587 35.0726 1 1 1
v -10.4881 8.10174 36.9399 1 1 1
v -9.97574 8.46153 35.2456 1 1 1
v -9.97574 8.46153 35.2456 1 1 1
v -8.90969 -2.28665 38.0512 1 1 1
v -8.90969 -2.28665 38.0512 1 1 1
v -6.1611 13.1509 25.8676 1 1 1
v -5.06765 10.4596 25.5152 1 1 1
v -4.75137 8.88135 24.1221 1 1 1
v -5.07891 13.1199 26.0599 1 1 1
v -5.05207 8.03877 25.9184 1 1 1
v -4.58022 9.24707 23.6799 1 1 1
v -4.60969 9.43548 24.2279 1 1 1
v -4.72878 3.30696 25.075 1 1 1
v -4.72878 3.30696 25.075 1 1 1
v -5.04804 12.8917 27.2853 1 1 1
v -4.65129 14.0424 25.1672 1 1 1
v -4.51633 3.43898 24.6176 1 1 1
v -4.42443 9.70333 24.6584 1 1 1
v -4.65309 7.89118 25.9864 1 1 1
v -4.47728 2.84466 25.0651 1 1 1
v -4.63355 4.31561 26.1991 1 1 1
v -4.54766 7.95419 26.0038 1 1 1
v -4.32297 2.49179 24.7561 1 1 1
v -4.40291 3.34397 25.4862 1 1 1
v -4.38843 3.32437 25.4282 1 1 1
v -4.15178 2.66249 24.0484 1 1 1
v -4.00886 9.13326 23.9627 1 1 1
v -4.24838 4.08743 25.4997 1 1 1
v -3.9662 2.69476 23.8917 1 1 1
v -3.75677 9.80397 24.2966 1 1 1
v -3.78622 -4.82133 23.7708 1 1 1
v -4.02032 4.80505 25.8992 1 1 1
v -3.9817 4.12183 25.6043 1 1 1
v -3.92818 -5.95412 24.6804 1 1 1
v -3.66835 -5.1251 23.3506 1 1 1
v -3.84146 -3.65211 24.5812 1 1 1
v -3.78777 -5.67004 24.3394 1 1 1
v -3.78777 -5.67004 24.3394 1 1 1
v -3.65878 2.0619 24.0692 1 1 1
v -3.68946 -4.63868 23.9441 1 1 1
v -3.56637 -5.04903 23.5809 1 1 1
v -3.96341 7.82771 27.338 1 1 1
v -3.67534 4.74655 26.0389 1 1 1
v -3.21241 1.55696 23.3697 1 1 1
v -3.17392 4.22665 23.534 1 1 1
v -3.82392 7.85684 28.472 1 1 1
v -3.33949 3.66446 24.7266 1 1 1
v -3.11553 4.35144 23.64 1 1 1
v -3.03049 0.164518 22.8545 1 1 1
v -3.13004 3.87805 23.9907 1 1 1
v -3.09129 4.65034 23.8904 1 1 1
v -3.11054 4.50691 24.5353 1 1 1
v -3.24327 4.01231 25.5036 1 1 1
v -3.07709 -3.34677 23.7996 1 1 1
v -2.89822 4.65002 23.4656 1 1 1
v -2.89822 4.65002 23.4656 1 1 1
v -3.02053 -6.0063 23.4596 1 1 1
v -2.73667 4.53253 23.2769 1 1 1
v -2.73667 4.53253 23.2769 1 1 1
v -3.0663 -6.5929 25.2674 1 1 1
v -2.61543 8.03363 26.2926 1 1 1
v -2.39427 -6.23523 22.9334 1 1 1
v -3.02301 9.36898 31.2764 1 1 1
v -3.07918 9.61003 32.1194 1 1 1
v -2.18005 4.32672 23.8207 1 1 1
v -2.12612 4.03466 23.4971 1 1 1
v -2.20025 3.94857 24.4055 1 1 1
v -2.25223 8.48916 25.7604 1 1 1
v -2.19871 8.26832 25.2923 1 1 1
v -2.84187 9.71241 32.4586 1 1 1
v -2.84187 9.71241 32.4586 1 1 1
v -2.93707 10.1161 33.4196 1 1 1
v -2.93707 10.1161 33.4196 1 1 1
v -2.07736 8.64661 25.2626 1 1 1
v -2.07676 7.88293 25.3452 1 1 1
v -2.02197 4.18523 24.2448 1 1 1
v -2.65606 9.5801 31.6662 1 1 1
v -2.22634 9.14074 27.3932 1 1 1
v -2.01766 13.3147 26.3038 1 1 1
v -2.10192 -6.91034 23.6337 1 1 1
v -2.05623 -6.6 23.4433 1 1 1
v -1.84689 8.81921 25.2143 1 1 1
v -1.8899 9.04582 25.6803 1 1 1
v -2.49456 9.52358 32.5416 1 1 1
v -1.8053 7.67738 25.1109 1 1 1
v -1.83585 8.1591 25.6457 1 1 1
v -1.841 8.62323 26.1611 1 1 1
v -1.67493 8.37396 24.6427 1 1 1
v -2.49392 10.0942 33.5416 1 1 1
v -1.71956 -5.56728 22.7916 1 1 1
v -1.71956 -5.56728 22.7916 1 1 1
v -1.39452 -5.1812 21.9407 1 1 1
v -1.35976 -5.17976 22.3591 1 1 1
v -1.36262 -5.09009 22.3986 1 1 1
v -1.36932 -4.92734 23.1988 1 1 1
v -1.46835 8.38483 27.9513 1 1 1
v -1.02912 -5.90778 22.5938 1 1 1
v -1.02912 -5.90778 22.5938 1 1 1
v -0.873181 4.18437 23.5856 1 1 1
v -0.885456 4.12011 23.8346 1 1 1
v -0.713703 13.0229 24.7623 1 1 1
v -0.652495 5.56444 24.575 1 1 1
v -0.336926 9.20982 26.4866 1 1 1
v -0.288382 3.58173 23.2155 1 1 1
v 0.0533262 8.76919 24.142 1 1 1
v -0.0753946 -0.229077 25.0277 1 1 1
v 0.26715 7.69708 23.2753 1 1 1
v 0.336719 8.01039 23.1207 1 1 1
v 0.481823 13.3524 25.0492 1 1 1
v 0.0589503 -7.15988 22.8641 1 1 1
v 0.508732 4.2947 22.9308 1 1 1
v 0.596624 8.09224 24.5534 1 1 1
v 0.5759 4.84345 23.183 1 1 1
v 0.25108 -7.23822 22.5518 1 1 1
v 0.689443 4.50422 22.7614 1 1 1
v 0.97655 13.4815 24.1664 1 1 1
v 0.516149 -5.70595 23.1938 1 1 1
v 1.00819 7.9926 24.7378 1 1 1
v 1.03167 5.1284 22.8775 1 1 1
v 0.811267 -4.46202 21.4217 1 1 1
v 1.42044 13.1588 24.1255 1 1 1
v 0.968917 -4.52872 21.7576 1 1 1
v 0.976599 -4.72754 21.8188 1 1 1
v 1.03591 -4.85515 21.6963 1 1 1
v 1.40953 4.05949 22.1464 1 1 1
v 1.78384 13.5605 23.2719 1 1 1
v 1.14227 -4.99735 22.0221 1 1 1
v 1.47696 4.55569 21.3935 1 1 1
v 1.17223 -4.80253 21.7236 1 1 1
v 1.81344 13.0246 22.5625 1 1 1
v 1.55202 4.66738 21.7478 1 1 1
v 1.55202 4.66738 21.7478 1 1 1
v 1.62382 4.84396 21.8728 1 1 1
v 1.65009 5.06186 21.8276 1 1 1
v 1.65009 5.06186 21.8276 1 1 1
v 1.29033 -4.94219 22.2923 1 1 1
v 2.01508 14.7862 19.0942 1 1 1
v 2.01508 14.7862 19.0942 1 1 1
v 1.67537 4.37235 22.7557 1 1 1
v 1.70464 4.59036 22.5118 1 1 1
v 1.3846 -5.24765 22.4748 1 1 1
v 1.83134 4.69097 22.337 1 1 1
v 1.83134 4.69097 22.337 1 1 1
v 2.24586 13.964 21.5922 1 1 1
v 1.67397 -3.50598 22.2967 1 1 1
v 2.24744 10.1627 21.0479 1 1 1
v 2.15048 4.47557 22.2033 1 1 1
v 2.15048 4.47557 22.2033 1 1 1
v 1.95117 -4.79988 24.8939 1 1 1
v 2.38128 4.63215 21.9719 1 1 1
v 2.68497 10.7303 21.747 1 1 1
v 2.66579 9.98411 21.5027 1 1 1
v 2.48962 2.46525 21.9446 1 1 1
v 2.56622 2.52134 22.9816 1 1 1
v 2.85228 8.67441 23.6232 1 1 1
v 2.9986 9.46819 24.0737 1 1 1
v 2.9986 9.46819 24.0737 1 1 1
v 2.76765 4.26463 23.1047 1 1 1
v 2.77679 5.01955 22.5353 1 1 1
v 2.81442 5.10241 22.396 1 1 1
v 3.4087 14.1645 24.3844 1 1 1
v 2.68545 -5.64814 22.7736 1 1 1
v 3.44453 9.5489 23.6052 1 1 1
v 3.2099 4.869 22.012 1 1 1
v 2.84245 -5.39167 23.1999 1 1 1
v 3.14947 0.597338 23.0148 1 1 1
v 3.36384 3.82143 23.4165 1 1 1
v 3.18484 0.362162 22.791 1 1 1
v 2.88487 -5.02368 21.5172 1 1 1
v 3.37364 1.22144 23.1256 1 1 1
v 3.46482 0.8987 21.6059 1 1 1
v 3.61482 1.08987 22.2394 1 1 1
v 3.42953 -5.38237 23.5132 1 1 1
v 3.67217 0.506662 22.8829 1 1 1
v 3.67217 0.506662 22.8829 1 1 1
v 4.52239 10.9082 27.0195 1 1 1
v 4.52239 10.9082 27.0195 1 1 1
v 3.9288 3.73105 23.3496 1 1 1
v 3.78132 0.519807 23.2347 1 1 1
v 4.82798 12.3332 27.7 1 1 1
v 3.77345 -1.24616 22.6563 1 1 1
v 3.77345 -1.24616 22.6563 1 1 1
v 3.64237 -3.52367 21.9521 1 1 1
v 4.7368 7.51921 27.5355 1 1 1
v 4.01432 -0.92148 23.8587 1 1 1
v 3.90139 -1.23186 22.6365 1 1 1
v 3.90139 -1.23186 22.6365 1 1 1
v 5.07477 11.153 28.5872 1 1 1
v 4.02078 -0.733906 22.9312 1 1 1
v 4.89056 7.41313 27.9605 1 1 1
v 4.8213 7.40087 26.867 1 1 1
v 4.2669 -1.6452 23.7083 1 1 1
v 4.23546 -1.89774 23.3087 1 1 1
v 5.10091 7.38853 27.0385 1 1 1
v 4.07186 -3.86408 22.0355 1 1 1
v 4.44392 -1.56907 24.1339 1 1 1
v 4.37922 -1.25257 22.7697 1 1 1
v 4.57138 1.43209 23.3528 1 1 1
v 4.68855 2.00082 23.7037 1 1 1
v 4.57353 -4.64118 22.969 1 1 1
v 4.81893 -4.28424 22.9482 1 1 1
v 4.82828 -4.39344 23.053 1 1 1
v 6.8687 10.3178 30.583 1 1 1
v 6.54254 11.9151 26.1656 1 1 1
v 6.55361 12.272 24.9938 1 1 1
v 6.34251 13.496 21.7314 1 1 1
v 6.95058 11.7669 26.1245 1 1 1
v 10.1959 -9.83475 44.0736 1 1 1
v 10.0307 -10.0384 42.9743 1 1 1
v 10.3613 -9.76456 44.0217 1 1 1
v 10.9124 -9.73756 43.8738 1 1 1
v 12.3486 -9.31975 42.574 1 1 1
v -15.8157 -3.43075 22.0531 1 1 1
v -6.54049 -15.3083 6.77417 1 1 1
v -6.54049 -15.3083 6.77417 1 1 1
v -6.43988 -15.2198 6.68954 1 1 1
v -6.43988 -15.2198 6.68954 1 1 1
v -1.49477 -12.7047 7.74995 1 1 1
v -0.683937 -11.196 3.8979 1 1 1
v -0.131076 -5.71364 19.0238 1 1 1
v 5.72836 -17.6731 11.2167 1 1 1
v 5.72836 -17.6731 11.2167 1 1 1
v 5.83918 -17.7831 11.2141 1 1 1
v 5.83918 -17.7831 11.2141 1 1 1
v -19.6133 1.01499 28.232 1 1 1
v -17.5729 -3.52737 24.7317 1 1 1
v -18.1587 -2.2308 25.7922 1 1 1
v -17.8522 -3.83588 25.2445 1 1 1
v -17.3426 -2.91601 24.5412 1 1 1
v -18.532 -2.12029 26.5798 1 1 1
v -19.4039 -2.55645 28.3286 1 1 1
v -16.8886 -1.26227 24.5954 1 1 1
v -22.2382 -7.94396 33.8206 1 1 1
v -21.8891 -7.78374 33.2387 1 1 1
v -21.1849 -6.6659 32.1584 1 1 1
v -22.8858 -8.07692 35.5481 1 1 1
v -17.0163 -3.18084 25.5913 1 1 1
v -17.0163 -3.18084 25.5913 1 1 1
v -16.5101 -1.42469 24.9466 1 1 1
v -20.5774 -6.69321 32.0728 1 1 1
v -16.9703 -2.35344 25.8549 1 1 1
v -20.1602 -6.01663 31.6774 1 1 1
v -20.2492 -6.91624 31.8493 1 1 1
v -20.2492 -6.91624 31.8493 1 1 1
v -20.8924 -6.86815 33.2231 1 1 1
v -19.988 -6.08011 32.0005 1 1 1
v -16.4906 -2.1946 25.8445 1 1 1
v -20.5893 -7.18028 33.5566 1 1 1
v -16.2054 -2.23025 25.7476 1 1 1
v -20.0788 -6.12167 32.7257 1 1 1
v -13.9893 12.1897 22.2971 1 1 1
v -15.7078 -1.38898 25.116 1 1 1
v -20.8715 -7.45085 34.6621 1 1 1
v -18.2185 -4.85798 29.8491 1 1 1
v -19.0639 -6.0309 31.4205 1 1 1
v -16.0785 -2.65324 26.2239 1 1 1
v -17.4899 -5.06901 28.9575 1 1 1
v -16.1271 -2.57005 26.5034 1 1 1
v -18.1334 -5.27145 30.2339 1 1 1
v -18.0179 -5.16661 30.4493 1 1 1
v -19.7063 -6.86712 33.8704 1 1 1
v -19.4455 -7.06085 33.4271 1 1 1
v -19.2387 -7.04778 33.4325 1 1 1
v -19.0924 -6.66183 33.3599 1 1 1
v -18.9865 -6.93325 33.1404 1 1 1
v -18.9865 -6.93325 33.1404 1 1 1
v -17.1273 -4.48542 29.6724 1 1 1
v -17.6239 -5.30327 30.7331 1 1 1
v -15.4467 -2.65479 26.6776 1 1 1
v -19.0872 -7.06258 33.7167 1 1 1
v -15.1698 -1.23318 26.2728 1 1 1
v -15.1779 -1.77774 26.2747 1 1 1
v -18.5764 -6.55139 33.0427 1 1 1
v -15.1114 -1.70977 26.3946 1 1 1
v -15.1898 -1.51366 26.636 1 1 1
v -15.668 -3.71054 27.5896 1 1 1
v -16.6841 -3.91156 29.7646 1 1 1
v -15.1101 -3.27502 26.8066 1 1 1
v -15.0836 -1.79368 27.2312 1 1 1
v -15.1042 -3.25665 27.1905 1 1 1
v -18.2618 -6.95777 33.6157 1 1 1
v -14.962 -3.38725 27.1276 1 1 1
v -17.9911 -6.71209 33.2046 1 1 1
v -15.0603 -2.01392 27.464 1 1 1
v -15.0603 -2.01392 27.464 1 1 1
v -14.9637 -3.09127 27.4562 1 1 1
v -14.6567 -3.7324 27.0948 1 1 1
v -14.3773 -1.89294 26.9047 1 1 1
v -17.3143 -6.94192 32.9119 1 1 1
v -14.2051 -3.70627 26.6006 1 1 1
v -14.7097 -2.19174 27.8168 1 1 1
v -14.6459 -3.22062 27.9299 1 1 1
v -16.1075 -5.46943 30.9867 1 1 1
v -17.3792 -6.57048 33.6864 1 1 1
v -14.2279 -1.96603 27.4041 1 1 1
v -17.2117 -6.63859 33.9159 1 1 1
v -14.3216 -2.43734 28.1156 1 1 1
v -14.4551 -2.14579 28.5933 1 1 1
v -16.3237 -5.78388 32.5157 1 1 1
v -15.4647 -4.20784 30.8316 1 1 1
v -17.5943 -7.06864 35.4783 1 1 1
v -14.4105 -2.40333 28.7432 1 1 1
v -16.9997 -6.73583 34.2128 1 1 1
v -14.1652 -4.15133 28.8263 1 1 1
v -17.5318 -6.72678 37.1698 1 1 1
v -16.3207 -6.46857 35.2913 1 1 1
v -13.842 -5.15945 31.5035 1 1 1
v -12.88 -4.38084 29.7916 1 1 1
v -12.362 -4.87754 29.7129 1 1 1
v -12.4875 -5.00117 30.5986 1 1 1
v -11.515 -3.3126 28.6632 1 1 1
v -11.9569 -3.65913 30.6055 1 1 1
v -11.9266 -5.52542 30.6712 1 1 1
v -12.1468 -3.67411 31.5476 1 1 1
v -12.0072 -3.80388 31.3998 1 1 1
v -11.7316 -4.48425 30.6192 1 1 1
v -11.8372 -4.05482 30.9713 1 1 1
v -11.4865 -4.15712 30.887 1 1 1
v -11.4749 -4.63022 31.0009 1 1 1
v -11.9282 -4.91007 32.7716 1 1 1
v -11.4886 -4.04467 31.6888 1 1 1
v -11.2345 -4.45648 31.344 1 1 1
v -11.0071 -3.86347 31.0678 1 1 1
v -11.0035 -5.3823 31.3685 1 1 1
v -11.5946 -5.54009 33.4918 1 1 1
v -10.9184 -4.26565 32.0583 1 1 1
v -9.70799 -1.5122 28.8669 1 1 1
v -10.9967 -4.48503 32.6167 1 1 1
v -9.71994 7.06878 30.5698 1 1 1
v -9.43541 -1.62084 28.765 1 1 1
v -9.57813 7.23525 31.0227 1 1 1
v -9.57813 7.23525 31.0227 1 1 1
v -9.57813 7.23525 31.0227 1 1 1
v -9.37919 -1.52748 29.2819 1 1 1
v -9.37919 -1.52748 29.2819 1 1 1
v -10.1391 -4.47807 32.2006 1 1 1
v -10.3164 -4.68095 33.0556 1 1 1
v -10.3164 -4.68095 33.0556 1 1 1
v -10.0961 -4.60166 32.4116 1 1 1
v -10.0961 -4.60166 32.4116 1 1 1
v -10.2567 -4.45792 33.1925 1 1 1
v -8.87604 7.0223 31.2725 1 1 1
v -8.87604 7.0223 31.2725 1 1 1
v -5.4992 12.1766 23.5348 1 1 1
v -5.55474 12.1745 24.1755 1 1 1
v -9.00148 -3.52441 35.3496 1 1 1
v -5.43767 12.0897 24.858 1 1 1
v -4.89232 8.0943 22.2501 1 1 1
v -6.40459 -3.3271 26.094 1 1 1
v -7.72602 -2.67901 32.6613 1 1 1
v -4.621 8.9234 23.3781 1 1 1
v -4.59876 7.99174 23.3867 1 1 1
v -4.6339 7.1107 23.931 1 1 1
v -4.54568 11.4239 24.7506 1 1 1
v -3.85171 7.92551 21.9079 1 1 1
v -4.26229 6.95294 23.9033 1 1 1
v -4.03086 2.68395 22.2623 1 1 1
v -3.66344 8.13986 22.0769 1 1 1
v -3.86176 2.90288 22.1194 1 1 1
v -3.6054 1.41653 21.0685 1 1 1
v -3.90655 10.5601 24.9833 1 1 1
v -3.59529 1.78634 21.2591 1 1 1
v -3.73513 9.85691 24.4164 1 1 1
v -3.60169 2.88453 21.9676 1 1 1
v -3.39446 1.72959 20.7983 1 1 1
v -3.38403 2.96242 22.175 1 1 1
v -3.40955 6.61732 23.7964 1 1 1
v -3.4559 6.52974 24.3286 1 1 1
v -3.42029 10.9488 25.4636 1 1 1
v -3.21219 -4.12086 20.0506 1 1 1
v -2.98672 3.13699 21.6104 1 1 1
v -3.19997 -5.89032 20.2681 1 1 1
v -3.15664 -5.89528 20.0663 1 1 1
v -3.08959 -5.58902 20.0569 1 1 1
v -2.53111 1.89608 19.3788 1 1 1
v -2.71992 0.738163 20.3697 1 1 1
v -2.61098 3.22096 20.5835 1 1 1
v -2.63961 3.54577 20.9678 1 1 1
v -3.14718 -6.18164 20.8444 1 1 1
v -2.88186 11.1742 25.0538 1 1 1
v -2.88186 11.1742 25.0538 1 1 1
v -2.82365 -5.52565 19.4141 1 1 1
v -2.46903 2.93084 20.2138 1 1 1
v -2.51114 3.67218 20.9038 1 1 1
v -2.3637 3.56921 20.7274 1 1 1
v -2.86541 -5.9016 20.7779 1 1 1
v -2.75032 6.80114 25.23 1 1 1
v -2.46483 -6.39055 19.9994 1 1 1
v -1.82781 2.79395 20.2002 1 1 1
v -1.91344 3.34786 21.5021 1 1 1
v -1.64775 2.42953 19.9657 1 1 1
v -1.75458 6.61063 22.5508 1 1 1
v -1.75585 -6.33 17.3151 1 1 1
v -1.7523 11.2957 24.7208 1 1 1
v -1.53973 7.4377 22.4594 1 1 1
v -1.53973 7.4377 22.4594 1 1 1
v -1.83065 -6.60024 19.497 1 1 1
v -2.24255 -17.0608 18.055 1 1 1
v -1.50385 7.301 23.7534 1 1 1
v -2.11931 8.68353 29.7156 1 1 1
v -1.63267 -6.62361 20.2045 1 1 1
v -1.229 -6.63652 17.6702 1 1 1
v -1.229 -6.63652 17.6702 1 1 1
v -1.05983 -6.64132 16.6077 1 1 1
v -1.05983 -6.64132 16.6077 1 1 1
v -1.50671 9.92726 29.8643 1 1 1
v -1.50671 9.92726 29.8643 1 1 1
v -0.986238 -5.38063 18.7127 1 1 1
v -0.923426 -5.53968 18.2943 1 1 1
v -0.658321 5.83312 25.2695 1 1 1
v -0.0698922 2.52842 20.0952 1 1 1
v 0.355997 0.0253856 18.371 1 1 1
v 0.355997 0.0253856 18.371 1 1 1
v 0.601603 3.07002 19.3805 1 1 1
v 0.0810853 -7.24579 19.0845 1 1 1
v 0.922626 6.70677 21.1466 1 1 1
v 0.88599 4.0846 19.8558 1 1 1
v 0.244306 -7.12704 19.1955 1 1 1
v 1.1239 3.67175 19.2823 1 1 1
v 1.22704 2.5221 18.6629 1 1 1
v 0.645416 -7.01648 17.3671 1 1 1
v 1.14152 0.209078 18.6942 1 1 1
v 0.646046 -7.06962 20.039 1 1 1
v 0.890865 -4.72052 18.2681 1 1 1
v 1.56176 3.62681 19.1658 1 1 1
v 1.07654 -4.83594 17.5897 1 1 1
v 1.82364 9.23712 26.1052 1 1 1
v 1.66556 3.15885 19.5433 1 1 1
v 1.69162 3.44133 19.5617 1 1 1
v 1.22489 -5.42223 17.7403 1 1 1
v 1.35816 -5.23906 17.539 1 1 1
v 2.05539 3.88977 19.5631 1 1 1
v 1.46022 -5.5209 17.3889 1 1 1
v 1.66303 -4.10737 17.0634 1 1 1
v 2.13479 1.87476 18.7394 1 1 1
v 2.77011 7.73092 20.8926 1 1 1
v 2.48691 3.25978 18.7785 1 1 1
v 2.3986 1.44664 18.7023 1 1 1
v 2.67602 3.86152 19.6522 1 1 1
v 2.64263 2.93701 19.4427 1 1 1
v 2.64263 2.93701 19.4427 1 1 1
v 3.01483 -0.417027 19.5032 1 1 1
v 3.01483 -0.417027 19.5032 1 1 1
v 3.14272 0.0163991 18.6409 1 1 1
v 3.2412 0.107337 18.902 1 1 1
v 2.88772 -5.60521 18.4338 1 1 1
v 3.12988 -16.1582 44.0622 1 1 1
v 3.42422 0.302111 19.2835 1 1 1
v 3.42071 -0.469322 19.222 1 1 1
v 3.43675 -0.356147 19.3354 1 1 1
v 3.77132 2.91225 21.0506 1 1 1
v 3.267 -4.30062 20.1815 1 1 1
v 3.48377 -0.645087 18.5053 1 1 1
v 3.32881 -15.4086 38.8378 1 1 1
v 4.252 5.41837 24.4658 1 1 1
v 3.6005 -1.45638 19.4191 1 1 1
v 3.35431 -3.97304 17.7528 1 1 1
v 3.43261 -17.7163 38.5693 1 1 1
v 3.50926 -2.73893 18.3567 1 1 1
v 3.72037 -14.8177 38.827 1 1 1
v 3.66366 -1.83427 19.3626 1 1 1
v 4.65181 6.26243 24.7641 1 1 1
v 3.73573 -2.10063 19.8206 1 1 1
v 3.73573 -2.10063 19.8206 1 1 1
v 3.86944 -14.6518 38.3558 1 1 1
v 3.72147 -2.36293 19.2847 1 1 1
v 3.91947 -14.9704 38.2076 1 1 1
v 4.07742 -14.6728 40.0438 1 1 1
v 4.05624 -14.548 39.2701 1 1 1
v 3.39408 -22.1474 38.0722 1 1 1
v 3.39408 -22.1474 38.0722 1 1 1
v 3.59366 -3.92735 18.3166 1 1 1
v 4.19423 -13.1903 39.2091 1 1 1
v 3.64814 -19.6528 37.543 1 1 1
v 3.64814 -19.6528 37.543 1 1 1
v 3.49282 -22.2666 37.7021 1 1 1
v 3.49282 -22.2666 37.7021 1 1 1
v 3.54728 -21.7679 37.8722 1 1 1
v 3.69302 -19.7954 37.5421 1 1 1
v 3.92045 -17.2535 37.7928 1 1 1
v 3.89498 -2.48264 19.5613 1 1 1
v 3.89498 -2.48264 19.5613 1 1 1
v 4.2938 -14.3709 38.8132 1 1 1
v 4.2938 -14.3709 38.8132 1 1 1
v 4.16427 -15.9569 37.2691 1 1 1
v 4.24085 -15.5388 37.757 1 1 1
v 4.23328 -16.1302 37.737 1 1 1
v 4.0992 -16.873 36.6815 1 1 1
v 4.41182 1.20481 20.8991 1 1 1
v 4.00888 -2.38625 19.2102 1 1 1
v 4.12053 -16.6307 36.5271 1 1 1
v 4.0535 -16.9814 35.967 1 1 1
v 3.77517 -4.61049 18.1309 1 1 1
v 4.10571 -1.83424 19.6319 1 1 1
v 4.34498 -15.301 37.7285 1 1 1
v 3.56552 -24.9486 37.1879 1 1 1
v 4.31647 -15.7647 36.8467 1 1 1
v 3.68533 -24.4172 37.1407 1 1 1
v 4.43819 0.370721 20.3976 1 1 1
v 4.42475 -15.9106 36.956 1 1 1
v 3.97918 -22.8138 38.1424 1 1 1
v 4.4234 -16.204 37.0586 1 1 1
v 3.889 -4.81188 18.0983 1 1 1
v 3.8879 -24.8272 37.2669 1 1 1
v 4.01117 -4.67092 18.5665 1 1 1
v 3.69202 -25.6128 35.4992 1 1 1
v 3.81724 -26.8613 36.7194 1 1 1
v 4.85983 -14.593 37.1007 1 1 1
v 4.36944 -22.9595 37.9226 1 1 1
v 4.36944 -22.9595 37.9226 1 1 1
v 4.44635 -26.1253 41.2359 1 1 1
v 4.24737 -25.2222 37.976 1 1 1
v 4.38888 -23.4787 36.2888 1 1 1
v 4.50149 -22.85 36.4667 1 1 1
v 4.987 -17.6571 36.769 1 1 1
v 4.41183 -4.58019 19.028 1 1 1
v 4.50224 -26.6302 38.488 1 1 1
v 4.43656 -4.82794 19.0937 1 1 1
v 6.4112 8.88445 27.4405 1 1 1
v 5.56667 -14.3843 37.7885 1 1 1
v 5.56667 -14.3843 37.7885 1 1 1
v 4.88993 -20.7752 35.643 1 1 1
v 4.85477 -23.2194 36.5832 1 1 1
v 5.21911 -18.8031 36.4538 1 1 1
v 7.15086 -0.586638 40.5773 1 1 1
v 7.00312 -0.801898 38.9594 1 1 1
v 4.75072 -22.5476 34.2366 1 1 1
v 5.01933 -21.9257 36.3855 1 1 1
v 5.2868 -18.1885 35.7096 1 1 1
v 5.50114 -17.0276 36.6986 1 1 1
v 5.60939 -16.8856 37.5855 1 1 1
v 4.93205 -24.3084 36.4952 1 1 1
v 4.93205 -24.3084 36.4952 1 1 1
v 4.91639 -24.6926 36.4501 1 1 1
v 4.91639 -24.6926 36.4501 1 1 1
v 4.81493 -26.2487 36.4438 1 1 1
v 5.60053 -17.3561 36.9248 1 1 1
v 5.60053 -17.3561 36.9248 1 1 1
v 5.60053 -17.3561 36.9248 1 1 1
v 4.93641 -22.797 34.5291 1 1 1
v 5.11423 -22.7023 35.7944 1 1 1
v 5.77689 -17.2347 37.5043 1 1 1
v 5.77092 -17.217 37.4098 1 1 1
v 5.77092 -17.217 37.4098 1 1 1
v 5.34049 -20.5658 35.7329 1 1 1
v 5.99388 -14.5962 37.1144 1 1 1
v 5.18406 -22.9097 35.4629 1 1 1
v 5.62063 -18.8929 35.9944 1 1 1
v 5.15978 -23.4961 35.2546 1 1 1
v 5.57867 -18.7237 35.3419 1 1 1
v 5.22421 -25.4699 36.794 1 1 1
v 5.97007 -17.5414 36.9967 1 1 1
v 5.40981 -21.8396 35.2118 1 1 1
v 5.27868 -23.7265 35.1807 1 1 1
v 6.49192 -15.3256 39.6537 1 1 1
v 6.49192 -15.3256 39.6537 1 1 1
v 5.57585 -21.1375 35.8768 1 1 1
v 6.34159 -13.8307 36.6177 1 1 1
v 5.40004 -25.802 36.4706 1 1 1
v 5.66714 -21.8975 35.6359 1 1 1
v 6.31441 -15.6494 36.6857 1 1 1
v 6.29865 -16.0419 35.902 1 1 1
v 8.2708 -1.76955 41.8775 1 1 1
v 5.84144 -21.5603 35.4698 1 1 1
v 6.33424 -16.1907 35.8215 1 1 1
v 8.15141 -2.14114 40.6478 1 1 1
v 6.69019 -14.6398 37.3347 1 1 1
v 6.02007 -20.8468 36.1068 1 1 1
v 6.02007 -20.8468 36.1068 1 1 1
v 8.29717 -2.48621 41.471 1 1 1
v 7.10738 -13.6697 39.0986 1 1 1
v 6.60865 -15.4624 36.3542 1 1 1
v 5.83003 -23.4372 35.4207 1 1 1
v 6.95892 -13.6402 37.0945 1 1 1
v 5.80541 -26.2652 36.1313 1 1 1
v 5.81896 -25.9367 35.9948 1 1 1
v 6.23183 -20.3824 35.3546 1 1 1
v 5.90932 -25.6111 36.1317 1 1 1
v 6.46538 -19.409 36.0869 1 1 1
v 7.69196 8.51497 27.2562 1 1 1
v 6.74933 -15.1148 35.2217 1 1 1
v 7.00044 -15.0374 37.0289 1 1 1
v 5.73443 -27.5274 35.0053 1 1 1
v 6.00624 -25.4324 35.4339 1 1 1
v 6.0621 -25.9796 36.1332 1 1 1
v 5.84673 -28.1233 34.7075 1 1 1
v 6.20042 -26.1524 35.972 1 1 1
v 7.59895 -12.9006 37.0914 1 1 1
v 6.16758 -28.5515 35.5078 1 1 1
v 9.13856 -0.772001 39.2117 1 1 1
v 6.73348 -21.7285 34.8841 1 1 1
v 6.96157 -22.8202 36.0248 1 1 1
v 6.52844 -26.3271 35.0959 1 1 1
v 6.43732 -28.3168 35.4948 1 1 1
v 9.66581 -1.26394 41.3892 1 1 1
v 9.50948 -0.433412 39.6245 1 1 1
v 8.51867 -10.8575 38.7389 1 1 1
v 9.47202 -1.08811 39.1417 1 1 1
v 6.70125 -26.1074 35.1876 1 1 1
v 8.39911 -10.8945 36.8264 1 1 1
v 8.57983 -10.5592 37.7203 1 1 1
v 10.163 -5.10124 44.2111 1 1 1
v 6.74706 -28.8548 35.6285 1 1 1
v 10.0366 -1.39061 40.8465 1 1 1
v 10.0366 -1.39061 40.8465 1 1 1
v 7.3997 -20.8683 34.9583 1 1 1
v 8.64654 -11.0531 37.2601 1 1 1
v 6.64567 -28.2462 34.0177 1 1 1
v 8.78265 -10.0603 37.3343 1 1 1
v 7.40312 -21.6004 34.9508 1 1 1
v 9.85816 -0.141113 38.1011 1 1 1
v 8.54282 -10.6244 35.667 1 1 1
v 7.48324 -22.2556 35.3523 1 1 1
v 8.68455 -10.7817 35.7342 1 1 1
v 10.3394 -1.75693 40.7794 1 1 1
v 7.01648 -28.4709 34.9924 1 1 1
v 9.01841 -9.66652 36.1436 1 1 1
v 10.4499 -0.647575 39.5327 1 1 1
v 10.6452 -1.48781 40.012 1 1 1
v 10.9181 -5.08334 43.278 1 1 1
v 8.98167 -9.93943 34.6865 1 1 1
v 8.98167 -9.93943 34.6865 1 1 1
v 9.18796 -9.85702 35.7962 1 1 1
v 10.5588 -1.54155 39.3238 1 1 1
v 8.05021 -22.4747 35.5018 1 1 1
v 11.1802 -5.33947 43.5326 1 1 1
v 11.1802 -5.33947 43.5326 1 1 1
v 10.0597 -9.37424 39.2068 1 1 1
v 9.61136 -11.0827 37.2055 1 1 1
v 8.37686 -21.2938 35.3524 1 1 1
v 7.964 -30.8876 35.9856 1 1 1
v 8.51215 -22.3785 34.8605 1 1 1
v 8.16277 -26.2171 34.7593 1 1 1
v 10.7103 -9.39436 40.0799 1 1 1
v 8.22254 -25.5724 34.7462 1 1 1
v 10.9959 -9.87223 41.2491 1 1 1
v 9.83609 -12.3435 36.1796 1 1 1
v 10.5054 -10.7381 38.7227 1 1 1
v 11.9591 -7.12918 44.3026 1 1 1
v 9.54447 -14.8339 35.6178 1 1 1
v 10.9286 -9.92146 40.0747 1 1 1
v 10.9286 -9.92146 40.0747 1 1 1
v 10.6856 -9.16064 38.2657 1 1 1
v 10.9516 -8.78979 39.3646 1 1 1
v 11.9347 -6.682 43.229 1 1 1
v 8.46679 -27.4313 35.1621 1 1 1
v 11.4777 -6.69621 40.7063 1 1 1
v 10.6631 -10.8531 38.5019 1 1 1
v 10.1434 -13.267 36.8874 1 1 1
v 10.7977 -8.9989 38.0303 1 1 1
v 12.3122 -6.08226 44.0956 1 1 1
v 9.71108 -14.541 34.9159 1 1 1
v 12.3625 -7.38365 44.5801 1 1 1
v 11.5289 -8.6817 40.5016 1 1 1
v 11.4663 -8.68264 40.153 1 1 1
v 8.76765 -29.4761 36.1363 1 1 1
v 9.02804 -24.9826 35.343 1 1 1
v 12.4725 -1.42114 40.9474 1 1 1
v 12.5899 -0.980413 40.9067 1 1 1
v 8.74935 -31.2919 35.9246 1 1 1
v 8.74935 -31.2919 35.9246 1 1 1
v 9.75545 -20.8762 36.0565 1 1 1
v 10.3459 -15.7502 36.558 1 1 1
v 11.3255 -9.01057 37.7007 1 1 1
v 12.3685 -7.5662 41.779 1 1 1
v 10.2778 -17.184 36.1859 1 1 1
v 11.2001 -11.9825 38.1388 1 1 1
v 12.5441 -6.92837 42.1836 1 1 1
v 9.46736 -26.9366 36.0368 1 1 1
v 9.46736 -26.9366 36.0368 1 1 1
v 9.62732 -24.7514 35.6691 1 1 1
v 12.943 -8.12464 43.4602 1 1 1
v 11.5686 -10.6389 38.2509 1 1 1
v 8.9923 -23.0743 31.7053 1 1 1
v 13.396 -7.46587 44.7752 1 1 1
v 10.5442 -17.5025 35.8803 1 1 1
v 10.1691 -18.6997 34.3582 1 1 1
v 13.8515 -5.72194 44.9806 1 1 1
v 10.442 -19.9466 35.6775 1 1 1
v 10.4599 -19.9711 35.6884 1 1 1
v 10.8748 -19.9903 36.5577 1 1 1
v 13.7304 -13.2389 43.6055 1 1 1
v 10.7944 -24.5561 35.8152 1 1 1
v 12.5163 -17.4742 39.7504 1 1 1
v 13.5425 -13.6254 42.3112 1 1 1
v 13.2646 -17.3512 42.5637 1 1 1
v 13.0791 -17.4472 41.6602 1 1 1
v 11.4657 -20.7952 36.4045 1 1 1
v 13.6175 -13.5244 41.8938 1 1 1
v 13.0331 -15.538 40.0594 1 1 1
v 13.0331 -15.538 40.0594 1 1 1
v 14.1241 -15.1731 44.1189 1 1 1
v 14.9159 -2.35138 40.9629 1 1 1
v 11.4581 -25.9805 36.4564 1 1 1
v 14.9667 -12.8116 44.25 1 1 1
v 11.6211 -29.202 37.6364 1 1 1
v 11.1734 -26.064 34.7545 1 1 1
v 12.5056 -20.4789 37.4919 1 1 1
v 11.7062 -26.2482 36.594 1 1 1
v 11.7062 -26.2482 36.594 1 1 1
v 12.2855 -25.1683 38.2724 1 1 1
v 11.6527 -24.5858 35.4306 1 1 1
v 11.697 -27.0232 36.0802 1 1 1
v 12.1374 -27.2351 37.1259 1 1 1
v 11.9889 -24.5505 35.1723 1 1 1
v -4.37414 -13.9034 3.90204 1 1 1
v -2.6327 5.01441 4.66726 1 1 1
v 0.673883 -10.9936 5.44318 1 1 1
v 0.634775 -11.8318 5.46476 1 1 1
v 1.89344 -7.12058 1.62495 1 1 1
v 2.26905 -7.00722 -0.348664 1 1 1
v 2.59826 -6.86118 -3.24746 1 1 1
v -17.5495 -0.640778 24.8749 1 1 1
v -19.731 -2.67199 28.1251 1 1 1
v -22.6484 -7.5412 32.2292 1 1 1
v -22.5072 -8.36024 32.0348 1 1 1
v -19.2828 -3.04035 27.621 1 1 1
v -20.5418 -3.40596 30.1755 1 1 1
v -21.5295 -6.08106 31.6145 1 1 1
v -17.804 -2.85206 26.1696 1 1 1
v -19.5894 -4.06039 29.3693 1 1 1
v -20.3898 -2.57991 30.9023 1 1 1
v -20.3898 -2.57991 30.9023 1 1 1
v -21.6458 -6.62812 32.8681 1 1 1
v -22.7829 -7.8241 34.6522 1 1 1
v -18.3771 -2.9701 28.2737 1 1 1
v -20.3366 -6.22287 31.4268 1 1 1
v -17.0062 -2.05414 26.7641 1 1 1
v -16.8884 -2.06013 26.5664 1 1 1
v -21.659 -6.90704 34.2435 1 1 1
v -16.906 -0.279489 27.0617 1 1 1
v -16.7474 -2.06178 26.7047 1 1 1
v -16.7592 -2.53882 26.6895 1 1 1
v -16.7592 -2.53882 26.6895 1 1 1
v -20.8427 -6.85355 33.1836 1 1 1
v -16.8561 -1.04994 27.1237 1 1 1
v -16.6839 -2.48224 27.2513 1 1 1
v -18.6291 -4.47909 30.4648 1 1 1
v -18.6291 -4.47909 30.4648 1 1 1
v -19.075 -4.77572 31.33 1 1 1
v -16.5853 -2.80834 27.3396 1 1 1
v -18.7183 -4.96667 31.1085 1 1 1
v -18.9821 -5.19283 31.6443 1 1 1
v -17.8626 -4.6752 29.8818 1 1 1
v -15.7726 -3.03923 26.6187 1 1 1
v -18.4232 -5.10915 31.1723 1 1 1
v -19.7347 -6.47567 33.3489 1 1 1
v -19.846 -6.63849 33.7414 1 1 1
v -19.846 -6.63849 33.7414 1 1 1
v -17.6456 -4.3662 30.2806 1 1 1
v -22.5951 -21.4587 37.3209 1 1 1
v -15.7833 -1.55727 27.4458 1 1 1
v -15.9723 -2.5065 27.681 1 1 1
v -16.0409 -3.10047 27.7856 1 1 1
v -15.7766 -1.50244 27.6916 1 1 1
v -16.3858 -3.27581 28.819 1 1 1
v -19.6433 -6.95092 34.3822 1 1 1
v -19.6433 -6.95092 34.3822 1 1 1
v -16.3694 -3.58257 28.9405 1 1 1
v -16.0089 -3.07544 28.5363 1 1 1
v -15.5605 -1.6251 27.8894 1 1 1
v -16.5785 -3.91369 29.6781 1 1 1
v -18.8949 -6.55916 33.7088 1 1 1
v -15.7544 -3.10812 28.4512 1 1 1
v -15.5447 -3.0158 28.206 1 1 1
v -15.5447 -3.0158 28.206 1 1 1
v -15.6365 -2.92232 28.5499 1 1 1
v -16.7412 -4.20052 30.7726 1 1 1
v -16.7412 -4.20052 30.7726 1 1 1
v -16.344 -1.33444 30.6707 1 1 1
v -18.3307 -7.25043 33.7858 1 1 1
v -18.3307 -7.25043 33.7858 1 1 1
v -18.1335 -6.6934 33.5627 1 1 1
v -18.1205 -6.71703 33.5304 1 1 1
v -15.4805 -3.45115 29.1418 1 1 1
v -15.1396 -2.05355 28.725 1 1 1
v -18.5879 -7.21978 34.8319 1 1 1
v -18.1298 -7.35697 34.2312 1 1 1
v -18.048 -6.74356 34.1408 1 1 1
v -15.3692 -3.05977 29.3831 1 1 1
v -17.8044 -6.9295 33.6728 1 1 1
v -14.9064 -1.71822 28.8195 1 1 1
v -14.9474 -3.91368 28.6524 1 1 1
v -17.3217 -6.54726 33.5751 1 1 1
v -17.2787 -6.56193 33.499 1 1 1
v -17.6152 -6.55765 34.1735 1 1 1
v -16.1737 -3.89072 31.6834 1 1 1
v -17.4154 -6.63876 34.3769 1 1 1
v -9.26745 18.806 21.2221 1 1 1
v -14.8696 -4.05881 29.6984 1 1 1
v -14.8696 -4.05881 29.6984 1 1 1
v -16.5434 -5.7678 32.9689 1 1 1
v -17.4943 -6.74602 35.2479 1 1 1
v -17.4301 -7.06305 35.1758 1 1 1
v -14.518 -4.07624 29.5396 1 1 1
v -17.3185 -6.72559 36.7146 1 1 1
v -15.6033 -5.89131 33.7008 1 1 1
v -17.0863 -6.47408 37.0006 1 1 1
v -15.3389 -5.8147 33.3458 1 1 1
v -15.7059 -6.09137 34.729 1 1 1
v -13.8162 -4.12669 31.4374 1 1 1
v -11.9682 -3.23775 28.9702 1 1 1
v -12.9301 -4.79485 31.1042 1 1 1
v -12.6003 -3.06202 30.981 1 1 1
v -12.826 -2.96488 31.8065 1 1 1
v -12.826 -2.96488 31.8065 1 1 1
v -12.35 -3.23494 31.1656 1 1 1
v -11.9536 -3.43804 30.597 1 1 1
v -12.1146 -4.00295 31.7213 1 1 1
v -12.1203 -3.49188 31.957 1 1 1
v -12.1661 -5.43932 31.9598 1 1 1
v -11.9221 -3.85643 31.7997 1 1 1
v -11.7237 -4.00019 32.3307 1 1 1
v -11.7291 -4.21731 32.2974 1 1 1
v -11.8917 -4.91567 32.6217 1 1 1
v -11.5944 -4.41108 32.3442 1 1 1
v -11.2918 -3.98326 31.8423 1 1 1
v -11.2598 -3.82091 31.8295 1 1 1
v -10.6397 7.94712 32.8723 1 1 1
v -11.4484 -4.8146 32.6357 1 1 1
v -10.4907 7.75562 32.7682 1 1 1
v -10.4335 -1.21208 30.9888 1 1 1
v -7.63303 13.3599 26.1679 1 1 1
v -11.7595 -5.5327 33.9611 1 1 1
v -11.0809 -4.47022 32.862 1 1 1
v -10.1672 -1.29917 30.9472 1 1 1
v -10.1555 7.9073 32.8385 1 1 1
v -10.2446 7.96769 33.0895 1 1 1
v -10.0321 -1.24894 31.2469 1 1 1
v -10.0321 -1.24894 31.2469 1 1 1
v -11.744 -5.25316 35.5112 1 1 1
v -10.9315 -4.4224 33.8033 1 1 1
v -10.9315 -4.4224 33.8033 1 1 1
v -11.3718 -4.9718 35.3236 1 1 1
v -10.4961 -4.4165 33.4338 1 1 1
v -9.47063 7.69548 33.2513 1 1 1
v -9.62886 6.9692 33.7112 1 1 1
v -10.1827 -4.30261 34.3377 1 1 1
v -6.34818 14.096 26.7501 1 1 1
v -6.28664 13.8046 26.9724 1 1 1
v -6.06611 13.5246 27.3506 1 1 1
v -5.61948 9.53229 25.1581 1 1 1
v -8.5614 5.90358 35.7282 1 1 1
v -5.14062 10.0939 25.6519 1 1 1
v -4.94393 14.6484 26.3093 1 1 1
v -5.1174 9.0041 25.5538 1 1 1
v -5.22464 13.0363 27.7313 1 1 1
v -5.16493 8.07152 26.1947 1 1 1
v -5.7645 12.2989 29.7707 1 1 1
v -4.72514 7.8136 25.9503 1 1 1
v -4.34505 9.6175 25.0833 1 1 1
v -4.42149 2.78713 23.4493 1 1 1
v -4.51821 3.28488 24.178 1 1 1
v -4.52508 0.753039 24.3171 1 1 1
v -5.1231 -3.7817 25.3314 1 1 1
v -4.26146 2.26127 23.9897 1 1 1
v -3.97388 2.48858 23.3509 1 1 1
v -3.97388 2.48858 23.3509 1 1 1
v -4.35286 12.2423 28.4986 1 1 1
v -3.28485 1.04163 21.2124 1 1 1
v -3.88302 3.71016 24.5212 1 1 1
v -3.93828 7.70867 26.4465 1 1 1
v -3.41786 2.66329 22.7735 1 1 1
v -4.02727 7.70826 27.2267 1 1 1
v -3.83919 -3.85059 22.7931 1 1 1
v -3.60437 13.1431 27.6418 1 1 1
v -3.27122 2.71947 22.8574 1 1 1
v -3.0821 1.15829 22.005 1 1 1
v -2.93662 0.840346 21.4029 1 1 1
v -3.00504 3.37553 22.6005 1 1 1
v -3.45506 12.099 27.5788 1 1 1
v -2.99124 3.96805 23.0329 1 1 1
v -3.33177 12.5942 27.6806 1 1 1
v -3.33177 12.5942 27.6806 1 1 1
v -2.98519 4.58698 23.4112 1 1 1
v -2.95066 4.52824 23.2594 1 1 1
v -3.37264 -5.60847 21.6154 1 1 1
v -3.37264 -5.60847 21.6154 1 1 1
v -3.56993 -5.75311 22.6137 1 1 1
v -3.24927 -4.67685 21.6541 1 1 1
v -2.84681 4.53965 23.4003 1 1 1
v -2.76339 4.69552 23.6198 1 1 1
v -2.99628 -5.8898 21.075 1 1 1
v -2.71161 5.01531 24.1388 1 1 1
v -2.7086 5.01934 24.1626 1 1 1
v -2.79793 -6.37506 21.7393 1 1 1
v -2.17205 3.79915 23.0084 1 1 1
v -2.11507 3.34312 22.7711 1 1 1
v -2.12179 9.47375 26.51 1 1 1
v -1.76861 3.48649 22.9739 1 1 1
v -2.92974 9.55179 32.1731 1 1 1
v -2.20005 -6.58169 21.5146 1 1 1
v -1.78842 8.26124 25.8897 1 1 1
v -2.71658 9.42769 31.6294 1 1 1
v -2.38044 7.41138 29.2551 1 1 1
v -2.00036 -6.22771 21.3981 1 1 1
v -2.11233 9.41429 29.8026 1 1 1
v -1.78486 -6.62763 20.8492 1 1 1
v -1.31075 -6.62366 18.5805 1 1 1
v -1.34559 -5.08497 20.4094 1 1 1
v -1.78462 9.8841 31.1504 1 1 1
v -1.39867 9.47061 28.8638 1 1 1
v -1.22771 -5.60019 20.1654 1 1 1
v -1.21754 -5.44079 20.3018 1 1 1
v -1.20106 -5.19088 20.5965 1 1 1
v -1.62713 -15.1932 19.0839 1 1 1
v -1.62713 -15.1932 19.0839 1 1 1
v -1.1136 7.52286 29.6306 1 1 1
v -0.517086 4.53962 24.7198 1 1 1
v -0.0972863 9.1005 25.028 1 1 1
v 0.501516 13.7955 27.305 1 1 1
v 0.516677 13.6895 27.127 1 1 1
v -0.207024 -0.285516 24.3842 1 1 1
v -0.125156 -0.415587 23.6725 1 1 1
v 0.832261 5.17977 22.6314 1 1 1
v 0.94465 4.70967 22.0772 1 1 1
v 0.957265 5.24049 23.1833 1 1 1
v -0.0157288 -7.25379 23.3783 1 1 1
v -1.76173 -8.86335 40.8848 1 1 1
v 1.41866 4.76341 22.1843 1 1 1
v 1.45453 5.89004 24.2099 1 1 1
v 1.45453 5.89004 24.2099 1 1 1
v 1.53626 4.12686 22.3162 1 1 1
v 1.71293 10.3679 28.5735 1 1 1
v 1.02923 -5.15323 20.1801 1 1 1
v 1.17494 -5.35384 21.4351 1 1 1
v 1.52068 -3.8409 19.9815 1 1 1
v 2.74553 9.01237 25.0056 1 1 1
v 2.63995 5.1375 23.0722 1 1 1
v 0.364502 -24.7385 44.0995 1 1 1
v 2.59022 -5.64765 21.4605 1 1 1
v 0.299958 -26.1922 44.7743 1 1 1
v 0.552182 -24.4953 42.9032 1 1 1
v 3.26702 0.872699 21.9696 1 1 1
v 0.561586 -27.4448 45.1152 1 1 1
v 0.566973 -27.4261 45.0659 1 1 1
v 3.45628 0.286344 22.5389 1 1 1
v 1.00631 -26.6994 41.5295 1 1 1
v 4.45324 7.2353 29.3275 1 1 1
v 3.73918 -1.35223 22.1335 1 1 1
v 3.7376 -1.39111 21.9658 1 1 1
v 3.85077 -4.40922 20.9529 1 1 1
v 4.01355 -4.65358 21.1683 1 1 1
v 3.67224 -15.1904 44.0606 1 1 1
v 4.10272 -4.56017 20.7386 1 1 1
v 3.83718 -14.8752 39.4589 1 1 1
v 3.90509 -15.0218 38.4516 1 1 1
v 4.28156 -4.75745 21.7211 1 1 1
v 4.31913 -4.32867 21.4043 1 1 1
v 4.22781 -13.3286 40.3149 1 1 1
v 4.22781 -13.3286 40.3149 1 1 1
v 3.3016 -23.0079 39.7431 1 1 1
v 3.75087 -17.7639 38.1499 1 1 1
v 3.37698 -22.3024 38.6211 1 1 1
v 3.91952 -17.4007 38.3283 1 1 1
v 4.19481 -16.2713 38.7667 1 1 1
v 4.24457 -15.6834 38.4233 1 1 1
v 4.16724 -16.4259 37.8941 1 1 1
v 4.18836 -16.6623 38.987 1 1 1
v 4.1143 -17.4104 37.8926 1 1 1
v 3.55267 -25.1713 37.7393 1 1 1
v 4.46796 -16.1386 38.1014 1 1 1
v 4.45587 -16.0293 37.5701 1 1 1
v 4.47704 -16.4631 38.3272 1 1 1
v 3.68878 -26.0969 36.6043 1 1 1
v 4.8819 -14.8345 38.5115 1 1 1
v 3.87345 -24.8012 37.2311 1 1 1
v 5.07931 -14.3714 39.5555 1 1 1
v 4.0219 -25.2356 37.5988 1 1 1
v 4.0219 -25.2356 37.5988 1 1 1
v 4.02347 -24.9988 37.0861 1 1 1
v 4.02347 -24.9988 37.0861 1 1 1
v 4.66676 -18.6733 37.3951 1 1 1
v 4.32948 -23.0384 38.1251 1 1 1
v 5.10892 -14.3275 36.5861 1 1 1
v 4.1949 -24.7015 36.7618 1 1 1
v 4.26165 -24.3964 36.936 1 1 1
v 4.45179 -22.9242 36.658 1 1 1
v 4.39272 -23.3065 35.9297 1 1 1
v 5.00619 -17.7453 37.1357 1 1 1
v 6.88113 -3.73136 44.7756 1 1 1
v 5.4744 -14.4111 38.737 1 1 1
v 5.23467 -18.0914 38.5744 1 1 1
v 5.11531 -18.8675 37.9171 1 1 1
v 4.40735 -25.77 36.5869 1 1 1
v 5.02353 -19.4622 36.236 1 1 1
v 5.34811 -18.6394 39.3227 1 1 1
v 5.71776 -14.6453 38.3 1 1 1
v 5.26523 -18.6626 36.8583 1 1 1
v 4.81698 -23.0503 36.2017 1 1 1
v 5.59715 -17.5295 38.7889 1 1 1
v 3.92755 -34.9065 38.0672 1 1 1
v 5.62332 -17.4988 37.545 1 1 1
v 5.61682 -17.4964 37.4102 1 1 1
v 4.91156 -23.2163 35.2199 1 1 1
v 4.86589 -24.5003 36.0722 1 1 1
v 4.94727 -23.1131 35.3502 1 1 1
v 4.8091 -26.2938 36.5853 1 1 1
v 5.73472 -17.1306 36.9417 1 1 1
v 7.69987 -4.57568 45.3019 1 1 1
v 5.63838 -18.9613 36.1628 1 1 1
v 6.0833 -15.5827 37.1922 1 1 1
v 5.93372 -17.41 36.6111 1 1 1
v 5.42631 -22.0492 35.9409 1 1 1
v 7.66749 -5.09411 42.541 1 1 1
v 5.1741 -25.1379 36.1452 1 1 1
v 5.56212 -21.1567 35.9818 1 1 1
v 5.75739 -19.5638 36.1405 1 1 1
v 5.70029 -22.171 36.4238 1 1 1
v 6.39639 -16.3557 37.3022 1 1 1
v 6.86143 -13.899 39.4559 1 1 1
v 8.3507 -2.04881 42.4749 1 1 1
v 6.5273 -16.0321 37.2449 1 1 1
v 6.74547 -14.7707 38.1391 1 1 1
v 6.7658 -14.8537 38.5191 1 1 1
v 4.70148 -34.7929 37.0706 1 1 1
v 5.98158 -20.8212 36.0556 1 1 1
v 5.98158 -20.8212 36.0556 1 1 1
v 6.69223 -15.7326 37.485 1 1 1
v 5.5409 -26.4706 36.1125 1 1 1
v 7.04579 -13.8613 38.3506 1 1 1
v 7.04579 -13.8613 38.3506 1 1 1
v 6.14269 -20.9763 35.5963 1 1 1
v 6.92372 -15.4509 36.914 1 1 1
v 5.68816 -25.4793 34.4301 1 1 1
v 7.04024 -15.1821 37.7097 1 1 1
v 8.89874 -2.94959 43.1417 1 1 1
v 7.24052 -13.7673 37.0096 1 1 1
v 5.99557 -25.8022 36.2897 1 1 1
v 5.63597 -27.771 34.6365 1 1 1
v 6.03052 -26.0738 36.3982 1 1 1
v 6.03052 -26.0738 36.3982 1 1 1
v 9.12484 -0.221544 40.1917 1 1 1
v 7.71672 -13.887 37.7271 1 1 1
v 9.15335 -0.7086 38.7872 1 1 1
v 6.35012 -25.7634 35.9475 1 1 1
v 9.23126 -0.101436 38.7529 1 1 1
v 6.45283 -29.6148 37.7444 1 1 1
v 6.37979 -27.9804 34.8659 1 1 1
v 6.68117 -26.1787 35.4738 1 1 1
v 8.85686 -10.7982 40.1724 1 1 1
v 10.1402 -2.36292 42.9528 1 1 1
v 10.1869 -2.35018 43.3273 1 1 1
v 8.78977 -10.8849 39.0876 1 1 1
v 8.79991 -9.63487 38.108 1 1 1
v 9.22578 -9.42658 40.6105 1 1 1
v 8.69884 -11.1344 37.806 1 1 1
v 7.49106 -21.1502 35.895 1 1 1
v 8.95123 -11.6402 37.7881 1 1 1
v 9.21834 -9.32641 37.8505 1 1 1
v 9.21476 -9.79134 37.6398 1 1 1
v 10.5319 -2.04356 40.8507 1 1 1
v 7.82013 -22.0827 35.4881 1 1 1
v 9.34624 -9.88326 37.4353 1 1 1
v 9.49956 -10.0637 37.9498 1 1 1
v 9.42059 -10.1726 37.3723 1 1 1
v 9.4799 -10.2492 37.8915 1 1 1
v 8.03361 -22.4953 35.6396 1 1 1
v 9.81784 -10.4405 38.5046 1 1 1
v 9.65464 -11.8104 37.7205 1 1 1
v 10.9527 -4.84463 41.3349 1 1 1
v 8.38338 -21.3124 35.591 1 1 1
v 8.53878 -22.525 35.4643 1 1 1
v 10.5551 -9.37177 39.2245 1 1 1
v 10.0518 -12.5031 37.6075 1 1 1
v 9.73988 -15.0523 37.0608 1 1 1
v 9.6576 -15.9259 36.9 1 1 1
v 9.65356 -15.3947 36.4391 1 1 1
v 9.65356 -15.3947 36.4391 1 1 1
v 10.6983 -10.261 39.5751 1 1 1
v 11.7979 -7.18473 43.3953 1 1 1
v 10.9145 -8.76816 39.2795 1 1 1
v 10.342 -9.06456 36.0562 1 1 1
v 11.413 -8.58355 39.9221 1 1 1
v 9.62302 -19.7622 36.246 1 1 1
v 12.0425 -1.66955 38.9899 1 1 1
v 8.39396 -28.1319 33.6028 1 1 1
v 8.39396 -28.1319 33.6028 1 1 1
v 11.5989 -8.53836 39.2257 1 1 1
v 11.7024 -9.20966 39.8182 1 1 1
v 10.1478 -17.0094 35.5999 1 1 1
v 10.2548 -19.9025 35.2551 1 1 1
v 10.5144 -20.1676 36.6079 1 1 1
v -21.089 -1.49148 27.9598 1 1 1
v -21.1147 -2.17504 27.9553 1 1 1
v -21.7884 -0.662497 29.0352 1 1 1
v -20.9112 -6.64988 27.1895 1 1 1
v -20.2083 -5.6342 26.3602 1 1 1
v -18.6652 -1.87163 25.2736 1 1 1
v -19.1734 -2.03371 26.0764 1 1 1
v -23.9529 -7.96343 33.0316 1 1 1
v -19.9468 -6.35696 27.5501 1 1 1
v -24.5671 -9.03545 33.9482 1 1 1
v -23.3242 -7.8983 32.9067 1 1 1
v -17.9976 -2.19076 25.988 1 1 1
v -22.9581 -8.32235 32.6695 1 1 1
v -18.4144 -1.1005 27.1014 1 1 1
v -18.2161 -2.84995 26.6895 1 1 1
v -17.3478 -1.22577 25.6025 1 1 1
v -18.3815 -2.65094 27.672 1 1 1
v -16.5544 -1.3415 25.0967 1 1 1
v -25.4694 -16.5856 37.1328 1 1 1
v -17.2452 -2.21097 26.3459 1 1 1
v -22.0339 -6.34847 33.2842 1 1 1
v -20.6786 -5.83614 31.3774 1 1 1
v -25.6386 -12.567 38.2446 1 1 1
v -25.7814 -12.9758 38.5094 1 1 1
v -16.4238 -0.154072 25.7777 1 1 1
v -25.7031 -12.5272 38.7149 1 1 1
v -16.2191 -1.23343 25.8299 1 1 1
v -24.8032 -12.6991 37.9566 1 1 1
v -24.8588 -12.7109 38.0905 1 1 1
v -20.9691 -6.65475 32.7888 1 1 1
v -16.286 -2.15862 26.3163 1 1 1
v -16.5152 -2.45825 26.7086 1 1 1
v -16.4779 -2.49123 26.6514 1 1 1
v -16.431 -2.26538 26.6673 1 1 1
v -16.6545 -2.66597 27.1326 1 1 1
v -19.4364 -4.23923 31.5543 1 1 1
v -24.6378 -22.8586 37.9893 1 1 1
v -16.8538 -2.85959 28.5667 1 1 1
v -23.5436 -24.7725 37.162 1 1 1
v -17.9925 -4.75252 30.64 1 1 1
v -16.1991 -1.07207 28.2176 1 1 1
v -24.4042 -25.5194 38.776 1 1 1
v -15.7033 -1.98331 27.5811 1 1 1
v -15.5728 -1.75819 27.5123 1 1 1
v -17.0046 -3.0687 29.9007 1 1 1
v -16.4757 -3.14593 29.136 1 1 1
v -15.6877 -1.81281 28.6638 1 1 1
v -15.6877 -1.81281 28.6638 1 1 1
v -17.1685 -3.96895 31.1775 1 1 1
v -23.3912 -25.4453 39.2836 1 1 1
v -23.2344 -25.7706 39.0324 1 1 1
v -23.1738 -25.6816 38.9236 1 1 1
v -15.5097 -2.82811 28.8456 1 1 1
v -18.4384 -6.9461 34.0681 1 1 1
v -22.4091 -21.5747 39.3102 1 1 1
v -14.9487 -2.3022 28.8291 1 1 1
v -16.3743 -4.92562 31.1035 1 1 1
v -14.766 -2.0715 28.8879 1 1 1
v -14.9438 -2.25425 29.372 1 1 1
v -22.7219 -23.2828 40.5301 1 1 1
v -22.7219 -23.2828 40.5301 1 1 1
v -23.4166 -15.1372 43.4434 1 1 1
v -20.2099 -21.1648 36.444 1 1 1
v -22.2154 -23.51 42.9788 1 1 1
v -22.2154 -23.51 42.9788 1 1 1
v -14.5471 -3.95706 31.5772 1 1 1
v -15.701 -6.32138 34.3919 1 1 1
v -20.9095 -16.9736 43.5007 1 1 1
v -21.3118 -22.7534 44.2993 1 1 1
v -13.3213 -4.2857 30.8644 1 1 1
v -21.1059 -15.8476 46.316 1 1 1
v -21.0478 -15.6819 46.8516 1 1 1
v -12.6603 -4.99382 31.0737 1 1 1
v -12.2832 -3.18863 32.041 1 1 1
v -18.6802 -6.55018 46.6924 1 1 1
v -11.0321 -1.68095 30.3724 1 1 1
v -20.2733 -22.6 48.1779 1 1 1
v -20.4095 -30.4311 47.1778 1 1 1
v -20.5053 -24.0513 49.0386 1 1 1
v -19.9657 -23.5904 48.1701 1 1 1
v -19.987 -24.9582 48.0341 1 1 1
v -19.3588 -31.6991 45.2753 1 1 1
v -11.3222 -4.70197 31.6539 1 1 1
v -19.4926 -32.2176 45.5876 1 1 1
v -19.8104 -31.7026 46.7204 1 1 1
v -19.5949 -23.1789 48.2785 1 1 1
v -19.6812 -23.2215 48.4732 1 1 1
v -18.7425 -11.8705 49.3961 1 1 1
v -19.8183 -12.0739 52.744 1 1 1
v -19.7041 -16.4318 52.0627 1 1 1
v -10.8783 -4.61972 32.0844 1 1 1
v -20.0313 -16.9124 53.0433 1 1 1
v -19.8465 -12.0333 53.9028 1 1 1
v -19.0514 -14.5171 51.6201 1 1 1
v -19.0619 -17.0826 51.1284 1 1 1
v -10.6507 -4.51359 34.0907 1 1 1
v -10.6507 -4.51359 34.0907 1 1 1
v -16.5146 -12.2667 53.0535 1 1 1
v -5.1391 10.5445 26.2273 1 1 1
v -5.88825 -3.51764 24.922 1 1 1
v -15.8024 -14.3976 53.4771 1 1 1
v -4.67144 2.92757 24.1887 1 1 1
v -4.35095 0.97744 22.969 1 1 1
v 2.59055 -3.58263 -1.2468 1 1 1
v -4.42145 3.69002 24.5645 1 1 1
v -4.03713 2.36078 23.2265 1 1 1
v -3.04761 4.32201 23.0996 1 1 1
v -2.99492 4.26279 22.9104 1 1 1
v -2.78117 0.641677 20.7757 1 1 1
v -3.55576 -4.71691 21.9778 1 1 1
v -2.82154 -0.165429 20.9547 1 1 1
v -3.36428 -4.84124 21.6901 1 1 1
v -3.58888 -6.04226 22.4019 1 1 1
v -2.76911 5.09474 24.3588 1 1 1
v -2.97364 -5.89448 21.0224 1 1 1
v -2.21313 3.47222 22.4124 1 1 1
v -2.25857 13.8099 27.4789 1 1 1
v -2.25491 8.60289 25.5141 1 1 1
v -2.15842 3.39784 22.9424 1 1 1
v -2.20324 12.784 27.4525 1 1 1
v -2.30134 4.33906 24.9701 1 1 1
v -2.37179 -6.25731 20.8519 1 1 1
v -10.1975 -25.3664 48.4036 1 1 1
v -10.1232 -29.0917 46.8027 1 1 1
v -9.51768 -10.4962 54.1671 1 1 1
v -9.50765 -10.9104 54.0139 1 1 1
v -1.28504 12.6917 27.1587 1 1 1
v -9.6797 -25.3845 48.4762 1 1 1
v -9.6797 -25.3845 48.4762 1 1 1
v -2.59326 9.00921 31.5256 1 1 1
v -9.66265 -25.9342 48.2386 1 1 1
v -9.77058 -26.7153 48.4492 1 1 1
v -9.78615 -28.6637 47.84 1 1 1
v -9.78615 -28.6637 47.84 1 1 1
v -9.53243 -28.8894 46.7391 1 1 1
v -9.71076 -29.1353 47.3877 1 1 1
v -2.52611 9.21946 31.9824 1 1 1
v -0.99546 14.4264 27.357 1 1 1
v -9.2276 -24.8882 48.9352 1 1 1
v -1.2756 -5.28516 20.565 1 1 1
v -0.211042 3.05652 21.7793 1 1 1
v -8.0148 -29.0562 47.3407 1 1 1
v -7.51133 -26.7203 47.1889 1 1 1
v -0.432344 -6.5764 19.0494 1 1 1
v -0.357653 -6.57443 18.7441 1 1 1
v 0.254509 10.807 26.4433 1 1 1
v -6.80238 -24.2788 48.1397 1 1 1
v 0.388041 7.90775 24.6479 1 1 1
v 0.719238 13.912 26.4636 1 1 1
v -0.3089 -5.67473 20.5556 1 1 1
v 0.52829 4.04665 22.1144 1 1 1
v 0.586185 8.56993 25.1447 1 1 1
v 0.64303 5.31649 22.8941 1 1 1
v 0.618343 4.68013 22.7641 1 1 1
v 0.776099 4.82657 22.3189 1 1 1
v 0.792768 4.78757 22.2236 1 1 1
v 0.750711 4.79096 22.554 1 1 1
v -6.19735 -27.3289 47.4213 1 1 1
v -6.41626 -33.6354 44.6961 1 1 1
v 1.31098 14.4753 26.5696 1 1 1
v -2.02075 -17.5037 27.4372 1 1 1
v 0.983788 5.20745 23.3607 1 1 1
v -5.63952 -25.95 47.8881 1 1 1
v -5.52964 -26.415 47.1581 1 1 1
v -5.56597 -26.4842 47.351 1 1 1
v -5.47591 -27.6545 46.5248 1 1 1
v -5.47591 -27.6545 46.5248 1 1 1
v -5.30866 -27.3644 45.5388 1 1 1
v 0.957713 0.958993 21.6712 1 1 1
v 1.25371 4.1498 22.041 1 1 1
v -5.10401 -24.5641 47.7435 1 1 1
v -5.08079 -28.2852 46.7996 1 1 1
v 0.916195 -4.71486 19.8605 1 1 1
v 0.978977 -4.86832 20.1629 1 1 1
v 0.978977 -4.86832 20.1629 1 1 1
v 1.01629 -4.80333 20.0045 1 1 1
v 1.0182 -4.80312 19.9939 1 1 1
v 0.948023 -5.33195 20.1767 1 1 1
v 1.21035 -5.10894 20.0128 1 1 1
v 2.05156 4.37288 22.3998 1 1 1
v 2.05156 4.37288 22.3998 1 1 1
v 1.83317 -5.99069 14.3104 1 1 1
v 2.05118 2.76762 21.7188 1 1 1
v 2.42107 2.78516 21.6287 1 1 1
v 2.55125 4.24759 23.1956 1 1 1
v 2.55125 4.24759 23.1956 1 1 1
v 1.76042 -5.34409 20.9758 1 1 1
v 2.65785 3.91195 22.22 1 1 1
v 2.64026 4.00395 22.4803 1 1 1
v 0.480211 -5.8556 36.7914 1 1 1
v 3.32683 9.57818 24.0741 1 1 1
v -0.490967 -8.80012 51.5389 1 1 1
v 3.10219 5.01585 22.7232 1 1 1
v -0.511461 -8.80552 51.9089 1 1 1
v -1.49087 -25.6274 46.2775 1 1 1
v 3.01449 0.138863 22.1354 1 1 1
v 2.99655 0.223746 22.4566 1 1 1
v 3.42672 3.69639 23.2607 1 1 1
v 2.68546 -5.10143 20.6271 1 1 1
v 2.86584 -5.53874 20.7453 1 1 1
v 3.89782 5.19142 24.4474 1 1 1
v 2.79203 -5.88694 22.6592 1 1 1
v -0.233083 -24.5966 45.8977 1 1 1
v -0.240039 -25.8433 45.5799 1 1 1
v -0.350608 -27.0766 45.5302 1 1 1
v 4.71838 12.7557 28.9085 1 1 1
v 0.379181 -24.6619 43.9151 1 1 1
v 3.67261 -0.954974 22.203 1 1 1
v 3.42651 -3.66695 20.8677 1 1 1
v 3.67297 -1.4205 21.7253 1 1 1
v 0.269695 -25.6941 45.4091 1 1 1
v 0.519968 -24.2679 46.3636 1 1 1
v 4.51375 7.16086 27.7886 1 1 1
v 4.53931 7.37029 27.7728 1 1 1
v 0.362062 -26.3501 44.9198 1 1 1
v 3.78633 -1.67712 22.5637 1 1 1
v 2.31516 -8.43828 52.0795 1 1 1
v 5.07959 11.7194 30.1025 1 1 1
v 3.80958 -1.65769 22.1398 1 1 1
v 0.623729 -26.4013 44.8372 1 1 1
v 4.78394 7.33044 27.7946 1 1 1
v 0.816735 -26.3783 45.4429 1 1 1
v 4.20587 -1.40047 22.3871 1 1 1
v 1.54779 -25.4898 29.9079 1 1 1
v 3.37772 -9.09455 30.6443 1 1 1
v 4.56984 0.989368 23.2732 1 1 1
v 4.22098 -3.98355 21.4636 1 1 1
v 4.22098 -3.98355 21.4636 1 1 1
v 4.0311 -7.37477 46.7414 1 1 1
v 4.02457 -7.32333 46.3035 1 1 1
v 4.36231 -4.18136 21.5641 1 1 1
v 4.98542 -0.155133 42.9866 1 1 1
v 4.34396 -4.88934 21.6932 1 1 1
v 6.66819 15.491 25.1759 1 1 1
v 4.49729 -5.80202 48.6931 1 1 1
v 4.48496 -4.79853 21.6732 1 1 1
v 4.53866 -4.50178 21.9805 1 1 1
v 4.97666 -1.82422 29.4258 1 1 1
v 4.877 -5.73289 48.3878 1 1 1
v 6.7351 13.3909 27.4102 1 1 1
v 3.50558 -19.8538 38.9365 1 1 1
v 6.76188 10.2628 31.0882 1 1 1
v 4.13071 -17.3171 39.5011 1 1 1
v 4.13071 -17.3171 39.5011 1 1 1
v 5.74471 -5.0603 46.0268 1 1 1
v 4.15144 -17.3288 38.6622 1 1 1
v 6.27583 -0.341273 43.1811 1 1 1
v 4.88244 -14.8411 38.513 1 1 1
v 4.59502 -17.8774 38.2999 1 1 1
v 3.67813 -26.6962 37.9697 1 1 1
v 6.66461 -4.82498 47.4033 1 1 1
v 7.28875 -0.481513 42.6361 1 1 1
v 4.36913 -23.5966 36.5989 1 1 1
v 8.18785 9.92094 30.9636 1 1 1
v 4.82311 -23.4076 36.4583 1 1 1
v 3.95984 -32.8685 39.5308 1 1 1
v 5.61937 -16.7847 36.9683 1 1 1
v 5.04373 -21.8257 36.6451 1 1 1
v 5.61625 -17.481 37.3429 1 1 1
v 3.93932 -34.6264 39.5019 1 1 1
v 4.81497 -26.2239 36.4432 1 1 1
v 8.26829 -0.14953 41.4987 1 1 1
v 6.55576 -14.2096 39.0539 1 1 1
v 6.64914 -14.0202 39.925 1 1 1
v 8.65102 -2.1023 42.2398 1 1 1
v 6.24359 -20.5998 36.1353 1 1 1
v 9.39306 0.406063 42.2452 1 1 1
v 5.7772 -25.7009 35.629 1 1 1
v 7.70458 -13.0986 38.3094 1 1 1
v 6.95521 -20.1864 36.5778 1 1 1
v 6.16884 -26.1074 35.2243 1 1 1
v 5.919 -28.4779 35.2223 1 1 1
v 8.249 -11.368 38.5075 1 1 1
v 8.23311 -11.3485 38.3044 1 1 1
v 10.055 -0.317506 43.0846 1 1 1
v 6.80142 -21.9492 35.6258 1 1 1
v 10.1282 -0.239773 42.366 1 1 1
v 8.41958 -10.7929 37.7593 1 1 1
v 6.09525 -28.8601 35.0956 1 1 1
v 6.58841 -27.16 37.0142 1 1 1
v 10.2474 -1.36932 42.5238 1 1 1
v 10.2474 -1.36932 42.5238 1 1 1
v 7.14728 -22.0933 36.0991 1 1 1
v 10.397 0.284023 41.9197 1 1 1
v 10.9213 -3.28459 49.5163 1 1 1
v 7.42696 -20.0383 36.0396 1 1 1
v 10.5779 -5.15212 47.5017 1 1 1
v 8.9138 -10.1976 38.4861 1 1 1
v 10.5786 -0.904 42.4924 1 1 1
v 10.5837 -2.01285 42.7287 1 1 1
v 9.08828 -9.66102 37.6399 1 1 1
v 9.2468 -10.1411 39.008 1 1 1
v 6.73123 -28.2645 35.2792 1 1 1
v 7.48612 -22.3151 35.7619 1 1 1
v 10.5911 10.4444 30.0599 1 1 1
v 6.73502 -28.9826 35.5658 1 1 1
v 10.9161 -4.77632 45.8892 1 1 1
v 10.9161 -4.77632 45.8892 1 1 1
v 6.8975 -28.8123 35.3484 1 1 1
v 6.83538 -30.1069 36.0141 1 1 1
v 11.1461 -1.24905 43.0329 1 1 1
v 9.39132 -10.7047 37.9933 1 1 1
v 7.01343 -28.7185 35.6391 1 1 1
v 7.40445 -26.5669 35.542 1 1 1
v 7.37976 -26.3803 35.169 1 1 1
v 10.9646 -5.14381 42.8909 1 1 1
v 9.94316 -9.87397 39.2178 1 1 1
v 11.641 -3.18796 45.8916 1 1 1
v 9.69586 -11.1843 38.0452 1 1 1
v 11.2848 -5.40489 44.2341 1 1 1
v 10.3364 -9.70888 40.2057 1 1 1
v 7.92129 -26.7126 35.7197 1 1 1
v 11.5017 -6.19742 43.0909 1 1 1
v 10.2829 -11.3493 38.8474 1 1 1
v 7.34045 -33.2231 36.0551 1 1 1
v 7.34775 -33.3165 36.1934 1 1 1
v 12.1566 -3.21296 44.468 1 1 1
v 8.23592 -25.9213 35.482 1 1 1
v 8.13814 -26.1743 34.8203 1 1 1
v 7.79827 -31.5704 35.7906 1 1 1
v 10.2261 -13.364 37.5263 1 1 1
v 7.69364 -33.5232 36.3414 1 1 1
v 8.41143 -27.326 35.0798 1 1 1
v 10.9885 -11.2549 38.8625 1 1 1
v 12.2666 -8.04089 44.1621 1 1 1
v 12.8267 -7.35927 45.603 1 1 1
v 9.07053 -25.0887 35.8252 1 1 1
v 10.4947 -11.4352 34.5649 1 1 1
v 13.1532 -7.05296 46.3719 1 1 1
v 9.82086 -19.4375 35.5745 1 1 1
v 13.231 -7.76528 46.5355 1 1 1
v -24.2112 -5.03553 31.3301 1 1 1
v -21.6993 -5.23231 29.4394 1 1 1
v -22.7908 -7.32743 31.439 1 1 1
v -17.2715 -0.844829 25.1135 1 1 1
v -17.2876 -1.04936 25.2714 1 1 1
v -18.4211 -2.21879 26.9243 1 1 1
v -18.2925 -2.07061 26.9137 1 1 1
v -26.2149 -19.7738 35.448 1 1 1
v -26.5355 -20.068 37.2942 1 1 1
v -26.8862 -10.5318 39.9379 1 1 1
v -19.441 -5.71327 30.4674 1 1 1
v -21.7143 -7.98462 33.7241 1 1 1
v -19.1628 -5.9707 30.3602 1 1 1
v -21.0562 -6.83385 33.545 1 1 1
v -19.6228 -6.03689 31.5548 1 1 1
v -20.3322 -9.09627 32.1924 1 1 1
v -20.1801 -9.03993 31.9561 1 1 1
v -20.5405 -6.65567 32.9037 1 1 1
v -21.0808 -19.2269 32.1729 1 1 1
v -17.8363 -4.59747 30.2527 1 1 1
v -15.3669 -1.52932 27.0373 1 1 1
v -24.5158 -22.8016 37.8863 1 1 1
v -15.5053 -3.33822 27.2856 1 1 1
v -17.9598 -5.37772 30.807 1 1 1
v -19.0925 -6.29295 32.6771 1 1 1
v -15.3567 -2.15154 27.6693 1 1 1
v -17.8525 -5.21509 31.1186 1 1 1
v -17.5994 -5.47628 30.8475 1 1 1
v -17.3244 -4.64682 30.6606 1 1 1
v -13.4556 -3.56386 24.7373 1 1 1
v -17.9212 -24.4968 28.1791 1 1 1
v -17.9212 -24.4968 28.1791 1 1 1
v -23.584 -24.4995 37.3295 1 1 1
v -19.2354 -6.97758 33.586 1 1 1
v -23.8677 -21.637 38.707 1 1 1
v -18.4124 -6.4738 32.8794 1 1 1
v -23.7865 -21.6913 38.8649 1 1 1
v -23.6601 -24.6623 38.2717 1 1 1
v -15.5121 -3.8745 28.889 1 1 1
v -23.3219 -21.394 38.4219 1 1 1
v -23.7549 -22.095 39.0767 1 1 1
v -17.4324 -6.67907 31.8996 1 1 1
v -23.6906 -22.1865 39.5358 1 1 1
v -17.9398 -3.51655 33.5782 1 1 1
v -15.1387 -3.86983 29.2559 1 1 1
v -23.1981 -25.5015 38.7244 1 1 1
v -17.5103 -5.69844 32.996 1 1 1
v -17.4646 -5.69441 32.9248 1 1 1
v -17.405 -6.15498 32.7517 1 1 1
v -17.3388 -6.15885 32.6605 1 1 1
v -18.2748 -7.18395 34.3016 1 1 1
v -14.775 -5.81081 28.7689 1 1 1
v -16.2814 -5.86363 32.0339 1 1 1
v -22.1326 -7.74344 42.1513 1 1 1
v -14.3787 -4.26358 29.3143 1 1 1
v -14.4753 -4.27542 29.8539 1 1 1
v -14.1511 -3.80617 29.4211 1 1 1
v -16.7042 -6.50867 36.2705 1 1 1
v -21.3978 -25.6014 41.5896 1 1 1
v -14.0084 -5.09312 32.0706 1 1 1
v -12.231 -4.09711 30.6357 1 1 1
v -21.2727 -16.4907 46.0985 1 1 1
v -21.0027 -16.2458 46.2501 1 1 1
v -12.0539 -3.21221 31.1182 1 1 1
v -12.2855 -3.44908 31.638 1 1 1
v -11.865 -3.63952 30.9612 1 1 1
v -12.0999 -5.51602 31.231 1 1 1
v -11.8745 -4.34399 31.1661 1 1 1
v -11.6062 -4.99602 31.1562 1 1 1
v -11.646 -4.55628 31.607 1 1 1
v -10.8104 -1.07325 31.4908 1 1 1
v -11.1484 -4.12257 32.2517 1 1 1
v -11.5535 -5.47271 32.8535 1 1 1
v -11.3345 -4.79088 32.6663 1 1 1
v -5.73329 8.82491 24.2608 1 1 1
v -20.3014 -15.9272 51.1095 1 1 1
v -19.1524 -30.9571 44.4823 1 1 1
v -20.4887 -19.0946 50.8646 1 1 1
v -19.4813 -24.1923 47.2531 1 1 1
v -20.0561 -11.6308 52.1356 1 1 1
v -20.4605 -12.5698 52.9162 1 1 1
v -19.0079 -31.2066 44.7885 1 1 1
v -19.0079 -31.2066 44.7885 1 1 1
v -19.9234 -11.6809 52.445 1 1 1
v -20.0939 -11.518 53.4014 1 1 1
v -19.2355 -22.5736 48.2983 1 1 1
v -19.5573 -16.6359 50.9259 1 1 1
v -19.1556 -16.862 50.9637 1 1 1
v -18.216 -20.9202 47.9602 1 1 1
v -5.34079 10.8713 26.3888 1 1 1
v -4.19521 3.0867 23.3052 1 1 1
v -4.55402 12.389 28.1325 1 1 1
v -3.37064 -5.59134 21.1504 1 1 1
v -2.29985 3.72404 22.0164 1 1 1
v -2.55221 4.74893 23.6513 1 1 1
v -13.8073 -20.0339 51.3096 1 1 1
v -13.7291 -17.7172 52.0624 1 1 1
v -2.15647 7.69978 24.7066 1 1 1
v -2.93841 -6.18219 21.8259 1 1 1
v -1.93703 7.09962 24.4857 1 1 1
v -1.97874 8.71604 25.3477 1 1 1
v -2.23494 4.75381 24.938 1 1 1
v -1.85068 7.29216 24.8339 1 1 1
v -1.99823 -6.63924 22.0419 1 1 1
v -1.56415 -6.62793 20.7855 1 1 1
v -2.26052 8.46238 31.6747 1 1 1
v -0.0706604 9.00891 24.9348 1 1 1
v -0.0706604 9.00891 24.9348 1 1 1
v -10.0618 -29.0289 46.6402 1 1 1
v -9.55918 -25.8397 47.9032 1 1 1
v 0.159669 0.733609 20.8608 1 1 1
v -9.58818 -26.504 47.8081 1 1 1
v 0.929616 13.8684 25.54 1 1 1
v 0.780269 5.24825 22.8086 1 1 1
v 0.917105 4.3849 22.1773 1 1 1
v 0.967726 7.3943 24.419 1 1 1
v -7.87099 -25.5201 47.7915 1 1 1
v 2.24189 15.3712 25.3367 1 1 1
v 2.38133 11.8053 23.5699 1 1 1
v 1.85416 5.10261 22.1578 1 1 1
v -2.18524 -20.6063 27.479 1 1 1
v 1.11151 -5.31417 19.9676 1 1 1
v 1.93773 4.71752 22.3045 1 1 1
v 1.2932 -5.37939 20.1951 1 1 1
v 2.2628 4.62948 22.2941 1 1 1
v -5.50035 -25.7216 47.2278 1 1 1
v -5.40352 -28.2207 46.0462 1 1 1
v -4.83698 -24.8658 47.0693 1 1 1
v 2.66334 4.95867 22.7943 1 1 1
v -4.93321 -26.9861 46.8815 1 1 1
v -4.48558 -24.8891 47.137 1 1 1
v 2.90461 -0.0732377 22.0262 1 1 1
v 4.48303 12.2084 30.13 1 1 1
v 4.48303 12.2084 30.13 1 1 1
v 3.45664 -3.70563 20.5207 1 1 1
v 4.45157 6.62563 27.8509 1 1 1
v 4.40699 4.24519 25.7543 1 1 1
v 4.33888 1.16403 22.843 1 1 1
v 4.7472 7.36882 27.5258 1 1 1
v 4.20681 -1.40823 22.3703 1 1 1
v 4.04549 -4.66729 20.3806 1 1 1
v 0.10605 -25.5206 45.8339 1 1 1
v 4.49401 -4.78668 21.58 1 1 1
v 4.55207 -4.42997 21.4253 1 1 1
v 3.09552 -7.82089 48.2487 1 1 1
v 3.09552 -7.82089 48.2487 1 1 1
v 3.31461 -15.4825 39.1482 1 1 1
v 3.36571 -17.7317 38.5052 1 1 1
v 2.90079 -21.237 40.3472 1 1 1
v 3.22645 -21.9903 38.547 1 1 1
v 4.20278 -16.506 38.3529 1 1 1
v 3.54978 -22.2524 37.7368 1 1 1
v 3.54978 -22.2524 37.7368 1 1 1
v 3.52419 -22.397 38.1606 1 1 1
v 3.52419 -22.397 38.1606 1 1 1
v 5.85821 -4.72936 49.2728 1 1 1
v 5.91902 -6.06098 47.8125 1 1 1
v 4.02427 -20.9574 36.8863 1 1 1
v 6.57259 -5.25179 47.6288 1 1 1
v 5.52039 -14.2099 40.1746 1 1 1
v 4.9851 -18.0386 38.3733 1 1 1
v 4.55107 -22.6239 37.1846 1 1 1
v 4.56025 -22.268 36.4683 1 1 1
v 4.1853 -26.0156 38.2596 1 1 1
v 4.93679 -19.9543 36.2976 1 1 1
v 5.67847 -14.7499 38.9818 1 1 1
v 4.93304 -20.9105 36.0949 1 1 1
v 5.56977 -18.7121 36.3462 1 1 1
v 5.8613 -17.0817 37.5138 1 1 1
v 5.63247 -18.9036 36.118 1 1 1
v 8.01269 -4.78536 51.5447 1 1 1
v 5.17381 -23.0091 35.9455 1 1 1
v 6.41569 -14.6843 38.7972 1 1 1
v 6.07497 -16.992 37.0463 1 1 1
v 3.9543 -35.4966 38.9099 1 1 1
v 5.52527 -22.341 35.9122 1 1 1
v 8.60105 -2.36807 45.2917 1 1 1
v 5.72812 -20.9435 33.9456 1 1 1
v 6.55848 -16.4355 37.2733 1 1 1
v 6.55848 -16.4355 37.2733 1 1 1
v 6.67024 -15.7957 38.144 1 1 1
v 9.03987 -1.27893 41.9464 1 1 1
v 5.83252 -23.4226 35.5653 1 1 1
v 6.47388 -19.4281 36.0795 1 1 1
v 5.41151 -27.7395 35.3487 1 1 1
v 5.74505 -25.8023 35.268 1 1 1
v 6.51623 -20.2139 36.0835 1 1 1
v 6.07018 -24.2461 35.4528 1 1 1
v 5.94205 -26.1736 34.6232 1 1 1
v 7.88219 -13.2557 38.0253 1 1 1
v 9.89944 -3.3047 43.8932 1 1 1
v 10.1804 -1.01075 42.8017 1 1 1
v 6.41434 -26.0224 35.5561 1 1 1
v 8.56639 -11.0859 38.3402 1 1 1
v 6.12314 -28.2843 34.0229 1 1 1
v 8.72021 -11.2072 38.2707 1 1 1
v 8.85024 -10.9513 38.5446 1 1 1
v 6.66792 -26.5972 34.9044 1 1 1
v 8.97008 -11.0633 38.2064 1 1 1
v 10.948 -1.55406 44.5291 1 1 1
v 7.50713 -21.6521 35.2374 1 1 1
v 9.52169 -9.48673 39.9178 1 1 1
v 10.9212 -1.90033 43.805 1 1 1
v 10.9969 -1.84112 43.6258 1 1 1
v 9.39618 -10.717 38.0855 1 1 1
v 11.0648 -2.78337 43.9478 1 1 1
v 11.1939 -4.40045 45.847 1 1 1
v 10.0729 -9.45269 39.0486 1 1 1
v 7.20135 -28.9303 35.1067 1 1 1
v 7.20135 -28.9303 35.1067 1 1 1
v 10.3533 -9.50678 40.6953 1 1 1
v 6.93878 -32.7473 36.0468 1 1 1
v 10.7203 -9.47883 40.4523 1 1 1
v 7.30015 -32.9349 36.1694 1 1 1
v 9.26503 -18.4082 36.4321 1 1 1
v 9.63895 -15.8536 36.5779 1 1 1
v 7.37773 -33.7037 36.5283 1 1 1
v 8.44244 -25.125 34.906 1 1 1
v 10.0475 -14.8171 36.7718 1 1 1
v 7.49353 -33.5432 35.4339 1 1 1
v 11.3123 -8.98761 40.0467 1 1 1
v 12.1133 -6.8021 44.1279 1 1 1
v 12.2328 -6.84315 45.0807 1 1 1
v 11.9136 -8.53498 44.2238 1 1 1
v 7.74404 -34.2413 37.4762 1 1 1
v 7.90093 -30.6677 34.7277 1 1 1
v 11.4395 -9.49999 39.7936 1 1 1
v 12.739 -1.13862 41.4161 1 1 1
v 10.3131 -15.7506 36.7769 1 1 1
v 8.32559 -29.0468 34.2494 1 1 1
v 8.24128 -31.7932 35.6072 1 1 1
v 8.39386 -29.776 34.7574 1 1 1
v 8.56937 -28.8178 34.9768 1 1 1
v 8.46653 -30.3416 35.1261 1 1 1
v 8.44675 -30.109 34.7729 1 1 1
v 8.55032 -30.7689 35.3932 1 1 1
v 8.44767 -31.6884 35.3545 1 1 1
v 8.38056 -32.8965 35.9852 1 1 1
v 8.38776 -32.3546 35.6052 1 1 1
v 13.0459 -7.38972 45.3228 1 1 1
v 8.31388 -33.6242 35.7529 1 1 1
v 9.57903 -23.0191 35.0728 1 1 1
v 11.0839 -14.4047 37.5331 1 1 1
v 8.53266 -31.53 34.9723 1 1 1
v 8.70782 -31.5776 35.4332 1 1 1
v 10.4953 -19.1871 36.502 1 1 1
v -25.9158 -1.05544 33.9665 1 1 1
v -25.9259 -1.51907 34.0046 1 1 1
v -25.2361 -0.747332 33.3845 1 1 1
v -24.6254 -5.41753 31.8845 1 1 1
v -24.2493 -6.55908 31.3202 1 1 1
v -24.2493 -6.55908 31.3202 1 1 1
v -25.7864 -9.0458 32.7729 1 1 1
v -22.7311 -6.99508 30.3119 1 1 1
v -18.8565 -2.89658 27.0552 1 1 1
v -23.3254 -6.25407 31.9373 1 1 1
v -24.026 -8.69937 32.6911 1 1 1
v -18.8743 -3.36489 27.7538 1 1 1
v -22.2565 -7.43784 31.7739 1 1 1
v -17.9748 -2.86019 27.629 1 1 1
v -16.3641 -2.27342 25.7892 1 1 1
v -16.492 -1.99959 26.0359 1 1 1
v -15.8117 -1.13686 25.5332 1 1 1
v -15.8054 -1.11596 25.5203 1 1 1
v -16.0926 -2.0199 25.8061 1 1 1
v -16.0628 -2.06378 26.0329 1 1 1
v -20.9984 -6.5266 32.0394 1 1 1
v -15.8961 -2.77466 26.2905 1 1 1
v -26.464 -20.0432 37.2086 1 1 1
v -16.1934 -2.67266 26.8569 1 1 1
v -27.03 -10.5402 40.1122 1 1 1
v -15.4988 -2.71781 26.242 1 1 1
v -21.9696 -7.98051 34.0639 1 1 1
v -15.5013 -2.92684 26.3577 1 1 1
v -26.2877 -12.3252 39.4709 1 1 1
v -17.6396 -4.18655 29.2655 1 1 1
v -19.665 -6.03292 32.0331 1 1 1
v -15.5142 -2.44729 26.9801 1 1 1
v -17.499 -4.48565 29.4164 1 1 1
v -15.318 -1.32837 27.0959 1 1 1
v -17.8603 -4.88179 29.9628 1 1 1
v -18.0905 -5.16604 30.3454 1 1 1
v -15.129 -1.83659 27.4411 1 1 1
v -15.129 -1.83659 27.4411 1 1 1
v -14.9798 -1.83326 27.5069 1 1 1
v -17.232 -4.76041 30.1814 1 1 1
v -15.1093 -3.05158 27.4656 1 1 1
v -14.8455 -1.67868 27.4086 1 1 1
v -24.3098 -21.4055 37.0452 1 1 1
v -24.3098 -21.4055 37.0452 1 1 1
v -16.4588 -3.80569 29.545 1 1 1
v -17.2331 -4.99316 30.461 1 1 1
v -19.2039 -6.76428 33.1241 1 1 1
v -16.4331 -3.95269 29.9202 1 1 1
v -19.1243 -6.56611 33.4333 1 1 1
v -18.6261 -6.53225 32.734 1 1 1
v -18.9859 -6.86882 33.4021 1 1 1
v -16.3421 -4.14444 30.1468 1 1 1
v -16.3333 -4.12194 30.1275 1 1 1
v -14.6883 -3.47404 27.9558 1 1 1
v -15.8903 -3.97038 29.734 1 1 1
v -14.7968 -3.00827 28.3567 1 1 1
v -14.7928 -3.81192 28.3179 1 1 1
v -18.2752 -7.0215 33.6747 1 1 1
v -14.1071 -2.32705 28.3407 1 1 1
v -23.5049 -22.2023 38.7878 1 1 1
v -23.4002 -21.6326 38.9348 1 1 1
v -14.6001 -3.99616 29.2674 1 1 1
v -14.6001 -3.99616 29.2674 1 1 1
v -24.0498 -18.8771 40.9145 1 1 1
v -23.1441 -14.3665 41.2191 1 1 1
v -24.161 -24.1169 40.6343 1 1 1
v -15.9117 -5.71793 31.9093 1 1 1
v -22.8196 -25.6027 38.4664 1 1 1
v -18.8541 -7.49335 36.8493 1 1 1
v -24.3027 -23.4413 42.1151 1 1 1
v -17.178 -6.63615 34.5562 1 1 1
v -17.169 -6.98744 34.7928 1 1 1
v -22.6184 -22.7511 40.8579 1 1 1
v -14.9779 -5.8673 32.529 1 1 1
v -28.6345 -8.36488 55.1238 1 1 1
v -16.9225 -6.68286 35.9572 1 1 1
v -12.761 -3.16894 31.639 1 1 1
v -12.016 -3.11725 30.4525 1 1 1
v -12.016 -3.11725 30.4525 1 1 1
v -12.1299 -3.52349 31.7075 1 1 1
v -12.1299 -3.52349 31.7075 1 1 1
v -11.8298 -3.94977 31.1216 1 1 1
v -11.8445 -3.94755 31.146 1 1 1
v -11.8716 -4.35568 31.1868 1 1 1
v -13.4628 -7.63338 33.2993 1 1 1
v -10.1242 -0.198646 29.1882 1 1 1
v -11.534 -4.0745 31.3029 1 1 1
v -20.7906 -15.9098 46.2026 1 1 1
v -20.8889 -15.626 46.5557 1 1 1
v -11.3373 -3.99393 31.4958 1 1 1
v -11.3099 -4.98257 31.2765 1 1 1
v -11.3889 -4.39131 31.8989 1 1 1
v -11.3485 -3.71009 32.1296 1 1 1
v -11.139 -4.44206 31.8709 1 1 1
v -20.304 -19.7122 45.7517 1 1 1
v -5.41206 9.36688 24.6781 1 1 1
v -11.5021 -5.46485 32.7654 1 1 1
v -11.2831 -3.99616 32.7569 1 1 1
v -19.5101 -29.4713 44.0333 1 1 1
v -5.16092 10.7821 26.3112 1 1 1
v -8.95194 -2.06282 30.5863 1 1 1
v -10.4381 -4.38541 33.2144 1 1 1
v -5.10007 11.1302 26.5633 1 1 1
v -5.08796 12.8174 27.3471 1 1 1
v -4.95199 7.81276 25.5325 1 1 1
v -19.3509 -12.3019 50.7718 1 1 1
v -19.7898 -23.9366 48.1192 1 1 1
v -19.1854 -31.5119 44.5822 1 1 1
v -4.58659 7.69201 25.6027 1 1 1
v -18.5271 -27.0335 45.581 1 1 1
v -19.5506 -19.0019 50.7467 1 1 1
v -19.7153 -11.9562 53.5083 1 1 1
v -19.4424 -15.3366 51.9157 1 1 1
v -19.4615 -12.7321 52.9877 1 1 1
v -3.77658 2.16371 22.5461 1 1 1
v -3.44545 1.1084 21.5947 1 1 1
v -3.69706 -0.52693 22.282 1 1 1
v -3.73863 -0.317725 22.5469 1 1 1
v -3.74576 12.1999 27.1588 1 1 1
v -2.48762 3.89078 22.5317 1 1 1
v -2.72247 12.593 27.642 1 1 1
v -2.06049 12.504 26.7424 1 1 1
v -1.89615 8.59822 25.078 1 1 1
v -0.530846 2.61842 20.6543 1 1 1
v -1.43923 -5.68592 20.0279 1 1 1
v -3.16859 9.86217 31.5227 1 1 1
v -3.01556 9.39486 31.6231 1 1 1
v -1.11632 -5.43213 19.9895 1 1 1
v -0.246292 2.95865 21.7084 1 1 1
v 0.310926 8.51304 24.8226 1 1 1
v 0.313847 8.5088 24.8132 1 1 1
v 0.575231 9.86653 24.8994 1 1 1
v 0.527602 13.6759 27.0637 1 1 1
v 0.443056 8.57321 24.9844 1 1 1
v 0.518055 8.59636 25.4604 1 1 1
v -0.0774887 -0.400063 23.5241 1 1 1
v 1.1877 14.8288 27.3572 1 1 1
v 1.1877 14.8288 27.3572 1 1 1
v 1.0143 0.802442 21.0719 1 1 1
v -10.1404 -25.3173 48.2394 1 1 1
v 1.35468 5.3686 22.7822 1 1 1
v -10.825 -11.4524 58.1406 1 1 1
v -10.0474 -27.7269 47.0406 1 1 1
v -9.94875 -28.203 46.8606 1 1 1
v 1.69686 3.76941 21.5291 1 1 1
v -9.52782 -27.0865 47.3805 1 1 1
v 1.8609 4.53096 21.7343 1 1 1
v -9.52197 -28.3438 46.9171 1 1 1
v 2.26361 11.233 24.0779 1 1 1
v 1.23322 -5.10914 19.6222 1 1 1
v -8.99652 -25.7501 47.8464 1 1 1
v -8.99652 -25.7501 47.8464 1 1 1
v -8.89522 -28.1657 46.6759 1 1 1
v -8.89522 -28.1657 46.6759 1 1 1
v 1.60906 -3.95399 19.49 1 1 1
v -23.5871 -42.6361 98.6979 1 1 1
v -23.3158 -43.4543 97.5288 1 1 1
v -8.35468 -28.6603 46.5183 1 1 1
v 2.4762 2.58679 21.1933 1 1 1
v -22.8196 -43.9813 99.5019 1 1 1
v -7.73412 -27.9562 46.5106 1 1 1
v -6.72966 -24.666 47.8789 1 1 1
v -6.72966 -24.666 47.8789 1 1 1
v -6.65583 -25.9107 47.2795 1 1 1
v -6.08418 -25.1703 47.4648 1 1 1
v -5.51708 -24.3878 47.6154 1 1 1
v -5.41667 -25.6062 46.8914 1 1 1
v 3.27746 0.785405 21.8937 1 1 1
v 3.49214 5.88046 25.811 1 1 1
v -4.88478 -26.9098 46.6781 1 1 1
v 3.18121 -4.11178 21.3599 1 1 1
v -4.4214 -27.4187 46.1899 1 1 1
v 3.47105 -3.69976 20.4247 1 1 1
v 3.6398 -1.49752 21.7207 1 1 1
v 3.63781 -1.82501 21.6127 1 1 1
v 3.70169 -1.01081 22.0896 1 1 1
v 4.10312 1.77737 22.8971 1 1 1
v 4.8007 11.838 27.5449 1 1 1
v 3.7993 -1.7704 22.1875 1 1 1
v 3.80067 -1.78193 22.1847 1 1 1
v 3.85589 -1.71067 22.0184 1 1 1
v 3.86259 -4.31159 20.5992 1 1 1
v 3.86259 -4.31159 20.5992 1 1 1
v 4.5967 7.17464 27.6902 1 1 1
v 4.47681 1.58323 23.2915 1 1 1
v 3.81655 -3.41023 23.0857 1 1 1
v 3.8662 -3.44255 22.8497 1 1 1
v 5.04262 11.6744 30.3301 1 1 1
v 4.3221 -1.54021 22.3943 1 1 1
v 4.58386 0.836085 23.2358 1 1 1
v 4.43895 -0.823148 22.6853 1 1 1
v 4.1842 -4.82901 21.7511 1 1 1
v 4.95674 5.39483 26.9659 1 1 1
v 4.78635 1.37827 23.9283 1 1 1
v 6.66641 15.4114 25.4294 1 1 1
v 4.55052 -4.65005 21.6517 1 1 1
v 6.76905 13.2342 27.5177 1 1 1
v 6.64569 12.8647 28.73 1 1 1
v 1.29085 -8.82694 53.4804 1 1 1
v 5.46309 6.50524 35.0338 1 1 1
v 5.46309 6.50524 35.0338 1 1 1
v 1.67478 -8.62099 51.8749 1 1 1
v 0.0869222 -24.9167 46.3303 1 1 1
v 0.2589 -25.3549 45.4701 1 1 1
v 0.140187 -26.5913 45.2743 1 1 1
v 0.316052 -25.3399 45.8155 1 1 1
v 0.427464 -25.0338 45.7566 1 1 1
v 0.545468 -27.3912 44.6843 1 1 1
v 3.4969 -7.65923 49.0445 1 1 1
v 2.70094 -15.886 44.9558 1 1 1
v 3.70823 -15.2763 38.4498 1 1 1
v 3.70823 -15.2763 38.4498 1 1 1
v 4.1474 -14.5581 38.3026 1 1 1
v 8.21471 10.0278 31.692 1 1 1
v 4.0552 -17.3486 38.7454 1 1 1
v 5.44529 -5.653 47.2079 1 1 1
v 3.47047 -22.4886 38.4748 1 1 1
v 3.47047 -22.4886 38.4748 1 1 1
v 4.5921 -14.494 39.2947 1 1 1
v 4.43564 -16.2238 38.5101 1 1 1
v 3.85722 -24.6424 36.9598 1 1 1
v 3.66287 -26.3389 37.1994 1 1 1
v 5.37441 -14.4115 38.6308 1 1 1
v 4.05899 -24.4317 37.0502 1 1 1
v 5.51191 -14.3718 38.4015 1 1 1
v 6.92929 -3.81535 45.8218 1 1 1
v 5.23958 -17.4077 38.4053 1 1 1
v 5.10111 -18.6912 36.8424 1 1 1
v 5.13067 -18.4948 38.2969 1 1 1
v 5.00634 -19.8195 36.4267 1 1 1
v 5.20707 -18.5839 37.8793 1 1 1
v 4.55067 -23.42 37.1432 1 1 1
v 5.8129 -14.5738 38.9114 1 1 1
v 4.54421 -24.3822 36.8591 1 1 1
v 4.56332 -24.2918 36.6557 1 1 1
v 5.6008 -17.1451 38.3402 1 1 1
v 5.59814 -17.3046 37.8798 1 1 1
v 4.69342 -23.8914 36.3667 1 1 1
v 8.27907 -0.166065 42.1202 1 1 1
v 5.04503 -23.0972 35.4961 1 1 1
v 5.92156 -17.4048 36.8086 1 1 1
v 5.96755 -17.29 36.3117 1 1 1
v 6.55913 -13.7384 37.7273 1 1 1
v 8.31833 -1.87782 43.3186 1 1 1
v 8.41444 -2.22677 42.5916 1 1 1
v 6.38088 -16.3868 37.5874 1 1 1
v 6.85946 -13.9969 39.82 1 1 1
v 5.81829 -21.7768 36.3354 1 1 1
v 7.01384 -14.1361 39.4709 1 1 1
v 7.01384 -14.1361 39.4709 1 1 1
v 7.04445 -14.0317 39.1067 1 1 1
v 5.38876 -25.7879 36.369 1 1 1
v 9.05087 -1.33273 42.2463 1 1 1
v 6.95044 -15.6188 37.8175 1 1 1
v 6.16406 -21.0973 35.9687 1 1 1
v 6.16406 -21.0973 35.9687 1 1 1
v 9.00045 -3.03053 44.4112 1 1 1
v 6.13427 -22.4288 36.1448 1 1 1
v 5.83443 -25.569 35.3206 1 1 1
v 7.72148 -13.378 38.4579 1 1 1
v 5.69508 -27.3413 34.7717 1 1 1
v 5.99989 -25.473 35.7304 1 1 1
v 5.6686 -28.2447 35.0614 1 1 1
v 7.66433 -15.3286 37.9856 1 1 1
v 8.45374 -10.1398 39.8778 1 1 1
v 6.06884 -25.9831 35.812 1 1 1
v 10.0057 -0.473447 43.8061 1 1 1
v 6.81999 -22.2298 35.7074 1 1 1
v 6.19483 -26.8383 35.5234 1 1 1
v 6.8749 -22.5837 35.6449 1 1 1
v 6.8749 -22.5837 35.6449 1 1 1
v 10.5497 -1.68167 42.8416 1 1 1
v 10.5978 -3.52709 47.5813 1 1 1
v 9.2609 -9.91012 38.3359 1 1 1
v 6.70299 -28.2873 35.4715 1 1 1
v 10.4049 -7.03779 45.0389 1 1 1
v 9.92857 -9.95865 38.8911 1 1 1
v 11.2293 -5.24286 45.5971 1 1 1
v 11.3849 -5.50682 44.9216 1 1 1
v 11.4722 -4.98437 42.3548 1 1 1
v 7.5501 -28.6909 35.24 1 1 1
v 7.5501 -28.6909 35.24 1 1 1
v 7.53319 -29.4355 34.9659 1 1 1
v 7.63896 -28.8163 34.9153 1 1 1
v 7.63896 -28.8163 34.9153 1 1 1
v 11.327 -8.42929 44.2356 1 1 1
v 8.06419 -26.4211 34.9276 1 1 1
v 11.1099 -8.92829 40.6495 1 1 1
v 11.9921 -6.12544 45.5448 1 1 1
v 7.3099 -33.8322 36.4917 1 1 1
v 7.37743 -33.7125 36.5206 1 1 1
v 12.1082 -5.1741 44.0492 1 1 1
v 7.5522 -32.625 36.4232 1 1 1
v 7.3668 -33.9995 36.4481 1 1 1
v 11.9817 -7.37555 45.0126 1 1 1
v 11.3257 -9.03484 40.1235 1 1 1
v 7.67265 -32.024 36.0011 1 1 1
v 12.3615 -6.02838 46.6249 1 1 1
v 7.58288 -33.039 36.1841 1 1 1
v 12.7791 -1.397 43.4732 1 1 1
v 7.72917 -32.2666 35.6465 1 1 1
v 8.21664 -28.4111 34.8554 1 1 1
v 10.9494 -11.9512 38.8439 1 1 1
v 8.66156 -25.7048 35.2606 1 1 1
v 8.66156 -25.7048 35.2606 1 1 1
v 9.75294 -19.1503 36.7732 1 1 1
v 11.4415 -9.51475 39.826 1 1 1
v 11.4688 -9.20748 39.2973 1 1 1
v 10.3314 -15.8027 37.0675 1 1 1
v 7.74089 -33.0772 35.6371 1 1 1
v 8.70698 -26.4202 35.0879 1 1 1
v 8.70698 -26.4202 35.0879 1 1 1
v 12.4684 -7.56677 45.128 1 1 1
v 10.0097 -19.0389 36.6785 1 1 1
v 10.3449 -17.3442 37.036 1 1 1
v 8.5483 -29.8338 35.8561 1 1 1
v 10.0972 -19.549 36.3798 1 1 1
v 10.3383 -18.8053 36.5592 1 1 1
v 9.65899 -23.3312 35.5236 1 1 1
v 9.65899 -23.3312 35.5236 1 1 1
v 8.35802 -32.8441 35.4455 1 1 1
v 8.54053 -31.7478 35.3074 1 1 1
v 12.9947 -8.82857 45.469 1 1 1
v 10.9816 -16.5424 37.2836 1 1 1
v 8.63196 -31.69 35.3361 1 1 1
v 10.4316 -19.8756 35.9783 1 1 1
v 10.473 -20.3872 36.9002 1 1 1
v 8.69532 -32.0043 35.1501 1 1 1
v 8.85849 -31.0889 35.3148 1 1 1
v 10.6158 -19.9598 36.5209 1 1 1
v -18.9675 -1.98751 26.4795 1 1 1
v -17.151 -0.94935 25.0229 1 1 1
v -18.015 -2.16353 25.7501 1 1 1
v -18.6093 -2.99961 26.34 1 1 1
v -18.6093 -2.99961 26.34 1 1 1
v -16.9518 -1.13849 25.0232 1 1 1
v -18.5516 -2.63873 26.599 1 1 1
v -18.6262 -2.89875 26.8099 1 1 1
v -17.4802 -2.37588 25.6466 1 1 1
v -17.6713 -2.19872 25.9433 1 1 1
v -9.55373 -20.9019 13.3074 1 1 1
v -9.55373 -20.9019 13.3074 1 1 1
v -9.51939 -20.8897 13.3968 1 1 1
v -9.51939 -20.8897 13.3968 1 1 1
v -16.5333 -2.18146 25.446 1 1 1
v -17.87 -2.79838 26.9271 1 1 1
v -28.3442 -10.5656 37.2276 1 1 1
v -22.5552 -7.79471 31.3616 1 1 1
v -23.036 -8.80523 32.0608 1 1 1
v -16.4521 -2.18691 25.8848 1 1 1
v -16.41 -1.96039 25.9272 1 1 1
v -23.2883 -8.32545 33.0338 1 1 1
v -15.7778 -2.38948 25.7126 1 1 1
v -20.1616 -6.06136 30.3223 1 1 1
v -20.3128 -5.88206 31.2612 1 1 1
v -20.0795 -5.61256 31.3365 1 1 1
v -20.4049 -6.41246 32.1896 1 1 1
v -17.819 -4.74382 29.5649 1 1 1
v -19.4991 -5.95168 31.4221 1 1 1
v -20.5157 -6.80164 32.6585 1 1 1
v -20.5157 -6.80164 32.6585 1 1 1
v -14.9571 -1.97385 26.7917 1 1 1
v -26.4157 -13.1245 38.6633 1 1 1
v -17.4486 -4.24066 29.7026 1 1 1
v -26.1772 -15.5277 38.1967 1 1 1
v -14.897 -2.08709 27.01 1 1 1
v -25.8316 -12.6201 38.5232 1 1 1
v -15.1518 -3.06267 27.2591 1 1 1
v -17.7539 -5.04067 30.2109 1 1 1
v -19.8611 -6.2086 32.67 1 1 1
v -19.216 -6.17187 31.8661 1 1 1
v -17.0156 -4.11848 29.5467 1 1 1
v -15.9905 -3.55113 28.4293 1 1 1
v -20.9882 -7.63947 34.1228 1 1 1
v -24.2536 -12.577 37.4235 1 1 1
v -14.9638 -2.89045 27.6926 1 1 1
v -14.8239 -2.76173 27.7527 1 1 1
v -19.1116 -6.60226 32.6659 1 1 1
v -14.5817 -2.01391 27.8433 1 1 1
v -16.6544 -4.36048 30.2801 1 1 1
v -16.6544 -4.36048 30.2801 1 1 1
v -15.9685 -3.77846 29.5545 1 1 1
v -18.6217 -6.11799 32.5604 1 1 1
v -14.1948 -1.688 27.7746 1 1 1
v -14.2172 -2.26993 27.7259 1 1 1
v -16.3399 -4.24902 30.1736 1 1 1
v -16.2101 -4.89723 30.4821 1 1 1
v -24.2103 -22.7135 37.5716 1 1 1
v -16.8101 -5.65933 31.7851 1 1 1
v -17.5935 -6.62151 32.7946 1 1 1
v -14.4011 -4.16399 29.3547 1 1 1
v -22.8368 -24.7503 36.6322 1 1 1
v -16.4698 -6.27031 33.1243 1 1 1
v -22.8019 -23.0147 38.7837 1 1 1
v -23.5405 -14.9382 42.3504 1 1 1
v -6.57575 12.3994 24.5062 1 1 1
v -24.0563 -13.5582 44.0725 1 1 1
v -15.9087 -5.60071 34.0209 1 1 1
v -24.7421 -13.845 45.2476 1 1 1
v -8.23341 -2.05544 24.0479 1 1 1
v -23.7641 -15.881 44.6415 1 1 1
v -12.4172 -4.75674 30.1897 1 1 1
v -21.0012 -7.85213 43.095 1 1 1
v -6.12557 9.25779 24.9852 1 1 1
v -6.15278 13.6459 26.606 1 1 1
v -6.00082 13.4503 26.321 1 1 1
v -23.747 -16.813 46.8621 1 1 1
v -11.561 -3.83983 31.1214 1 1 1
v -12.6019 -7.44427 31.8325 1 1 1
v -20.8525 -17.1097 43.6342 1 1 1
v -9.89363 -1.29941 29.8171 1 1 1
v -11.112 -3.87316 31.453 1 1 1
v -11.2156 -3.86527 31.6323 1 1 1
v -11.138 -4.40626 31.478 1 1 1
v -11.1287 -4.17692 31.996 1 1 1
v -9.46342 6.95215 32.8651 1 1 1
v -20.6773 -15.5634 46.2104 1 1 1
v -10.7699 -4.4433 32.2797 1 1 1
v -11.4397 -5.52772 33.2913 1 1 1
v -4.29639 2.67197 23.1682 1 1 1
v -19.9642 -8.08796 48.6709 1 1 1
v -3.37021 1.09647 21.4329 1 1 1
v -10.7912 -4.41731 33.42 1 1 1
v -3.18491 1.58069 21.5213 1 1 1
v -3.03176 3.91828 22.5525 1 1 1
v -3.80159 7.53654 26.0084 1 1 1
v -3.39419 -3.91678 21.4444 1 1 1
v -1.92771 3.97534 21.3099 1 1 1
v -2.81497 4.43956 23.2347 1 1 1
v -2.81497 4.43956 23.2347 1 1 1
v -19.4211 -29.7274 45.2713 1 1 1
v -2.01729 3.3031 21.8969 1 1 1
v -2.16384 4.16725 22.5405 1 1 1
v -19.4882 -23.1505 48.0991 1 1 1
v -19.4882 -23.1505 48.0991 1 1 1
v -19.4772 -12.0415 52.0702 1 1 1
v -2.36515 4.34711 23.274 1 1 1
v -1.70408 2.8737 21.5495 1 1 1
v -18.6 -16.0887 49.8635 1 1 1
v -19.1158 -12.2666 52.3293 1 1 1
v -18.7499 -14.4251 51.0038 1 1 1
v -18.1836 -31.0096 44.1584 1 1 1
v -18.7627 -16.6215 50.773 1 1 1
v -1.99131 8.53013 25.0418 1 1 1
v -1.77285 3.35172 22.684 1 1 1
v -1.81761 6.9061 24.2597 1 1 1
v -1.81866 8.50866 24.8772 1 1 1
v -1.90102 7.24093 24.9328 1 1 1
v -1.87678 8.2612 25.3779 1 1 1
v -1.1886 0.781198 21.1753 1 1 1
v -1.8529 -6.5551 20.6711 1 1 1
v -1.1749 -5.06342 19.9182 1 1 1
v -1.07922 -5.27021 19.9188 1 1 1
v -0.967362 -5.59557 19.627 1 1 1
v -0.980633 -5.17915 19.8496 1 1 1
v -1.38784 -4.42724 21.1085 1 1 1
v -1.41734 -6.50789 20.4832 1 1 1
v -1.08852 -6.62161 19.8633 1 1 1
v -0.260505 -6.58236 18.1966 1 1 1
v 0.32444 8.00706 23.4942 1 1 1
v -17.009 -14.6367 56.3946 1 1 1
v -0.890975 -6.36001 20.639 1 1 1
v 0.686868 3.61744 21.622 1 1 1
v 0.555674 7.22538 23.8031 1 1 1
v 0.947734 13.575 25.645 1 1 1
v 0.217719 10.4327 26.0999 1 1 1
v 0.702896 7.70224 23.9549 1 1 1
v 0.703523 0.883593 21.5796 1 1 1
v -12.8917 -12.0193 52.2251 1 1 1
v 2.18768 15.8794 24.9142 1 1 1
v 2.18768 15.8794 24.9142 1 1 1
v 1.444 4.51166 21.7871 1 1 1
v -13.6161 -19.9374 50.8673 1 1 1
v 0.980087 -4.81273 19.5441 1 1 1
v -14.2922 -12.0014 58.4576 1 1 1
v 1.08668 -6.03798 19.0103 1 1 1
v 2.04709 3.70746 21.4823 1 1 1
v 2.3251 2.22754 21.5668 1 1 1
v 2.3261 2.21112 21.5621 1 1 1
v 1.59578 -5.06424 20.5384 1 1 1
v 2.52679 4.0629 22.7312 1 1 1
v 2.60145 3.95647 22.4678 1 1 1
v -11.1092 -10.9372 58.8822 1 1 1
v 3.38287 9.5086 24.2421 1 1 1
v -9.56172 -25.862 47.9124 1 1 1
v -9.44965 -27.0128 47.1798 1 1 1
v 3.48911 11.1648 25.5432 1 1 1
v -9.11529 -25.1863 48.3802 1 1 1
v 2.85502 -0.0487025 22.1326 1 1 1
v -8.89599 -26.2909 47.3782 1 1 1
v -8.79594 -28.7367 46.1717 1 1 1
v 3.01297 0.0847339 22.1308 1 1 1
v 2.45369 -5.74323 20.6988 1 1 1
v -8.40286 -25.0416 47.8771 1 1 1
v -8.50876 -25.7222 48.0169 1 1 1
v 3.39932 3.64261 23.34 1 1 1
v -8.3009 -26.8004 47.0338 1 1 1
v 3.51409 0.868218 21.8824 1 1 1
v 2.83333 -5.5766 20.5845 1 1 1
v 3.39073 -3.66404 20.7592 1 1 1
v -7.20435 -26.6522 47.054 1 1 1
v -7.20253 -28.4853 46.4066 1 1 1
v -7.20253 -28.4853 46.4066 1 1 1
v 3.98677 -0.0901222 21.8276 1 1 1
v -6.63303 -25.2436 47.4078 1 1 1
v 0.395631 -17.319 25.7903 1 1 1
v 3.32663 -4.20917 22.8426 1 1 1
v 4.28663 1.80162 23.3567 1 1 1
v 3.41331 -3.05011 23.8585 1 1 1
v 3.97932 -1.86673 22.1939 1 1 1
v 4.16215 2.24932 24.4084 1 1 1
v 4.6594 11.4141 28.9098 1 1 1
v 4.6594 11.4141 28.9098 1 1 1
v 0.336575 -19.2462 25.3695 1 1 1
v 0.336575 -19.2462 25.3695 1 1 1
v -6.3173 -33.4945 44.273 1 1 1
v -6.3173 -33.4945 44.273 1 1 1
v 4.17903 -1.35045 22.5616 1 1 1
v 5.33862 -11.9741 9.7458 1 1 1
v 5.33862 -11.9741 9.7458 1 1 1
v 4.48681 7.06472 27.9867 1 1 1
v 4.49921 6.30751 27.3925 1 1 1
v 4.40166 -1.0406 22.619 1 1 1
v 4.06359 -1.87456 23.5793 1 1 1
v 4.22591 -1.71117 23.3212 1 1 1
v -4.84876 -25.5405 46.9261 1 1 1
v 4.80652 7.14492 27.7189 1 1 1
v 5.08767 7.03588 27.0502 1 1 1
v 4.69343 -1.30498 22.3479 1 1 1
v 4.63173 -4.62162 21.7155 1 1 1
v 5.4668 11.1278 30.8513 1 1 1
v 6.2604 12.5 28.0704 1 1 1
v 5.62559 10.6592 29.796 1 1 1
v -1.12013 -8.95978 54.557 1 1 1
v -1.99963 -26.5517 45.4956 1 1 1
v 6.63054 9.89853 30.8631 1 1 1
v 0.394531 -8.67196 51.3068 1 1 1
v 6.78689 9.99795 31.0206 1 1 1
v -0.280395 -24.6295 46.0523 1 1 1
v -0.00729782 -25.8331 44.256 1 1 1
v 2.04943 -8.68181 50.5384 1 1 1
v 0.322334 -24.7174 46.3623 1 1 1
v 0.284393 -25.3908 45.9454 1 1 1
v 0.361502 -26.3108 44.8917 1 1 1
v 0.39981 -26.3765 45.6731 1 1 1
v 5.05977 -0.422367 42.2951 1 1 1
v 3.25794 -15.5554 39.3286 1 1 1
v 3.52072 -15.213 39.3434 1 1 1
v 3.27693 -17.8533 39.0002 1 1 1
v 3.71 -15.0878 39.5546 1 1 1
v 4.22822 -13.3968 40.4026 1 1 1
v 3.69666 -17.8285 38.4115 1 1 1
v 4.3317 -13.2157 40.3386 1 1 1
v 6.3365 -0.639755 42.1 1 1 1
v 4.1707 -16.5465 38.5344 1 1 1
v 4.33572 -16.1096 38.5774 1 1 1
v 3.32363 -22.2962 38.741 1 1 1
v 3.3528 -22.2512 38.5895 1 1 1
v 3.4687 -22.1465 39.1631 1 1 1
v 4.8229 -14.8683 38.7747 1 1 1
v 4.7051 -16.5162 38.5287 1 1 1
v 7.32149 0.231308 41.7377 1 1 1
v 3.71171 -23.1285 39.0551 1 1 1
v 3.71171 -23.1285 39.0551 1 1 1
v 4.59804 -17.8836 39.1079 1 1 1
v 5.21631 -14.7756 39.0829 1 1 1
v 7.33451 -0.748635 41.899 1 1 1
v 5.34522 -14.4714 38.9283 1 1 1
v 4.18684 -23.781 36.8966 1 1 1
v 4.41346 -22.9913 36.8857 1 1 1
v 4.11862 -24.9205 37.4188 1 1 1
v 4.74572 -22.4213 36.3636 1 1 1
v 5.33351 -18.2636 38.0721 1 1 1
v 5.37079 -18.0118 38.2642 1 1 1
v 5.30608 -18.6715 37.6165 1 1 1
v 5.96848 -14.3729 39.3168 1 1 1
v 5.60758 -17.0989 38.1937 1 1 1
v 5.01648 -21.5982 35.7633 1 1 1
v 5.13025 -20.7683 36.3007 1 1 1
v 5.42144 -18.5776 37.5924 1 1 1
v 5.54638 -17.7305 38.0402 1 1 1
v 4.70393 -23.4822 36.6088 1 1 1
v 5.52247 -18.1348 37.6168 1 1 1
v 4.75293 -23.2257 36.7829 1 1 1
v 6.03913 -14.8461 38.5767 1 1 1
v 6.06472 -14.8048 38.3452 1 1 1
v 8.31388 -0.35919 41.2804 1 1 1
v 5.46235 -18.8178 37.8091 1 1 1
v 5.70907 -17.3665 38.2037 1 1 1
v 5.72184 -17.3475 38.1077 1 1 1
v 5.23993 -20.834 36.5125 1 1 1
v 5.26787 -20.8379 36.6325 1 1 1
v 5.58499 -19.0983 36.7682 1 1 1
v 10.6552 10.0191 30.0082 1 1 1
v 4.93399 -23.474 36.4309 1 1 1
v 4.83763 -24.3122 36.6054 1 1 1
v 4.83763 -24.3122 36.6054 1 1 1
v 5.48881 -21.3482 36.6366 1 1 1
v 5.33562 -22.6234 35.6746 1 1 1
v 5.17325 -23.7735 36.1065 1 1 1
v 5.13235 -23.921 36.45 1 1 1
v 8.30562 -2.87851 44.7853 1 1 1
v 5.42545 -22.6373 36.6499 1 1 1
v 5.59663 -22.0088 36.834 1 1 1
v 5.59663 -22.0088 36.834 1 1 1
v 5.62383 -21.9271 36.6231 1 1 1
v 4.84427 -26.6107 37.2674 1 1 1
v 4.77696 -27.482 36.4396 1 1 1
v 8.58165 -2.64821 44.1072 1 1 1
v 9.06763 -1.01517 43.4211 1 1 1
v 9.06763 -1.01517 43.4211 1 1 1
v 9.25034 -1.4882 38.7419 1 1 1
v 9.25034 -1.4882 38.7419 1 1 1
v 6.20353 -21.4237 35.5186 1 1 1
v 9.37828 -2.53001 34.9981 1 1 1
v 6.29214 -21.3941 36.5846 1 1 1
v 5.43316 -26.7139 36.8338 1 1 1
v 7.8642 -12.109 38.5988 1 1 1
v 9.68788 -0.557413 41.313 1 1 1
v 6.32112 -21.9868 36.5401 1 1 1
v 5.31883 -28.1832 36.8635 1 1 1
v 7.50458 -14.6518 38.2129 1 1 1
v 5.79427 -25.6797 36.3713 1 1 1
v 9.72122 -1.02235 41.9668 1 1 1
v 9.72122 -1.02235 41.9668 1 1 1
v 7.71662 -13.9896 38.366 1 1 1
v 9.90115 -0.373187 41.2476 1 1 1
v 5.47174 -28.5126 35.2854 1 1 1
v 6.45095 -22.3823 35.9244 1 1 1
v 5.58354 -28.0535 35.2817 1 1 1
v 6.90284 -20.0162 36.2508 1 1 1
v 5.93515 -26.0407 36.4753 1 1 1
v 5.91417 -26.1527 36.6911 1 1 1
v 8.45382 -11.0203 39.5049 1 1 1
v 10.1264 -0.618985 40.9656 1 1 1
v 8.6442 -10.7463 38.7824 1 1 1
v 6.26569 -25.6776 35.9404 1 1 1
v 5.81652 -28.6305 35.5575 1 1 1
v 10.4215 -0.122306 40.8279 1 1 1
v 8.73516 -10.8743 38.4782 1 1 1
v 10.2647 -1.60475 42.311 1 1 1
v 8.714 -11.2238 38.3683 1 1 1
v 5.9891 -28.2923 35.6346 1 1 1
v 8.91783 -10.2487 38.3538 1 1 1
v 10.2228 -2.47351 43.3943 1 1 1
v 10.2204 -2.49177 43.0648 1 1 1
v 5.90049 -29.6801 36.6645 1 1 1
v 7.39029 -20.1924 36.7376 1 1 1
v 7.14857 -21.975 35.8439 1 1 1
v 10.5952 -1.10597 42.0598 1 1 1
v 6.19823 -28.4228 35.5511 1 1 1
v 9.24578 -9.6653 38.4396 1 1 1
v 8.92394 -11.7745 38.582 1 1 1
v 6.61203 -26.3112 35.9671 1 1 1
v 10.6703 -1.54509 42.1357 1 1 1
v 10.6631 -1.94728 42.4334 1 1 1
v 6.34542 -28.5329 35.1678 1 1 1
v 9.37143 -10.0467 38.6346 1 1 1
v 9.36961 -10.3493 37.7865 1 1 1
v 10.8202 -1.85031 42.903 1 1 1
v 9.56725 -9.57946 39.9461 1 1 1
v 10.8592 -2.14236 42.5191 1 1 1
v 7.51352 -22.6181 36.549 1 1 1
v 10.5123 -5.3672 44.663 1 1 1
v 6.77852 -27.8212 36.0248 1 1 1
v 10.6363 -4.73672 45.0165 1 1 1
v 11.1431 -1.50755 42.7751 1 1 1
v 11.1612 -1.45195 42.6799 1 1 1
v 11.0514 -2.31693 42.674 1 1 1
v 6.66616 -28.9833 36.0388 1 1 1
v 7.75754 -22.4053 36.5917 1 1 1
v 6.85529 -28.3458 34.1785 1 1 1
v 9.92906 -9.98612 38.7312 1 1 1
v 6.92317 -28.8617 36.048 1 1 1
v 7.97554 -22.6966 36.4352 1 1 1
v 12.6471 6.06147 33.4639 1 1 1
v 11.5074 -3.44135 43.6022 1 1 1
v 10.4999 -9.91684 40.9178 1 1 1
v 9.84541 -13.4561 37.4806 1 1 1
v 10.2815 -11.1585 39.6043 1 1 1
v 11.3822 -5.54023 44.4049 1 1 1
v 7.7787 -26.7727 35.9625 1 1 1
v 8.46158 -22.6366 36.0201 1 1 1
v 10.136 -13.0405 38.6239 1 1 1
v 6.92499 -32.8698 36.5166 1 1 1
v 10.7387 -10.2809 40.003 1 1 1
v 6.75787 -35.2037 36.0737 1 1 1
v 6.83501 -35.0202 36.0494 1 1 1
v 10.0762 -15.0835 38.2165 1 1 1
v 11.1359 -9.19287 40.133 1 1 1
v 9.68115 -17.6019 37.3361 1 1 1
v 11.1024 -9.47246 39.7203 1 1 1
v 11.1292 -9.70369 39.8368 1 1 1
v 11.3133 -8.99596 39.4085 1 1 1
v 8.3041 -26.9248 36.2451 1 1 1
v 9.69447 -18.484 36.3746 1 1 1
v 7.2765 -34.1387 36.9365 1 1 1
v 7.41135 -33.3909 36.6251 1 1 1
v 9.62142 -19.9411 37.0814 1 1 1
v 7.65085 -32.2633 36.3923 1 1 1
v 8.35602 -27.6941 35.9405 1 1 1
v 7.58779 -32.8314 36.2846 1 1 1
v 8.05907 -30.6222 35.2507 1 1 1
v 7.79076 -32.4191 36.3368 1 1 1
v 9.09872 -24.1891 35.9621 1 1 1
v 11.7678 -9.32084 40.3284 1 1 1
v 9.06036 -25.2081 36.2832 1 1 1
v 7.9793 -32.2944 36.4749 1 1 1
v 12.5123 -7.61866 46.1864 1 1 1
v 11.6644 -10.9477 39.7966 1 1 1
v 8.40432 -25.5578 21.7991 1 1 1
v 8.55973 -25.7254 21.7826 1 1 1
v 8.55973 -25.7254 21.7826 1 1 1
v -13.4845 -2.73287 20.6513 1 1 1
v -18.7339 14.9579 30.0293 1 1 1
v -15.0304 0.566078 22.9493 1 1 1
v -13.7861 -3.00215 20.9303 1 1 1
v -13.8947 -2.43654 21.1721 1 1 1
v -21.8731 -6.57195 28.4369 1 1 1
v -27.891 -9.77982 34.1017 1 1 1
v -22.6238 -6.76619 29.8356 1 1 1
v -27.0363 -9.71843 33.8433 1 1 1
v -16.1527 -1.16098 24.6375 1 1 1
v -22.3564 -6.93317 29.8946 1 1 1
v -16.2364 -1.16329 24.9469 1 1 1
v -26.1764 -9.44076 33.4107 1 1 1
v -13.9436 -6.05321 21.6277 1 1 1
v -17.7462 -2.53688 26.7731 1 1 1
v -28.7169 -11.7529 36.2353 1 1 1
v -22.1408 -7.28763 30.6909 1 1 1
v -16.1769 -2.1985 25.5813 1 1 1
v -16.2324 -2.15506 25.6308 1 1 1
v -16.1061 -1.94821 25.5702 1 1 1
v -23.1732 -8.61953 31.7885 1 1 1
v -15.999 -2.43683 25.7462 1 1 1
v -15.783 -1.98883 25.7015 1 1 1
v -23.0827 -8.71466 32.0378 1 1 1
v -16.5124 -2.42371 26.4409 1 1 1
v -15.7573 -2.20232 25.8082 1 1 1
v -26.4825 -20.1497 33.1577 1 1 1
v -26.4825 -20.1497 33.1577 1 1 1
v -16.0418 -2.44815 26.1671 1 1 1
v -22.3047 -7.52007 31.8382 1 1 1
v -21.8027 -7.2727 31.422 1 1 1
v -15.6534 -2.38243 26.0303 1 1 1
v -15.841 -2.79886 26.386 1 1 1
v -15.5934 -2.57462 26.1722 1 1 1
v -20.8506 -6.23131 31.2836 1 1 1
v -15.444 -2.73183 26.1609 1 1 1
v -22.0361 -7.56382 32.4367 1 1 1
v -15.6547 -2.66933 26.5786 1 1 1
v -15.1963 -2.85837 26.0734 1 1 1
v -20.9097 -6.22359 31.7396 1 1 1
v -20.1775 -5.70987 31.1515 1 1 1
v -14.9275 -1.53073 26.2892 1 1 1
v -15.4295 -1.21824 27.1633 1 1 1
v -15.1089 -1.88559 26.6866 1 1 1
v -15.2124 -1.78446 26.8923 1 1 1
v -15.6382 -17.5511 23.4019 1 1 1
v -14.6432 -3.21485 25.9742 1 1 1
v -21.5976 -7.63507 33.043 1 1 1
v -15.1931 -1.49438 27.1965 1 1 1
v -20.2734 -7.69684 31.5467 1 1 1
v -21.5261 -8.20079 33.1664 1 1 1
v -15.1004 -3.18555 26.9744 1 1 1
v -18.445 -5.11227 30.6786 1 1 1
v -20.1127 -6.57454 32.3713 1 1 1
v -17.3838 -4.54287 29.6718 1 1 1
v -17.2574 -4.23605 29.7182 1 1 1
v -17.186 -4.65711 29.5492 1 1 1
v -20.0353 -6.54323 32.4924 1 1 1
v -19.9408 -9.19025 31.6835 1 1 1
v -15.6025 -1.55559 28.5587 1 1 1
v -14.8591 -2.85694 27.3996 1 1 1
v -14.928 -2.85782 27.4846 1 1 1
v -17.0322 -4.46744 29.6161 1 1 1
v -15.2084 -3.15527 27.8131 1 1 1
v -14.8167 -3.31577 27.3208 1 1 1
v -21.4494 -7.84097 34.4535 1 1 1
v -14.6042 -2.94515 27.4343 1 1 1
v -16.7991 -4.74852 29.8367 1 1 1
v -14.3729 -2.00281 27.5732 1 1 1
v -17.216 -5.17413 30.2566 1 1 1
v -16.6115 -4.57159 29.6886 1 1 1
v -16.6115 -4.57159 29.6886 1 1 1
v -16.6282 -4.1638 29.8546 1 1 1
v -14.3343 -2.11731 27.6214 1 1 1
v -18.8157 -6.36978 32.0752 1 1 1
v -16.5958 -4.52352 30.0497 1 1 1
v -16.5958 -4.52352 30.0497 1 1 1
v -18.2868 -3.31854 32.5165 1 1 1
v -18.8175 -6.40156 32.3592 1 1 1
v -16.2202 -5.1271 29.6338 1 1 1
v -16.3505 -4.10915 30.1469 1 1 1
v -16.4318 -4.68633 30.2241 1 1 1
v -18.7125 -6.9074 32.7345 1 1 1
v -14.939 -3.81424 28.8482 1 1 1
v -18.4203 -6.80034 32.5068 1 1 1
v -14.1114 -2.24922 28.3445 1 1 1
v -14.0142 -2.25921 28.2217 1 1 1
v -18.6112 -6.69897 32.9207 1 1 1
v -18.5794 -6.93282 33.2067 1 1 1
v -14.9727 -4.21205 29.3571 1 1 1
v -17.6234 -6.70746 32.2083 1 1 1
v -15.7472 -5.09573 30.2527 1 1 1
v -17.8576 -6.62767 32.6621 1 1 1
v -18.6225 -7.09549 33.726 1 1 1
v -19.856 -7.23541 35.556 1 1 1
v -18.019 -6.85565 33.4684 1 1 1
v -15.3979 -7.04366 30.0119 1 1 1
v -15.4146 -5.33174 30.6094 1 1 1
v -17.3313 -6.64463 33.0345 1 1 1
v -17.3313 -6.64463 33.0345 1 1 1
v -16.751 -6.80361 32.3424 1 1 1
v -18.0275 -7.12508 34.0224 1 1 1
v -18.0275 -7.12508 34.0224 1 1 1
v -16.8976 -6.46132 33.0763 1 1 1
v -17.298 -6.83305 33.5592 1 1 1
v -17.1653 -6.83464 33.3896 1 1 1
v -16.3337 -6.54009 32.7325 1 1 1
v -23.0307 -24.4068 36.7461 1 1 1
v -23.0052 -24.9287 36.8662 1 1 1
v -22.9356 -24.8646 36.7723 1 1 1
v -17.1167 -6.76699 34.449 1 1 1
v -20.6324 -23.3616 34.5789 1 1 1
v -15.0794 -5.95687 32.4633 1 1 1
v -14.4801 -5.76023 31.959 1 1 1
v -12.7487 -4.29602 29.9641 1 1 1
v -6.14246 13.8029 26.244 1 1 1
v -15.0567 -6.14595 32.9032 1 1 1
v -6.24508 13.4279 26.418 1 1 1
v -12.2213 -4.41056 29.5546 1 1 1
v -15.3455 -6.35082 33.5666 1 1 1
v -16.3726 -6.51571 34.9862 1 1 1
v -16.5912 -6.48064 35.6627 1 1 1
v -16.8387 -6.75351 36.1278 1 1 1
v -15.6902 -6.46518 34.7018 1 1 1
v -12.0773 -4.94546 30.0617 1 1 1
v -11.773 -3.19136 30.2338 1 1 1
v -11.1925 -3.25161 29.7785 1 1 1
v -4.88175 14.4738 26.1474 1 1 1
v -10.019 7.63833 31.9569 1 1 1
v -11.8347 -3.5614 31.2194 1 1 1
v -11.8415 -3.76114 31.1703 1 1 1
v -12.0793 -3.46102 31.7349 1 1 1
v -9.42443 7.42869 31.3762 1 1 1
v -11.6896 -5.10058 30.8204 1 1 1
v -8.54929 6.88615 29.9246 1 1 1
v -4.83674 10.3657 25.3557 1 1 1
v -11.1525 -5.33126 29.9854 1 1 1
v -11.4841 -5.40938 30.673 1 1 1
v -8.93161 -7.08248 26.134 1 1 1
v -4.91996 10.5939 25.8762 1 1 1
v -9.55395 -1.40748 29.7312 1 1 1
v -11.165 -4.49935 31.3899 1 1 1
v -10.9884 -5.25519 30.9733 1 1 1
v -11.1878 -4.23699 31.7025 1 1 1
v -11.0335 -4.62782 31.3055 1 1 1
v -8.00999 -1.67556 27.686 1 1 1
v -3.71195 1.67131 21.9254 1 1 1
v -11.0443 -4.43002 31.7228 1 1 1
v -3.81559 2.32675 22.4341 1 1 1
v -3.76567 2.05215 22.2751 1 1 1
v -11.0286 -4.112 32.0529 1 1 1
v -11.2353 -4.30546 32.4159 1 1 1
v -10.9672 -4.54005 32.3211 1 1 1
v -3.18137 0.386554 21.1231 1 1 1
v -4.70938 12.5787 28.2831 1 1 1
v -3.05916 4.33747 22.9404 1 1 1
v -10.6352 -4.32672 32.7583 1 1 1
v -3.92812 12.7073 27.4303 1 1 1
v -2.46577 3.66281 21.8023 1 1 1
v -3.76023 -4.41353 21.688 1 1 1
v -3.15052 -3.76516 21.0121 1 1 1
v -2.31527 4.29348 22.8339 1 1 1
v -1.81448 3.43572 22.2007 1 1 1
v -2.9521 6.27785 25.736 1 1 1
v -2.05058 8.27115 24.9147 1 1 1
v -2.68991 -6.221 20.7778 1 1 1
v -1.89053 12.2841 26.3452 1 1 1
v -1.69453 3.10982 22.541 1 1 1
v -1.56961 -4.8592 19.4649 1 1 1
v -2.14026 6.93633 25.0574 1 1 1
v -1.85681 3.96078 23.6299 1 1 1
v -2.06233 3.76766 24.0105 1 1 1
v -1.6293 -6.31959 19.375 1 1 1
v -2.53184 6.13083 26.9422 1 1 1
v -1.45607 -6.75205 19.8788 1 1 1
v -0.381378 13.9763 26.1346 1 1 1
v -1.06749 -5.18798 19.858 1 1 1
v -0.585438 8.38669 24.6589 1 1 1
v 0.0619805 0.720583 21.0557 1 1 1
v 0.128322 0.684049 20.9048 1 1 1
v -0.589397 13.5952 27.8838 1 1 1
v 0.424393 7.28662 23.1508 1 1 1
v 0.0558096 8.76812 24.6154 1 1 1
v 0.0910203 8.73987 24.5158 1 1 1
v -0.0564403 13.2487 27.0995 1 1 1
v -1.90138 -6.06111 23.2 1 1 1
v 0.927162 4.69576 21.8874 1 1 1
v 0.415372 4.83611 23.3078 1 1 1
v 1.12208 -6.30722 17.3494 1 1 1
v 0.377331 9.04346 26.0237 1 1 1
v -0.745572 -5.84305 22.2193 1 1 1
v -5.76352 -5.87684 33.7707 1 1 1
v 1.19027 3.84912 22.4996 1 1 1
v 1.57999 4.03123 21.6701 1 1 1
v -1.28735 11.0857 31.8485 1 1 1
v 0.500331 -7.06514 19.3374 1 1 1
v 0.764085 -5.2108 19.6439 1 1 1
v 1.99526 11.4849 24.5802 1 1 1
v 2.54519 10.4969 22.9846 1 1 1
v 1.20976 -5.03529 19.3592 1 1 1
v -0.284346 10.4735 30.272 1 1 1
v -0.284346 10.4735 30.272 1 1 1
v 1.34143 -5.11379 19.3531 1 1 1
v 0.336314 -7.32275 20.8052 1 1 1
v 1.28582 -5.30659 19.4819 1 1 1
v 1.22621 -5.30145 19.6222 1 1 1
v 2.97566 10.9456 23.4102 1 1 1
v 2.16331 2.46871 21.2626 1 1 1
v -0.556009 -7.18506 23.3559 1 1 1
v 0.765493 -7.01687 20.4428 1 1 1
v 1.18245 -5.3712 20.3105 1 1 1
v 2.92689 12.4297 25.2331 1 1 1
v -1.83826 -6.54529 27.8494 1 1 1
v 3.02604 11.9438 25.2318 1 1 1
v 3.02604 11.9438 25.2318 1 1 1
v 2.81664 13.3504 27.349 1 1 1
v 3.28492 4.65222 22.3296 1 1 1
v 2.35791 -5.14757 20.2225 1 1 1
v 2.47428 -5.21098 20.0623 1 1 1
v 2.98387 -0.151055 21.7537 1 1 1
v 2.76964 6.51418 27.2426 1 1 1
v 4.48983 4.2211 21.3138 1 1 1
v 3.82759 5.09741 24.2561 1 1 1
v 4.01949 10.5029 27.8818 1 1 1
v 3.52483 -1.61833 22.2372 1 1 1
v 3.69292 -1.47567 22.2673 1 1 1
v 3.8315 -1.01547 22.1432 1 1 1
v 3.75491 -1.7674 22.3466 1 1 1
v 4.17884 2.0509 23.5087 1 1 1
v 3.92998 -4.29467 20.4209 1 1 1
v 3.62898 -5.21481 21.1409 1 1 1
v 3.79651 -4.64428 21.0759 1 1 1
v 3.85042 -4.65693 20.8971 1 1 1
v 4.38334 -0.66621 22.5542 1 1 1
v 3.97304 -1.98319 23.1627 1 1 1
v 4.48242 0.657511 23.2888 1 1 1
v 4.65962 0.509388 22.6289 1 1 1
v -1.00413 -5.13751 39.0838 1 1 1
v 4.39555 -1.0876 22.6901 1 1 1
v 4.18316 -1.50181 23.2573 1 1 1
v 4.28795 -1.56831 22.8934 1 1 1
v 4.28795 -1.56831 22.8934 1 1 1
v 1.54031 -17.2866 21.9912 1 1 1
v 1.54031 -17.2866 21.9912 1 1 1
v 4.65504 3.48275 25.4813 1 1 1
v 4.65504 3.48275 25.4813 1 1 1
v 4.38064 -4.60657 21.1601 1 1 1
v 4.64513 -13.6802 14.0754 1 1 1
v 4.48705 -4.68847 21.9915 1 1 1
v 4.56166 -4.70387 21.7075 1 1 1
v 6.79026 11.9726 27.453 1 1 1
v 6.79026 11.9726 27.453 1 1 1
v 9.24454 -6.39631 2.65481 1 1 1
v 8.25651 -6.64628 7.24063 1 1 1
v 3.27911 3.33888 38.496 1 1 1
v 3.4181 3.16864 38.5468 1 1 1
v -0.00993535 -20.1402 41.8356 1 1 1
v 8.2801 9.39582 30.6778 1 1 1
v -0.27728 -25.9136 45.7399 1 1 1
v 0.00241833 -24.7378 45.8771 1 1 1
v -0.395921 -27.1727 45.8819 1 1 1
v -0.184758 -25.9293 46.5372 1 1 1
v 0.0723158 -25.3127 45.969 1 1 1
v 0.490074 -24.5445 45.2028 1 1 1
v 0.188335 -26.204 45.7629 1 1 1
v 0.45082 -24.3539 46.6299 1 1 1
v 4.12031 -4.3631 46.694 1 1 1
v 0.554382 -25.1615 45.8816 1 1 1
v 3.47116 -8.31214 47.6092 1 1 1
v 0.334428 -27.8246 45.7597 1 1 1
v 3.73502 -8.24934 47.1932 1 1 1
v 3.49001 -15.2281 39.4096 1 1 1
v 3.8259 -14.7193 38.2593 1 1 1
v 3.52049 -15.0025 42.0204 1 1 1
v 0.720603 -28.1774 45.2724 1 1 1
v 3.88372 -14.9551 39.569 1 1 1
v 3.99543 -14.7244 39.3218 1 1 1
v 4.62714 -6.09928 48.3076 1 1 1
v 4.08416 -14.6512 40.0558 1 1 1
v 3.29866 -19.6977 39.0958 1 1 1
v 4.3436 -15.3786 38.4338 1 1 1
v 4.2777 -15.4964 38.8423 1 1 1
v 4.25764 -15.5682 38.961 1 1 1
v 4.11267 -16.4499 39.2814 1 1 1
v 2.88087 -22.6394 40.4867 1 1 1
v 1.8531 -25.7787 44.9404 1 1 1
v 5.09371 -5.61098 48.5907 1 1 1
v 4.5009 -14.6391 40.0175 1 1 1
v 4.5009 -14.6391 40.0175 1 1 1
v 4.48178 -16.718 38.2483 1 1 1
v 4.83923 -14.4907 39.3209 1 1 1
v 4.53507 -17.2865 38.7379 1 1 1
v 5.92174 -4.9274 47.3681 1 1 1
v 4.33954 -19.7031 38.2399 1 1 1
v 5.31469 -14.453 39.4752 1 1 1
v 4.99887 -17.3369 38.0444 1 1 1
v 10.6728 9.68774 29.5062 1 1 1
v 4.99841 -17.5524 38.12 1 1 1
v 3.29833 -27.2754 38.3166 1 1 1
v 5.56487 -14.5151 38.6454 1 1 1
v 5.05319 -18.2656 38.5053 1 1 1
v 5.69505 -14.2376 39.5344 1 1 1
v 5.23581 -17.4399 38.4613 1 1 1
v 5.18491 -18.7106 37.4031 1 1 1
v 4.88438 -20.9975 36.5446 1 1 1
v 3.85962 -26.9608 36.6249 1 1 1
v 4.60314 -22.7794 36.7571 1 1 1
v 4.58469 -23.3144 36.9169 1 1 1
v 4.46643 -24.4111 37.3234 1 1 1
v 5.4974 -18.859 37.1048 1 1 1
v 4.86962 -23.0656 36.581 1 1 1
v 8.26955 -1.99692 43.3386 1 1 1
v 10.4454 6.43973 33.8414 1 1 1
v 4.96376 -23.0475 36.8094 1 1 1
v 4.87063 -23.7712 36.7686 1 1 1
v 4.81775 -24.6437 36.5219 1 1 1
v 5.66 -19.8193 36.9674 1 1 1
v 5.6685 -19.7902 36.9103 1 1 1
v 4.92502 -23.9511 37.0757 1 1 1
v 5.4383 -21.6017 36.5308 1 1 1
v 5.55725 -21.0731 36.5185 1 1 1
v 6.32071 -16.6721 38.1152 1 1 1
v 6.49018 -16.1344 37.8278 1 1 1
v 8.18139 -5.09355 42.4619 1 1 1
v 8.18139 -5.09355 42.4619 1 1 1
v 4.67838 -27.0621 38.1788 1 1 1
v 5.06342 -25.453 36.994 1 1 1
v 9.06129 -1.39954 42.4427 1 1 1
v 8.68521 -2.87857 44.5634 1 1 1
v 5.88878 -21.2091 36.3729 1 1 1
v 8.78479 -2.81833 43.4211 1 1 1
v 8.8744 -2.66923 42.429 1 1 1
v 6.89341 -15.1569 38.8144 1 1 1
v 7.3247 -13.5414 36.8569 1 1 1
v 6.97182 -15.3344 38.396 1 1 1
v 7.02122 -15.2587 38.02 1 1 1
v 9.53478 -0.859728 41.4761 1 1 1
v 5.6322 -24.0511 37.1177 1 1 1
v 5.0435 -27.6788 37.85 1 1 1
v 5.0435 -27.6788 37.85 1 1 1
v 9.72088 -0.83584 41.7544 1 1 1
v 5.65481 -25.2235 36.5013 1 1 1
v 5.41079 -27.5234 36.5223 1 1 1
v 10.009 -1.55119 36.0154 1 1 1
v 6.25375 -23.3881 36.3634 1 1 1
v 6.48301 -22.0634 36.6885 1 1 1
v 10.0514 -1.11954 41.8834 1 1 1
v 5.78178 -26.7209 36.0416 1 1 1
v 6.02902 -25.7511 36.1526 1 1 1
v 10.4248 -0.136452 41.2125 1 1 1
v 12.0369 7.17873 32.0155 1 1 1
v 6.72104 -22.2491 36.6382 1 1 1
v 6.15297 -25.9054 36.012 1 1 1
v 6.10751 -26.3316 35.8084 1 1 1
v 9.17077 -10.1403 39.23 1 1 1
v 5.9271 -29.106 36.1847 1 1 1
v 9.15267 -10.5029 42.0315 1 1 1
v 7.41979 -21.3764 36.76 1 1 1
v 6.29056 -28.3289 35.6633 1 1 1
v 9.34569 -10.8 38.5748 1 1 1
v 9.32307 -10.8464 39.0332 1 1 1
v 10.508 -3.76343 45.007 1 1 1
v 6.85061 -26.351 35.8648 1 1 1
v 9.92568 -9.27338 41.4818 1 1 1
v 11.0528 -2.93255 43.7116 1 1 1
v 9.77721 -10.575 39.1838 1 1 1
v 9.72559 -11.2328 37.9632 1 1 1
v 9.64386 -11.8114 38.2102 1 1 1
v 9.64386 -11.8114 38.2102 1 1 1
v 6.67228 -29.0842 35.8315 1 1 1
v 9.8716 -10.9903 38.1642 1 1 1
v 10.3234 -9.63062 41.2956 1 1 1
v 8.35272 -21.5202 36.4318 1 1 1
v 6.93592 -29.8352 36.529 1 1 1
v 9.83324 -13.5279 37.8413 1 1 1
v 10.2719 -11.139 39.7013 1 1 1
v 10.6237 -9.33653 41.2633 1 1 1
v 10.1395 -12.4132 37.1699 1 1 1
v 10.7181 -9.54944 40.7879 1 1 1
v 10.9383 -9.45146 40.8592 1 1 1
v 10.189 -13.5936 38.7076 1 1 1
v 9.17743 -19.7122 37.2856 1 1 1
v 6.68308 -34.2605 38.0393 1 1 1
v 10.7518 -11.016 39.911 1 1 1
v 6.79227 -33.7863 37.6296 1 1 1
v 6.97207 -33.0567 36.5997 1 1 1
v 10.8714 -11.188 39.8092 1 1 1
v 6.72199 -34.7963 35.4841 1 1 1
v 12.7901 -1.53014 39.2977 1 1 1
v 7.64419 -31.0135 35.3843 1 1 1
v 10.3203 -15.4832 36.0698 1 1 1
v 7.35149 -33.2816 37.6432 1 1 1
v 7.46077 -33.0944 37.4029 1 1 1
v 7.46077 -33.0944 37.4029 1 1 1
v 9.52313 -21.2753 36.7954 1 1 1
v 10.0379 -20.2459 37.2015 1 1 1
v -15.1104 -3.0502 22.0376 1 1 1
v -18.4893 14.6579 30.0385 1 1 1
v -14.1206 -2.13887 21.8884 1 1 1
v -28.1516 -9.73385 33.4451 1 1 1
v -28.3849 -9.75013 33.6568 1 1 1
v -16.371 -1.15886 24.3833 1 1 1
v -18.9607 -2.88192 26.4466 1 1 1
v -15.7825 -0.0159906 24.3995 1 1 1
v -27.6095 -9.72982 33.4876 1 1 1
v -27.6095 -9.72982 33.4876 1 1 1
v -26.3389 -11.0174 31.91 1 1 1
v -18.432 -2.39601 26.6646 1 1 1
v -28.8426 -11.518 35.3779 1 1 1
v -16.9973 -2.12145 26.1603 1 1 1
v -15.6945 -1.1029 25.1403 1 1 1
v -20.9878 -7.89243 28.9272 1 1 1
v -16.9885 -2.74656 26.5358 1 1 1
v -17.2418 -2.89188 26.7733 1 1 1
v -22.7377 -7.16564 31.3263 1 1 1
v -15.5885 -1.89657 25.5329 1 1 1
v -15.9901 -2.56496 26.0846 1 1 1
v -15.557 -2.71944 25.8719 1 1 1
v -27.7544 -10.5983 36.6014 1 1 1
v -27.5946 -10.3866 36.7963 1 1 1
v -20.501 -5.73578 31.1206 1 1 1
v -15.3376 -2.75175 26.3893 1 1 1
v -15.2761 -2.94244 26.2978 1 1 1
v -14.8806 11.9001 30.1611 1 1 1
v -20.3204 -6.07457 31.1725 1 1 1
v -20.7758 -6.09383 31.6648 1 1 1
v -15.2629 -1.64143 27.0696 1 1 1
v -19.4275 -5.61267 30.5342 1 1 1
v -15.2494 -3.02194 26.6919 1 1 1
v -14.9896 -1.9134 26.735 1 1 1
v -15.593 -1.87681 27.4764 1 1 1
v -20.6269 -6.43403 32.0267 1 1 1
v -14.5631 -1.63397 26.8614 1 1 1
v -14.6518 -3.2134 26.5335 1 1 1
v -14.8172 -1.54979 27.2638 1 1 1
v -14.943 -3.01349 27.0016 1 1 1
v -14.8285 -3.25986 27.1156 1 1 1
v -17.5324 -4.84212 29.8706 1 1 1
v -16.5554 -4.26669 28.9418 1 1 1
v -25.631 -19.5961 34.8006 1 1 1
v -16.5389 -4.00256 29.0812 1 1 1
v -17.5125 -4.99497 29.8945 1 1 1
v -20.6541 -6.80074 32.9886 1 1 1
v -20.6738 -7.34068 33.1301 1 1 1
v -16.8355 -4.38238 29.6007 1 1 1
v -26.9599 -18.9021 37.0634 1 1 1
v -16.6573 -3.94885 29.6332 1 1 1
v -21.4344 -16.921 31.465 1 1 1
v -14.8704 -3.47925 27.8135 1 1 1
v -28.4708 -14.3301 40.6233 1 1 1
v -26.3539 -13.1183 38.5915 1 1 1
v -26.0832 -17.2564 37.1988 1 1 1
v -20.9301 -7.64372 34.0434 1 1 1
v -14.6375 -3.69804 27.8312 1 1 1
v -14.6107 -3.35153 27.9945 1 1 1
v -14.2298 -2.01422 28.0865 1 1 1
v -26.5266 -15.6587 38.546 1 1 1
v -25.5172 -14.3424 37.8326 1 1 1
v -25.0245 -16.5104 36.6831 1 1 1
v -16.259 -4.10862 30.0418 1 1 1
v -25.039 -12.7042 38.3571 1 1 1
v -16.1835 -4.35835 30.2824 1 1 1
v -18.3794 -6.33261 32.4224 1 1 1
v -16.4725 -5.31043 31.409 1 1 1
v -17.6304 -6.63117 32.8489 1 1 1
v -16.1892 -5.79745 31.8097 1 1 1
v -13.2239 -4.0461 28.6066 1 1 1
v -14.9405 -4.85925 30.5941 1 1 1
v -15.7803 -5.50984 31.4507 1 1 1
v -25.2499 -14.0359 40.9327 1 1 1
v -24.4716 -22.2195 37.7406 1 1 1
v -14.75 -5.58804 31.0008 1 1 1
v -13.4092 -4.12724 30.5299 1 1 1
v -13.4092 -4.12724 30.5299 1 1 1
v -22.9242 -24.6911 36.5707 1 1 1
v -14.8875 -5.68534 32.0773 1 1 1
v -14.553 -5.78536 31.6027 1 1 1
v -23.2132 -21.5612 38.1688 1 1 1
v -23.0562 -24.9821 36.9327 1 1 1
v -22.7789 -24.8546 36.6353 1 1 1
v -23.6548 -14.6394 41.3165 1 1 1
v -13.9672 -5.6454 31.2417 1 1 1
v -22.1022 -21.4199 37.1207 1 1 1
v -23.0783 -22.0966 38.2383 1 1 1
v -23.3705 -22.2289 38.6008 1 1 1
v -23.0939 -18.5815 39.7442 1 1 1
v -24.3932 -14.7338 42.9666 1 1 1
v -22.8734 -21.9486 38.5548 1 1 1
v -24.1455 -22.7342 40.1751 1 1 1
v -22.7104 -7.38651 43.4937 1 1 1
v -12.4927 -4.88462 30.2286 1 1 1
v -23.2592 -25.4913 38.6867 1 1 1
v -11.8756 -3.32246 30.3294 1 1 1
v -16.9727 -6.77037 36.3141 1 1 1
v -9.30423 -0.247778 27.754 1 1 1
v -5.10382 13.2846 26.5985 1 1 1
v -22.1329 -25.3928 37.679 1 1 1
v -22.1329 -25.3928 37.679 1 1 1
v -15.9039 -6.32822 35.4441 1 1 1
v -22.2989 -14.9495 41.8759 1 1 1
v -24.4417 -8.05014 47.5254 1 1 1
v -11.7356 -3.98188 30.8388 1 1 1
v -11.6586 -4.24462 30.701 1 1 1
v -11.6159 -4.24677 30.6423 1 1 1
v -21.868 -22.9712 39.4131 1 1 1
v -22.0077 -23.0484 39.5926 1 1 1
v -4.37239 7.87394 25.0176 1 1 1
v -11.2972 -5.29723 30.7983 1 1 1
v -4.44239 7.55434 25.3218 1 1 1
v -11.0876 -4.41017 31.9899 1 1 1
v -3.06138 -0.0978514 21.1533 1 1 1
v -2.73293 4.35106 22.6751 1 1 1
v -2.73293 4.35106 22.6751 1 1 1
v -21.3737 -23.2183 41.7584 1 1 1
v -20.6817 -15.7741 43.9625 1 1 1
v -3.58845 7.36812 25.6896 1 1 1
v -2.41352 4.38146 22.6689 1 1 1
v -3.82048 7.43977 26.3465 1 1 1
v -2.11589 3.03841 22.0559 1 1 1
v -2.16822 3.48626 22.4036 1 1 1
v -20.9234 -16.4793 45.6288 1 1 1
v -1.17054 2.42712 20.7074 1 1 1
v -2.89062 6.41247 25.0555 1 1 1
v -20.8655 -15.1758 46.4518 1 1 1
v -20.9263 -16.2687 46.1238 1 1 1
v -20.6019 -15.6331 46.1249 1 1 1
v -1.91961 4.90886 23.2136 1 1 1
v -20.6479 -15.4264 46.5182 1 1 1
v -2.60471 -5.9759 20.1802 1 1 1
v -1.7072 8.52831 24.7938 1 1 1
v -1.87948 7.7355 24.8829 1 1 1
v -1.87055 7.72198 24.8676 1 1 1
v -0.898062 9.48186 23.9634 1 1 1
v -19.9497 -19.7748 45.2174 1 1 1
v -2.13413 7.82515 25.6804 1 1 1
v -1.71886 -6.19413 19.6408 1 1 1
v -1.35751 3.73835 23.2788 1 1 1
v -19.7361 -18.5856 46.6387 1 1 1
v -1.38576 -5.02066 19.9002 1 1 1
v -20.1646 -11.7135 52.3512 1 1 1
v -0.554277 13.834 27.1494 1 1 1
v -1.42758 7.07879 25.8547 1 1 1
v -0.308453 -4.67932 18.9972 1 1 1
v -19.9143 -12.2198 52.1182 1 1 1
v -20.2506 -12.518 52.6147 1 1 1
v -19.8603 -12.418 51.9921 1 1 1
v -19.8603 -12.418 51.9921 1 1 1
v -19.9301 -11.7577 52.4629 1 1 1
v -20.0758 -23.4562 47.7673 1 1 1
v -19.844 -25.137 46.7052 1 1 1
v -20.0901 -12.0903 52.7581 1 1 1
v -19.9306 -12.0713 52.4877 1 1 1
v -19.5923 -31.7743 43.5061 1 1 1
v -20.0641 -16.0619 51.2553 1 1 1
v -1.34443 -6.50553 20.4388 1 1 1
v -20.3275 -23.2912 48.7737 1 1 1
v -19.7314 -12.156 52.5552 1 1 1
v -19.3614 -23.3762 47.1709 1 1 1
v -19.3013 -23.5386 47.0423 1 1 1
v 0.0878703 8.40947 24.2992 1 1 1
v -1.57279 -6.02103 21.2149 1 1 1
v -19.6336 -24.4134 47.6289 1 1 1
v 0.170205 8.80854 24.4754 1 1 1
v -20.1036 -25.7545 47.9678 1 1 1
v -19.2798 -23.7875 47.3596 1 1 1
v -1.50196 -6.66621 21.0155 1 1 1
v -19.3282 -23.1445 47.8433 1 1 1
v -19.3282 -23.1445 47.8433 1 1 1
v -18.9748 -11.9207 52.2894 1 1 1
v -18.8465 -18.741 49.0765 1 1 1
v -19.3192 -12.8258 52.5656 1 1 1
v -18.5326 -16.1492 49.8446 1 1 1
v -19.4928 -15.3904 51.9275 1 1 1
v -18.9925 -13.3936 51.9281 1 1 1
v 0.47802 13.7117 26.4285 1 1 1
v -19.0359 -12.1119 52.6972 1 1 1
v -18.5436 -14.4037 50.7261 1 1 1
v -18.0025 -38.361 39.402 1 1 1
v -18.7745 -14.4475 51.1595 1 1 1
v -18.4439 -16.4126 49.7655 1 1 1
v -17.7759 -30.9294 42.1823 1 1 1
v -18.8921 -17.092 50.7536 1 1 1
v -18.623 -31.1039 44.2033 1 1 1
v -18.623 -31.1039 44.2033 1 1 1
v 0.66735 7.14066 23.551 1 1 1
v -17.9839 -30.4302 43.5251 1 1 1
v -18.2061 -30.5909 43.8266 1 1 1
v -18.0085 -31.1312 43.1605 1 1 1
v -0.0513811 -5.90586 19.4831 1 1 1
v 0.464874 -5.88578 18.5871 1 1 1
v 2.22534 15.6002 24.8008 1 1 1
v -9.17313 -10.4955 36.0263 1 1 1
v 1.48172 4.30303 21.68 1 1 1
v 1.48172 4.30303 21.68 1 1 1
v 0.960891 0.806477 21.2066 1 1 1
v 0.977155 0.794952 21.1752 1 1 1
v -1.93089 11.9124 33.0202 1 1 1
v -16.8331 -12.3972 52.8684 1 1 1
v 0.364386 -7.06303 19.9695 1 1 1
v 1.22457 -5.17162 19.4161 1 1 1
v -15.8137 -11.3584 53.5754 1 1 1
v 2.10269 4.22082 22.2002 1 1 1
v -14.377 -11.3006 51.1448 1 1 1
v -15.2069 -13.9672 52.374 1 1 1
v -15.2069 -13.9672 52.374 1 1 1
v 3.16523 10.6619 23.645 1 1 1
v 2.5134 2.51347 21.1695 1 1 1
v 2.84204 4.31741 21.5486 1 1 1
v 2.26344 2.01237 21.8209 1 1 1
v 2.06228 -3.42264 19.9064 1 1 1
v 2.75178 4.78889 22.5587 1 1 1
v -14.3493 -12.3683 54.7465 1 1 1
v 3.12492 4.76457 22.4139 1 1 1
v 0.626957 -6.34778 22.5706 1 1 1
v -13.3907 -12.233 53.6134 1 1 1
v -14.6433 -12.4727 57.1242 1 1 1
v -12.6321 -12.1208 52.5095 1 1 1
v -13.7022 -20.0523 51.0771 1 1 1
v 2.74739 -5.16486 19.9258 1 1 1
v 2.82791 -5.06557 19.8187 1 1 1
v 2.613 -5.57176 20.3971 1 1 1
v 3.12291 -4.77963 19.7986 1 1 1
v 3.56067 3.29771 23.9144 1 1 1
v 3.52061 -3.71863 20.4646 1 1 1
v -10.9925 -10.9375 57.8407 1 1 1
v 3.56509 -3.85077 20.7968 1 1 1
v -10.1863 -11.1903 55.833 1 1 1
v 3.38516 -5.71229 20.4768 1 1 1
v -10.1772 -25.4219 48.3644 1 1 1
v -10.1907 -26.0793 48.1707 1 1 1
v -9.99229 -26.5381 47.4715 1 1 1
v -10.1378 -26.6591 47.7943 1 1 1
v 3.98182 -1.78356 21.7875 1 1 1
v 3.88375 -4.44443 20.6129 1 1 1
v 3.80094 -1.8365 22.5587 1 1 1
v 4.34716 1.65968 23.2213 1 1 1
v 4.33891 1.09765 23.0916 1 1 1
v -9.45722 -25.2711 47.9184 1 1 1
v -9.45722 -25.2711 47.9184 1 1 1
v -9.67464 -26.0278 48.2226 1 1 1
v -9.493 -26.4983 47.5816 1 1 1
v 4.17395 2.3893 24.6849 1 1 1
v -9.4697 -27.1058 47.2854 1 1 1
v 3.78503 -5.3474 20.9185 1 1 1
v 4.64174 11.3853 29.1521 1 1 1
v 4.14597 2.28212 24.915 1 1 1
v -9.34877 -28.268 46.5595 1 1 1
v -9.34877 -28.268 46.5595 1 1 1
v 4.2237 2.32295 24.7673 1 1 1
v -9.33158 -28.8176 46.3258 1 1 1
v -8.74668 -24.5229 47.5901 1 1 1
v -8.82685 -25.6924 47.5361 1 1 1
v 4.20662 -4.48527 20.7623 1 1 1
v -8.86404 -26.338 47.3655 1 1 1
v -8.86404 -26.338 47.3655 1 1 1
v -8.89805 -27.0112 47.2271 1 1 1
v -8.89805 -27.0112 47.2271 1 1 1
v -8.7867 -28.1755 46.5189 1 1 1
v -8.63354 -28.0495 46.2257 1 1 1
v 4.39073 -1.95512 22.2663 1 1 1
v -8.77311 -28.8216 46.2227 1 1 1
v -8.95092 -28.9972 46.6292 1 1 1
v 4.65231 6.03596 26.9418 1 1 1
v 4.79171 7.15468 27.3997 1 1 1
v 4.86621 6.93041 27.4781 1 1 1
v 4.83123 6.81218 27.5721 1 1 1
v -8.34103 -28.745 46.5325 1 1 1
v 5.02021 7.10323 27.5292 1 1 1
v 4.76037 2.65685 25.3267 1 1 1
v 4.36453 -4.92776 21.5523 1 1 1
v 5.14111 8.1356 28.1725 1 1 1
v 4.49236 -4.7212 21.4176 1 1 1
v -7.68552 -27.9841 46.4712 1 1 1
v -7.68552 -27.9841 46.4712 1 1 1
v -7.45078 -26.7657 47.1757 1 1 1
v -7.67776 -26.8395 48.0164 1 1 1
v -7.17192 -27.312 46.7971 1 1 1
v -7.17192 -27.312 46.7971 1 1 1
v 6.93964 12.9534 26.8958 1 1 1
v 6.7337 13.0727 27.8342 1 1 1
v -6.71755 -27.3675 45.9447 1 1 1
v -6.60145 -25.929 47.1927 1 1 1
v -5.99123 -27.7332 46.4157 1 1 1
v -5.99123 -27.7332 46.4157 1 1 1
v -6.1426 -28.4912 46.6273 1 1 1
v 4.02655 -14.6375 18.9988 1 1 1
v -5.52252 -24.4482 47.6909 1 1 1
v -5.49501 -24.4168 47.6094 1 1 1
v 5.32208 7.65122 31.4907 1 1 1
v 7.15018 12.1145 28.2448 1 1 1
v -6.45022 -33.6602 44.6047 1 1 1
v -5.96337 -33.5943 43.5048 1 1 1
v -5.25803 -27.4451 45.9475 1 1 1
v -5.25803 -27.4451 45.9475 1 1 1
v -5.0548 -24.5712 47.6047 1 1 1
v -5.46824 -28.4014 46.2992 1 1 1
v -4.77319 -26.8153 46.3555 1 1 1
v -4.84416 -27.9784 45.9437 1 1 1
v -4.84295 -27.5851 46.4129 1 1 1
v 6.62464 9.79582 31.0056 1 1 1
v -4.44547 -26.1907 46.7716 1 1 1
v 6.85323 9.6741 30.6662 1 1 1
v 5.1251 -1.00035 29.3716 1 1 1
v 5.4632 6.34644 35.0347 1 1 1
v -3.95213 -9.84656 62.5254 1 1 1
v -1.61415 -9.25814 53.5899 1 1 1
v 8.16495 10.8999 28.2138 1 1 1
v -0.00683944 -8.82955 50.1082 1 1 1
v -1.58431 -25.8226 46.7136 1 1 1
v 1.66379 -8.76684 51.2236 1 1 1
v 1.78617 -8.68603 51.362 1 1 1
v -0.616586 -25.1531 47.4546 1 1 1
v -0.448404 -24.9607 46.9277 1 1 1
v 3.82858 -4.07426 46.8306 1 1 1
v 2.99135 -7.97669 49.3178 1 1 1
v 2.83964 -18.5314 39.2979 1 1 1
v 0.267186 -26.7979 45.7676 1 1 1
v 0.213895 -26.6004 46.9049 1 1 1
v 0.474417 -26.7085 45.6474 1 1 1
v 0.834385 -26.3146 45.3753 1 1 1
v 4.5261 -5.90852 48.3911 1 1 1
v 4.2141 -13.2697 40.4774 1 1 1
v 4.142 -13.4826 40.9072 1 1 1
v 4.40642 -15.3455 39.0051 1 1 1
v 5.12118 -6.89019 47.8247 1 1 1
v 5.41954 -5.7387 47.906 1 1 1
v 4.77282 -14.9085 38.9676 1 1 1
v 4.75332 -14.6027 39.8552 1 1 1
v 3.46336 -22.5223 38.5771 1 1 1
v 4.67972 -17.284 38.7432 1 1 1
v 8.75979 2.97724 38.3793 1 1 1
v 7.63746 -1.09686 41.4654 1 1 1
v 5.08624 -17.0238 38.0104 1 1 1
v 5.60847 -14.7694 39.0901 1 1 1
v 5.60847 -14.7694 39.0901 1 1 1
v 4.98505 -18.5847 38.193 1 1 1
v 6.75796 -5.02596 47.1315 1 1 1
v 5.2489 -18.8349 37.0986 1 1 1
v 3.75539 -26.9034 37.0782 1 1 1
v 5.88318 -14.4709 39.8087 1 1 1
v 5.3703 -18.3801 37.872 1 1 1
v 5.3703 -18.3801 37.872 1 1 1
v 7.05581 -4.96105 49.2321 1 1 1
v 5.58927 -18.3252 37.4233 1 1 1
v 5.30502 -19.3313 38.2585 1 1 1
v 5.25631 -20.9241 36.6843 1 1 1
v 5.25591 -20.8958 36.6469 1 1 1
v 6.32694 -14.2148 39.3631 1 1 1
v 4.38267 -25.8746 36.8946 1 1 1
v 4.27517 -26.4253 36.7759 1 1 1
v 5.97769 -17.1995 37.9164 1 1 1
v 5.31158 -21.7772 36.6292 1 1 1
v 5.33402 -21.7264 36.5097 1 1 1
v 5.06651 -23.3798 36.3791 1 1 1
v 5.33206 -22.7538 36.6234 1 1 1
v 5.56436 -22.5049 36.5841 1 1 1
v 5.998 -20.7342 35.9442 1 1 1
v 5.998 -20.7342 35.9442 1 1 1
v 5.037 -25.5164 37.1288 1 1 1
v 5.65006 -22.4631 36.957 1 1 1
v 5.78905 -23.6374 36.1372 1 1 1
v 9.76364 -0.958901 41.0999 1 1 1
v 9.8045 -0.502968 45.1638 1 1 1
v 5.14476 -27.3807 37.3037 1 1 1
v 7.78598 -13.4368 39.1414 1 1 1
v 8.0428 -11.7223 40.7838 1 1 1
v 8.15418 -11.5504 39.5924 1 1 1
v 6.83234 -19.2333 37.2983 1 1 1
v 5.36048 -27.9857 35.8929 1 1 1
v 6.01327 -24.5086 36.1367 1 1 1
v 8.44099 -10.7442 39.9975 1 1 1
v 5.42105 -28.6665 35.5555 1 1 1
v 6.76267 -22.5689 36.5862 1 1 1
v 5.77503 -28.3619 35.3344 1 1 1
v 10.5862 -1.88229 42.4003 1 1 1
v 9.17313 -10.485 38.8514 1 1 1
v 7.16376 -22.2403 36.0469 1 1 1
v 9.42725 -10.3297 38.549 1 1 1
v 12.6677 5.85394 33.3351 1 1 1
v 12.6677 5.85394 33.3351 1 1 1
v 6.54818 -26.2621 35.3274 1 1 1
v 9.43133 -10.1937 38.9092 1 1 1
v 10.9297 -2.44544 41.425 1 1 1
v 7.42218 -22.1173 36.6357 1 1 1
v 11.026 -2.1945 43.0043 1 1 1
v 11.026 -2.1945 43.0043 1 1 1
v 6.34424 -28.5941 35.6984 1 1 1
v 6.65561 -28.521 35.8903 1 1 1
v 10.9204 -5.02958 45.7981 1 1 1
v 10.9204 -5.02958 45.7981 1 1 1
v 11.2131 -4.57098 45.8301 1 1 1
v 8.0651 -22.6322 36.5415 1 1 1
v 10.1679 -12.4436 36.9336 1 1 1
v 7.14311 -29.3386 35.8951 1 1 1
v 7.14311 -29.3386 35.8951 1 1 1
v 8.99559 -19.743 37.8404 1 1 1
v 7.83745 -26.2315 35.6392 1 1 1
v 11.7928 -5.55632 45.645 1 1 1
v 11.0623 -9.58072 40.6749 1 1 1
v 11.739 -6.34803 44.7625 1 1 1
v 11.245 -9.27385 39.265 1 1 1
v 11.8447 -6.97355 42.4853 1 1 1
v 14.7821 6.96908 30.1543 1 1 1
v -18.1081 -2.2914 24.803 1 1 1
v -29.124 -9.80244 32.9688 1 1 1
v -26.7366 -9.56525 31.036 1 1 1
v -22.7938 -6.57545 28.6907 1 1 1
v -22.6628 -6.355 28.875 1 1 1
v -27.3697 -9.51229 32.2919 1 1 1
v -16.9936 -1.30446 25.3985 1 1 1
v -32.0963 -12.3578 35.9851 1 1 1
v -17.1675 -2.15672 25.4304 1 1 1
v -18.9723 -2.99269 26.9116 1 1 1
v -18.954 -2.80026 27.0075 1 1 1
v -18.5357 -2.55629 27.0037 1 1 1
v -21.3026 -5.06985 28.989 1 1 1
v -21.3026 -5.06985 28.989 1 1 1
v -19.5678 -3.19339 28.1886 1 1 1
v -18.3121 -3.00133 27.1651 1 1 1
v -15.8322 -1.49264 25.2875 1 1 1
v -15.4819 -1.06557 25.1414 1 1 1
v -15.4819 -1.06557 25.1414 1 1 1
v -18.1707 -2.72483 27.1964 1 1 1
v -15.82 -1.95242 25.4945 1 1 1
v -19.7764 -3.66677 29.0263 1 1 1
v -15.6542 -2.37273 25.4087 1 1 1
v -15.7162 -2.35441 25.6395 1 1 1
v -15.7494 -2.30136 25.8293 1 1 1
v -18.0061 -3.96802 27.6115 1 1 1
v -15.8771 -2.37125 26.0346 1 1 1
v -27.7361 -9.73321 35.5799 1 1 1
v -15.6918 -2.64837 26.2101 1 1 1
v -15.3333 -2.48802 25.9289 1 1 1
v -15.7291 -2.80298 26.4442 1 1 1
v -16.4663 -1.0079 28.1072 1 1 1
v -14.9769 -1.40186 26.4972 1 1 1
v -21.0601 -6.03931 31.3504 1 1 1
v -14.9373 -3.23543 26.6353 1 1 1
v -14.7031 -1.81185 26.9023 1 1 1
v -14.7969 -1.78867 26.9949 1 1 1
v -18.0398 -4.37384 29.6271 1 1 1
v -17.3515 -4.14171 28.998 1 1 1
v -14.763 -1.77989 27.2082 1 1 1
v -14.8031 -1.64565 27.3516 1 1 1
v -14.8476 -3.14792 27.1398 1 1 1
v -17.6828 -4.83637 29.7486 1 1 1
v -17.1247 -4.22324 29.3572 1 1 1
v -18.3806 -4.71682 30.5634 1 1 1
v -14.4077 -1.57387 27.3535 1 1 1
v -19.729 -6.66241 31.6265 1 1 1
v -16.5959 -4.3613 29.0109 1 1 1
v -19.3673 -6.02532 31.6396 1 1 1
v -14.5894 -3.22977 27.4022 1 1 1
v -21.714 -7.91772 33.6628 1 1 1
v -16.7962 -4.37157 29.5551 1 1 1
v -15.4054 -3.83069 28.3365 1 1 1
v -16.2237 -4.12223 29.6033 1 1 1
v -14.174 -2.21192 28.1126 1 1 1
v -27.1034 -10.5169 40.0867 1 1 1
v -25.9025 -12.271 38.8469 1 1 1
v -13.782 -2.21034 28.468 1 1 1
v -13.782 -2.21034 28.468 1 1 1
v -25.8124 -12.5089 38.7055 1 1 1
v -16.0496 -4.83409 30.6498 1 1 1
v -18.0099 -6.44148 32.4046 1 1 1
v -13.4054 -2.32896 28.6307 1 1 1
v -13.4054 -2.32896 28.6307 1 1 1
v -13.6657 -3.72755 28.6516 1 1 1
v -18.0621 -6.856 33.2425 1 1 1
v -9.21235 -1.45408 24.9502 1 1 1
v -17.8153 -6.85262 33.5312 1 1 1
v -13.1462 -4.17528 29.0875 1 1 1
v -18.3588 -7.30127 34.7102 1 1 1
v -5.47516 12.7638 26.2049 1 1 1
v -23.9614 -22.1996 37.2972 1 1 1
v -17.185 -6.99189 34.3643 1 1 1
v -14.8122 -5.68073 31.985 1 1 1
v -11.608 -3.04073 28.9666 1 1 1
v -12.3703 -2.95246 30.1868 1 1 1
v -4.03832 9.10612 24.0291 1 1 1
v -4.63147 8.46596 24.6052 1 1 1
v -4.20245 8.18812 24.0567 1 1 1
v -14.5789 -6.00873 32.3129 1 1 1
v -14.5789 -6.00873 32.3129 1 1 1
v -10.3044 7.72673 32.1364 1 1 1
v -4.94582 12.576 27.1121 1 1 1
v -11.797 -3.17214 30.2562 1 1 1
v -23.0944 -24.9519 37.3853 1 1 1
v -22.8745 -18.5184 39.5254 1 1 1
v -11.7275 -3.61674 30.5247 1 1 1
v -3.1388 1.08473 20.9988 1 1 1
v -3.1388 1.08473 20.9988 1 1 1
v -6.22 5.73215 26.9819 1 1 1
v -11.6886 -4.32188 30.8958 1 1 1
v -23.0236 -25.3941 38.4296 1 1 1
v -22.3811 -25.2387 37.7635 1 1 1
v -22.2727 -25.0428 37.8876 1 1 1
v -3.34016 -0.873512 21.2191 1 1 1
v -22.5522 -22.9183 39.327 1 1 1
v -3.16673 -0.9609 21.0171 1 1 1
v -3.41177 12.7962 27.1735 1 1 1
v -3.41177 12.7962 27.1735 1 1 1
v -20.7697 -11.6119 42.8631 1 1 1
v -3.4636 7.28518 25.7657 1 1 1
v -2.24801 4.22948 23.0621 1 1 1
v -2.24801 4.22948 23.0621 1 1 1
v -3.49783 7.1584 26.0613 1 1 1
v -2.4248 4.81492 23.5534 1 1 1
v -22.7984 -16.5563 45.224 1 1 1
v -2.67791 -5.76243 20.1727 1 1 1
v -1.86519 13.003 26.6146 1 1 1
v -3.00896 6.50101 25.7469 1 1 1
v -0.958275 9.52361 24.0926 1 1 1
v -21.4147 -23.2464 41.8097 1 1 1
v -1.83516 8.34595 25.1384 1 1 1
v -1.71772 8.0559 25.0717 1 1 1
v -2.18508 7.39446 25.5477 1 1 1
v -1.5074 7.87782 24.7114 1 1 1
v -2.64292 -6.10326 20.7218 1 1 1
v -20.7122 -21.0036 42.6842 1 1 1
v -1.66048 4.72443 24.0498 1 1 1
v -0.429286 13.9953 26.3419 1 1 1
v -2.04615 -6.37293 20.3196 1 1 1
v -20.9422 -15.34 46.816 1 1 1
v -19.9774 -15.6815 45.2115 1 1 1
v -0.365065 3.011 21.8707 1 1 1
v -20.6249 -15.7176 46.6287 1 1 1
v -1.4156 -5.58732 20.0005 1 1 1
v -1.7609 5.69461 25.3437 1 1 1
v -0.997493 -5.61907 19.5718 1 1 1
v -1.36978 -5.58716 20.3615 1 1 1
v 0.343942 7.35251 23.3615 1 1 1
v -0.811076 -6.0571 19.5814 1 1 1
v -1.28835 -6.64546 20.6769 1 1 1
v 0.846635 5.03215 22.4523 1 1 1
v 1.37926 12.1945 24.8468 1 1 1
v 0.429039 8.48633 25.0052 1 1 1
v 2.80144 10.9022 22.341 1 1 1
v -19.777 -23.0721 47.065 1 1 1
v -0.29544 -7.14728 19.816 1 1 1
v -19.7831 -22.2862 47.7991 1 1 1
v -19.9893 -23.7427 47.4682 1 1 1
v -1.63627 10.5016 30.6627 1 1 1
v 1.81033 3.59233 21.246 1 1 1
v -17.4575 -40.2689 36.2048 1 1 1
v -19.2803 -16.6108 50.4923 1 1 1
v 0.85511 -4.43298 19.4929 1 1 1
v -18.9792 -16.2443 50.9328 1 1 1
v -18.865 -29.5033 44.5217 1 1 1
v -18.6507 -21.0965 48.2483 1 1 1
v -18.9443 -24.1065 47.5321 1 1 1
v -18.8536 -23.6439 47.6024 1 1 1
v -18.7716 -15.937 51.1818 1 1 1
v -18.3418 -16.2465 50.2378 1 1 1
v -18.6054 -25.5722 46.413 1 1 1
v 2.96331 10.8763 23.5166 1 1 1
v -17.3618 -25.9154 44.1313 1 1 1
v -0.990163 10.7598 30.9817 1 1 1
v -18.6753 -31.4412 44.0392 1 1 1
v -18.1144 -30.631 44.0137 1 1 1
v -0.303076 9.87355 29.7393 1 1 1
v 0.506634 -7.18891 20.1385 1 1 1
v 2.58738 13.9322 26.8827 1 1 1
v -14.0404 -11.0231 47.2483 1 1 1
v 1.56921 8.00053 26.2236 1 1 1
v 1.20481 -5.47977 20.2016 1 1 1
v -15.1732 -12.0434 50.5936 1 1 1
v -16.1003 -11.4581 53.4043 1 1 1
v 3.35886 9.47158 24.3813 1 1 1
v -15.5035 -11.5581 53.3851 1 1 1
v -0.685445 -5.32524 25.6006 1 1 1
v 3.41924 4.63215 22.4871 1 1 1
v 1.10432 -5.26881 22.2217 1 1 1
v 3.39293 4.72182 22.959 1 1 1
v 2.74499 -0.0877203 21.9279 1 1 1
v 2.73499 0.207113 22.1982 1 1 1
v 2.66781 -5.3044 19.6285 1 1 1
v -14.1658 -11.7716 53.3586 1 1 1
v 3.38633 3.25294 22.8696 1 1 1
v 2.96991 -0.479965 21.9388 1 1 1
v 3.35002 0.896261 22.1038 1 1 1
v 3.03776 9.24527 27.7462 1 1 1
v 3.54427 4.70217 24.0768 1 1 1
v -13.348 -17.6632 51.3343 1 1 1
v -14.3289 -12.225 56.9628 1 1 1
v 3.90555 4.85127 24.0548 1 1 1
v -10.565 -9.3184 50.4036 1 1 1
v 3.91602 4.75819 24.8098 1 1 1
v 3.90356 10.6258 28.4695 1 1 1
v 3.74265 -1.0732 22.0295 1 1 1
v 2.94708 6.80571 28.7282 1 1 1
v 3.86826 2.77609 24.0652 1 1 1
v 3.76013 -1.09005 22.1899 1 1 1
v 3.6696 -1.97789 22.0846 1 1 1
v 4.72467 11.745 28.0108 1 1 1
v 4.53622 -1.71487 20.2963 1 1 1
v 4.53622 -1.71487 20.2963 1 1 1
v 3.82916 -1.89784 22.0067 1 1 1
v 3.73006 -4.0775 21.0823 1 1 1
v 3.67722 -5.42123 20.6958 1 1 1
v 4.09969 -4.17265 20.6212 1 1 1
v 4.32555 1.54027 23.5947 1 1 1
v 4.15868 2.21193 24.5089 1 1 1
v 4.15868 2.21193 24.5089 1 1 1
v 4.61159 1.34117 22.8462 1 1 1
v 4.05507 -4.68095 20.6565 1 1 1
v 4.02848 -1.25748 23.0658 1 1 1
v 3.73113 -5.45414 21.5953 1 1 1
v 4.12347 -5.12087 21.1592 1 1 1
v 4.72278 1.34729 24.0917 1 1 1
v -10.1426 -25.0521 48.4016 1 1 1
v 5.18921 10.9395 29.5183 1 1 1
v -9.95051 -28.7146 45.7509 1 1 1
v -9.9736 -27.0953 47.5601 1 1 1
v 4.44895 -4.79528 21.5249 1 1 1
v 6.28543 12.2775 28.1305 1 1 1
v 4.90445 2.45574 25.7261 1 1 1
v -8.7797 -24.9563 47.6163 1 1 1
v 5.41324 7.05128 28.2626 1 1 1
v 7.1523 12.63 27.184 1 1 1
v -7.66553 -25.4326 47.3162 1 1 1
v -7.66553 -25.4326 47.3162 1 1 1
v -0.303263 -0.645439 42.8921 1 1 1
v -7.41636 -24.5522 48.1979 1 1 1
v -7.71012 -28.7333 46.3224 1 1 1
v 6.0867 9.87444 30.7242 1 1 1
v 3.22082 3.29045 38.7754 1 1 1
v -5.79983 -28.1033 45.7557 1 1 1
v -5.37194 -25.0013 47.116 1 1 1
v -5.37194 -25.0013 47.116 1 1 1
v -1.55044 -6.70822 49.2753 1 1 1
v 5.46836 6.28906 35.103 1 1 1
v 3.51863 0.769629 40.6808 1 1 1
v 2.87528 -18.4126 29.0613 1 1 1
v -0.18008 -20.6826 42.7752 1 1 1
v 1.84565 -8.82586 51.9221 1 1 1
v -0.220831 -25.5554 47.2979 1 1 1
v 0.113342 -26.662 45.498 1 1 1
v 0.13971 -26.6358 45.4254 1 1 1
v 3.71806 -15.0499 39.2368 1 1 1
v 3.92249 -7.52753 47.7285 1 1 1
v 3.64589 -14.995 39.8047 1 1 1
v 10.6837 9.73531 30.0963 1 1 1
v 3.65766 -17.8784 38.6377 1 1 1
v 3.64127 -17.902 38.7086 1 1 1
v 4.12393 -14.0902 41.1018 1 1 1
v 4.28583 -15.1712 38.7401 1 1 1
v 4.28583 -15.1712 38.7401 1 1 1
v 4.85432 -5.84921 48.4708 1 1 1
v 3.99443 -17.2195 39.0166 1 1 1
v 3.68437 -18.9808 38.5893 1 1 1
v 5.30813 -5.6377 47.1873 1 1 1
v 5.30813 -5.6377 47.1873 1 1 1
v 3.52095 -21.3963 38.5286 1 1 1
v 5.40813 -5.74706 47.9887 1 1 1
v 7.45097 -0.901545 41.4306 1 1 1
v 4.49658 -16.9062 39.0082 1 1 1
v 5.04568 -14.9191 39.6439 1 1 1
v 4.63286 -17.7803 38.6759 1 1 1
v 5.86491 -6.18382 48.2653 1 1 1
v 10.4684 6.35303 34.1669 1 1 1
v 10.4684 6.35303 34.1669 1 1 1
v 5.62809 -13.6864 38.5429 1 1 1
v 5.36847 -14.5415 39.2987 1 1 1
v 5.44547 -14.4518 38.8925 1 1 1
v 4.84554 -17.5034 38.7697 1 1 1
v 3.59077 -24.8956 37.1881 1 1 1
v 3.62556 -24.5455 37.5164 1 1 1
v 8.25383 -0.410352 42.0067 1 1 1
v 5.00522 -18.3135 38.5422 1 1 1
v 5.07193 -18.0652 38.6699 1 1 1
v 5.01026 -19.9422 36.625 1 1 1
v 5.32229 -18.4212 37.6658 1 1 1
v 5.45656 -18.2196 37.0198 1 1 1
v 4.781 -21.4718 36.9979 1 1 1
v 4.781 -21.4718 36.9979 1 1 1
v 5.26047 -19.0252 37.7424 1 1 1
v 4.27644 -24.59 36.7746 1 1 1
v 6.04694 -15.2822 38.3481 1 1 1
v 5.96181 -15.3965 38.8051 1 1 1
v 4.31094 -24.3605 36.9509 1 1 1
v 4.61054 -23.0345 36.738 1 1 1
v 5.48279 -18.5955 37.4166 1 1 1
v 5.00222 -21.4751 36.7414 1 1 1
v 5.74402 -17.5781 37.8964 1 1 1
v 3.95779 -26.0344 38.2022 1 1 1
v 6.14809 -14.4399 40.4871 1 1 1
v 4.14998 -26.5202 36.3308 1 1 1
v 4.48844 -24.4843 37.0357 1 1 1
v 4.84423 -23.1234 36.3929 1 1 1
v 8.49184 -2.65569 42.879 1 1 1
v 4.32231 -26.3042 36.5664 1 1 1
v 4.92478 -23.4895 36.4666 1 1 1
v 4.8217 -23.8817 37.0155 1 1 1
v 6.25393 -16.1645 38.8553 1 1 1
v 6.44511 -14.4746 40.4425 1 1 1
v 6.27714 -15.8712 39.7301 1 1 1
v 8.73283 -2.84798 42.7441 1 1 1
v 6.22605 -16.7925 38.4992 1 1 1
v 9.00777 -1.40495 42.975 1 1 1
v 5.27425 -22.831 36.2523 1 1 1
v 8.85959 -2.68272 42.9448 1 1 1
v 6.52674 -16.5462 37.812 1 1 1
v 6.49851 -16.5657 37.9142 1 1 1
v 6.76822 -14.1194 40.3887 1 1 1
v 12.0608 7.17818 32.5465 1 1 1
v 5.58616 -22.166 36.5717 1 1 1
v 4.73794 -26.3164 36.881 1 1 1
v 4.73794 -26.3164 36.881 1 1 1
v 9.66614 -0.798902 41.7656 1 1 1
v 9.66614 -0.798902 41.7656 1 1 1
v 9.68242 -0.655869 41.9244 1 1 1
v 6.41801 -18.3338 37.85 1 1 1
v 4.66698 -27.6315 37.0711 1 1 1
v 6.14169 -20.7012 36.593 1 1 1
v 9.88302 -0.418491 42.1253 1 1 1
v 6.04067 -21.3003 36.6514 1 1 1
v 6.08813 -21.2137 36.4294 1 1 1
v 9.84456 -0.868819 41.8722 1 1 1
v 10.0699 -1.24968 38.0557 1 1 1
v 7.58102 -13.2636 39.2877 1 1 1
v 9.91918 -1.1988 41.8296 1 1 1
v 5.60474 -24.1201 36.8001 1 1 1
v 10.1909 -0.688533 41.3481 1 1 1
v 7.63361 -14.1021 39.0197 1 1 1
v 7.62948 -14.5403 38.5551 1 1 1
v 7.62948 -14.5403 38.5551 1 1 1
v 4.94755 -29.0107 36.3595 1 1 1
v 6.24006 -22.4109 36.6486 1 1 1
v 5.63583 -25.8012 36.599 1 1 1
v 6.36782 -22.3154 36.8263 1 1 1
v 8.4612 -11.2369 39.4028 1 1 1
v 5.11998 -28.6635 36.4353 1 1 1
v 6.3741 -22.6962 36.6658 1 1 1
v 8.95392 -9.9289 38.8588 1 1 1
v 9.06163 -9.86635 39.223 1 1 1
v 6.10441 -25.5745 36.1285 1 1 1
v 8.96679 -10.3422 40.1701 1 1 1
v 6.21323 -25.6575 35.9741 1 1 1
v 7.47598 -19.1984 37.3469 1 1 1
v 10.6701 -2.00788 42.7048 1 1 1
v 11.0768 -0.978228 41.529 1 1 1
v 9.401 -10.2228 39.1212 1 1 1
v 9.5796 -9.68986 40.0778 1 1 1
v 6.08171 -28.2161 35.1038 1 1 1
v 11.0193 -2.36616 43.2453 1 1 1
v 5.98279 -29.1936 35.8859 1 1 1
v 9.68495 -9.76452 41.2249 1 1 1
v 7.37681 -22.6237 36.6868 1 1 1
v 6.52762 -27.1906 36.1684 1 1 1
v 9.91215 -9.75268 39.6929 1 1 1
v 9.92772 -10.0109 38.8017 1 1 1
v 6.35086 -28.6304 35.3746 1 1 1
v 6.61474 -27.4972 36.0165 1 1 1
v 11.4865 -1.83731 43.3855 1 1 1
v 11.0036 -4.15947 45.9925 1 1 1
v 11.0308 -4.16659 45.5663 1 1 1
v 7.10532 -26.452 36.0813 1 1 1
v 11.5541 -3.45549 44.953 1 1 1
v 11.2083 -5.39828 46.2321 1 1 1
v 9.56971 -15.8946 38.9999 1 1 1
v 10.7379 -10.3014 40.4752 1 1 1
v 8.07213 -26.9289 22.9828 1 1 1
v 8.07213 -26.9289 22.9828 1 1 1
v -17.7667 1.12593 25.586 1 1 1
v -17.2197 -2.68622 23.8988 1 1 1
v -17.3645 -2.1278 24.6599 1 1 1
v -33.4825 -11.9137 35.7273 1 1 1
v -29.0004 -9.43893 32.7871 1 1 1
v -17.2213 -1.92125 25.2353 1 1 1
v -22.6516 -6.29638 28.8519 1 1 1
v -18.6092 -2.53615 26.594 1 1 1
v -19.2704 -2.96726 27.1587 1 1 1
v -15.9181 -0.862925 24.9796 1 1 1
v -27.2845 -24.905 27.0465 1 1 1
v -18.1611 -2.81152 26.3077 1 1 1
v -16.6523 -2.03361 25.4964 1 1 1
v -16.0887 -2.10014 25.4782 1 1 1
v -15.8761 -1.71095 25.56 1 1 1
v -22.564 -6.87546 30.0573 1 1 1
v -15.4348 -1.05076 25.6428 1 1 1
v -16.3918 -2.41564 26.0711 1 1 1
v -15.8096 -2.44953 25.6659 1 1 1
v -27.0295 -29.704 26.8692 1 1 1
v -26.4886 -9.98528 33.1495 1 1 1
v -22.3961 -7.18886 30.94 1 1 1
v -15.4233 -2.58284 26.1437 1 1 1
v -15.822 -2.73911 26.6576 1 1 1
v -23.1094 -7.82778 31.8264 1 1 1
v -28.4067 -10.3506 36.0916 1 1 1
v -30.8214 -11.9952 38.1305 1 1 1
v -15.0449 -1.8889 26.5974 1 1 1
v -22.8164 -7.34865 32.2379 1 1 1
v -14.8127 -1.48419 26.7313 1 1 1
v -28.6943 -10.6064 37.4401 1 1 1
v -28.5622 -10.5848 37.3217 1 1 1
v -14.7442 -1.77465 27.1927 1 1 1
v -14.628 -2.79895 26.9104 1 1 1
v -14.6373 -1.65511 27.3735 1 1 1
v -15.7234 -3.55612 28.1565 1 1 1
v -26.0614 -20.0292 32.7892 1 1 1
v -26.4835 -20.2172 33.1746 1 1 1
v -14.3699 -1.95463 27.7029 1 1 1
v -19.1478 -5.82025 31.2564 1 1 1
v -21.2983 -7.95768 32.786 1 1 1
v -14.4902 -2.93552 27.8716 1 1 1
v -15.2066 -4.00639 28.5086 1 1 1
v -16.5428 -5.13754 29.5185 1 1 1
v -13.5843 -2.1265 27.5714 1 1 1
v -16.9302 -4.94835 30.0331 1 1 1
v -15.9867 -4.24751 29.7904 1 1 1
v -5.70965 13.3313 25.6819 1 1 1
v -14.0729 -3.98392 28.5921 1 1 1
v -18.4896 -6.49043 32.5532 1 1 1
v -18.4489 -6.78158 32.5939 1 1 1
v -5.06789 9.11913 24.2062 1 1 1
v -5.06789 9.11913 24.2062 1 1 1
v -14.9695 -5.76119 30.3424 1 1 1
v -4.68684 10.2422 25.2595 1 1 1
v -18.0548 -7.1056 34.0542 1 1 1
v -12.3631 -4.27979 29.5222 1 1 1
v -14.0057 -5.54135 31.2437 1 1 1
v -14.7199 -5.83886 32.1132 1 1 1
v -16.7255 -6.91379 34.2284 1 1 1
v -22.3154 -29.0692 32.4057 1 1 1
v -24.7157 -23.079 38.0567 1 1 1
v -1.7789 1.10636 19.5906 1 1 1
v -4.1472 11.9741 27.1646 1 1 1
v -3.68341 12.1686 27.0831 1 1 1
v -3.68341 12.1686 27.0831 1 1 1
v -16.552 -6.69393 35.7697 1 1 1
v -23.7172 -24.8801 37.5154 1 1 1
v -22.3753 -23.8687 36.4509 1 1 1
v -23.2934 -22.0726 38.4356 1 1 1
v 1.80981 1.05418 15.9082 1 1 1
v -2.31455 3.85088 22.3556 1 1 1
v -23.2655 -21.7083 38.8479 1 1 1
v -23.4678 -25.0063 37.9928 1 1 1
v -4.53958 7.02631 27.0124 1 1 1
v -2.33867 7.82596 25.0554 1 1 1
v -1.9434 7.55011 24.4528 1 1 1
v -21.7062 -15.6097 41.2093 1 1 1
v -1.37843 8.0699 24.2263 1 1 1
v -1.88969 -6.21861 20.1025 1 1 1
v -0.973727 -5.65059 19.3037 1 1 1
v 0.443652 7.8377 23.37 1 1 1
v 0.491528 7.79103 23.2957 1 1 1
v -0.686231 -5.30992 19.3378 1 1 1
v -0.783115 -5.23239 19.5731 1 1 1
v -0.283068 -4.8604 19.0583 1 1 1
v 0.245859 8.18816 24.1274 1 1 1
v -1.50852 -6.70457 20.0074 1 1 1
v 0.250295 8.50796 24.3535 1 1 1
v 0.432723 8.52939 24.0544 1 1 1
v 0.657162 7.23679 23.4328 1 1 1
v 1.03952 4.56923 21.874 1 1 1
v 1.02459 4.89094 22.0831 1 1 1
v 1.1262 4.79583 21.9579 1 1 1
v -21.1028 -15.2614 46.7518 1 1 1
v -21.1228 -15.4094 47.0804 1 1 1
v -21.0151 -15.558 47.0273 1 1 1
v -20.5838 -22.5504 43.2023 1 1 1
v 1.67109 3.86806 21.3041 1 1 1
v 1.53396 4.07071 21.7327 1 1 1
v 2.43009 10.6427 23.4503 1 1 1
v 1.42747 -2.41115 18.9184 1 1 1
v 1.82614 4.01791 21.4701 1 1 1
v 1.90189 4.17128 21.419 1 1 1
v 1.6812 3.50346 21.5812 1 1 1
v -0.151249 -5.79937 20.2557 1 1 1
v 1.05441 -5.75638 18.4551 1 1 1
v 2.52688 12.1104 24.7749 1 1 1
v -1.31161 10.2868 30.4668 1 1 1
v 2.52334 -5.92208 16.2989 1 1 1
v 0.517927 -5.89204 19.8954 1 1 1
v -1.39934 10.3505 31.204 1 1 1
v -1.63114 -7.42648 23.0078 1 1 1
v 3.35666 13.6351 24.9725 1 1 1
v 3.37548 10.2873 23.2777 1 1 1
v 2.45599 4.06788 21.8383 1 1 1
v 2.8036 13.4689 25.9326 1 1 1
v 3.34876 13.8803 25.3014 1 1 1
v -19.7847 -12.0322 51.6549 1 1 1
v -0.371542 9.11512 29.2336 1 1 1
v 3.2908 13.5496 25.4222 1 1 1
v 1.95563 -4.06017 18.9277 1 1 1
v -16.3572 -39.2493 33.9363 1 1 1
v -15.0099 -37.9914 32.2402 1 1 1
v 2.04889 4.36423 23.6729 1 1 1
v -19.8004 -16.6028 51.8564 1 1 1
v -19.4284 -19.0217 50.0068 1 1 1
v -19.5713 -24.9551 47.3082 1 1 1
v -17.2787 -40.8833 35.698 1 1 1
v -18.5451 -15.7299 50.7556 1 1 1
v -19.9485 -12.4674 54.9978 1 1 1
v -17.4312 -12.5606 50.4169 1 1 1
v -14.1941 -11.7534 45.2809 1 1 1
v 3.49098 4.57321 21.9855 1 1 1
v -19.162 -27.8201 46.5936 1 1 1
v -11.3405 -10.3937 41.4968 1 1 1
v -17.9532 -30.9157 43.1118 1 1 1
v -17.036 -37.4002 38.2414 1 1 1
v 3.72135 9.61272 24.5576 1 1 1
v 2.87252 -5.49208 18.1356 1 1 1
v 2.87252 -5.49208 18.1356 1 1 1
v 1.92916 -5.76678 20.0575 1 1 1
v 0.861412 -5.47079 22.6535 1 1 1
v 3.59795 8.78191 25.1573 1 1 1
v 3.32684 11.8884 27.584 1 1 1
v 2.75504 -5.31407 19.4608 1 1 1
v 2.6047 -5.21878 19.8045 1 1 1
v 3.58943 8.42135 25.3002 1 1 1
v 3.7675 4.15491 22.8474 1 1 1
v 3.58156 0.806286 21.8203 1 1 1
v 3.83561 4.66041 23.513 1 1 1
v 3.69004 3.1219 23.6354 1 1 1
v 2.40844 -5.98628 21.6885 1 1 1
v 4.28234 1.82093 23.2302 1 1 1
v 4.00606 -1.88058 21.7568 1 1 1
v 3.55069 -5.48648 20.6888 1 1 1
v -13.9649 -20.2249 51.552 1 1 1
v 4.64898 11.2752 29.2915 1 1 1
v 4.39805 0.574356 23.4911 1 1 1
v 4.25086 -4.29824 20.9272 1 1 1
v 4.45462 -1.12982 22.5031 1 1 1
v 3.98846 -2.14447 23.0033 1 1 1
v 4.3022 -4.80538 20.8197 1 1 1
v 4.02863 -1.89139 23.3181 1 1 1
v 4.10879 -1.91519 23.1491 1 1 1
v 4.18413 -1.805 23.1221 1 1 1
v 4.68141 6.56003 27.2566 1 1 1
v 4.70109 6.88011 27.5566 1 1 1
v 4.93235 5.70748 26.3606 1 1 1
v 4.41725 -4.59339 21.0653 1 1 1
v 4.33798 -4.97918 21.2707 1 1 1
v 4.33798 -4.97918 21.2707 1 1 1
v 4.81306 2.52814 25.4094 1 1 1
v 4.60751 -4.4567 21.3768 1 1 1
v 7.06139 12.5651 26.6912 1 1 1
v 6.93684 12.4001 27.126 1 1 1
v 4.65702 -4.72284 21.5027 1 1 1
v -10.4883 -11.3704 55.3788 1 1 1
v 5.64648 10.4154 30.0595 1 1 1
v -3.09854 -2.37988 44.5846 1 1 1
v -10.3224 -25.3276 47.9041 1 1 1
v 7.32969 11.5779 27.6032 1 1 1
v -9.7811 -27.631 46.5934 1 1 1
v -9.25708 -26.3272 47.1109 1 1 1
v -9.25708 -26.3272 47.1109 1 1 1
v -9.33726 -27.0347 47.0268 1 1 1
v -9.33726 -27.0347 47.0268 1 1 1
v -9.38514 -28.9005 46.4511 1 1 1
v -8.75941 -25.6364 47.3927 1 1 1
v 4.26572 6.27457 34.1305 1 1 1
v -8.24031 -24.9752 47.597 1 1 1
v -8.32577 -25.0646 47.8038 1 1 1
v -8.25431 -25.5657 47.4602 1 1 1
v -8.22757 -25.549 47.4193 1 1 1
v -7.7872 -24.8533 47.815 1 1 1
v -7.80975 -24.8803 47.8732 1 1 1
v 2.30308 2.69454 38.7526 1 1 1
v 7.10673 9.16178 29.9878 1 1 1
v -7.28184 -24.9114 47.8647 1 1 1
v -7.38826 -26.7171 47.0436 1 1 1
v -7.08589 -25.3256 47.2631 1 1 1
v -7.18756 -25.4191 47.4904 1 1 1
v -6.73633 -24.3183 48.0144 1 1 1
v -6.67501 -24.6792 47.7883 1 1 1
v -6.63791 -25.9976 47.3028 1 1 1
v -6.63791 -25.9976 47.3028 1 1 1
v -5.97461 -24.5544 47.4185 1 1 1
v -6.07478 -24.6663 47.68 1 1 1
v 5.68307 5.98408 34.3503 1 1 1
v -6.12168 -25.3093 47.604 1 1 1
v -6.12168 -25.3093 47.604 1 1 1
v -5.5539 -25.8521 47.3705 1 1 1
v -5.5539 -25.8521 47.3705 1 1 1
v -5.78323 -32.9616 43.1881 1 1 1
v -5.65535 -33.0957 42.881 1 1 1
v -4.83317 -24.9649 47.2343 1 1 1
v -4.93334 -25.6749 47.1069 1 1 1
v 4.20638 -7.65574 32.4695 1 1 1
v 4.98688 -0.511109 42.851 1 1 1
v 1.62696 -8.63842 52.4182 1 1 1
v 3.88142 -4.42339 47.8779 1 1 1
v 2.90432 -7.8941 50.5525 1 1 1
v 3.48915 -15.5369 39.542 1 1 1
v -0.693265 -27.6138 46.697 1 1 1
v 3.45869 -14.9816 41.5811 1 1 1
v 3.82459 -15.1695 39.1446 1 1 1
v 0.170467 -25.7962 45.8181 1 1 1
v 0.306508 -25.2748 46.3199 1 1 1
v 3.53962 -17.5806 38.6794 1 1 1
v 0.275616 -26.4915 45.3608 1 1 1
v 4.12298 -13.5741 41.4719 1 1 1
v 4.28735 -13.5686 40.6379 1 1 1
v 7.26525 -0.18698 41.3795 1 1 1
v 4.06044 -15.9227 39.3285 1 1 1
v 4.02299 -16.4436 39.427 1 1 1
v 4.50652 -13.9051 40.0732 1 1 1
v 4.43214 -14.0946 40.4115 1 1 1
v 4.35168 -14.182 40.7487 1 1 1
v 1.06446 -26.0353 43.9813 1 1 1
v 3.92082 -17.3076 39.296 1 1 1
v 1.02715 -25.9926 44.707 1 1 1
v 4.26855 -16.2042 38.9728 1 1 1
v 4.77494 -14.3969 39.3843 1 1 1
v 5.51717 -5.25164 49.2471 1 1 1
v 6.12116 -13.1562 34.5459 1 1 1
v 5.10877 -6.90869 50.3063 1 1 1
v 5.01542 -14.7838 39.874 1 1 1
v 3.05151 -23.8288 40.2993 1 1 1
v 4.5707 -18.8433 38.0699 1 1 1
v 6.13961 -8.69915 43.6649 1 1 1
v 6.13961 -8.69915 43.6649 1 1 1
v 6.85016 -3.89251 46.3145 1 1 1
v 3.464 -24.8443 39.0457 1 1 1
v 5.60616 -14.7678 39.7936 1 1 1
v 8.57108 -1.03845 41.4449 1 1 1
v 5.0515 -18.5836 38.721 1 1 1
v 5.21697 -17.9564 38.6553 1 1 1
v 4.33854 -23.0378 37.0012 1 1 1
v 5.31246 -19.8454 35.7251 1 1 1
v 8.34735 -2.1401 42.7882 1 1 1
v 5.39599 -17.7387 38.6849 1 1 1
v 5.33328 -17.8462 38.9898 1 1 1
v 5.31237 -18.8295 37.6445 1 1 1
v 5.00887 -21.4497 36.7003 1 1 1
v 4.56992 -23.2977 36.8536 1 1 1
v 5.8139 -14.7248 42.1422 1 1 1
v 9.41022 -0.563451 40.6321 1 1 1
v 8.27591 -2.97559 45.3788 1 1 1
v 4.97579 -22.9137 36.5569 1 1 1
v 6.21261 -16.6267 38.4916 1 1 1
v 5.10735 -23.1662 36.9325 1 1 1
v 6.48357 -15.124 39.9484 1 1 1
v 9.47742 -0.906903 42.089 1 1 1
v 6.79477 -14.2754 40.4429 1 1 1
v 8.78243 -3.13156 44.3577 1 1 1
v 6.79489 -15.8258 38.7288 1 1 1
v 5.61541 -23.1536 36.0569 1 1 1
v 5.83661 -22.0765 36.7355 1 1 1
v 5.87155 -22.0119 36.5897 1 1 1
v 6.4122 -19.6049 36.7684 1 1 1
v 5.01787 -26.2681 36.6668 1 1 1
v 7.15442 -16.2353 38.3538 1 1 1
v 6.44662 -20.367 36.6449 1 1 1
v 10.4164 -0.158744 41.5309 1 1 1
v 8.1721 -11.5189 39.4393 1 1 1
v 8.41898 -11.0347 39.5568 1 1 1
v 10.2316 -1.64725 42.8383 1 1 1
v 6.82165 -20.262 36.9786 1 1 1
v 5.19236 -27.7175 37.1725 1 1 1
v 8.88192 -10.3379 38.9191 1 1 1
v 10.5002 -1.05871 43.4038 1 1 1
v 10.3384 -2.61773 42.2249 1 1 1
v 6.09407 -25.2149 35.8291 1 1 1
v 9.12484 -9.67794 39.6208 1 1 1
v 4.91854 -30.1583 37.2181 1 1 1
v 10.5663 -2.16384 42.927 1 1 1
v 6.12521 -25.8808 35.7368 1 1 1
v 10.6204 -1.97821 43.2747 1 1 1
v 9.39813 -9.82446 38.3534 1 1 1
v 10.7261 -2.3798 42.0987 1 1 1
v 6.17786 -26.2075 35.6427 1 1 1
v 9.26803 -10.5371 39.2188 1 1 1
v 9.26369 -10.5288 39.1984 1 1 1
v 7.39397 -20.1636 36.8981 1 1 1
v 10.7751 -1.89444 43.8967 1 1 1
v 9.33253 -10.8235 38.7201 1 1 1
v 9.30281 -10.835 38.8648 1 1 1
v 10.8547 -2.20481 43.1642 1 1 1
v 6.18361 -26.8532 35.6421 1 1 1
v 6.0057 -28.1187 34.7403 1 1 1
v 10.213 -3.75853 48.5118 1 1 1
v 10.2617 -3.77318 48.067 1 1 1
v 6.1312 -27.9867 35.1052 1 1 1
v 6.16358 -28.3367 34.9127 1 1 1
v 10.9503 -2.91977 44.7957 1 1 1
v 9.67939 -10.6649 39.8655 1 1 1
v 10.5866 -4.61912 46.072 1 1 1
v 11.4456 -1.81633 43.8943 1 1 1
v 9.72863 -12.9727 39.3549 1 1 1
v 10.5172 -9.91623 40.9091 1 1 1
v 10.5172 -9.91623 40.9091 1 1 1
v -13.4552 2.73933 22.8066 1 1 1
v -15.8319 0.433897 23.7654 1 1 1
v -13.3378 3.96568 23.1581 1 1 1
v -14.4687 11.8811 26.8716 1 1 1
v -32.4765 -11.1618 33.2306 1 1 1
v -33.0785 -10.9783 33.9407 1 1 1
v -33.1628 -11.1296 34.2639 1 1 1
v -33.8811 -13.4278 34.0959 1 1 1
v -36.2382 -12.6426 36.2656 1 1 1
v -15.7944 -0.345347 24.7421 1 1 1
v -18.725 -2.87152 26.4137 1 1 1
v -23.4255 -29.7297 20.8963 1 1 1
v -25.1226 -31.0304 22.2198 1 1 1
v -15.6054 -0.997817 25.203 1 1 1
v -19.5048 -3.08438 27.8656 1 1 1
v -29.5606 -11.6515 33.2885 1 1 1
v -17.5201 -2.47045 26.5449 1 1 1
v -17.6366 -2.46852 26.6416 1 1 1
v -30.5837 -9.69753 35.1576 1 1 1
v -17.3488 -2.83634 26.8257 1 1 1
v -15.2689 -1.10774 25.7414 1 1 1
v -7.67716 13.7005 25.3415 1 1 1
v -28.4437 -9.805 35.0301 1 1 1
v -15.6533 -2.77363 26.4873 1 1 1
v -22.6301 -24.1953 25.2221 1 1 1
v -27.5218 -10.1242 34.7978 1 1 1
v -25.1787 -8.35208 33.5755 1 1 1
v -15.4381 -2.95082 26.811 1 1 1
v -23.7321 -8.19684 32.391 1 1 1
v -24.2025 -8.63932 32.6695 1 1 1
v -20.4396 -5.89595 30.5401 1 1 1
v -24.2641 -8.76933 33.1036 1 1 1
v -14.9381 -2.9893 27.2207 1 1 1
v -18.3734 -5.4861 29.7011 1 1 1
v -18.2798 -5.48079 29.6185 1 1 1
v -17.6976 -4.39829 29.5488 1 1 1
v -21.2364 -6.45056 32.1379 1 1 1
v -14.8016 -2.86063 27.4256 1 1 1
v -21.1348 -6.31814 32.15 1 1 1
v -6.48618 12.2425 25.5198 1 1 1
v -14.4972 -3.31431 27.795 1 1 1
v -14.5594 -3.64451 27.7168 1 1 1
v -13.9187 -1.99461 27.7491 1 1 1
v -21.8458 -7.87429 33.2432 1 1 1
v -13.9755 -2.13019 27.7877 1 1 1
v -5.34549 12.6033 25.303 1 1 1
v -20.7438 -6.77566 32.8258 1 1 1
v -7.36138 10.9162 26.7676 1 1 1
v -15.9189 -4.0889 29.65 1 1 1
v -20.0735 -6.43681 33.2513 1 1 1
v -3.5915 13.1363 24.4871 1 1 1
v -5.28891 12.5466 26.034 1 1 1
v -18.0456 -6.07517 31.9274 1 1 1
v -27.2096 -10.5248 40.1702 1 1 1
v -5.48908 10.4613 25.9198 1 1 1
v -16.2108 -5.57871 30.8726 1 1 1
v -2.9992 8.368 22.6702 1 1 1
v -12.3708 -13.542 23.756 1 1 1
v -26.8687 -13.9483 38.806 1 1 1
v -25.7753 -14.9033 37.4898 1 1 1
v -17.7167 -6.56886 32.4797 1 1 1
v -26.7975 -11.5398 40.3072 1 1 1
v -15.149 -4.93218 31.0059 1 1 1
v -4.08201 11.7807 25.9901 1 1 1
v -4.08201 11.7807 25.9901 1 1 1
v -19.8941 -7.30618 35.3434 1 1 1
v -3.98182 7.59701 24.2661 1 1 1
v -15.8428 -5.69603 31.7001 1 1 1
v -12.9608 -3.97382 29.3157 1 1 1
v -4.4537 7.41458 24.8216 1 1 1
v -16.6339 -6.23935 32.6886 1 1 1
v -2.34649 1.15412 20.0423 1 1 1
v -2.34649 1.15412 20.0423 1 1 1
v -2.38437 1.15829 20.0961 1 1 1
v -2.68247 1.24874 20.4354 1 1 1
v -3.99614 7.18944 24.6148 1 1 1
v -4.14625 4.39695 23.5812 1 1 1
v -13.1017 -4.14322 30.0881 1 1 1
v -13.1017 -4.14322 30.0881 1 1 1
v -16.0829 -6.22644 32.6189 1 1 1
v -4.22617 7.49862 25.187 1 1 1
v -4.00364 -0.222783 21.7378 1 1 1
v -3.57497 11.95 26.5541 1 1 1
v -4.08056 6.91932 25.0843 1 1 1
v -14.3967 -5.50648 31.9303 1 1 1
v -7.72436 -4.74357 25.0301 1 1 1
v -15.5154 -6.37235 33.6432 1 1 1
v -3.27294 7.08454 25.345 1 1 1
v -22.4512 -29.167 32.5292 1 1 1
v -3.27524 7.07685 25.6263 1 1 1
v -3.35662 6.91256 25.6691 1 1 1
v -2.74533 7.0457 25.1796 1 1 1
v -2.52648 3.89637 23.5669 1 1 1
v -1.07792 12.2254 25.5768 1 1 1
v -1.8926 8.39823 24.8197 1 1 1
v -1.41947 7.33189 24.1799 1 1 1
v -20.1608 -22.4677 34.373 1 1 1
v -1.26605 7.7207 24.4722 1 1 1
v -1.40745 7.33637 24.5897 1 1 1
v -3.45245 7.01408 27.0953 1 1 1
v 0.105969 11.4808 24.6503 1 1 1
v 0.105969 11.4808 24.6503 1 1 1
v 0.323018 13.0143 25.083 1 1 1
v -1.2296 4.43814 23.1854 1 1 1
v -22.7707 -23.0546 38.7494 1 1 1
v -22.4455 -14.9732 42.1351 1 1 1
v -22.5961 -25.1587 37.9333 1 1 1
v 0.721634 12.3181 24.8958 1 1 1
v 0.644038 7.58324 22.8408 1 1 1
v 0.605367 12.3598 25.1561 1 1 1
v -1.46009 7.42591 25.5324 1 1 1
v -0.824796 -4.98205 19.1611 1 1 1
v -1.9074 -6.48982 20.0601 1 1 1
v -1.07326 -5.57819 19.4391 1 1 1
v -0.848306 -5.62677 19.1301 1 1 1
v -0.666446 -5.23047 19.2745 1 1 1
v -0.603689 -5.14854 19.283 1 1 1
v 1.80911 11.5684 24.0576 1 1 1
v -0.951738 -6.13176 19.6738 1 1 1
v 2.50522 11.2119 23.3775 1 1 1
v -1.14669 -6.56826 20.0991 1 1 1
v 1.49137 4.42236 21.6815 1 1 1
v 1.79592 4.23764 21.1881 1 1 1
v 1.83405 4.14065 21.1573 1 1 1
v -0.720635 -6.12524 19.8534 1 1 1
v 1.24513 3.56324 21.73 1 1 1
v 1.24513 3.56324 21.73 1 1 1
v 3.40091 10.3355 22.1879 1 1 1
v 1.5391 3.74311 21.7176 1 1 1
v -0.505615 -6.18717 19.8733 1 1 1
v 0.0126441 8.88044 26.4183 1 1 1
v 0.970869 0.786653 21.1929 1 1 1
v -0.627694 -6.19933 20.1954 1 1 1
v -0.392436 9.49468 28.0296 1 1 1
v -17.7378 -38.0963 30.2155 1 1 1
v 1.38974 -5.45531 18.3771 1 1 1
v -0.823786 -7.40504 21.0033 1 1 1
v 0.733964 8.23297 26.2972 1 1 1
v 0.733964 8.23297 26.2972 1 1 1
v 2.03405 4.29351 22.5074 1 1 1
v 2.68873 4.18872 21.6765 1 1 1
v -0.528034 -0.283436 24.1738 1 1 1
v -0.528034 -0.283436 24.1738 1 1 1
v 3.73048 10.0962 23.187 1 1 1
v -1.10556 9.14193 30.0841 1 1 1
v -19.9841 -19.9186 45.3108 1 1 1
v 3.08678 4.63597 22.3139 1 1 1
v 3.8824 8.8106 23.3746 1 1 1
v 1.26271 -5.56674 20.2457 1 1 1
v 2.16465 -4.37495 19.4274 1 1 1
v 3.57985 4.37086 21.7766 1 1 1
v 2.68115 -5.3735 18.2356 1 1 1
v 2.00088 -5.10182 19.5361 1 1 1
v -19.2292 -11.9356 51.4275 1 1 1
v -20.3641 -15.9835 51.4895 1 1 1
v -0.527142 -6.62747 23.5228 1 1 1
v 3.399 12.1186 27.0107 1 1 1
v -20.2845 -24.2608 47.704 1 1 1
v -19.2942 -22.731 47.2245 1 1 1
v -19.9849 -23.703 47.9941 1 1 1
v 2.01838 -5.43959 20.3961 1 1 1
v 3.52433 8.47887 25.4403 1 1 1
v 2.80853 -5.13693 19.4092 1 1 1
v 2.89878 8.88515 27.1748 1 1 1
v 3.24898 -0.0365904 21.6572 1 1 1
v -17.6829 -37.9783 37.8618 1 1 1
v 3.80737 11.5506 27.3312 1 1 1
v 2.53423 -5.57949 20.135 1 1 1
v 5.04075 3.86617 20.9367 1 1 1
v -18.1944 -31.4377 42.9995 1 1 1
v -18.2026 -11.9473 53.9003 1 1 1
v 3.7674 10.3188 27.0728 1 1 1
v -17.8652 -30.6063 43.1877 1 1 1
v -17.8652 -30.6063 43.1877 1 1 1
v 2.89065 -5.60276 19.9263 1 1 1
v 2.89065 -5.60276 19.9263 1 1 1
v 2.95883 -5.6726 19.7942 1 1 1
v 3.23139 -5.28837 19.522 1 1 1
v -13.3119 -37.2514 31.8729 1 1 1
v 4.15562 4.56878 23.4751 1 1 1
v 3.85713 -1.53837 21.6653 1 1 1
v 4.00757 10.45 28.4881 1 1 1
v 4.23263 -1.16775 21.3852 1 1 1
v 3.99675 2.14001 23.7914 1 1 1
v 5.18199 10.9414 26.8529 1 1 1
v 3.3492 6.3573 27.7676 1 1 1
v 3.62005 -5.65392 20.1224 1 1 1
v 3.83733 -5.31178 20.0918 1 1 1
v 4.25153 1.66437 23.4115 1 1 1
v 4.04695 -2.07905 21.7587 1 1 1
v 3.82695 -5.41086 20.3807 1 1 1
v 3.95069 -4.69607 20.6138 1 1 1
v 4.24452 1.53203 23.7687 1 1 1
v 4.32488 -4.11218 20.3158 1 1 1
v 3.92885 -5.31128 20.4454 1 1 1
v 4.26781 2.13215 24.3232 1 1 1
v 4.14798 2.19742 24.6124 1 1 1
v 3.85435 -5.36286 20.7832 1 1 1
v 4.70055 10.3209 28.7603 1 1 1
v 4.3497 2.0975 24.4311 1 1 1
v 4.51346 -0.787524 22.3818 1 1 1
v 4.34384 -4.51487 20.4534 1 1 1
v 4.49963 -1.69001 22.4554 1 1 1
v 3.93654 6.57014 28.9468 1 1 1
v -13.7315 -12.3491 54.3747 1 1 1
v 2.41314 6.1924 31.9122 1 1 1
v 5.00815 6.84648 26.9331 1 1 1
v -13.444 -12.3716 54.2716 1 1 1
v 4.34455 -4.99159 21.0739 1 1 1
v 5.05048 -0.704811 22.4925 1 1 1
v 4.84164 8.39654 28.5872 1 1 1
v -13.856 -12.3504 55.7844 1 1 1
v 4.59789 -4.5293 21.1659 1 1 1
v 5.52809 10.3445 28.6732 1 1 1
v 4.6296 -4.52685 21.1055 1 1 1
v 5.22567 6.78628 27.0542 1 1 1
v 4.99609 2.43166 24.8488 1 1 1
v -12.9493 -11.885 54.9389 1 1 1
v 4.70571 -4.46276 21.1789 1 1 1
v 4.55378 -4.80124 21.3308 1 1 1
v 4.58449 -4.60635 21.5344 1 1 1
v 5.61839 7.43866 27.1308 1 1 1
v 7.5357 11.749 26.0639 1 1 1
v 5.68268 6.6595 27.5264 1 1 1
v 6.40266 9.76073 29.2264 1 1 1
v 6.42759 9.72527 29.1548 1 1 1
v 6.31736 9.44568 29.9885 1 1 1
v 5.37293 7.69685 31.2119 1 1 1
v -6.85006 -37.179 31.192 1 1 1
v -9.84531 -25.8291 47.4754 1 1 1
v 4.32073 6.22102 34.0038 1 1 1
v -9.75064 -28.2466 46.338 1 1 1
v 7.30692 9.1759 29.3618 1 1 1
v -8.61258 -24.4717 47.4849 1 1 1
v -8.85149 -25.027 47.8159 1 1 1
v -8.68851 -26.2206 47.0392 1 1 1
v -8.68851 -26.2206 47.0392 1 1 1
v -8.71251 -26.8724 46.8598 1 1 1
v -8.68336 -26.8618 46.8333 1 1 1
v -8.42664 -28.5352 45.6148 1 1 1
v -8.48634 -28.5837 45.7065 1 1 1
v -8.11383 -28.5613 46.0628 1 1 1
v -8.11383 -28.5613 46.0628 1 1 1
v -7.54519 -26.6163 46.6879 1 1 1
v 5.67762 5.98522 34.4033 1 1 1
v -7.36734 -28.4212 45.6537 1 1 1
v -7.37116 -28.4109 45.637 1 1 1
v -7.02072 -28.4136 46.0602 1 1 1
v -7.02072 -28.4136 46.0602 1 1 1
v -6.36452 -28.3351 45.7778 1 1 1
v -6.36452 -28.3351 45.7778 1 1 1
v -5.82059 -28.1599 45.85 1 1 1
v -5.82059 -28.1599 45.85 1 1 1
v -5.26827 -26.8587 46.2665 1 1 1
v -5.26827 -26.8587 46.2665 1 1 1
v -0.794619 -8.9819 52.6115 1 1 1
v -0.931993 -9.03061 53.1203 1 1 1
v 5.18556 1.24125 40.8479 1 1 1
v 8.62739 6.20537 34.1248 1 1 1
v 10.8057 9.25384 29.3579 1 1 1
v -0.360208 -21.2457 43.381 1 1 1
v -0.466107 -9.13961 56.6572 1 1 1
v 6.39693 -0.781493 42.3418 1 1 1
v 6.39693 -0.781493 42.3418 1 1 1
v 3.39959 -15.0186 40.2523 1 1 1
v 3.64066 -14.8682 40.1177 1 1 1
v 3.76198 -14.9349 40.1201 1 1 1
v 4.11692 -15.1207 39.3751 1 1 1
v 8.69513 2.94782 38.7428 1 1 1
v 3.63857 -17.8595 39.4913 1 1 1
v 3.97759 -16.7318 39.2973 1 1 1
v 2.95704 -22.2807 38.3505 1 1 1
v 2.72514 -22.7544 40.1362 1 1 1
v 4.59255 -6.86337 51.1417 1 1 1
v 3.19053 -22.6014 38.777 1 1 1
v 3.3192 -22.0881 38.9468 1 1 1
v 3.39805 -21.9649 38.6887 1 1 1
v 4.48039 -17.2598 39.0417 1 1 1
v 5.86471 -4.98432 47.9619 1 1 1
v 5.13699 -14.8201 41.9724 1 1 1
v 4.89478 -18.5471 38.771 1 1 1
v 12.1766 6.77062 31.6486 1 1 1
v 12.1766 6.77062 31.6486 1 1 1
v 4.03684 -23.894 37.1416 1 1 1
v 5.76795 -14.3412 40.4635 1 1 1
v 5.05949 -19.1411 37.9807 1 1 1
v 5.05949 -19.1411 37.9807 1 1 1
v 4.0822 -24.3417 36.5585 1 1 1
v 4.65154 -23.2994 34.7197 1 1 1
v 5.67671 -15.2051 40.1404 1 1 1
v 5.67671 -15.2051 40.1404 1 1 1
v 8.7611 -0.807428 42.8732 1 1 1
v 8.58075 -2.22951 42.8231 1 1 1
v 9.12886 -1.48595 42.1199 1 1 1
v 6.17673 -15.0508 40.9004 1 1 1
v 5.39897 -21.6285 36.3376 1 1 1
v 6.58153 -14.9632 39.431 1 1 1
v 5.022 -23.7183 36.3042 1 1 1
v 5.10645 -23.2074 36.4584 1 1 1
v 5.40788 -22.1476 36.3416 1 1 1
v 6.33314 -16.6438 38.7482 1 1 1
v 3.9305 -28.716 36.9233 1 1 1
v 6.64253 -15.4324 39.787 1 1 1
v 6.72592 -15.3183 39.396 1 1 1
v 5.17624 -23.9262 36.2866 1 1 1
v 9.51936 -1.05282 43.6065 1 1 1
v 9.51936 -1.05282 43.6065 1 1 1
v 5.71818 -21.6368 36.7832 1 1 1
v 5.48192 -22.741 36.9012 1 1 1
v 6.37389 -18.3812 37.9854 1 1 1
v 5.80664 -21.8337 36.512 1 1 1
v 7.45369 -13.4022 39.9141 1 1 1
v 5.34407 -24.9421 36.0336 1 1 1
v 9.95086 -1.101 43.062 1 1 1
v 7.79703 -12.0156 40.5089 1 1 1
v 7.37661 -13.8178 40.4331 1 1 1
v 6.38177 -21.8903 36.3707 1 1 1
v 8.36635 -11.0091 40.4818 1 1 1
v 5.63305 -25.6288 35.9388 1 1 1
v 5.62606 -25.7299 36.0852 1 1 1
v 8.51429 -11.4382 39.746 1 1 1
v 6.28216 -23.3148 36.2865 1 1 1
v 9.06291 -10.0845 39.7679 1 1 1
v 5.71812 -27.4851 35.1373 1 1 1
v 5.9954 -25.8982 36.261 1 1 1
v 6.19254 -25.3838 35.8136 1 1 1
v 6.68122 -23.0875 36.9459 1 1 1
v 7.09247 -22.219 36.589 1 1 1
v 11.0187 -1.53784 44.4382 1 1 1
v 7.27592 -21.516 37.1949 1 1 1
v 9.42008 -10.0417 42.2982 1 1 1
v 9.74184 -9.8991 40.5935 1 1 1
v -19.467 -2.38321 25.2248 1 1 1
v -16.0708 0.883214 24.0611 1 1 1
v -19.0158 -2.02668 25.0393 1 1 1
v -17.4357 -1.62032 24.1451 1 1 1
v -23.5029 -5.23173 27.9464 1 1 1
v -23.5029 -5.23173 27.9464 1 1 1
v -16.3461 -1.04807 24.302 1 1 1
v -15.7338 0.0556355 24.3048 1 1 1
v -15.9918 -0.975563 24.2303 1 1 1
v -15.6508 -0.0661309 24.3644 1 1 1
v -15.6508 -0.0661309 24.3644 1 1 1
v -22.6173 -5.33072 27.7402 1 1 1
v -22.6173 -5.33072 27.7402 1 1 1
v -16.6757 -1.18441 24.9059 1 1 1
v -16.1666 -1.05691 24.5768 1 1 1
v -17.3561 -1.79867 25.2309 1 1 1
v -29.5746 -14.8328 29.5175 1 1 1
v -17.7136 -1.92119 25.6688 1 1 1
v -27.5223 -32.6195 21.6759 1 1 1
v -32.2354 -11.2792 33.4877 1 1 1
v -27.8039 -32.8581 21.841 1 1 1
v -17.5982 -2.04679 25.7318 1 1 1
v -17.5982 -2.04679 25.7318 1 1 1
v -18.4831 -2.67656 26.2052 1 1 1
v -18.9988 -2.85249 26.6097 1 1 1
v -34.6045 -14.6258 34.4425 1 1 1
v -32.5413 -11.8511 34.131 1 1 1
v -27.8413 -33.0514 22.2157 1 1 1
v -18.6278 -2.48688 26.869 1 1 1
v -15.7187 -0.926752 25.1768 1 1 1
v -34.7544 -15.7523 34.5357 1 1 1
v -33.0424 -11.7591 34.8564 1 1 1
v -15.6157 -0.985964 25.2045 1 1 1
v -15.6157 -0.985964 25.2045 1 1 1
v -16.3818 -1.88893 25.527 1 1 1
v -15.2724 -0.969567 25.0637 1 1 1
v -27.1069 -32.0649 22.5169 1 1 1
v -16.3297 -2.02385 25.6363 1 1 1
v -16.3297 -2.02385 25.6363 1 1 1
v -15.8253 -1.67679 25.4731 1 1 1
v -15.8253 -1.67679 25.4731 1 1 1
v -15.985 -1.89099 25.5914 1 1 1
v -15.114 -1.04903 25.3643 1 1 1
v -8.57611 11.9191 25.1624 1 1 1
v -15.5536 -2.28635 25.2791 1 1 1
v -15.5536 -2.28635 25.2791 1 1 1
v -15.7408 -2.40265 25.5438 1 1 1
v -15.8219 -2.29475 25.6768 1 1 1
v -25.3524 -31.1533 22.315 1 1 1
v -29.818 -25.6647 28.4929 1 1 1
v -15.6191 -2.28748 25.929 1 1 1
v -15.5177 -2.75282 26.1712 1 1 1
v -15.5177 -2.75282 26.1712 1 1 1
v -14.8822 -1.46396 26.2076 1 1 1
v -29.6385 -22.2373 30.5092 1 1 1
v -15.4664 -2.59503 26.306 1 1 1
v -15.2969 -2.67614 26.3225 1 1 1
v -14.939 -1.24412 26.607 1 1 1
v -29.2824 -10.2781 35.3936 1 1 1
v -14.815 -1.85895 26.5126 1 1 1
v -31.299 -11.9814 36.9705 1 1 1
v -31.1096 -11.8642 37.2234 1 1 1
v -14.8164 -2.01688 26.8677 1 1 1
v -30.6383 -11.5876 37.439 1 1 1
v -14.8685 -2.87321 27.2178 1 1 1
v -14.8019 -2.80607 27.2858 1 1 1
v -21.1336 -18.1085 26.8326 1 1 1
v -23.3132 -8.23322 32.8191 1 1 1
v -27.9303 -10.9023 36.0892 1 1 1
v -24.3865 -32.8133 23.9033 1 1 1
v -24.3865 -32.8133 23.9033 1 1 1
v -14.5426 -2.734 27.3841 1 1 1
v -17.2959 -4.18128 29.4612 1 1 1
v -28.1864 -10.4784 36.9422 1 1 1
v -23.5101 -8.34285 33.4785 1 1 1
v -23.5101 -8.34285 33.4785 1 1 1
v -17.0138 -4.17356 29.3715 1 1 1
v -17.4101 -4.48448 29.6154 1 1 1
v -14.4403 -3.17706 27.4976 1 1 1
v -17.4329 -4.60125 29.7352 1 1 1
v -17.1254 -4.40462 29.6586 1 1 1
v -16.4684 -4.22705 29.2125 1 1 1
v -16.4684 -4.22705 29.2125 1 1 1
v -23.0801 -8.29892 33.8235 1 1 1
v -13.841 -2.07 27.8284 1 1 1
v -16.6826 -4.24302 29.6812 1 1 1
v -16.9303 -4.65154 29.7457 1 1 1
v -21.7727 -7.58706 33.1755 1 1 1
v -19.2018 -5.97636 31.4099 1 1 1
v -20.5991 -6.64698 32.5051 1 1 1
v -22.1366 -7.77253 33.5824 1 1 1
v -13.8185 -2.22644 27.9843 1 1 1
v -11.2458 -0.635259 26.0502 1 1 1
v -21.7505 -8.13032 33.3602 1 1 1
v -20.6455 -6.85379 32.9334 1 1 1
v -13.5128 -2.19251 28.17 1 1 1
v -3.85911 12.1865 25.0525 1 1 1
v -16.2632 -4.64067 29.997 1 1 1
v -3.16736 8.47034 22.9196 1 1 1
v -21.0257 -7.75919 33.8949 1 1 1
v -3.47739 9.58815 24.0758 1 1 1
v -4.6425 10.6034 25.7763 1 1 1
v -18.5702 -6.74802 32.6966 1 1 1
v -18.6191 -6.78887 32.9713 1 1 1
v -3.15064 1.66983 20.8171 1 1 1
v -15.4544 -5.27455 30.6803 1 1 1
v -26.6523 -12.7735 39.0249 1 1 1
v -18.4402 -6.81519 33.1151 1 1 1
v -26.3011 -15.5961 37.687 1 1 1
v -23.4763 -17.415 33.9011 1 1 1
v -3.37976 1.21889 21.1557 1 1 1
v -3.37976 1.21889 21.1557 1 1 1
v -2.11215 9.17451 23.414 1 1 1
v -17.6049 -6.57528 32.7796 1 1 1
v -25.4793 -14.399 37.7838 1 1 1
v -2.46405 11.5295 25.5044 1 1 1
v -2.99481 2.80109 22.1443 1 1 1
v -18.0049 -7.08538 33.9876 1 1 1
v -2.89776 2.78341 22.2095 1 1 1
v -18.0564 -7.23983 34.3062 1 1 1
v -1.50792 0.999592 20.0077 1 1 1
v -11.8106 -3.85095 29.2189 1 1 1
v -21.0106 -35.3114 25.5511 1 1 1
v -1.78744 4.08176 22.0956 1 1 1
v -14.3849 -5.72115 31.8445 1 1 1
v -15.0167 -6.05166 32.7243 1 1 1
v -25.0749 -13.9705 40.5599 1 1 1
v -1.85639 3.74277 22.4473 1 1 1
v -2.54784 3.82269 23.2945 1 1 1
v -1.75634 3.71182 22.3299 1 1 1
v -0.175274 8.80105 22.9163 1 1 1
v -0.187492 8.81229 22.9703 1 1 1
v -1.22631 11.7761 25.7154 1 1 1
v -24.6885 -30.5503 33.8028 1 1 1
v -3.03323 6.61861 25.7666 1 1 1
v -2.42696 4.17112 23.981 1 1 1
v 0.342617 3.03107 20.0948 1 1 1
v 11.6858 -1.23214 5.01142 1 1 1
v -0.217835 12.4178 25.4687 1 1 1
v -24.2314 -22.3767 37.518 1 1 1
v -20.0186 -35.9794 26.3632 1 1 1
v -20.4852 -17.5982 37.0076 1 1 1
v -23.5148 -22.1692 38.6191 1 1 1
v 0.937045 7.6051 23.1454 1 1 1
v -23.7262 -15.3853 43.4441 1 1 1
v -0.61343 -5.13574 19.1545 1 1 1
v 3.09726 10.0318 21.924 1 1 1
v -21.9166 -21.2834 38.7592 1 1 1
v 1.93707 3.84241 20.53 1 1 1
v -22.7015 -25.2205 38.0317 1 1 1
v -22.0995 -21.6288 39.1028 1 1 1
v 3.22617 9.67055 21.9881 1 1 1
v -22.6424 -23.8887 39.8624 1 1 1
v -22.6424 -23.8887 39.8624 1 1 1
v -22.2775 -23.1838 39.8638 1 1 1
v 1.44805 8.06902 24.0753 1 1 1
v 1.39895 0.330376 20.4464 1 1 1
v 3.55005 10.8113 22.8087 1 1 1
v 3.49717 10.1767 22.6172 1 1 1
v -2.25352 8.64147 30.4242 1 1 1
v -2.51832 8.5658 30.6982 1 1 1
v 3.57929 10.0234 23.0369 1 1 1
v 3.77636 13.2791 24.5766 1 1 1
v 3.23009 12.877 25.1023 1 1 1
v 3.19674 12.9366 25.2416 1 1 1
v -0.583324 9.54469 28.7935 1 1 1
v 0.356781 9.17548 27.2158 1 1 1
v -1.67975 8.444 30.0816 1 1 1
v 3.59931 12.3928 24.8229 1 1 1
v 2.86205 2.32855 20.5854 1 1 1
v -0.655991 9.1412 29.2812 1 1 1
v 2.88753 4.2955 21.718 1 1 1
v 3.03343 4.22965 21.4862 1 1 1
v -0.978403 9.06012 29.8392 1 1 1
v 0.755561 9.05233 27.4538 1 1 1
v 1.79686 -4.08515 19.1428 1 1 1
v -18.0097 -38.0205 30.5243 1 1 1
v -21.0738 -15.5858 47.0501 1 1 1
v 3.77978 8.7634 23.3318 1 1 1
v -21.5967 -17.8498 46.8867 1 1 1
v 2.87074 2.1177 21.1828 1 1 1
v -16.1363 -37.741 28.9618 1 1 1
v 3.80027 4.26475 21.3814 1 1 1
v 3.74307 10.8544 24.9431 1 1 1
v 3.74307 10.8544 24.9431 1 1 1
v 3.6024 4.35827 21.7613 1 1 1
v 4.93679 11.8849 23.962 1 1 1
v 3.46771 10.4577 25.4588 1 1 1
v 3.70037 4.45086 22.3584 1 1 1
v 3.4371 0.684171 21.561 1 1 1
v -20.6061 -15.5738 52.2773 1 1 1
v -8.86641 -14.0479 34.0249 1 1 1
v -19.9591 -19.7344 49.1524 1 1 1
v -21.1952 -19.6591 51.5138 1 1 1
v 2.80961 -5.11339 19.7573 1 1 1
v 3.66955 0.763339 21.6307 1 1 1
v -20.5965 -20.3333 50.274 1 1 1
v -20.5275 -22.5681 49.26 1 1 1
v -20.4389 -22.9046 48.9854 1 1 1
v -19.8243 -23.9189 47.5146 1 1 1
v -19.2773 -15.9502 51.2557 1 1 1
v -19.7706 -23.8052 47.6759 1 1 1
v -19.1523 -15.1516 51.762 1 1 1
v -19.841 -29.9141 44.4834 1 1 1
v -19.3484 -17.0696 51.2066 1 1 1
v -19.7466 -18.9937 50.8015 1 1 1
v -16.8864 -39.4811 34.2677 1 1 1
v -16.8864 -39.4811 34.2677 1 1 1
v -19.5073 -16.7074 52.0209 1 1 1
v -19.8939 -25.6052 47.6781 1 1 1
v -43.929 -41.9458 79.5772 1 1 1
v -15.1212 -39.9391 31.6244 1 1 1
v -17.9852 -23.216 46.6796 1 1 1
v -17.9852 -23.216 46.6796 1 1 1
v -19.0534 -29.6978 44.7686 1 1 1
v -19.1843 -21.0929 50.1665 1 1 1
v -8.3564 -19.8386 32.1547 1 1 1
v -18.6987 -30.9532 43.8671 1 1 1
v -26.6106 -33.8252 56.2209 1 1 1
v 4.00316 -1.08958 21.59 1 1 1
v 3.90601 -1.47437 21.7532 1 1 1
v 4.05256 2.40513 24.1248 1 1 1
v 3.93352 -1.92629 21.772 1 1 1
v 4.00396 -4.10795 20.419 1 1 1
v 4.02245 -1.82037 21.7932 1 1 1
v 3.92049 -2.13873 21.9196 1 1 1
v 4.09197 -1.95307 21.832 1 1 1
v 4.09599 -2.19402 21.6523 1 1 1
v 4.0365 -4.546 20.4361 1 1 1
v 4.12918 -4.66417 20.2545 1 1 1
v 4.50478 3.05067 24.2913 1 1 1
v -14.9118 -41.5224 33.9109 1 1 1
v -15.8079 -41.2601 35.9073 1 1 1
v 3.93952 -5.2176 20.4092 1 1 1
v -14.9328 -40.1955 34.9361 1 1 1
v 5.04708 10.6618 28.284 1 1 1
v 5.1744 10.5019 27.9354 1 1 1
v 4.40465 2.16814 24.3766 1 1 1
v -9.48821 -11.3063 42.8679 1 1 1
v 4.05176 0.849815 24.278 1 1 1
v 4.73511 -1.07419 22.0113 1 1 1
v 4.15403 -4.65406 21.1502 1 1 1
v 4.56202 -1.4219 22.3937 1 1 1
v 6.73635 12.0927 26.7126 1 1 1
v 4.36711 -1.83041 22.7801 1 1 1
v -11.6211 -38.7322 31.3854 1 1 1
v 4.685 -4.73985 20.2233 1 1 1
v 7.33001 12.0077 25.9148 1 1 1
v 4.83853 3.19961 25.332 1 1 1
v 4.061 1.16438 25.6327 1 1 1
v 6.38162 11.8697 27.9025 1 1 1
v 7.10269 12.0316 26.6792 1 1 1
v 5.1562 7.85116 27.997 1 1 1
v 7.57711 12.2025 26.0546 1 1 1
v 4.47936 -4.48982 21.6391 1 1 1
v 4.23109 -2.81335 23.2605 1 1 1
v 3.69923 5.77999 29.9853 1 1 1
v 5.49737 7.54765 27.4708 1 1 1
v 5.60473 7.33227 27.2983 1 1 1
v 4.70032 -4.81076 21.2021 1 1 1
v 7.39236 11.4125 27.5134 1 1 1
v 2.13668 5.11175 35.8017 1 1 1
v -10.3577 -11.3214 54.8214 1 1 1
v -9.32181 -10.6334 53.5414 1 1 1
v -9.69127 -10.8026 54.4255 1 1 1
v -9.52027 -11.0654 54.1363 1 1 1
v -9.89229 -11.1962 54.8969 1 1 1
v -9.98597 -24.9296 48.0989 1 1 1
v -2.03154 -2.31177 45.2736 1 1 1
v -2.03154 -2.31177 45.2736 1 1 1
v -9.6028 -28.7843 45.8381 1 1 1
v -9.59305 -28.3378 46.1734 1 1 1
v -8.75924 -27.5659 46.7284 1 1 1
v -8.33093 -25.0787 47.8268 1 1 1
v -7.94282 -24.6004 48.2774 1 1 1
v -7.84071 -25.6228 47.7191 1 1 1
v -7.7262 -25.5209 47.5051 1 1 1
v -7.80165 -26.2451 47.4419 1 1 1
v -7.7128 -26.7955 47.0479 1 1 1
v -7.25778 -24.9141 47.8372 1 1 1
v -7.082 -26.6418 46.8689 1 1 1
v -7.01023 -27.2235 46.4932 1 1 1
v -7.00644 -27.8473 46.2525 1 1 1
v -7.00644 -27.8473 46.2525 1 1 1
v -6.77099 -25.4881 47.7919 1 1 1
v -6.77099 -25.4881 47.7919 1 1 1
v -6.48294 -25.8488 46.9911 1 1 1
v -6.10383 -24.7073 47.7546 1 1 1
v -6.01563 -25.8538 47.1766 1 1 1
v -6.01563 -25.8538 47.1766 1 1 1
v -5.98196 -26.4785 46.8779 1 1 1
v -5.98196 -26.4785 46.8779 1 1 1
v -5.66645 -24.6135 48.0434 1 1 1
v -5.66645 -24.6135 48.0434 1 1 1
v -5.48674 -25.7986 47.2195 1 1 1
v -5.48674 -25.7986 47.2195 1 1 1
v -5.30632 -26.2686 46.6374 1 1 1
v -5.30632 -26.2686 46.6374 1 1 1
v -4.82557 -25.6106 47.0096 1 1 1
v -4.82557 -25.6106 47.0096 1 1 1
v -5.52718 -41.119 35.3955 1 1 1
v -5.52718 -41.119 35.3955 1 1 1
v -4.55397 -27.2993 45.8157 1 1 1
v -1.13411 -9.20957 54.2981 1 1 1
v -1.14854 -9.20028 54.2792 1 1 1
v 4.52524 -0.549571 43.9899 1 1 1
v 3.44044 -4.11568 48.3182 1 1 1
v 1.01333 -8.94985 54.2152 1 1 1
v 1.14999 -9.04619 54.2998 1 1 1
v 2.40982 -8.505 52.2348 1 1 1
v 3.43543 -15.1695 40.6232 1 1 1
v -0.541928 -25.0924 47.1628 1 1 1
v 3.1601 -7.45144 51.5691 1 1 1
v 3.5888 -15.1916 40.394 1 1 1
v 10.4022 6.34692 34.4661 1 1 1
v 3.75746 -13.7839 41.8194 1 1 1
v -0.334471 -26.0777 46.7194 1 1 1
v 0.0750917 -25.7155 46.2232 1 1 1
v 0.100333 -25.631 46.4616 1 1 1
v 0.554859 -25.7115 44.6632 1 1 1
v 3.75747 -17.3759 39.3395 1 1 1
v 4.03688 -16.5597 39.5449 1 1 1
v 4.30055 -14.1827 41.1758 1 1 1
v 0.150402 -27.1205 45.7237 1 1 1
v 0.15823 -26.7672 46.3871 1 1 1
v 3.87702 -17.7559 39.0827 1 1 1
v 7.26127 -0.990814 43.7251 1 1 1
v 2.77813 -22.4594 39.365 1 1 1
v 0.626357 -26.5259 45.1681 1 1 1
v 4.62298 -14.7506 40.352 1 1 1
v 4.61522 -14.7532 40.3633 1 1 1
v 4.74354 -14.8887 40.169 1 1 1
v 4.17594 -18.9484 38.2396 1 1 1
v 4.17594 -18.9484 38.2396 1 1 1
v 4.41014 -17.426 39.0899 1 1 1
v 4.12932 -9.62929 52.8175 1 1 1
v 4.63542 -17.4876 39.6595 1 1 1
v 5.18333 -14.946 40.3219 1 1 1
v 5.18333 -14.946 40.3219 1 1 1
v 5.03586 -16.6759 39.0044 1 1 1
v 4.68327 -17.9827 39.4223 1 1 1
v 4.81215 -18.3166 39.0637 1 1 1
v 4.92735 -18.6763 38.4497 1 1 1
v 6.05413 -5.43787 50.4427 1 1 1
v 4.73767 -21.2288 37.2059 1 1 1
v 7.93356 -2.3324 45.5962 1 1 1
v 5.30249 -18.4374 38.3979 1 1 1
v 5.2399 -18.1406 39.2771 1 1 1
v 4.82395 -21.9839 36.7815 1 1 1
v 5.51012 -17.8636 38.7406 1 1 1
v 4.54352 -23.4284 37.1104 1 1 1
v 4.6719 -23.4291 36.9651 1 1 1
v 4.6719 -23.4291 36.9651 1 1 1
v 8.4382 -2.59024 45.229 1 1 1
v 8.42213 -2.59302 45.331 1 1 1
v 5.04924 -23.5233 36.3714 1 1 1
v 5.32403 -22.7992 36.9665 1 1 1
v 6.33097 -19.0303 36.5293 1 1 1
v 9.49039 -0.890021 44.3661 1 1 1
v 12.5395 6.22385 35.3252 1 1 1
v 9.55848 -1.25351 44.5441 1 1 1
v 6.83776 -16.3301 38.7251 1 1 1
v 6.83776 -16.3301 38.7251 1 1 1
v 7.86311 -11.8002 40.9017 1 1 1
v 4.64907 -27.8301 36.9398 1 1 1
v 7.37774 -14.825 39.783 1 1 1
v 5.39434 -24.4778 37.6239 1 1 1
v 6.24892 -22.1537 35.827 1 1 1
v 6.63693 -20.0986 36.753 1 1 1
v 6.23145 -22.4114 36.6772 1 1 1
v 6.26589 -23.9825 35.2752 1 1 1
v 5.67256 -25.8055 36.5325 1 1 1
v 8.60181 -11.3993 40.4031 1 1 1
v 8.92527 -9.98228 40.8008 1 1 1
v 8.88447 -10.2177 40.6253 1 1 1
v 8.80653 -10.7878 40.7163 1 1 1
v 9.0495 -10.067 40.583 1 1 1
v 5.8857 -26.5326 35.6742 1 1 1
v 5.98269 -25.8532 36.3558 1 1 1
v 5.7515 -27.9255 34.3848 1 1 1
v 8.94095 -10.8264 40.9639 1 1 1
v 6.84859 -22.6564 36.2045 1 1 1
v 9.10105 -10.6429 40.5958 1 1 1
v -35.544 -13.3862 32.0624 1 1 1
v -19.3007 -2.77321 26.5862 1 1 1
v -33.7361 -11.1113 34.2116 1 1 1
v -35.0496 -13.5689 34.3772 1 1 1
v -33.7607 -11.5457 34.2346 1 1 1
v -32.7057 -10.9937 33.8397 1 1 1
v -32.7057 -10.9937 33.8397 1 1 1
v -15.796 -1.02259 25.1612 1 1 1
v -34.718 -26.5398 28.98 1 1 1
v -34.4564 -12.3461 34.8302 1 1 1
v -23.813 -6.5799 29.4065 1 1 1
v -23.572 -6.35422 29.5265 1 1 1
v -19.1908 -3.11877 27.5596 1 1 1
v -15.9517 -1.765 25.7624 1 1 1
v -16.6926 -2.33977 26.1499 1 1 1
v -15.7562 -2.33308 25.8668 1 1 1
v -23.2256 -6.69994 30.2263 1 1 1
v -25.0056 -24.9383 23.9468 1 1 1
v -27.6815 -32.3387 22.9833 1 1 1
v -15.6578 -2.64232 25.9555 1 1 1
v -15.6136 -2.6057 26.0859 1 1 1
v -23.1049 -6.84911 30.4349 1 1 1
v -18.9073 -3.77925 28.3746 1 1 1
v -32.0445 -11.8875 36.8515 1 1 1
v -14.7836 -1.73219 26.7262 1 1 1
v -15.2651 -2.32182 26.9426 1 1 1
v -14.4425 -1.75647 26.6661 1 1 1
v -14.9201 -1.56368 27.1702 1 1 1
v -15.3433 -2.95305 27.0418 1 1 1
v -23.4055 -7.81734 32.0825 1 1 1
v -15.2022 -3.27424 27.3587 1 1 1
v -14.9252 -3.09913 27.1783 1 1 1
v -17.1942 -4.07162 28.8383 1 1 1
v -14.7941 -2.91223 27.5246 1 1 1
v -14.4626 -1.64593 27.9469 1 1 1
v -13.8909 -2.03336 27.4148 1 1 1
v -14.1176 -2.21596 27.5862 1 1 1
v -17.2135 -4.1965 29.5604 1 1 1
v -14.1207 -1.98526 28.1256 1 1 1
v -3.18555 8.97921 23.27 1 1 1
v -16.9913 -4.65892 29.7933 1 1 1
v -4.35018 12.1389 25.6737 1 1 1
v -22.064 -8.19424 33.6089 1 1 1
v -14.7931 -4.14742 28.816 1 1 1
v -25.3745 -27.0535 28.4312 1 1 1
v -19.231 -6.44582 32.4649 1 1 1
v -14.1777 -4.15735 28.6386 1 1 1
v -13.8983 -4.10838 28.6862 1 1 1
v -3.12572 7.8056 23.6779 1 1 1
v -3.71485 7.46692 24.2919 1 1 1
v -16.0846 -5.05611 30.7805 1 1 1
v -15.8711 -5.21942 30.9015 1 1 1
v -26.5402 -13.1235 38.7473 1 1 1
v -2.14621 4.07876 21.9866 1 1 1
v -2.7291 11.6786 26.2515 1 1 1
v -26.1671 -12.934 39.3656 1 1 1
v -2.38486 4.1148 23.1312 1 1 1
v -1.57066 3.29742 22.0463 1 1 1
v -1.77808 3.97271 22.8029 1 1 1
v -1.2063 7.85278 24.2803 1 1 1
v 0.518675 12.826 24.9772 1 1 1
v -8.62948 6.53832 32.2818 1 1 1
v -1.39735 7.32804 24.6494 1 1 1
v -0.273935 3.11102 21.8264 1 1 1
v -24.066 -22.2474 37.3345 1 1 1
v -0.722622 -4.93118 18.9493 1 1 1
v -23.2785 -24.5928 36.9426 1 1 1
v 0.99434 8.21387 24.0599 1 1 1
v -0.565942 -5.10885 19.1852 1 1 1
v -0.515546 -5.16671 19.168 1 1 1
v 0.965201 7.80615 24.1174 1 1 1
v 1.21078 6.91277 23.995 1 1 1
v 0.794866 8.50356 25.1732 1 1 1
v 0.570329 8.5939 25.511 1 1 1
v -22.4806 -25.273 37.8259 1 1 1
v 1.29496 0.706325 20.6755 1 1 1
v 1.29496 0.706325 20.6755 1 1 1
v 1.1302 0.443148 20.7883 1 1 1
v -2.23308 8.59293 30.669 1 1 1
v -1.21873 8.82075 29.6464 1 1 1
v 4.0496 13.4548 25.0401 1 1 1
v 3.27225 12.5446 25.833 1 1 1
v 2.65315 1.96013 20.9006 1 1 1
v 3.1089 4.7706 22.3199 1 1 1
v 3.21531 4.74715 22.1716 1 1 1
v 1.61437 -5.24342 18.9258 1 1 1
v -17.9974 -37.5829 30.1651 1 1 1
v 0.681026 7.0958 28.5996 1 1 1
v 2.20041 -5.39051 19.8492 1 1 1
v 2.20041 -5.39051 19.8492 1 1 1
v 2.7609 -5.16632 19.2272 1 1 1
v 3.01218 -5.06377 18.9444 1 1 1
v 3.01218 -5.06377 18.9444 1 1 1
v 3.82961 2.94632 23.4298 1 1 1
v 3.56245 10.5057 28.5491 1 1 1
v -6.8793 -17.11 29.8215 1 1 1
v -19.321 -18.9553 49.8068 1 1 1
v 4.23912 2.43751 22.9205 1 1 1
v -20.1073 -26.2454 47.679 1 1 1
v 3.93009 10.5106 28.6892 1 1 1
v -20.443 -26.5135 48.1202 1 1 1
v -6.09857 -16.9605 29.5208 1 1 1
v -35.7485 -38.1971 67.4199 1 1 1
v 3.97928 9.58772 28.1112 1 1 1
v 3.98672 -1.14742 21.5923 1 1 1
v 4.13861 -1.13306 21.5738 1 1 1
v -46.9823 -52.6731 80.0574 1 1 1
v 4.04202 -1.8732 21.7043 1 1 1
v 4.45753 0.332706 22.4092 1 1 1
v 4.17629 -1.72151 21.7195 1 1 1
v 4.18815 -4.03479 20.2831 1 1 1
v -15.5056 -39.896 34.4473 1 1 1
v -15.5056 -39.896 34.4473 1 1 1
v -15.4635 -39.954 34.8497 1 1 1
v 4.47724 -1.36111 22.1958 1 1 1
v 4.38504 -4.29857 20.612 1 1 1
v 4.38504 -4.29857 20.612 1 1 1
v 4.67985 -1.21912 22.1027 1 1 1
v 6.61061 11.7842 27.0354 1 1 1
v 4.30821 -5.06796 20.8178 1 1 1
v 4.65094 -4.70788 21.0587 1 1 1
v 4.65094 -4.70788 21.0587 1 1 1
v 4.77892 -4.40188 21.0481 1 1 1
v -14.5515 -12.5167 55.252 1 1 1
v 5.84747 10.0714 29.4181 1 1 1
v -11.9659 -25.046 43.7382 1 1 1
v -5.18227 -4.07794 46.8936 1 1 1
v 6.73659 9.36583 30.6042 1 1 1
v 7.02376 9.55708 30.1202 1 1 1
v -9.95448 -25.2879 47.9392 1 1 1
v -8.23804 -10.7879 54.8381 1 1 1
v -9.78895 -26.4169 47.1353 1 1 1
v -9.65903 -27.552 46.4285 1 1 1
v -2.02635 -19.6362 33.1901 1 1 1
v -2.02635 -19.6362 33.1901 1 1 1
v -10.8766 -28.7797 49.1958 1 1 1
v -9.35485 -27.7944 45.9253 1 1 1
v -26.4415 -45.1975 77.8113 1 1 1
v -8.96125 -27.9598 45.9294 1 1 1
v -8.96125 -27.9598 45.9294 1 1 1
v -8.64699 -26.8415 46.796 1 1 1
v -8.46586 -27.9225 45.9924 1 1 1
v -7.8164 -40.3427 34.6761 1 1 1
v -25.123 -45.4656 78.6998 1 1 1
v -7.73461 -40.4187 34.9782 1 1 1
v 8.23432 9.19478 31.0969 1 1 1
v -1.30504 -20.1801 34.1543 1 1 1
v -7.48342 -26.5753 46.6393 1 1 1
v -7.33478 -27.7135 45.8817 1 1 1
v -7.33478 -27.7135 45.8817 1 1 1
v -2.20542 -6.82004 51.0376 1 1 1
v 2.97098 0.916839 42.1312 1 1 1
v -6.13402 -27.4266 45.6642 1 1 1
v -3.5539 -9.6529 53.5452 1 1 1
v -1.48299 -21.8628 37.6716 1 1 1
v -5.02519 -27.9543 45.3999 1 1 1
v -5.02519 -27.9543 45.3999 1 1 1
v -5.1157 -32.576 41.9978 1 1 1
v 1.78119 -18.8505 32.9546 1 1 1
v 4.56164 -0.428921 44.1576 1 1 1
v 0.889617 -9.02082 53.9302 1 1 1
v 1.18617 -8.99246 55.0074 1 1 1
v 3.30138 -15.4237 39.9353 1 1 1
v 3.68805 -15.2628 39.5885 1 1 1
v 6.67462 0.0192066 43.9294 1 1 1
v 3.85186 -14.8205 40.0897 1 1 1
v 3.80065 -13.5805 41.9613 1 1 1
v 3.88611 -13.6675 41.7705 1 1 1
v 3.72569 -6.05791 51.5433 1 1 1
v 4.03356 -14.787 39.9844 1 1 1
v 3.57583 -18.0167 38.9744 1 1 1
v 0.201917 -25.9966 45.3009 1 1 1
v 0.201917 -25.9966 45.3009 1 1 1
v 6.87022 -0.717416 44.3162 1 1 1
v 4.12761 -5.97614 51.302 1 1 1
v 7.47099 0.501104 43.5104 1 1 1
v 3.90823 -16.8152 39.5289 1 1 1
v 4.25905 -14.242 41.0118 1 1 1
v 4.32467 -14.2154 40.7385 1 1 1
v 4.37534 -14.8082 40.3899 1 1 1
v 3.99671 -17.2519 39.1482 1 1 1
v 4.22319 -16.4103 39.3467 1 1 1
v 4.43637 -15.1451 39.9472 1 1 1
v 4.43637 -15.1451 39.9472 1 1 1
v 4.43637 -15.1451 39.9472 1 1 1
v 4.21485 -16.7397 39.2701 1 1 1
v 4.55759 -16.654 38.6014 1 1 1
v 4.37532 -17.2575 38.7935 1 1 1
v 4.78477 -14.6366 40.6062 1 1 1
v 4.33947 -17.0914 39.4794 1 1 1
v 3.35679 -22.1099 38.6297 1 1 1
v 7.80553 -0.29359 43.9677 1 1 1
v 4.90049 -15.082 40.1896 1 1 1
v 4.88898 -14.8298 40.8234 1 1 1
v 5.09019 -14.7374 40.0502 1 1 1
v 11.7715 7.59662 34.2673 1 1 1
v 6.15667 -3.87339 49.174 1 1 1
v 5.3339 -6.34435 51.0037 1 1 1
v 4.70097 -18.196 38.7213 1 1 1
v 5.25094 -15.1451 40.4185 1 1 1
v 4.80681 -18.3013 38.7371 1 1 1
v 3.14215 -23.921 40.2166 1 1 1
v 5.97791 -5.13251 50.9006 1 1 1
v 4.87073 -20.3426 37.4418 1 1 1
v 5.29478 -17.8751 38.5215 1 1 1
v 5.17527 -18.8928 38.2277 1 1 1
v 5.29838 -18.8402 37.8477 1 1 1
v 5.68231 -17.1081 38.292 1 1 1
v 4.19809 -24.2904 36.6642 1 1 1
v 4.50388 -23.4108 36.3205 1 1 1
v 5.3268 -18.8146 38.1089 1 1 1
v 8.8544 -0.305531 43.9556 1 1 1
v 5.83608 -17.2199 38.368 1 1 1
v 5.74984 -18.93 36.5127 1 1 1
v 5.74984 -18.93 36.5127 1 1 1
v 8.64432 -1.33828 44.915 1 1 1
v 7.09171 -5.3748 48.4224 1 1 1
v 5.99712 -17.21 37.9605 1 1 1
v 4.51797 -22.8921 38.527 1 1 1
v 4.64539 -25.368 35.1474 1 1 1
v 4.85127 -23.8326 36.0063 1 1 1
v 6.09764 -14.8451 41.88 1 1 1
v 6.30178 -16.3657 38.6879 1 1 1
v 9.1692 -0.467137 44.6865 1 1 1
v 9.19009 -0.749678 44.8205 1 1 1
v 6.43047 -14.487 41.8742 1 1 1
v 5.83323 -20.7517 36.0502 1 1 1
v 9.36989 -0.206011 44.9315 1 1 1
v 5.46422 -22.5938 35.8049 1 1 1
v 5.46422 -22.5938 35.8049 1 1 1
v 6.5325 -14.5532 41.5591 1 1 1
v 5.68698 -21.9586 35.8711 1 1 1
v 9.37874 -0.985124 45.0362 1 1 1
v 6.73479 -15.6452 39.4393 1 1 1
v 6.73479 -15.6452 39.4393 1 1 1
v 5.83007 -21.6606 36.12 1 1 1
v 9.52 -0.944812 45.2614 1 1 1
v 9.91696 0.0881129 44.4874 1 1 1
v 7.3371 -13.5054 40.3837 1 1 1
v 9.67425 -0.715453 45.6787 1 1 1
v 7.48819 -13.6833 40.3614 1 1 1
v 5.66163 -24.5629 35.4613 1 1 1
v 7.49528 -14.2542 39.6958 1 1 1
v 6.24546 -22.7226 34.7923 1 1 1
v 9.69792 -1.49974 46.069 1 1 1
v 8.21895 -11.168 40.5194 1 1 1
v 8.36529 -10.3623 41.0608 1 1 1
v 8.13336 -11.5216 40.9085 1 1 1
v 9.99517 -0.864386 46.2033 1 1 1
v 8.27203 -11.5132 40.9549 1 1 1
v 8.58564 -10.57 40.4752 1 1 1
v 8.33384 -11.5819 40.5626 1 1 1
v 8.33384 -11.5819 40.5626 1 1 1
v 8.4647 -11.3027 40.6587 1 1 1
v 8.74642 -10.0986 40.8448 1 1 1
v 9.9607 -1.70409 46.6588 1 1 1
v 8.75301 -10.3703 40.816 1 1 1
v 8.94241 -9.727 40.8413 1 1 1
v 5.66697 -26.8469 35.9163 1 1 1
v 6.83921 -21.5702 36.2438 1 1 1
v 8.54041 -12.0315 40.2673 1 1 1
v 6.75268 -22.1508 36.0706 1 1 1
v 4.06624 -35.7402 32.5573 1 1 1
v 4.06624 -35.7402 32.5573 1 1 1
v 10.2225 -2.08395 46.0323 1 1 1
v 8.9902 -10.3449 40.6973 1 1 1
v 6.91348 -21.9125 36.0913 1 1 1
v 10.2211 -1.93149 46.6591 1 1 1
v 10.2286 -1.7419 47.1287 1 1 1
v 6.0633 -27.1424 33.9842 1 1 1
v 9.12392 -10.4284 40.5639 1 1 1
v 10.3489 -2.05909 46.5159 1 1 1
v 4.32113 -35.8608 32.4216 1 1 1
v 4.32113 -35.8608 32.4216 1 1 1
v 10.426 -2.24568 46.3997 1 1 1
v 7.16767 -22.2274 36.0561 1 1 1
v 6.30604 -27.3055 33.855 1 1 1
v 6.32226 -27.4108 33.6907 1 1 1
v 10.553 -2.213 47.076 1 1 1
v -4.85998 12.6174 24.9306 1 1 1
v -4.33473 12.0206 24.4475 1 1 1
v -4.7757 12.3798 25.1046 1 1 1
v -3.79134 11.5608 24.5082 1 1 1
v -7.63833 5.6427 25.3048 1 1 1
v -4.39856 7.88896 24.1085 1 1 1
v -3.92481 11.7511 25.9758 1 1 1
v -1.69639 3.88819 21.2068 1 1 1
v -2.09626 3.94216 21.6531 1 1 1
v -2.52044 11.957 26.2134 1 1 1
v -2.21988 11.1118 25.6735 1 1 1
v -2.63511 4.32318 22.664 1 1 1
v -1.75289 4.11239 21.9313 1 1 1
v -1.77701 0.495036 20.0862 1 1 1
v -1.66907 3.69522 21.6505 1 1 1
v -1.96687 11.4416 26.0673 1 1 1
v -1.79381 4.11045 22.0269 1 1 1
v -1.8788 2.96227 21.9506 1 1 1
v -2.45055 1.80611 21.9829 1 1 1
v -1.2269 4.34933 22.1769 1 1 1
v -3.06261 6.82429 25.4353 1 1 1
v -2.21303 6.87965 24.5873 1 1 1
v -0.248398 7.59307 22.9233 1 1 1
v 1.45306 11.5271 23.0498 1 1 1
v -2.56553 -2.50507 20.2257 1 1 1
v -2.91869 6.62135 25.7216 1 1 1
v -1.36491 7.54826 24.5623 1 1 1
v 0.369287 12.6104 25.6184 1 1 1
v 2.58721 14.623 24.3586 1 1 1
v 0.143315 3.51216 21.2978 1 1 1
v 15.5213 1.62092 3.23414 1 1 1
v -2.26215 7.24579 26.0706 1 1 1
v -2.63544 5.71991 25.9054 1 1 1
v 1.2827 12.2705 25.1577 1 1 1
v 0.849953 8.25608 23.6222 1 1 1
v 0.938316 7.58731 23.4133 1 1 1
v 3.17564 9.68159 22.0705 1 1 1
v -3.33152 6.14456 27.7922 1 1 1
v 1.68468 4.2481 20.9671 1 1 1
v 3.5938 10.2324 22.0535 1 1 1
v -0.453133 -4.8974 18.926 1 1 1
v 0.993009 7.79351 24.109 1 1 1
v -0.543312 -5.17018 19.0808 1 1 1
v 1.50695 4.0804 21.6413 1 1 1
v 1.82784 4.0239 21.242 1 1 1
v 0.0223981 0.651577 21.5986 1 1 1
v 0.0223981 0.651577 21.5986 1 1 1
v 0.609497 3.62443 22.8014 1 1 1
v 1.40061 3.77915 21.8955 1 1 1
v -0.564405 -5.84525 18.9842 1 1 1
v -1.16303 -5.88699 19.8202 1 1 1
v 1.98948 3.72728 21.4381 1 1 1
v 1.48256 0.723715 20.4099 1 1 1
v -0.77794 -6.32959 19.4306 1 1 1
v -0.400789 -5.90287 19.225 1 1 1
v -1.40518 -6.66297 20.1031 1 1 1
v 1.08292 0.677688 21.0988 1 1 1
v -3.14288 6.01614 29.3907 1 1 1
v 2.96188 13.1458 25.7022 1 1 1
v -2.37373 6.4801 28.7493 1 1 1
v 1.64967 -2.40766 18.7819 1 1 1
v 2.72761 12.5794 25.8457 1 1 1
v 3.00279 2.53313 20.3909 1 1 1
v 3.10176 2.32395 20.2568 1 1 1
v 0.161144 8.955 27.924 1 1 1
v -0.446954 8.85866 28.9687 1 1 1
v 2.98578 2.50276 20.7847 1 1 1
v 3.36304 4.42168 21.5988 1 1 1
v 3.87112 10.7313 24.5731 1 1 1
v 2.57857 1.65307 21.1715 1 1 1
v 2.68527 3.95372 22.5533 1 1 1
v 3.75594 4.31771 21.5563 1 1 1
v 3.81397 9.35779 24.5504 1 1 1
v 3.08677 2.92121 21.9639 1 1 1
v 0.557774 -7.1745 19.7868 1 1 1
v 2.65689 -3.41994 18.9253 1 1 1
v 3.73001 4.30616 22.0131 1 1 1
v 0.775192 -6.2883 20.2242 1 1 1
v 3.37597 11.5689 27.0397 1 1 1
v 3.37597 11.5689 27.0397 1 1 1
v 3.07655 0.118622 20.8597 1 1 1
v 2.59735 -5.52994 18.6623 1 1 1
v 1.2939 5.82752 27.8262 1 1 1
v -0.967252 7.51882 32.4695 1 1 1
v 4.06751 9.37535 26.0837 1 1 1
v 3.39179 -0.52209 21.1694 1 1 1
v 0.327249 7.12017 31.2908 1 1 1
v 4.41481 1.27226 21.1906 1 1 1
v 4.16371 -3.41989 19.0305 1 1 1
v 1.80675 -6.7958 20.8875 1 1 1
v 2.71059 -5.67732 20.0942 1 1 1
v 2.69017 -5.68958 20.1242 1 1 1
v 3.71287 0.028583 21.9998 1 1 1
v 3.8617 -0.131919 22.0044 1 1 1
v 3.91638 -3.58548 19.8218 1 1 1
v 3.82632 2.6613 23.9814 1 1 1
v 4.62202 11.567 28.3078 1 1 1
v 3.10576 -5.5706 20.0959 1 1 1
v 4.09635 -0.915592 21.4367 1 1 1
v 6.55376 -6.05714 14.1315 1 1 1
v 3.45321 2.24436 24.5159 1 1 1
v 0.876395 -10.6661 20.8532 1 1 1
v 2.93152 6.49465 28.4646 1 1 1
v 3.68589 -1.84051 21.8727 1 1 1
v 1.46678 -9.7501 20.8931 1 1 1
v 3.72805 -5.22675 19.8905 1 1 1
v 4.28931 -1.68673 21.5396 1 1 1
v 4.30003 -3.98137 20.1156 1 1 1
v 4.35974 -4.0781 20.0811 1 1 1
v 4.33035 2.28203 24.3021 1 1 1
v 4.11545 -4.69543 20.4073 1 1 1
v 4.35129 -4.52517 20.1412 1 1 1
v 4.0149 -5.25949 20.2936 1 1 1
v 2.25532 6.45726 31.6449 1 1 1
v 5.08544 6.83112 26.7772 1 1 1
v 4.63102 1.48566 24.0496 1 1 1
v 3.97646 9.14105 30.4392 1 1 1
v 4.1107 -4.57776 21.1291 1 1 1
v 4.28427 6.25795 28.1026 1 1 1
v 4.19858 -5.86523 20.6606 1 1 1
v 5.69987 -4.05715 18.9503 1 1 1
v 5.81533 7.37229 26.7162 1 1 1
v 4.58662 -4.80252 21.124 1 1 1
v 3.1751 -8.01143 21.8394 1 1 1
v 4.79052 -4.61813 21.1278 1 1 1
v 4.79052 -4.61813 21.1278 1 1 1
v 5.00914 9.59514 30.5553 1 1 1
v 4.94115 2.43275 25.7719 1 1 1
v 4.87733 -4.55886 21.1546 1 1 1
v 6.09418 10.0667 30.0403 1 1 1
v 2.48132 5.07041 34.7842 1 1 1
v 4.126 6.36412 34.4691 1 1 1
v 4.126 6.36412 34.4691 1 1 1
v 4.126 6.36412 34.4691 1 1 1
v 15.0085 2.44661 6.16675 1 1 1
v 8.94608 -9.43743 11.941 1 1 1
v 5.45793 6.1494 34.9108 1 1 1
v 7.76171 -8.20095 17.6486 1 1 1
v 7.76171 -8.20095 17.6486 1 1 1
v 7.95606 -8.16429 17.6349 1 1 1
v 10.4917 9.79324 30.6338 1 1 1
v 15.0845 1.48634 3.54509 1 1 1
v -1.99666 2.80608 21.1016 1 1 1
v -2.4666 2.82523 21.7964 1 1 1
v -2.46521 1.01605 20.8883 1 1 1
v -3.56886 0.470591 21.8951 1 1 1
v -2.29506 2.78993 22.3594 1 1 1
v -0.955007 2.88988 21.5801 1 1 1
v -1.08648 6.79116 24.0498 1 1 1
v 1.44716 4.19183 20.9732 1 1 1
v 0.351522 7.16738 23.8559 1 1 1
v 1.43103 7.39153 23.7398 1 1 1
v 1.86591 4.13562 21.5272 1 1 1
v -1.7571 -6.53564 20.0464 1 1 1
v 3.80352 8.36038 21.5752 1 1 1
v 1.24301 0.358178 20.6522 1 1 1
v 0.561562 4.80259 24.1963 1 1 1
v 2.23909 3.9932 21.7806 1 1 1
v 6.84664 0.289376 14.6132 1 1 1
v 6.84664 0.289376 14.6132 1 1 1
v 1.82188 -5.19774 18.5297 1 1 1
v 1.82188 -5.19774 18.5297 1 1 1
v 1.81878 -5.48009 18.9933 1 1 1
v 2.35151 -4.305 19.1072 1 1 1
v 2.89957 -5.35338 18.3004 1 1 1
v 2.44213 -6.11476 18.981 1 1 1
v 2.87258 -5.26328 19.5803 1 1 1
v 3.22466 -5.20088 19.2439 1 1 1
v 3.76886 -5.58527 18.4889 1 1 1
v 3.36826 -3.86878 20.3433 1 1 1
v 3.18371 -4.57753 21.3237 1 1 1
v 3.60817 -1.95774 22.471 1 1 1
v 4.10248 2.15362 24.422 1 1 1
v 3.18473 -5.96826 20.7206 1 1 1
v 8.34687 9.91178 22.907 1 1 1
v 4.38241 -1.04838 22.9062 1 1 1
v 4.07715 -1.90618 22.9726 1 1 1
v 3.89082 -2.23078 23.2196 1 1 1
v 3.50214 -5.73301 21.601 1 1 1
v 3.78989 -2.51858 23.805 1 1 1
v 4.13208 -5.07136 21.5873 1 1 1
v 4.35992 -5.03366 21.4269 1 1 1
v 4.6082 2.41263 26.2319 1 1 1
v 3.39024 0.157832 24.1383 1 1 1
v -20.3451 2.67507 27.9274 1 1 1
v -31.3159 -4.01042 32.7041 1 1 1
v -25.8953 -1.82092 30.2784 1 1 1
v -26.7989 -3.04426 30.9159 1 1 1
v -19.5232 12.3936 33.0197 1 1 1
v -24.247 -2.47434 29.8993 1 1 1
v -23.87 -2.74174 30.5861 1 1 1
v -23.5307 -3.38423 31.6315 1 1 1
v -22.5652 -2.20001 32.3814 1 1 1
v -22.2365 -1.9341 32.2736 1 1 1
v -8.67422 15.8284 30.1127 1 1 1
v -9.71104 14.278 30.8283 1 1 1
v -9.92645 10.3756 29.2219 1 1 1
v -22.0318 -2.96034 33.8693 1 1 1
v -8.77465 10.7851 29.2251 1 1 1
v -9.18876 9.19399 29.052 1 1 1
v -22.3534 -4.13134 34.3943 1 1 1
v -22.572 -3.1048 35.0544 1 1 1
v -10.2512 12.0672 31.7693 1 1 1
v -9.51264 14.3729 32.2919 1 1 1
v -9.91839 14.5489 32.7262 1 1 1
v -21.8022 -5.1448 34.2952 1 1 1
v -7.68931 8.09227 28.3194 1 1 1
v -22.8841 -5.83249 35.9548 1 1 1
v -7.54588 14.5198 32.3791 1 1 1
v -6.09791 4.19345 25.7586 1 1 1
v -5.7372 4.31917 25.7294 1 1 1
v -5.58008 4.27498 25.8994 1 1 1
v -6.82223 13.837 32.3786 1 1 1
v -4.4913 15.1872 30.8646 1 1 1
v -7.18374 8.01604 29.9204 1 1 1
v -7.253 1.58296 26.8684 1 1 1
v -5.9483 9.01176 29.4002 1 1 1
v -5.56901 3.05325 25.9326 1 1 1
v -4.35355 9.08487 27.9793 1 1 1
v -5.46246 8.3869 29.1329 1 1 1
v -6.84092 7.49124 30.4846 1 1 1
v -0.360606 17.2378 28.7856 1 1 1
v -2.35557 7.90728 27.3453 1 1 1
v -2.76861 8.77244 28.2884 1 1 1
v -1.66441 3.37538 24.2333 1 1 1
v -2.56631 9.49988 28.9824 1 1 1
v -1.47686 3.26275 24.4302 1 1 1
v -2.71504 9.05936 29.168 1 1 1
v -3.15504 -6.24332 21.471 1 1 1
v -1.32879 3.93989 25.3514 1 1 1
v -5.42888 12.4911 35.1656 1 1 1
v -1.24178 17.3638 32.8949 1 1 1
v -8.02879 7.90842 36.3915 1 1 1
v -1.38849 0.314311 23.8314 1 1 1
v -1.39421 0.310702 23.8447 1 1 1
v -0.089915 15.593 30.801 1 1 1
v -0.433135 14.9507 31.0847 1 1 1
v 0.726493 11.804 28.0535 1 1 1
v -0.244765 4.17543 25.0661 1 1 1
v -9.7974 8.59929 39.8584 1 1 1
v 0.4919 2.19803 23.6418 1 1 1
v 0.585002 2.41893 23.9165 1 1 1
v -1.08694 15.2671 33.5959 1 1 1
v 1.14286 10.1475 27.871 1 1 1
v 0.253901 5.14722 26.4496 1 1 1
v 0.503431 4.09089 25.5673 1 1 1
v 0.110692 -5.01175 20.9539 1 1 1
v -0.349144 -5.2615 21.4693 1 1 1
v -1.04454 -6.80442 21.7833 1 1 1
v -1.08792 -7.00963 21.9783 1 1 1
v 2.38575 -3.46765 19.2908 1 1 1
v 0.302391 5.68947 27.7865 1 1 1
v 0.260449 -4.57478 21.7629 1 1 1
v 0.993778 0.564372 24.9538 1 1 1
v 0.752524 0.0888678 25.0629 1 1 1
v 0.237091 -6.60277 21.9775 1 1 1
v 0.0274753 12.849 34.2259 1 1 1
v 0.999341 -1.1395 24.5182 1 1 1
v 1.74541 0.908694 25.2667 1 1 1
v 1.74541 0.908694 25.2667 1 1 1
v 0.761742 -6.53436 22.247 1 1 1
v 1.10633 -6.27441 22.0625 1 1 1
v 1.63839 -0.456813 25.0927 1 1 1
v 0.417329 12.8509 35.8393 1 1 1
v 2.09702 -0.562078 24.6476 1 1 1
v 1.80305 13.8015 34.3377 1 1 1
v 1.43991 -6.41483 22.1567 1 1 1
v 1.07723 2.16279 28.4164 1 1 1
v 0.634254 -1.84774 26.7026 1 1 1
v 1.83512 -2.2929 24.4831 1 1 1
v 2.01189 -1.80133 24.5455 1 1 1
v 2.22011 1.02764 26.0946 1 1 1
v 2.07056 -1.80944 24.6964 1 1 1
v 1.48572 -2.66786 25.1745 1 1 1
v 1.07951 -6.88714 23.4875 1 1 1
v 1.99676 -5.2457 22.9491 1 1 1
v 1.75104 13.1144 35.5059 1 1 1
v 2.00411 -5.39685 23.0457 1 1 1
v 2.17961 -2.79467 24.5596 1 1 1
v 1.72603 2.04843 28.5665 1 1 1
v 1.56746 -6.72043 23.23 1 1 1
v 1.82141 2.19789 28.7003 1 1 1
v 0.491445 -7.92195 24.4788 1 1 1
v 2.28091 -5.25902 23.0896 1 1 1
v 3.5152 15.3152 34.537 1 1 1
v 1.83185 -6.65384 23.3565 1 1 1
v 2.29272 -5.77408 23.1008 1 1 1
v 1.93979 -6.68135 23.2089 1 1 1
v 4.27255 15.4094 33.7012 1 1 1
v 1.72393 7.61583 33.2296 1 1 1
v 1.42273 1.21772 29.618 1 1 1
v 0.40958 11.1834 38.273 1 1 1
v 2.09698 7.98285 33.0002 1 1 1
v 2.47158 -5.69717 23.1325 1 1 1
v 3.07904 14.8171 36.016 1 1 1
v 1.5908 7.13851 33.6737 1 1 1
v 2.23443 -5.65541 23.7831 1 1 1
v 2.23443 -5.65541 23.7831 1 1 1
v 2.29319 12.7773 36.2637 1 1 1
v 2.44765 -2.54426 25.6831 1 1 1
v 1.67265 9.75741 36.7117 1 1 1
v 2.71637 -5.58572 24.5474 1 1 1
v 2.71987 12.3708 37.0899 1 1 1
v 3.21579 11.7026 38.1668 1 1 1
v 1.77032 9.86907 40.1979 1 1 1
v 4.19798 11.7838 38.0401 1 1 1
v 0.409178 7.75244 43.9549 1 1 1
v 6.02166 13.0425 35.1856 1 1 1
v 5.6375 3.69206 51.956 1 1 1
v 2.58495 -22.3522 47.9969 1 1 1
v 2.3301 -25.1768 47.3799 1 1 1
v 3.39545 -19.2342 51.0014 1 1 1
v 3.1688 -22.0759 49.1616 1 1 1
v 3.95322 -20.5659 49.1796 1 1 1
v 3.78925 -25.636 42.5403 1 1 1
v 4.17239 -19.8667 48.9131 1 1 1
v 3.86534 -23.1034 46.7205 1 1 1
v 3.51011 -23.9119 48.0645 1 1 1
v -53.3034 -17.9186 41.9782 1 1 1
v -52.1936 -17.619 41.3562 1 1 1
v -50.3204 -18.3762 39.7333 1 1 1
v -45.837 -24.5925 34.4376 1 1 1
v -36.2872 -7.20153 35.5089 1 1 1
v -23.4581 -1.54748 30.2773 1 1 1
v -49.7441 -20.8047 41.3231 1 1 1
v -26.1971 -3.74915 31.6574 1 1 1
v -53.3586 -16.511 47.2109 1 1 1
v -51.5747 -16.1359 46.0716 1 1 1
v -55.5415 -17.9416 48.5005 1 1 1
v -28.3413 -4.72805 33.9842 1 1 1
v -52.9088 -36.0458 38.7647 1 1 1
v -57.1657 -21.5572 48.8993 1 1 1
v -54.0192 -17.1828 48.8155 1 1 1
v -54.3271 -22.1164 47.005 1 1 1
v -53.9594 -18.2914 48.6454 1 1 1
v -35.9699 -9.28855 39.2631 1 1 1
v -43.4306 -13.0525 44.292 1 1 1
v -22.5532 -3.20904 32.0626 1 1 1
v -40.9597 -33.9167 33.0679 1 1 1
v -51.7714 -17.7421 49.7575 1 1 1
v -53.3343 -33.5913 45.454 1 1 1
v -55.0086 -18.2008 53.9211 1 1 1
v -55.0086 -18.2008 53.9211 1 1 1
v -23.9811 -4.37254 34.1017 1 1 1
v -33.5143 -9.65047 40.5815 1 1 1
v -33.5143 -9.65047 40.5815 1 1 1
v -37.2789 -12.2122 43.0363 1 1 1
v -21.7804 -2.50968 34.0258 1 1 1
v -36.2693 -11.2701 42.7883 1 1 1
v -26.9773 -6.06158 37.017 1 1 1
v -23.0102 -4.5086 34.1846 1 1 1
v -48.4101 -16.868 51.6457 1 1 1
v -34.1974 -10.1698 42.1091 1 1 1
v -8.9354 11.1412 29.7451 1 1 1
v -27.2653 -6.76318 37.8696 1 1 1
v -45.483 -15.0738 50.5457 1 1 1
v -6.65573 10.6921 27.6502 1 1 1
v -21.9938 -5.4587 35.4421 1 1 1
v -8.30368 13.4173 32.8657 1 1 1
v -8.45129 13.4724 33.0912 1 1 1
v -4.6017 3.85445 24.6696 1 1 1
v -44.3222 -18.9457 54.0551 1 1 1
v -40.0238 -16.6145 51.2054 1 1 1
v -5.62993 4.26628 26.0842 1 1 1
v -40.2455 -16.9386 51.2796 1 1 1
v -7.81846 13.625 33.1156 1 1 1
v -7.81846 13.625 33.1156 1 1 1
v -41.8457 -18.0631 53.2532 1 1 1
v -5.3147 3.0567 25.6619 1 1 1
v -4.82432 3.84172 25.5573 1 1 1
v -5.32891 3.57809 25.9927 1 1 1
v -35.2225 -24.245 43.8729 1 1 1
v -35.2225 -24.245 43.8729 1 1 1
v -38.7201 -26.0953 46.7729 1 1 1
v -3.69917 2.9269 24.5377 1 1 1
v -7.12235 15.097 34.7717 1 1 1
v -4.30203 3.39238 25.9432 1 1 1
v -2.37317 3.65151 24.2812 1 1 1
v -6.88308 5.43422 30.5178 1 1 1
v -4.42551 3.78851 26.9212 1 1 1
v -1.17841 4.25296 24.1218 1 1 1
v -0.82127 4.47793 24.0581 1 1 1
v -38.7755 -27.753 52.2478 1 1 1
v -27.1782 -20.2735 43.0967 1 1 1
v -3.4921 -6.27613 21.9404 1 1 1
v 0.80609 12.4687 26.8382 1 1 1
v -0.823411 4.18638 24.5937 1 1 1
v -38.7662 -30.8935 52.7233 1 1 1
v -39.9384 -35.5982 51.5702 1 1 1
v -38.7164 -31.0666 52.694 1 1 1
v -2.6999 9.76414 30.1775 1 1 1
v -0.658534 4.32354 24.7488 1 1 1
v -0.616222 4.13886 24.6263 1 1 1
v -1.16703 3.69107 25.31 1 1 1
v -1.36876 0.309687 23.818 1 1 1
v -3.87315 -7.95202 22.5895 1 1 1
v -6.43389 10.1868 36.6803 1 1 1
v 1.03485 16.1968 30.3059 1 1 1
v -6.28675 10.8688 37.3863 1 1 1
v -7.03359 10.3919 38.353 1 1 1
v -0.25151 15.2673 31.9548 1 1 1
v 1.22893 4.46345 23.9543 1 1 1
v 0.463744 4.69477 25.6701 1 1 1
v 1.42655 -1.00921 21.1304 1 1 1
v 1.20057 4.59388 25.2647 1 1 1
v 0.568404 2.93733 25.4353 1 1 1
v -0.310739 14.196 33.7891 1 1 1
v -41.8792 -40.8019 63.1413 1 1 1
v -3.88048 8.64356 36.2248 1 1 1
v -1.71327 -8.70093 22.7756 1 1 1
v 0.389939 6.67986 29.3083 1 1 1
v 0.649017 6.26383 29.0626 1 1 1
v 1.21097 0.297782 24.7251 1 1 1
v -1.22212 -7.61287 23.835 1 1 1
v 4.57512 16.9039 29.9623 1 1 1
v 0.458992 11.7082 35.0737 1 1 1
v 0.200525 11.8593 35.5928 1 1 1
v 0.389198 12.863 35.9108 1 1 1
v 1.29047 -4.92592 23.1148 1 1 1
v 1.44067 2.6121 27.9202 1 1 1
v 1.55223 2.60918 27.7348 1 1 1
v 1.5885 -4.79408 23.0356 1 1 1
v 1.35337 2.34547 28.6132 1 1 1
v 1.94752 -2.3382 24.913 1 1 1
v 2.09053 -5.19356 23.0402 1 1 1
v -33.214 -44.8441 61.5758 1 1 1
v -33.1898 -44.209 62.1905 1 1 1
v 2.33794 -5.14289 23.0939 1 1 1
v 2.32198 -5.15252 23.1182 1 1 1
v 4.4569 14.8101 33.2375 1 1 1
v 5.00099 15.1956 32.7011 1 1 1
v 2.53985 3.32877 29.6264 1 1 1
v 2.03072 -6.43545 24.7563 1 1 1
v 2.60758 2.2258 29.9913 1 1 1
v 1.88875 11.6064 38.0622 1 1 1
v 3.08252 -5.37958 23.6956 1 1 1
v 4.83479 14.0115 34.305 1 1 1
v 2.70704 1.30156 30.1483 1 1 1
v -2.33148 6.13098 46.2646 1 1 1
v -4.67898 3.3282 49.6046 1 1 1
v -4.67898 3.3282 49.6046 1 1 1
v -10.4868 -3.60209 60.4043 1 1 1
v 4.15839 11.4912 38.366 1 1 1
v 4.13684 11.5075 38.4457 1 1 1
v -19.6742 -15.6715 76.438 1 1 1
v -15.686 -13.9321 70.5718 1 1 1
v -6.31233 -1.213 57.1648 1 1 1
v -19.0025 -15.8031 78.1339 1 1 1
v -20.8843 -36.0103 67.0627 1 1 1
v -20.8138 -36.8652 66.5884 1 1 1
v -19.4578 -38.9377 62.9408 1 1 1
v -20.1242 -40.65 63.7346 1 1 1
v -18.7457 -39.6931 64.29 1 1 1
v -18.7457 -39.6931 64.29 1 1 1
v -16.6259 -37.3486 64.6952 1 1 1
v -16.6259 -37.3486 64.6952 1 1 1
v -1.20929 0.908304 53.4797 1 1 1
v -1.11386 0.939702 53.1167 1 1 1
v -13.1662 -35.8868 64.768 1 1 1
v -12.9654 -37.5165 63.761 1 1 1
v 0.417002 -0.972447 58.3972 1 1 1
v -3.78897 -25.3607 51.9935 1 1 1
v -8.49616 -36.3408 61.1383 1 1 1
v -5.83954 -13.1048 76.6245 1 1 1
v -13.2176 -47.1936 70.5942 1 1 1
v -8.09146 -35.4427 63.0413 1 1 1
v -8.09146 -35.4427 63.0413 1 1 1
v -0.714802 -20.4174 50.3884 1 1 1
v -1.45479 -10.6859 67.0795 1 1 1
v -6.06643 -33.4829 61.9491 1 1 1
v -6.20172 -35.1372 61.1281 1 1 1
v -1.25143 -8.72289 70.38 1 1 1
v 0.170949 -19.2967 51.3521 1 1 1
v -1.54705 -10.7999 70.964 1 1 1
v -0.310899 -8.33982 68.5073 1 1 1
v 0.255298 -20.5424 51.0472 1 1 1
v 0.05687 -22.8034 49.3876 1 1 1
v 0.602541 -19.9472 50.7862 1 1 1
v 0.539613 -18.8798 52.5585 1 1 1
v 0.453416 -21.6225 49.6844 1 1 1
v -2.50879 -30.0938 54.3238 1 1 1
v 0.347526 -22.4615 49.692 1 1 1
v 1.00781 -19.6501 50.4603 1 1 1
v 1.03901 -21.7376 49.6928 1 1 1
v 5.11702 -0.698074 56.4058 1 1 1
v 1.02865 -19.6522 52.6951 1 1 1
v -1.18203 -29.7772 52.2844 1 1 1
v 2.41071 -5.55674 65.6688 1 1 1
v 10.3635 9.24556 42.8223 1 1 1
v 10.3635 9.24556 42.8223 1 1 1
v 1.69898 -19.4457 51.2577 1 1 1
v 1.30829 -23.3809 48.6418 1 1 1
v 1.58199 -24.2876 46.2306 1 1 1
v 1.2088 -25.0003 47.3553 1 1 1
v 1.1258 -24.5273 48.3776 1 1 1
v -1.63819 -32.7813 53.8265 1 1 1
v 2.59361 -7.28721 65.9966 1 1 1
v 0.73918 -26.4688 51.5947 1 1 1
v 2.66323 -19.5789 50.3951 1 1 1
v 2.66323 -19.5789 50.3951 1 1 1
v 2.64141 -20.493 49.3576 1 1 1
v 1.30282 -25.4837 50.8053 1 1 1
v 0.7039 -31.3045 46.4583 1 1 1
v 1.06646 -30.2532 46.1062 1 1 1
v 2.33755 -19.7609 54.2299 1 1 1
v 1.50357 -28.4156 46.652 1 1 1
v 6.41035 -1.95414 56.3454 1 1 1
v 0.583938 -32.7018 47.8888 1 1 1
v 2.41592 -26.0827 47.3834 1 1 1
v 2.49776 -20.2348 55.9569 1 1 1
v 1.20541 -33.0033 46.1559 1 1 1
v 3.71098 -20.6861 49.0389 1 1 1
v 2.45692 -28.2742 45.4753 1 1 1
v 1.78139 -31.2894 45.5008 1 1 1
v 3.09252 -19.9781 54.9898 1 1 1
v 4.16525 -19.8607 48.9167 1 1 1
v 2.71525 -28.2622 45.6381 1 1 1
v 7.5874 -0.271 58.4883 1 1 1
v 7.5874 -0.271 58.4883 1 1 1
v 14.8996 12.039 26.7923 1 1 1
v 3.088 -26.2318 48.105 1 1 1
v 4.80197 -17.4139 50.5561 1 1 1
v 3.94142 -31.3968 33.0655 1 1 1
v 3.94142 -31.3968 33.0655 1 1 1
v 1.65683 -33.8704 46.5311 1 1 1
v 4.26445 -19.748 52.9251 1 1 1
v 3.79035 -25.8906 45.6626 1 1 1
v 2.81149 -30.5685 45.7577 1 1 1
v 7.79808 -1.4606 59.9795 1 1 1
v 4.16736 -31.5814 32.9972 1 1 1
v 4.16736 -31.5814 32.9972 1 1 1
v 3.52169 -28.6795 45.8184 1 1 1
v 6.52463 -13.1173 51.1562 1 1 1
v 6.6581 -12.838 51.2748 1 1 1
v 6.61211 -13.0789 51.4604 1 1 1
v -30.3171 -5.01264 33.095 1 1 1
v -46.2367 -14.1884 41.9784 1 1 1
v -25.4792 -3.39754 32.1874 1 1 1
v -24.6369 -3.05948 31.6586 1 1 1
v -12.6819 15.5391 30.3615 1 1 1
v -28.9029 -4.69057 35.2388 1 1 1
v -28.7073 -4.94267 35.3435 1 1 1
v -29.5759 -5.4703 36.4393 1 1 1
v -12.679 14.9572 31.914 1 1 1
v -23.0019 -2.3239 33.2208 1 1 1
v -27.6653 -5.71343 35.599 1 1 1
v -36.343 -11.1033 41.7874 1 1 1
v -39.8569 -11.9639 44.6484 1 1 1
v -40.8564 -13.0898 45.9094 1 1 1
v -26.0461 -5.49217 36.0325 1 1 1
v -50.822 -16.7627 53.3927 1 1 1
v -46.0629 -13.7556 51.0102 1 1 1
v -46.0629 -13.7556 51.0102 1 1 1
v -46.2221 -13.7967 51.1453 1 1 1
v -46.2221 -13.7967 51.1453 1 1 1
v -20.4974 -26.4756 22.6144 1 1 1
v -20.4974 -26.4756 22.6144 1 1 1
v -21.2095 -3.254 34.3174 1 1 1
v -34.1532 -10.6317 43.5298 1 1 1
v -8.82051 11.446 29.7151 1 1 1
v -10.6987 13.2081 33.0779 1 1 1
v -10.4284 13.0906 32.7716 1 1 1
v -22.237 -5.7123 36.2728 1 1 1
v -0.741181 19.1068 26.7446 1 1 1
v -8.69441 8.31667 29.9566 1 1 1
v -5.64546 3.53019 24.6211 1 1 1
v -26.5485 -8.3794 40.7888 1 1 1
v -25.3107 -8.33794 40.7713 1 1 1
v -6.12625 4.59552 26.4065 1 1 1
v -4.91362 0.779135 23.3862 1 1 1
v -4.10762 -1.78769 21.2793 1 1 1
v -5.90958 15.0078 32.0347 1 1 1
v -3.56816 -2.0367 21.0124 1 1 1
v -5.06381 8.73526 28.3126 1 1 1
v -5.15344 8.76953 28.4412 1 1 1
v -6.32752 1.60711 26.4123 1 1 1
v -3.81459 14.8338 30.0737 1 1 1
v -5.36795 9.40067 29.2246 1 1 1
v -7.33726 15.244 34.9098 1 1 1
v -39.8142 -30.018 50.5849 1 1 1
v -7.15274 8.51452 32.5438 1 1 1
v -39.3847 -31.6132 50.6908 1 1 1
v -2.83151 3.08397 24.7608 1 1 1
v -44.461 -36.8323 55.8874 1 1 1
v -2.66432 14.8748 31.093 1 1 1
v -39.3594 -30.8545 53.94 1 1 1
v -3.84001 -7.02362 22.0246 1 1 1
v -36.1089 -34.0986 50.7961 1 1 1
v 0.328232 12.0222 27.4867 1 1 1
v -4.66629 8.75641 32.4348 1 1 1
v -1.15804 3.91781 25.1913 1 1 1
v -0.985965 3.87476 24.9658 1 1 1
v 0.215781 16.1391 30.4143 1 1 1
v -1.25918 15.2802 32.9109 1 1 1
v -36.7566 -32.9603 58.0651 1 1 1
v -36.7566 -32.9603 58.0651 1 1 1
v -4.48582 -8.51401 24.8923 1 1 1
v -7.33873 10.6675 40.0309 1 1 1
v 0.331183 1.76658 23.8948 1 1 1
v -0.600223 14.9412 32.7161 1 1 1
v 0.824107 12.707 29.7478 1 1 1
v -1.67329 -8.54195 22.2505 1 1 1
v -1.16492 -8.43905 22.3606 1 1 1
v -0.373995 -6.87871 22.0517 1 1 1
v 0.0902193 -6.59461 21.6804 1 1 1
v 0.0902193 -6.59461 21.6804 1 1 1
v -0.0157757 -6.67901 22.0044 1 1 1
v -35.6081 -35.497 67.912 1 1 1
v -37.8428 -45.2309 65.981 1 1 1
v -35.8107 -35.2464 70.187 1 1 1
v -34.5112 -45.8281 62.6647 1 1 1
v -0.000970121 7.39612 33.9263 1 1 1
v -22.0808 -45.0629 40.8792 1 1 1
v 2.18584 -2.4423 24.6935 1 1 1
v 2.30586 -5.23886 23.0537 1 1 1
v -0.885429 -10.71 25.8779 1 1 1
v 2.02174 -6.42825 23.0802 1 1 1
v 2.03836 -6.63309 23.0183 1 1 1
v 2.39704 1.26482 28.0459 1 1 1
v 2.63985 -5.60411 22.8426 1 1 1
v 2.6318 -5.71842 22.8672 1 1 1
v 2.41379 -5.90354 23.1582 1 1 1
v 2.82787 15.2371 36.8623 1 1 1
v 2.16389 -2.72003 25.9167 1 1 1
v 2.38074 -2.67139 25.8048 1 1 1
v 6.78796 16.8542 30.4047 1 1 1
v 2.9219 -5.8499 22.9143 1 1 1
v 2.53184 9.38142 34.8013 1 1 1
v 2.77631 -5.93897 23.8268 1 1 1
v -12.5069 -2.05012 59.779 1 1 1
v -10.3722 -11.1062 49.359 1 1 1
v -6.06968 -9.85618 42.0028 1 1 1
v -21.6452 -15.9517 78.1952 1 1 1
v 0.428405 7.75757 43.8607 1 1 1
v -20.1033 -35.9653 66.969 1 1 1
v -19.8243 -40.291 63.2006 1 1 1
v -18.7254 -39.632 62.6194 1 1 1
v -18.7254 -39.632 62.6194 1 1 1
v -1.3489 0.839015 54.5524 1 1 1
v -1.3489 0.839015 54.5524 1 1 1
v -14.9414 -35.2513 67.504 1 1 1
v -14.9414 -35.2513 67.504 1 1 1
v -9.32567 -13.4774 77.2367 1 1 1
v -8.56997 -13.3088 76.2642 1 1 1
v 8.75123 12.0348 38.4787 1 1 1
v -6.75068 -12.8059 75.5941 1 1 1
v -8.84065 -36.9019 62.0282 1 1 1
v -4.32773 -12.7125 73.3152 1 1 1
v -8.38055 -35.9406 63.8801 1 1 1
v 2.26419 -1.14541 58.139 1 1 1
v 2.26419 -1.14541 58.139 1 1 1
v -5.72311 -36.0815 59.8856 1 1 1
v -5.55963 -33.5624 63.237 1 1 1
v -5.3494 -34.0609 61.537 1 1 1
v 4.47523 0.28446 56.5075 1 1 1
v -0.0213977 -23.282 49.1655 1 1 1
v -0.18151 -10.1179 68.6991 1 1 1
v 1.03926 -19.629 50.4002 1 1 1
v -3.69322 -35.1974 56.672 1 1 1
v -3.69322 -35.1974 56.672 1 1 1
v 1.53266 -19.6171 50.7503 1 1 1
v 0.219631 -27.6598 47.2229 1 1 1
v -0.483664 -29.2073 49.0668 1 1 1
v 2.12889 -19.7062 51.0258 1 1 1
v 1.6162 -23.4631 48.8963 1 1 1
v 6.06879 -0.759629 58.2602 1 1 1
v 2.30701 -22.6456 49.4368 1 1 1
v 2.62213 -23.4335 46.5626 1 1 1
v 2.54086 -24.8382 46.6982 1 1 1
v 2.00548 -27.2886 46.7557 1 1 1
v 2.32424 -28.4321 44.4098 1 1 1
v 2.7352 -27.0786 45.5539 1 1 1
v -20.7292 13.2586 32.5342 1 1 1
v -25.0903 -2.97655 31.4726 1 1 1
v -22.4153 -1.68055 30.0754 1 1 1
v -23.2424 -3.5961 31.0311 1 1 1
v -23.5773 -3.42514 32.9872 1 1 1
v -21.6894 -4.11192 32.5291 1 1 1
v -21.8601 -4.06121 33.3034 1 1 1
v -16.2422 -1.05211 30.2603 1 1 1
v -9.83744 10.3516 28.9975 1 1 1
v -9.22187 10.9983 29.698 1 1 1
v -12.7983 13.611 35.1663 1 1 1
v -9.70896 14.4842 32.5725 1 1 1
v -15.3102 -7.36383 29.3529 1 1 1
v -8.94499 8.35135 29.6739 1 1 1
v -6.07469 1.22369 23.7002 1 1 1
v -7.34537 0.942944 24.979 1 1 1
v -7.1287 0.925061 24.7699 1 1 1
v -6.58962 3.64414 25.7759 1 1 1
v -8.97983 13.8784 33.4272 1 1 1
v -6.12744 4.00846 26.3887 1 1 1
v -7.78653 13.6583 32.7324 1 1 1
v -5.45887 4.34738 26.0601 1 1 1
v -8.12848 8.28616 31.0949 1 1 1
v -5.56829 3.61239 26.2677 1 1 1
v -4.6375 2.79016 25.0298 1 1 1
v -4.58566 3.34624 25.2439 1 1 1
v -8.16343 7.9049 31.707 1 1 1
v -4.86074 8.12373 28.3085 1 1 1
v -4.86074 8.12373 28.3085 1 1 1
v -6.30898 3.14613 27.6568 1 1 1
v -8.42022 15.9589 36.2645 1 1 1
v -4.0521 15.0979 30.7944 1 1 1
v -5.11304 4.13009 26.937 1 1 1
v -5.11304 4.13009 26.937 1 1 1
v -4.42781 4.00868 26.0614 1 1 1
v -5.30123 4.16897 27.1873 1 1 1
v -5.55576 8.45635 29.7957 1 1 1
v -3.78103 15.2797 31.4322 1 1 1
v -3.74689 8.14617 27.9815 1 1 1
v -4.61837 3.59484 26.8723 1 1 1
v -9.01652 6.47564 33.9992 1 1 1
v -3.81728 3.57792 26.1767 1 1 1
v -2.43028 3.00573 24.2532 1 1 1
v -3.20874 9.58056 28.9882 1 1 1
v -3.99392 -6.35144 22.189 1 1 1
v -2.02003 4.56243 25.2356 1 1 1
v -2.18334 7.74152 27.0401 1 1 1
v -2.20356 4.39256 25.4683 1 1 1
v -2.91045 3.75651 26.0879 1 1 1
v -3.43028 -6.51563 21.9824 1 1 1
v 0.284044 11.1547 26.0927 1 1 1
v -0.677383 4.35269 24.1944 1 1 1
v -0.775355 4.16363 24.5068 1 1 1
v -1.55738 0.00484531 23.977 1 1 1
v -8.11423 10.8125 39.2295 1 1 1
v -6.92988 10.3146 38.2779 1 1 1
v -6.92988 10.3146 38.2779 1 1 1
v -5.59194 11.4193 36.8767 1 1 1
v -6.9445 9.01052 37.7223 1 1 1
v -0.0416132 12.8594 29.5839 1 1 1
v -0.104659 4.22813 25.2988 1 1 1
v 0.324529 2.21836 23.8894 1 1 1
v -0.81067 -5.92272 21.1836 1 1 1
v -4.58449 11.4652 36.404 1 1 1
v -2.19628 -1.30135 25.9932 1 1 1
v -4.24824 6.82891 33.7337 1 1 1
v -0.0049265 -4.99504 20.9965 1 1 1
v -0.170175 -5.07365 21.2535 1 1 1
v 0.581409 4.77896 25.4728 1 1 1
v -0.190516 12.8511 31.3788 1 1 1
v 0.917037 10.2349 28.173 1 1 1
v -0.0559447 4.12604 26.387 1 1 1
v -8.28944 -13.185 29.7729 1 1 1
v -0.349175 -7.93275 20.7027 1 1 1
v -2.73396 -7.62876 24.7507 1 1 1
v 1.1126 -4.18966 20.5708 1 1 1
v -8.43956 -12.7423 32.1684 1 1 1
v -5.06662 8.96223 39.477 1 1 1
v -4.56926 8.37464 38.8943 1 1 1
v -4.34077 8.27311 38.4579 1 1 1
v 0.899786 0.576846 25.1193 1 1 1
v 1.38273 4.3144 26.6009 1 1 1
v -0.66023 6.42303 31.6503 1 1 1
v -7.6815 -11.8917 33.2704 1 1 1
v 1.35505 1.23683 25.7303 1 1 1
v 1.35505 1.23683 25.7303 1 1 1
v -4.05937 9.05273 40.1909 1 1 1
v 0.834859 -6.24995 22.4369 1 1 1
v 1.93543 0.948252 24.8846 1 1 1
v 0.375918 -6.79388 23.2034 1 1 1
v 1.65273 -4.67729 22.4984 1 1 1
v 2.03925 -0.619556 24.6728 1 1 1
v 0.783286 -6.86663 23.1607 1 1 1
v -1.54926 8.37515 37.2674 1 1 1
v 1.00299 -6.89754 22.9448 1 1 1
v 1.55146 -1.63384 25.2506 1 1 1
v 1.64576 2.08263 27.5043 1 1 1
v 1.9701 1.6051 27.0014 1 1 1
v 1.57823 -2.42968 25.1927 1 1 1
v 1.30704 -6.72071 23.1793 1 1 1
v 1.46837 -3.01715 25.236 1 1 1
v 2.13519 -5.32542 22.8321 1 1 1
v 2.07925 1.39264 27.2856 1 1 1
v 1.70234 -3.00627 25.2406 1 1 1
v 1.81926 -2.90775 25.0877 1 1 1
v 1.89192 -6.51304 22.7216 1 1 1
v 1.88276 -2.33527 25.4335 1 1 1
v -2.24606 -9.94028 28.7949 1 1 1
v 1.87517 -6.5208 23.0995 1 1 1
v 1.92203 -6.57576 22.9755 1 1 1
v 1.96368 -6.43383 23.1268 1 1 1
v 1.36769 -7.28488 23.7293 1 1 1
v -3.21546 7.362 43.5873 1 1 1
v 2.23746 -2.57351 25.7445 1 1 1
v 1.82554 -2.97176 26.4158 1 1 1
v 2.51553 -5.95098 23.3416 1 1 1
v 2.29393 -5.80576 24.0575 1 1 1
v 2.29393 -5.80576 24.0575 1 1 1
v 2.51341 -6.14696 23.7055 1 1 1
v 2.62464 -6.16467 23.7403 1 1 1
v 2.88579 -5.77988 24.0247 1 1 1
v 2.67929 -6.04506 24.324 1 1 1
v 3.0528 -5.70689 23.9606 1 1 1
v 3.11461 1.27959 29.2481 1 1 1
v -2.91992 3.03043 45.6691 1 1 1
v -2.91992 3.03043 45.6691 1 1 1
v 0.399022 7.77439 43.9308 1 1 1
v 4.59446 -17.8748 46.183 1 1 1
v 3.60313 -24.1711 45.548 1 1 1
v 3.60313 -24.1711 45.548 1 1 1
v 2.91173 -27.121 46.2058 1 1 1
v 2.91173 -27.121 46.2058 1 1 1
v 4.43934 -20.4214 47.3287 1 1 1
v 6.76757 -13.2675 49.9094 1 1 1
v 6.89121 -13.7731 51.664 1 1 1
v 6.89121 -13.7731 51.664 1 1 1
v -11.0555 15.7214 31.4033 1 1 1
v -10.4859 14.7333 31.7324 1 1 1
v -5.45322 9.73828 25.7194 1 1 1
v -5.69944 9.86833 26.0363 1 1 1
v -7.81457 3.89474 26.5887 1 1 1
v -14.7689 -20.3467 24.2762 1 1 1
v -7.4123 4.33951 27.3464 1 1 1
v -6.46313 4.72836 26.8069 1 1 1
v -6.4933 2.92469 26.071 1 1 1
v -5.43802 4.20521 26.0113 1 1 1
v -5.61154 4.35059 26.4275 1 1 1
v -5.52425 2.81859 25.8201 1 1 1
v -5.02634 3.79363 25.7328 1 1 1
v -4.92079 3.48695 25.5115 1 1 1
v -5.25603 4.14979 26.1925 1 1 1
v -6.39315 3.97966 27.746 1 1 1
v -4.58215 8.73546 28.2627 1 1 1
v -8.53541 7.85493 32.8408 1 1 1
v -5.40115 8.89546 29.6095 1 1 1
v -3.92899 -6.01143 21.4863 1 1 1
v -6.95371 8.37596 32.6173 1 1 1
v -3.38787 -5.90233 21.1665 1 1 1
v -0.78275 17.7104 29.4868 1 1 1
v -3.50911 16.0345 32.5173 1 1 1
v -5.32067 -8.13682 23.3881 1 1 1
v -4.78162 -7.78558 22.8194 1 1 1
v -1.97716 7.64813 26.6854 1 1 1
v -1.92815 4.30002 25.0912 1 1 1
v -1.75502 4.4874 25.043 1 1 1
v -3.11564 -6.31722 21.684 1 1 1
v -3.06209 -6.40311 21.6518 1 1 1
v -1.38751 4.51008 24.7211 1 1 1
v -2.16957 8.84033 28.1846 1 1 1
v -3.39073 -7.6022 22.1181 1 1 1
v 0.287238 12.18 26.8503 1 1 1
v -4.41107 -8.14516 23.4224 1 1 1
v -6.40206 -8.76286 25.8998 1 1 1
v -2.53409 9.65071 29.8202 1 1 1
v -2.82666 9.23111 30.139 1 1 1
v -0.0547091 13.1714 28.3003 1 1 1
v 0.327534 12.0421 27.4717 1 1 1
v -0.637329 -3.25909 21.2738 1 1 1
v -1.55494 18.6075 34.1741 1 1 1
v 0.0313112 16.4038 30.7617 1 1 1
v 0.172793 4.57471 24.5166 1 1 1
v 0.460794 11.842 27.9258 1 1 1
v -0.96975 15.2826 31.8768 1 1 1
v -0.0797206 16.7689 31.38 1 1 1
v -0.526827 15.9451 31.6387 1 1 1
v -0.461213 16.7185 32.1163 1 1 1
v 0.415513 12.1086 28.5294 1 1 1
v -5.8179 10.9836 37.4186 1 1 1
v -0.717181 -6.142 21.2013 1 1 1
v -0.0576353 4.12947 26.4029 1 1 1
v 0.842001 4.83586 25.6594 1 1 1
v 1.2686 4.57816 25.0793 1 1 1
v -9.08403 -11.8338 33.4005 1 1 1
v -8.11751 -12.3275 31.9069 1 1 1
v -9.69659 -12.1524 34.7156 1 1 1
v 1.20355 4.77012 26.0799 1 1 1
v -8.93988 -12.5584 34.2209 1 1 1
v 0.164903 -6.57246 22.4399 1 1 1
v -4.92049 -9.3057 29.8775 1 1 1
v -0.914069 13.6837 36.383 1 1 1
v -1.28527 -7.48777 24.7714 1 1 1
v 0.59326 -1.17094 25.2135 1 1 1
v 1.41825 0.407628 24.6725 1 1 1
v -0.204245 -6.80186 23.5305 1 1 1
v 0.278146 -6.4308 22.9583 1 1 1
v 0.884911 -6.28342 22.0926 1 1 1
v 1.14149 -6.41211 22.0724 1 1 1
v 1.65999 2.87738 26.8518 1 1 1
v 4.63866 16.7732 29.6689 1 1 1
v 1.83152 -4.65865 22.5487 1 1 1
v 1.60339 -6.9481 21.7495 1 1 1
v 1.555 14.0496 34.8967 1 1 1
v 1.99133 -2.25117 24.2121 1 1 1
v 1.97843 -1.79516 24.801 1 1 1
v 1.98353 -2.2652 24.5875 1 1 1
v -1.31061 7.44715 38.3381 1 1 1
v 2.32435 -5.75243 22.6864 1 1 1
v 1.60939 0.671672 28.4133 1 1 1
v 1.72311 -6.65521 23.5791 1 1 1
v 2.59432 -5.61703 22.8425 1 1 1
v 1.56687 8.07209 33.8731 1 1 1
v 1.56288 7.10146 33.6028 1 1 1
v 2.29888 -2.63462 25.9744 1 1 1
v 2.37447 7.91936 33.0307 1 1 1
v 1.99299 -6.47189 24.3555 1 1 1
v 2.00307 -6.46898 24.339 1 1 1
v -0.229922 -1.38843 32.678 1 1 1
v -0.521204 -1.419 33.3766 1 1 1
v 2.3773 2.52483 29.7849 1 1 1
v 2.21262 -3.42888 26.1645 1 1 1
v 2.51149 -6.14355 23.6988 1 1 1
v 2.37387 9.16838 34.4 1 1 1
v 2.5266 -6.05245 23.9255 1 1 1
v 2.56201 2.41347 30.3939 1 1 1
v 4.8875 13.8982 34.0377 1 1 1
v 0.392252 7.77853 43.949 1 1 1
v 3.97304 12.0579 38.9231 1 1 1
v 0.733085 -15.6145 27.1826 1 1 1
v 7.45814 -1.26585 41.9398 1 1 1
v 4.30589 -19.7411 39.6455 1 1 1
v 2.81047 -24.6797 42.2732 1 1 1
v 4.87069 -24.2271 43.2967 1 1 1
v 15.1201 8.60647 19.5833 1 1 1
v -9.88532 9.65823 28.2801 1 1 1
v -6.57063 4.33498 26.4815 1 1 1
v -0.731972 19.0961 26.7173 1 1 1
v -4.72093 3.37982 25.4318 1 1 1
v -5.96985 1.45157 26.1653 1 1 1
v -5.46291 9.26945 29.2767 1 1 1
v -1.75944 11.123 26.6164 1 1 1
v -2.81184 8.43163 27.2822 1 1 1
v -3.02602 8.55546 27.6368 1 1 1
v -1.79377 4.04282 24.3728 1 1 1
v -3.8121 -6.36222 22.3445 1 1 1
v -5.18393 -6.24766 24.3629 1 1 1
v -1.71777 9.84041 27.3442 1 1 1
v -4.82566 -8.15721 23.4366 1 1 1
v -2.37983 8.20534 27.9587 1 1 1
v -0.308154 3.93141 23.0688 1 1 1
v -3.40015 10.0052 30.2936 1 1 1
v -0.690262 4.26319 24.2541 1 1 1
v -1.27515 4.06122 25.0999 1 1 1
v -0.792699 4.03119 24.5551 1 1 1
v -1.30607 0.303827 23.6817 1 1 1
v -0.52 4.05793 24.426 1 1 1
v 0.353949 12.0139 27.4151 1 1 1
v -0.221638 4.60699 25.581 1 1 1
v 0.596162 3.95053 24.0082 1 1 1
v -0.933545 -6.56685 21.8512 1 1 1
v -0.6936 2.21856 26.4704 1 1 1
v 0.696201 2.89894 25.2825 1 1 1
v 0.603101 -6.00567 20.9678 1 1 1
v 1.0958 5.3363 26.7158 1 1 1
v 1.04618 -0.538429 24.2891 1 1 1
v 0.868119 -6.44607 21.661 1 1 1
v 0.860923 -6.4488 21.6728 1 1 1
v 1.11982 -0.542775 24.5478 1 1 1
v 1.57749 0.386452 24.5684 1 1 1
v 0.723587 -6.49934 22.3066 1 1 1
v 1.78263 1.23775 24.9218 1 1 1
v 1.62563 -4.69038 22.3251 1 1 1
v 1.84196 2.59053 26.3879 1 1 1
v -0.285976 7.57796 34.6323 1 1 1
v 1.61818 2.34347 28.205 1 1 1
v 1.96682 -2.63083 24.731 1 1 1
v 2.33532 -5.74895 22.6653 1 1 1
v 1.79379 2.23292 28.7534 1 1 1
v 1.92416 -2.65676 25.9426 1 1 1
v 2.57389 -5.68252 22.7223 1 1 1
v 2.12041 -2.11469 25.9754 1 1 1
v 2.10204 -2.58794 26.0291 1 1 1
v 1.34271 -2.83395 27.903 1 1 1
v 1.72621 -2.77522 27.0793 1 1 1
v 2.2284 3.4623 30.2026 1 1 1
v 2.40304 -5.62854 24.5883 1 1 1
v 2.55303 2.37631 30.1589 1 1 1
v 13.5224 -2.43799 3.22555 1 1 1
v -17.5022 15.6625 33.8088 1 1 1
v -13.8544 16.1885 31.95 1 1 1
v -11.8496 16.2592 32.37 1 1 1
v -12.1112 15.9438 32.8452 1 1 1
v -11.8278 15.9582 32.7564 1 1 1
v -10.1302 16.9067 31.9909 1 1 1
v -11.703 15.5354 33.3135 1 1 1
v -10.9868 15.9735 33.4679 1 1 1
v -11.5389 12.91 33.5095 1 1 1
v -1.57908 20.1128 25.5027 1 1 1
v -15.8846 16.2162 40.045 1 1 1
v -10.684 15.0745 33.9256 1 1 1
v -10.684 15.0745 33.9256 1 1 1
v -10.1818 8.87091 31.2972 1 1 1
v -6.88276 0.853944 24.5856 1 1 1
v -6.70075 0.821823 24.3802 1 1 1
v -9.37473 9.04018 30.6309 1 1 1
v -8.83412 0.312229 26.7444 1 1 1
v -7.09434 4.09285 26.7969 1 1 1
v -10.6884 15.0101 35.811 1 1 1
v -9.56458 15.238 34.6171 1 1 1
v -4.65419 2.43428 23.7842 1 1 1
v -4.91659 2.49523 24.1461 1 1 1
v -9.87172 15.1049 35.4306 1 1 1
v -6.2891 4.63676 26.9296 1 1 1
v -5.00803 3.24209 25.0009 1 1 1
v -6.3653 3.18609 26.9905 1 1 1
v -5.67564 3.02566 26.0572 1 1 1
v -8.83193 8.48908 32.6708 1 1 1
v -0.759042 19.0929 26.9099 1 1 1
v -5.86316 9.06925 29.4435 1 1 1
v -4.2789 10.3902 28.0758 1 1 1
v -4.2789 10.3902 28.0758 1 1 1
v -3.92069 0.296071 23.9135 1 1 1
v -6.93698 4.48918 30.0347 1 1 1
v -4.36727 3.55603 26.508 1 1 1
v -8.48264 6.22709 33.3254 1 1 1
v -6.26562 8.99174 32.1885 1 1 1
v -3.91565 15.3707 31.6451 1 1 1
v -5.23657 -7.86096 23.4253 1 1 1
v -4.37753 15.7131 32.5706 1 1 1
v -3.36022 9.38237 28.4278 1 1 1
v -4.13798 15.8644 32.6517 1 1 1
v -2.50174 7.79993 26.8752 1 1 1
v -3.52833 -6.46168 22.0741 1 1 1
v -3.56078 -6.56149 22.1597 1 1 1
v -3.34372 -6.71193 21.8023 1 1 1
v -3.46833 -6.44342 22.1322 1 1 1
v -3.57816 10.0281 29.6652 1 1 1
v -3.31179 9.2262 28.8801 1 1 1
v -3.76195 -6.98348 22.4329 1 1 1
v -1.75567 3.46112 24.3732 1 1 1
v -2.16104 14.216 30.2372 1 1 1
v -2.96214 9.96059 30.5892 1 1 1
v -8.26633 -8.97092 30.2152 1 1 1
v -9.85285 11.5802 43.495 1 1 1
v -8.99899 11.7471 42.5765 1 1 1
v -1.33647 16.8776 33.4596 1 1 1
v -5.73485 11.4968 38.0674 1 1 1
v -0.476836 17.2869 32.2654 1 1 1
v -5.62438 12.4703 38.2957 1 1 1
v -0.699932 -6.29701 21.4397 1 1 1
v -3.21332 11.0173 34.4174 1 1 1
v 0.51244 4.95564 25.8625 1 1 1
v 0.70827 10.2815 28.3127 1 1 1
v 0.605059 0.579936 23.7532 1 1 1
v 0.666003 10.4792 28.7154 1 1 1
v 0.658981 11.9529 29.8644 1 1 1
v 0.359074 13.1527 31.0102 1 1 1
v 0.359074 13.1527 31.0102 1 1 1
v -9.61444 -10.8661 36.4195 1 1 1
v 1.41125 4.53198 25.2808 1 1 1
v -0.364695 -6.91742 22.7918 1 1 1
v -1.66022 -8.39297 24.5693 1 1 1
v 0.348522 10.1239 30.7477 1 1 1
v 1.08906 3.23317 25.8384 1 1 1
v 0.552701 9.98861 30.4783 1 1 1
v 0.552701 9.98861 30.4783 1 1 1
v 0.405605 9.89473 30.7198 1 1 1
v 0.600207 10.0608 30.5521 1 1 1
v 1.35987 5.353 27.5606 1 1 1
v 1.2785 -6.1229 21.7972 1 1 1
v -0.907816 13.6332 37.6737 1 1 1
v 0.991672 -6.59673 22.9043 1 1 1
v -8.74525 -13.1594 39.4569 1 1 1
v -0.195141 13.4368 37.2904 1 1 1
v 2.10711 -0.632287 24.5226 1 1 1
v 0.577503 11.6464 34.6504 1 1 1
v 1.75211 2.55791 27.2646 1 1 1
v 1.93854 -1.79551 24.4639 1 1 1
v 4.38971 17.1952 30.379 1 1 1
v 1.78083 -1.86673 24.8022 1 1 1
v -0.694232 8.32749 36.2293 1 1 1
v 1.10799 14.5931 36.1366 1 1 1
v 2.09893 -2.24272 24.3539 1 1 1
v 2.01082 -2.43065 24.5316 1 1 1
v 2.28249 -5.09313 22.6529 1 1 1
v 2.028 -2.92497 24.5374 1 1 1
v 2.39427 -1.9964 24.3829 1 1 1
v 1.66874 2.11275 28.8677 1 1 1
v 1.66874 2.11275 28.8677 1 1 1
v 1.10207 13.7967 37.1861 1 1 1
v 1.78145 2.22931 28.7718 1 1 1
v 1.73291 2.18256 29.1432 1 1 1
v 1.73291 2.18256 29.1432 1 1 1
v 2.57391 -1.33108 25.1284 1 1 1
v 1.75612 8.27403 33.823 1 1 1
v 2.06837 3.54455 30.5915 1 1 1
v 1.54023 13.6375 38.403 1 1 1
v 2.65412 -0.964163 26.6982 1 1 1
v 3.17539 15.1211 36.0512 1 1 1
v 4.18074 15.7621 34.1419 1 1 1
v 0.382068 6.98324 37.8951 1 1 1
v 2.03612 13.1925 39.2358 1 1 1
v 2.53757 8.08589 34.7355 1 1 1
v 4.31564 15.1944 35.0507 1 1 1
v 4.27737 14.8526 36.1701 1 1 1
v 2.37588 12.6878 41.0663 1 1 1
v 3.26952 12.2342 40.7511 1 1 1
v 3.65364 12.4992 40.267 1 1 1
v 3.33295 12.5166 41.4265 1 1 1
v 3.33295 12.5166 41.4265 1 1 1
v 3.33295 12.5166 41.4265 1 1 1
v 5.197 12.2008 41.8306 1 1 1
v -7.84665 1.53298 25.9542 1 1 1
v -3.92511 1.99581 21.7732 1 1 1
v -4.11438 2.04367 22.0292 1 1 1
v -5.02018 -0.957139 22.5014 1 1 1
v -5.32221 4.21071 25.5455 1 1 1
v -5.40893 4.23678 25.6711 1 1 1
v -7.71921 -5.65699 25.3183 1 1 1
v -2.96503 2.1955 22.2963 1 1 1
v -6.72466 -5.10129 24.4223 1 1 1
v -5.92944 4.34986 27.0796 1 1 1
v -5.92944 4.34986 27.0796 1 1 1
v -6.25401 3.12907 27.0884 1 1 1
v -5.26042 3.0567 26.4269 1 1 1
v -5.75726 -7.45464 23.0242 1 1 1
v -0.496405 2.58836 20.0027 1 1 1
v -3.08737 2.87755 24.9393 1 1 1
v -2.99137 3.11091 25.0822 1 1 1
v -5.68395 -8.35904 24.3241 1 1 1
v -2.71107 8.05867 26.9329 1 1 1
v -3.57669 -7.43794 21.7041 1 1 1
v -3.74619 -5.84325 22.6821 1 1 1
v -3.15823 -6.28916 21.6354 1 1 1
v -4.43855 -8.23279 22.7239 1 1 1
v -4.71877 -8.31603 23.118 1 1 1
v -2.8278 8.72661 27.6174 1 1 1
v -2.44379 7.6279 26.6075 1 1 1
v -2.60501 7.28716 26.7329 1 1 1
v -3.3927 -6.51744 22.0693 1 1 1
v -5.04552 -8.2657 24.1763 1 1 1
v -5.17428 -8.41706 24.3908 1 1 1
v -3.04708 5.79313 27.4905 1 1 1
v -4.48987 -7.77347 24.0997 1 1 1
v -0.936624 4.33609 23.9399 1 1 1
v -0.775271 4.41675 23.7578 1 1 1
v -1.36965 4.87021 24.9037 1 1 1
v -1.96045 4.53298 25.7356 1 1 1
v -1.22087 4.75574 24.737 1 1 1
v -2.82342 9.64422 29.3159 1 1 1
v -2.93636 9.39821 29.6078 1 1 1
v -0.00401359 0.0716238 21.4177 1 1 1
v -1.03584 -5.45832 21.2391 1 1 1
v -0.170388 13.3149 28.5271 1 1 1
v -0.680504 -6.31603 20.5428 1 1 1
v -3.11969 -1.24467 27.3473 1 1 1
v 0.0687248 4.05306 24.6381 1 1 1
v -0.441143 2.04571 25.3941 1 1 1
v 0.542862 4.8057 25.5267 1 1 1
v 0.606245 3.77039 24.9512 1 1 1
v 0.704707 3.72795 24.7464 1 1 1
v 1.32269 1.85782 22.8016 1 1 1
v -0.00309771 4.09331 26.2981 1 1 1
v 3.9667 -5.35371 14.6843 1 1 1
v 0.506832 -5.34976 21.0845 1 1 1
v -0.00635725 -6.69548 21.396 1 1 1
v 3.70679 19.5761 27.8522 1 1 1
v 0.00924964 12.7914 31.5551 1 1 1
v 0.439557 -6.45153 22.068 1 1 1
v 0.634999 5.58078 28.2987 1 1 1
v 1.10933 -6.20036 21.7187 1 1 1
v 1.79988 1.22231 24.914 1 1 1
v 0.86265 -6.8456 22.6629 1 1 1
v 0.86265 -6.8456 22.6629 1 1 1
v 2.20106 -2.65732 23.4275 1 1 1
v 2.00138 -1.77374 24.6705 1 1 1
v 2.08105 1.86451 26.66 1 1 1
v 4.23094 -2.22278 19.5285 1 1 1
v 1.70009 1.83409 27.5777 1 1 1
v 1.57413 -2.71128 25.4549 1 1 1
v 1.93735 -2.43162 25.0869 1 1 1
v 1.90692 -2.70376 25.1377 1 1 1
v 2.5728 -5.69396 22.4075 1 1 1
v 2.71728 -5.53454 22.5808 1 1 1
v 1.63548 -2.65554 27.0413 1 1 1
v 2.32293 -2.41341 25.9804 1 1 1
v 3.06886 -5.5241 22.6268 1 1 1
v 2.31847 -6.23403 24.1769 1 1 1
v 0.509928 -5.6341 29.2566 1 1 1
v 2.46622 -6.22013 24.0969 1 1 1
v 2.61826 -6.08678 23.8473 1 1 1
v 2.67044 -6.07252 23.9379 1 1 1
v 2.91536 -5.56399 23.7791 1 1 1
v 3.07795 -5.63584 23.54 1 1 1
v 2.96612 -5.67373 23.8143 1 1 1
v 2.93367 -5.77305 23.9129 1 1 1
v 5.8524 -10.4681 14.3778 1 1 1
v 6.32607 -9.99204 14.0297 1 1 1
v 6.32607 -9.99204 14.0297 1 1 1
v 5.12488 -11.4042 16.7622 1 1 1
v 5.12488 -11.4042 16.7622 1 1 1
v -14.8388 0.873474 25.2682 1 1 1
v -3.18819 -13.6759 10.9808 1 1 1
v -3.18819 -13.6759 10.9808 1 1 1
v -3.29423 -13.7664 11.1407 1 1 1
v -10.3903 -2.53652 25.4564 1 1 1
v -11.3979 11.2079 31.133 1 1 1
v -11.3979 11.2079 31.133 1 1 1
v -9.57321 16.4218 31.1984 1 1 1
v -10.1489 12.1452 31.6401 1 1 1
v -8.02337 11.1931 28.9617 1 1 1
v -10.3354 9.54136 31.9695 1 1 1
v -7.99252 2.18184 26.5955 1 1 1
v -7.5409 1.96786 26.0355 1 1 1
v -7.05377 3.77875 26.592 1 1 1
v -10.8851 -3.55344 28.96 1 1 1
v -7.41565 4.65124 27.6911 1 1 1
v -1.33942 19.8365 25.6221 1 1 1
v -0.86548 19.0938 24.8794 1 1 1
v -0.86548 19.0938 24.8794 1 1 1
v -5.48726 3.91395 26.3012 1 1 1
v -5.92516 4.35949 27.0682 1 1 1
v -8.05837 7.70086 31.6328 1 1 1
v -6.21354 9.28301 30.0214 1 1 1
v -6.20045 9.72204 30.4538 1 1 1
v -3.82876 10.0439 27.2912 1 1 1
v -5.84257 8.59816 29.7292 1 1 1
v -5.84257 8.59816 29.7292 1 1 1
v -6.90107 -8.37101 25.0133 1 1 1
v -6.10558 9.28056 30.6869 1 1 1
v -3.65967 3.01778 25.0231 1 1 1
v -5.34697 4.94585 28.4804 1 1 1
v -2.4861 3.32295 23.6733 1 1 1
v -4.39409 -6.40888 22.795 1 1 1
v -3.73269 3.55523 26.0437 1 1 1
v -7.12687 6.97459 32.9462 1 1 1
v -7.12687 6.97459 32.9462 1 1 1
v -3.72557 -6.6839 22.3802 1 1 1
v -4.93938 16.3832 33.5669 1 1 1
v -5.07608 16.3822 33.8594 1 1 1
v -4.166 16.8049 33.9125 1 1 1
v -0.777145 17.6687 29.4791 1 1 1
v -1.98804 13.9711 29.8984 1 1 1
v -1.98804 13.9711 29.8984 1 1 1
v -3.38897 9.77136 30.6194 1 1 1
v 8.94331 -3.54529 5.0482 1 1 1
v -0.870883 0.230379 22.9155 1 1 1
v -3.29919 10.201 31.2654 1 1 1
v -0.830234 -5.14855 20.7248 1 1 1
v 0.0775592 11.3194 26.4068 1 1 1
v -2.0087 -7.12884 21.9565 1 1 1
v 0.284015 12.1567 26.8053 1 1 1
v 0.284015 12.1567 26.8053 1 1 1
v -0.220803 -6.01676 20.4109 1 1 1
v -0.452653 -6.42882 21.1247 1 1 1
v -0.452653 -6.42882 21.1247 1 1 1
v 0.958154 17.6881 29.5828 1 1 1
v -0.356665 16.8559 31.7164 1 1 1
v 0.785885 2.12949 23.0104 1 1 1
v 0.710277 12.069 27.7532 1 1 1
v 0.895378 11.5613 27.3589 1 1 1
v -4.12342 -9.63155 26.9746 1 1 1
v -1.83844 -6.98537 24.6844 1 1 1
v -0.1663 13.0673 31.341 1 1 1
v -1.23235 16.2473 35.0853 1 1 1
v -0.182679 13.6966 32.5771 1 1 1
v 1.46428 4.60159 25.4625 1 1 1
v 0.689607 -6.53094 21.5841 1 1 1
v 0.848416 3.35037 26.3637 1 1 1
v 1.0836 -0.516073 24.089 1 1 1
v 1.34657 -6.27164 21.2081 1 1 1
v 1.88456 -6.15316 20.5126 1 1 1
v 2.01336 -5.73826 20.4587 1 1 1
v 2.09728 -6.70784 19.9579 1 1 1
v 0.484392 -7.53627 23.9434 1 1 1
v 0.281468 -7.38541 25.1714 1 1 1
v 1.86469 -6.51014 22.1108 1 1 1
v 1.4402 -1.80376 25.8961 1 1 1
v 1.88781 -2.77848 24.4219 1 1 1
v 2.03152 -6.51833 22.1211 1 1 1
v 2.09087 -2.73681 24.3452 1 1 1
v 2.45129 -5.25837 22.2004 1 1 1
v 4.39418 17.1069 30.3408 1 1 1
v 2.3325 -2.69642 24.129 1 1 1
v 2.96715 -5.67201 21.8253 1 1 1
v 2.70612 -1.86031 25.0155 1 1 1
v 1.39357 7.82148 34.0835 1 1 1
v 1.60719 -2.76767 27.3945 1 1 1
v 1.67454 3.80774 31.1792 1 1 1
v 2.22097 -2.63509 25.9955 1 1 1
v 1.52695 8.44929 34.4459 1 1 1
v 1.01157 7.50962 35.1972 1 1 1
v 3.06996 -6.02415 21.9276 1 1 1
v 2.60975 1.1604 27.5851 1 1 1
v 3.35841 -5.44805 21.7202 1 1 1
v 1.36997 8.18659 35.3832 1 1 1
v 9.27747 -6.19772 6.04824 1 1 1
v 1.55243 8.62452 35.4816 1 1 1
v 2.18753 2.62271 30.2725 1 1 1
v 2.82349 -6.01279 23.5416 1 1 1
v 3.94688 16.1632 34.9837 1 1 1
v 3.24499 -5.67568 23.1357 1 1 1
v 2.48216 2.2577 30.3716 1 1 1
v 3.73592 15.9977 35.7198 1 1 1
v -0.499929 -18.4706 26.7663 1 1 1
v -1.40553 -13.3175 33.8059 1 1 1
v 3.88706 15.5521 37.7535 1 1 1
v 2.93176 -1.33656 32.6076 1 1 1
v 10.0929 17.1138 35.5069 1 1 1
v -10.6782 -18.6712 20.9726 1 1 1
v -8.04327 1.61997 26.1837 1 1 1
v -5.85949 -0.207726 22.9599 1 1 1
v -4.36033 -1.00714 21.63 1 1 1
v -6.84905 4.08718 26.8311 1 1 1
v -8.14695 -5.73786 25.7314 1 1 1
v -4.99312 -1.23339 23.1671 1 1 1
v -8.41932 -6.68447 26.2945 1 1 1
v -5.54751 3.67665 26.3436 1 1 1
v -5.3032 9.33816 28.9912 1 1 1
v -5.7338 -8.08902 23.9713 1 1 1
v -7.15612 -8.46116 26.1299 1 1 1
v -7.15612 -8.46116 26.1299 1 1 1
v -0.369329 18.4908 26.0292 1 1 1
v -0.209088 18.1861 25.8143 1 1 1
v -3.50693 -6.93652 21.5292 1 1 1
v -3.3185 -6.70652 21.7492 1 1 1
v -3.84693 -7.0127 22.4839 1 1 1
v -3.84693 -7.0127 22.4839 1 1 1
v -3.73028 9.63652 29.0151 1 1 1
v -2.21275 -7.13029 20.3608 1 1 1
v -2.05142 8.13063 26.1299 1 1 1
v -3.0946 9.47767 28.6677 1 1 1
v -1.7787 4.58142 25.6684 1 1 1
v -0.510425 3.38327 23.9901 1 1 1
v -0.204031 3.55211 23.6177 1 1 1
v -0.668565 5.23843 26.105 1 1 1
v 0.0992295 4.04487 24.564 1 1 1
v 0.125974 -4.90844 20.7406 1 1 1
v -0.0236854 14.0739 30.1682 1 1 1
v 5.28995 -4.90861 11.7363 1 1 1
v 0.512239 5.1104 26.5359 1 1 1
v 3.15724 -5.71915 16.2119 1 1 1
v -0.199507 -7.05025 22.8108 1 1 1
v 2.39806 -6.46703 18.0562 1 1 1
v 1.14534 5.32724 26.7068 1 1 1
v 1.36788 5.12037 26.1186 1 1 1
v 1.68311 0.198253 23.6698 1 1 1
v 2.04758 3.9141 24.8162 1 1 1
v 2.60387 2.50093 22.9219 1 1 1
v 1.60409 5.21715 27.0003 1 1 1
v 1.84847 -6.57888 21.2408 1 1 1
v 2.36793 -5.07279 22.4773 1 1 1
v 2.53658 -5.23669 21.9862 1 1 1
v 1.69995 0.928344 27.9344 1 1 1
v 2.32434 -6.43791 22.528 1 1 1
v 2.47141 -5.6951 22.978 1 1 1
v 2.88103 0.350459 25.4857 1 1 1
v 2.78034 -5.95211 23.187 1 1 1
v 3.11432 -5.87235 23.279 1 1 1
v 3.11432 -5.87235 23.279 1 1 1
v 1.81729 0.908594 32.1953 1 1 1
v 7.49067 -4.60857 12.2059 1 1 1
v 7.31104 15.4207 27.6469 1 1 1
v 8.36421 -5.71037 32.9374 1 1 1
v 2.39144 -9.1195 6.24613 1 1 1
v 2.77206 -9.13483 6.0788 1 1 1
v 6.6926 -4.27533 7.1107 1 1 1
v 3.56895 -5.79303 14.6829 1 1 1
v 4.47038 -5.64914 15.5614 1 1 1
v 3.46136 -6.1087 18.1453 1 1 1
v 3.5031 -11.2199 16.0086 1 1 1
v 3.80593 -11.0168 15.7931 1 1 1
v 3.80593 -11.0168 15.7931 1 1 1
v -7.72045 11.4973 23.8011 1 1 1
v -17.6965 -6.97647 30.6618 1 1 1
v -12.9077 -5.19286 26.9907 1 1 1
v -12.2559 -5.11814 26.2095 1 1 1
v -5.17655 10.698 22.4744 1 1 1
v -12.5306 -5.87541 27.3018 1 1 1
v -16.6852 -7.26401 32.1714 1 1 1
v -12.2565 -4.14459 27.6262 1 1 1
v -5.00232 10.1742 23.0283 1 1 1
v -3.91287 11.1486 22.217 1 1 1
v -13.1457 -6.59328 29.3593 1 1 1
v -13.8278 -4.82894 30.8049 1 1 1
v -12.609 -4.98644 29.3976 1 1 1
v -3.85704 6.22874 21.0928 1 1 1
v -10.9777 -2.45996 28.4814 1 1 1
v -12.69 -5.54795 30.3378 1 1 1
v -2.21473 0.272526 17.8656 1 1 1
v -1.81248 -0.215644 17.3934 1 1 1
v -1.81248 -0.215644 17.3934 1 1 1
v -1.50485 2.03373 18.4886 1 1 1
v -2.94026 5.21605 22.0327 1 1 1
v -3.09175 10.1158 23.8586 1 1 1
v -0.702523 1.63995 17.9074 1 1 1
v -3.32669 5.36874 23.2255 1 1 1
v -0.62661 1.47291 18.05 1 1 1
v -0.584398 1.45139 17.9741 1 1 1
v -0.7073 5.45828 19.9818 1 1 1
v -0.635824 1.44162 18.6964 1 1 1
v -1.09606 6.23315 21.2003 1 1 1
v -0.734986 2.07092 19.4237 1 1 1
v -0.759855 1.87003 19.4099 1 1 1
v -1.15463 5.80194 21.4696 1 1 1
v -1.05702 5.42911 21.2633 1 1 1
v 0.735342 -5.57527 15.2751 1 1 1
v 0.510772 -5.76657 15.6325 1 1 1
v 0.459775 -6.14798 15.7145 1 1 1
v 1.00503 1.2595 17.3943 1 1 1
v 2.44272 13.2112 19.2697 1 1 1
v 0.478582 6.10794 20.3589 1 1 1
v 0.393528 6.45578 21.26 1 1 1
v 0.548494 6.48776 21.0361 1 1 1
v 1.69886 1.82588 17.5724 1 1 1
v 0.59725 6.57811 21.7573 1 1 1
v 0.947587 -7.28723 16.9312 1 1 1
v 2.1202 2.68146 18.6827 1 1 1
v 2.29328 -5.06778 15.3637 1 1 1
v -0.836626 -8.15246 20.5209 1 1 1
v 2.83096 8.46742 19.5844 1 1 1
v 2.93641 7.67655 19.3718 1 1 1
v 2.77416 2.01146 17.6997 1 1 1
v 2.85035 -4.34565 15.2761 1 1 1
v 2.95508 2.27156 17.8021 1 1 1
v 2.95508 2.27156 17.8021 1 1 1
v 3.0979 2.47486 17.7302 1 1 1
v 3.23913 0.989993 17.2043 1 1 1
v 3.15906 0.613161 17.327 1 1 1
v 2.17627 6.60024 22.4429 1 1 1
v 3.22518 2.86477 18.6797 1 1 1
v 3.24901 2.09 18.3306 1 1 1
v 3.30217 2.08175 18.1919 1 1 1
v 3.7912 2.6917 18.2969 1 1 1
v 3.5311 -5.4994 15.7858 1 1 1
v 3.60396 -5.45418 16.0871 1 1 1
v 3.9022 -0.521542 17.6892 1 1 1
v 6.26498 -8.1606 8.48398 1 1 1
v 3.86252 -5.99676 16.2974 1 1 1
v 3.46859 8.13012 24.6186 1 1 1
v 4.20634 -2.02728 18.0351 1 1 1
v 4.20432 9.10641 24.3532 1 1 1
v 4.39044 0.656624 19.471 1 1 1
v 4.3862 0.702867 20.0349 1 1 1
v 3.74208 9.21254 26.5778 1 1 1
v 4.23741 0.911282 20.7735 1 1 1
v 4.74421 -4.90086 16.6409 1 1 1
v 4.14081 4.97514 23.9694 1 1 1
v 3.98822 4.51165 24.4381 1 1 1
v 6.11689 11.8397 22.014 1 1 1
v 4.22366 5.24601 24.3399 1 1 1
v 4.80199 0.198118 20.0118 1 1 1
v 4.12636 9.03171 27.2833 1 1 1
v 4.70982 -5.19416 17.4363 1 1 1
v 4.92773 -4.86226 17.0588 1 1 1
v 4.85931 -5.11846 17.3963 1 1 1
v 4.995 -5.114 17.4492 1 1 1
v 6.11203 9.85492 25.6408 1 1 1
v 5.46984 8.0665 29.0372 1 1 1
v 5.46244 8.067 29.0766 1 1 1
v 5.74848 7.91664 27.9808 1 1 1
v 2.05257 -1.56455 45.0615 1 1 1
v 6.7753 7.82361 29.3265 1 1 1
v 6.7753 7.82361 29.3265 1 1 1
v 1.25028 -16.8122 38.8994 1 1 1
v 1.81984 -24.9842 31.8431 1 1 1
v 1.9848 -18.6051 37.96 1 1 1
v 2.23219 -17.0112 38.4825 1 1 1
v 2.23577 -17.7162 38.0925 1 1 1
v 2.63993 -16.1551 38.4144 1 1 1
v 2.59359 -16.3737 39.5838 1 1 1
v 2.83804 -17.7328 38.1063 1 1 1
v 2.01251 -24.1264 37.6393 1 1 1
v 2.9316 -19.6621 36.6136 1 1 1
v 3.11849 -18.406 38.2153 1 1 1
v 3.52114 -22.3295 30.8785 1 1 1
v 1.94338 -27.369 37.0353 1 1 1
v 2.72988 -24.3797 35.2826 1 1 1
v 2.77937 -23.9144 35.8752 1 1 1
v 9.05172 8.33846 28.6858 1 1 1
v 9.04723 8.3673 28.7511 1 1 1
v 3.67507 -19.265 35.5556 1 1 1
v 3.68264 -16.0369 39.634 1 1 1
v 3.83159 -15.6358 39.4956 1 1 1
v 5.47025 -1.34058 45.3938 1 1 1
v 3.78994 -18.1513 37.5671 1 1 1
v 3.78994 -18.1513 37.5671 1 1 1
v 3.55876 -22.3315 34.9686 1 1 1
v 2.80633 -26.933 35.9668 1 1 1
v 6.20064 -2.47694 46.6556 1 1 1
v 6.20064 -2.47694 46.6556 1 1 1
v 4.76986 -21.3503 33.986 1 1 1
v 5.70856 -14.216 38.4382 1 1 1
v 4.97409 -20.9131 34.9276 1 1 1
v 5.75606 -15.121 38.4238 1 1 1
v 4.62205 -24.9893 34.4542 1 1 1
v 5.32205 -20.8145 35.2928 1 1 1
v 4.65783 -26.5088 34.3777 1 1 1
v 7.39578 -3.66301 47.6932 1 1 1
v 7.39578 -3.66301 47.6932 1 1 1
v 6.69618 -12.3113 38.5117 1 1 1
v 5.29788 -22.6384 34.7302 1 1 1
v 6.83526 -11.3672 38.8823 1 1 1
v 10.1309 6.41275 32.695 1 1 1
v 4.87742 -25.9165 34.0574 1 1 1
v 4.83232 -27.2707 34.0159 1 1 1
v 6.97023 -12.6783 37.9129 1 1 1
v 4.79101 -28.1679 33.2585 1 1 1
v 8.15956 -1.62541 47.7637 1 1 1
v 5.94179 -21.8163 34.9428 1 1 1
v 8.33425 -2.42583 47.9157 1 1 1
v 7.40552 -11.3597 39.4049 1 1 1
v 7.71968 -11.5986 38.9527 1 1 1
v 7.65525 -12.31 38.3689 1 1 1
v 7.65048 -12.8985 38.2953 1 1 1
v 6.2983 -22.8495 34.8977 1 1 1
v 5.94651 -26.9678 29.7122 1 1 1
v 8.08093 -11.2959 41.3196 1 1 1
v 8.36476 -11.0151 43.7196 1 1 1
v 9.30044 -4.52352 50.3557 1 1 1
v 8.54433 -10.3888 48.309 1 1 1
v 7.02221 -22.8441 34.1174 1 1 1
v 10.0792 -2.54947 47.2929 1 1 1
v 9.40391 -8.23325 47.848 1 1 1
v 7.14716 -25.1936 34.7406 1 1 1
v 7.1485 -25.1798 34.7336 1 1 1
v 8.49634 -16.9515 37.6842 1 1 1
v 8.49634 -16.9515 37.6842 1 1 1
v 9.59931 -9.98089 51.3709 1 1 1
v 12.1566 5.50606 34.2081 1 1 1
v 8.56685 -18.3721 37.1307 1 1 1
v 6.91195 -29.0528 33.5897 1 1 1
v 8.20243 -20.7273 36.5709 1 1 1
v 10.0161 -9.20666 52.0076 1 1 1
v 10.3116 -9.64375 51.9922 1 1 1
v 7.26042 -29.0519 33.207 1 1 1
v 10.6717 -10.325 52.5868 1 1 1
v 10.1584 -18.8218 38.5221 1 1 1
v 11.5325 -16.1147 47.402 1 1 1
v -14.5271 -3.21662 25.4437 1 1 1
v -18.009 -5.50597 29.0387 1 1 1
v -15.3973 -4.93172 26.5616 1 1 1
v -21.5523 -7.98631 32.8729 1 1 1
v -22.6913 -8.62686 34.2067 1 1 1
v -17.6564 -6.06228 29.3397 1 1 1
v -14.923 -3.34897 27.0512 1 1 1
v -21.4527 -8.42838 33.5173 1 1 1
v -14.9661 -5.0852 26.8125 1 1 1
v -14.9661 -5.0852 26.8125 1 1 1
v -21.2462 -8.22314 33.4696 1 1 1
v -21.7828 -8.71412 33.9758 1 1 1
v -19.8379 -7.58404 32.0845 1 1 1
v -21.1757 -7.79 33.603 1 1 1
v -14.9734 -4.98418 27.1695 1 1 1
v -17.6854 -6.60776 30.0545 1 1 1
v -20.9504 -8.24345 33.6879 1 1 1
v -21.5599 -8.88732 34.6853 1 1 1
v -21.1048 -8.49394 34.396 1 1 1
v -19.1399 -7.93105 32.5751 1 1 1
v -20.8862 -8.65616 35.1045 1 1 1
v -20.9638 -8.64149 35.6279 1 1 1
v -20.9638 -8.64149 35.6279 1 1 1
v -13.7286 -5.39706 28.2155 1 1 1
v -20.82 -8.38313 36.8956 1 1 1
v -13.1244 -5.53932 27.8285 1 1 1
v -13.2946 -5.86702 28.3104 1 1 1
v -13.0974 -6.02436 28.3471 1 1 1
v -12.7065 -4.76818 28.9773 1 1 1
v -12.8851 -5.09701 29.3961 1 1 1
v -5.06309 10.3843 22.5656 1 1 1
v -12.7799 -5.48181 29.2326 1 1 1
v -7.73908 -3.07542 22.9906 1 1 1
v -12.8762 -6.25573 29.285 1 1 1
v -11.8583 -6.32111 27.9617 1 1 1
v -12.3424 -6.48014 28.6666 1 1 1
v -4.33502 6.87852 21.0052 1 1 1
v -12.2015 -5.06828 29.0318 1 1 1
v -12.4637 -5.21528 29.4033 1 1 1
v -11.122 6.13147 30.3917 1 1 1
v -12.5497 -5.15047 29.7029 1 1 1
v -13.0101 -5.10429 30.3858 1 1 1
v -12.0098 -5.13294 29.1972 1 1 1
v -10.0121 5.76456 29.1475 1 1 1
v -10.0121 5.76456 29.1475 1 1 1
v -10.0121 5.76456 29.1475 1 1 1
v -12.2402 -6.07953 29.3711 1 1 1
v -12.4037 -5.64908 29.8734 1 1 1
v -12.2249 -5.55388 29.7662 1 1 1
v -12.1897 -5.76776 29.6645 1 1 1
v -9.67774 5.20179 28.935 1 1 1
v -12.1409 -4.88508 29.8906 1 1 1
v -12.5765 -6.56441 30.2633 1 1 1
v -12.1512 -5.93413 29.9153 1 1 1
v -12.143 -5.60026 29.9987 1 1 1
v -4.33857 7.74356 22.2118 1 1 1
v -4.33857 7.74356 22.2118 1 1 1
v -4.43642 8.09234 22.4648 1 1 1
v -12.1596 -5.28362 30.329 1 1 1
v -12.3292 -5.50632 30.597 1 1 1
v -3.59294 7.48217 21.3282 1 1 1
v -4.04658 7.872 22.1432 1 1 1
v -12.9483 -6.74117 31.8696 1 1 1
v -4.06393 5.57948 21.8582 1 1 1
v -12.2589 -5.40667 31.4302 1 1 1
v -5.40154 -3.83027 21.6925 1 1 1
v -2.4494 0.579433 18.4641 1 1 1
v -2.42439 0.681782 18.5266 1 1 1
v -3.61864 5.37481 21.6735 1 1 1
v -11.6616 -5.62667 31.0904 1 1 1
v -11.4893 -5.59308 31.2431 1 1 1
v -3.831 9.28588 24.0184 1 1 1
v -1.72658 2.40107 18.8949 1 1 1
v -1.59155 2.34075 18.6542 1 1 1
v -1.65954 -4.24383 17.0274 1 1 1
v -1.82771 -4.27539 17.3221 1 1 1
v -1.82771 -4.27539 17.3221 1 1 1
v -1.61605 2.53623 18.9463 1 1 1
v -1.61605 2.53623 18.9463 1 1 1
v -3.2928 9.37964 23.8696 1 1 1
v -1.14581 2.41587 18.8414 1 1 1
v -2.88637 9.70619 24.0918 1 1 1
v -2.88637 9.70619 24.0918 1 1 1
v -0.611739 1.7845 18.0792 1 1 1
v -1.08438 -6.3177 16.6802 1 1 1
v -1.12549 4.74127 20.4647 1 1 1
v -1.07199 6.03938 21.037 1 1 1
v -1.07199 6.03938 21.037 1 1 1
v -1.52835 9.51401 23.1848 1 1 1
v -1.89017 3.20569 22.2087 1 1 1
v -1.03965 -6.87293 17.6409 1 1 1
v -0.592011 -6.93194 16.8977 1 1 1
v 0.109926 -5.90169 15.938 1 1 1
v 0.150228 -5.89416 15.865 1 1 1
v 0.262607 -5.40911 15.9695 1 1 1
v 0.4123 -5.5477 15.8732 1 1 1
v -0.567848 10.708 22.9011 1 1 1
v -3.08777 4.91672 26.5891 1 1 1
v -3.70442 7.41555 29.2692 1 1 1
v 2.46898 13.1418 19.1821 1 1 1
v 0.509609 10.785 23.0385 1 1 1
v 1.28196 10.3961 21.6668 1 1 1
v 1.92852 2.66293 17.7214 1 1 1
v 0.967225 10.0749 22.7162 1 1 1
v 0.725963 6.25635 22.0887 1 1 1
v 2.02704 -4.58279 15.5057 1 1 1
v 1.96637 -4.60481 15.6555 1 1 1
v 1.37074 5.07917 20.451 1 1 1
v 2.34381 2.52809 17.6404 1 1 1
v 1.29131 11.208 23.3334 1 1 1
v 2.50049 2.69407 18.2191 1 1 1
v 2.39376 -5.38414 15.4739 1 1 1
v 2.13022 3.35986 19.5861 1 1 1
v 1.96559 -6.92206 16.1012 1 1 1
v 3.47298 -5.15613 14.3245 1 1 1
v 3.48645 6.85958 20.5422 1 1 1
v -1.16621 -15.2322 23.9457 1 1 1
v 1.82577 -13.4092 17.1056 1 1 1
v 3.35841 2.02839 19.7487 1 1 1
v 3.69676 2.89565 19.2052 1 1 1
v 3.84396 -0.498843 17.8959 1 1 1
v 4.43635 -4.62732 15.5167 1 1 1
v 4.11636 -4.21968 16.8552 1 1 1
v 4.18158 -2.32227 17.756 1 1 1
v 5.49013 -5.03271 12.2492 1 1 1
v 4.22414 -1.9949 18.4481 1 1 1
v 3.48505 8.73353 26.7164 1 1 1
v 4.29202 -2.65309 18.1284 1 1 1
v 4.51691 -4.48332 16.6673 1 1 1
v 4.26079 -3.75022 17.9605 1 1 1
v 3.74458 9.19652 26.5513 1 1 1
v 4.38288 -5.54372 16.8814 1 1 1
v 4.59711 0.304774 19.5081 1 1 1
v 2.69302 6.88024 30.9748 1 1 1
v 4.5321 2.0799 22.1828 1 1 1
v 4.45684 5.19216 24.3351 1 1 1
v 4.84087 -4.6793 17.478 1 1 1
v 4.83287 -4.68077 17.5134 1 1 1
v 5.03851 -5.30776 16.5073 1 1 1
v 4.64747 -4.45444 18.618 1 1 1
v 5.59714 10.3913 24.599 1 1 1
v -5.81637 -30.565 48.9635 1 1 1
v 5.73287 9.90551 25.4777 1 1 1
v 4.95741 7.80502 28.2263 1 1 1
v 6.33493 10.6419 24.2928 1 1 1
v -3.43439 -30.4587 48.7307 1 1 1
v -3.18709 -28.591 49.133 1 1 1
v -3.3481 -29.9763 49.0254 1 1 1
v 6.83949 9.18549 26.5002 1 1 1
v -2.99004 -31.6333 48.7761 1 1 1
v -2.99004 -31.6333 48.7761 1 1 1
v 1.80843 -16.1279 38.3558 1 1 1
v 2.19213 -15.614 37.9409 1 1 1
v 1.74692 -19.2001 38.2829 1 1 1
v 1.83969 -19.014 37.8188 1 1 1
v 2.28543 -15.3844 39.1402 1 1 1
v 1.9731 -18.4227 38.3164 1 1 1
v 1.78986 -19.0639 39.0684 1 1 1
v 0.0762151 -27.5682 43.4715 1 1 1
v 1.97168 -18.1211 39.9838 1 1 1
v 2.24073 -18.4313 37.8906 1 1 1
v 2.16454 -19.0809 38.6368 1 1 1
v 2.5391 -17.3502 37.9709 1 1 1
v 2.49943 -17.7795 38.2743 1 1 1
v 2.80376 -17.6724 37.3812 1 1 1
v 2.93317 -15.7521 38.8864 1 1 1
v 6.68895 5.23183 33.5248 1 1 1
v 1.90734 -25.9282 36.1965 1 1 1
v 2.31611 -16.9085 43.9784 1 1 1
v 2.92687 -18.2504 37.6371 1 1 1
v 2.73456 -20.5498 36.7663 1 1 1
v 4.49422 -1.85792 44.6222 1 1 1
v 1.62706 -28.6437 37.5533 1 1 1
v 3.49333 -17.7147 35.3128 1 1 1
v 3.39979 -15.6706 38.9448 1 1 1
v 3.92118 -14.6531 36.0958 1 1 1
v 3.14801 -19.1471 37.3615 1 1 1
v 2.6332 -23.6993 36.417 1 1 1
v 3.08711 -19.3019 38.0961 1 1 1
v 3.4541 -15.9562 39.3157 1 1 1
v 3.2243 -18.9221 37.8412 1 1 1
v 2.1503 -28.0743 36.2659 1 1 1
v 3.53163 -18.5443 36.4102 1 1 1
v 2.97944 -23.1014 35.5222 1 1 1
v 3.30565 -19.634 37.7597 1 1 1
v 3.07014 -19.9211 39.6076 1 1 1
v 3.11833 -23.2853 35.0783 1 1 1
v 3.34914 -21.0033 35.9639 1 1 1
v 2.50935 -27.6293 35.5302 1 1 1
v 2.71267 -26.8804 35.0465 1 1 1
v 3.47533 -19.4854 37.8966 1 1 1
v 6.4238 2.07965 39.3055 1 1 1
v 4.13587 -18.0637 34.0132 1 1 1
v 4.13587 -18.0637 34.0132 1 1 1
v 3.67425 -18.6281 38.0615 1 1 1
v 2.97584 -25.2288 35.7274 1 1 1
v 3.79919 -19.0416 36.4379 1 1 1
v 3.79919 -19.0416 36.4379 1 1 1
v 3.98182 -16.0979 38.8146 1 1 1
v 3.8283 -18.4901 37.0885 1 1 1
v 3.8283 -18.4901 37.0885 1 1 1
v 3.78081 -19.4392 36.4424 1 1 1
v 3.63431 -21.9949 34.7505 1 1 1
v 5.76001 -0.595209 44.0038 1 1 1
v 3.96425 -18.2864 37.1744 1 1 1
v 3.99122 -18.276 37.4922 1 1 1
v 3.76512 -21.5761 35.1305 1 1 1
v 3.76512 -21.5761 35.1305 1 1 1
v 3.43435 -24.2428 35.1934 1 1 1
v 3.43435 -24.2428 35.1934 1 1 1
v 3.61129 -23.4784 34.8014 1 1 1
v 3.34018 -25.1041 35.3604 1 1 1
v 3.3521 -25.3303 35.0534 1 1 1
v 5.46453 -3.19691 45.8482 1 1 1
v 4.28564 -18.1673 36.9832 1 1 1
v 5.53124 -3.40744 45.9586 1 1 1
v 5.00783 -4.19695 50.5834 1 1 1
v 4.05034 -21.8338 34.7946 1 1 1
v 3.9753 -22.647 34.5297 1 1 1
v 4.07717 -21.7549 35.0613 1 1 1
v 5.49878 -3.82341 47.9317 1 1 1
v 3.17602 -28.3707 35.6575 1 1 1
v 4.64805 -17.4999 36.7944 1 1 1
v 4.59963 -17.3782 37.7105 1 1 1
v 4.75803 -16.0041 38.6842 1 1 1
v 4.75803 -16.0041 38.6842 1 1 1
v 4.1698 -22.6728 34.7819 1 1 1
v 3.71005 -25.8703 35.0443 1 1 1
v 4.72175 -17.4103 37.242 1 1 1
v 4.79677 -16.905 37.7208 1 1 1
v 4.48419 -21.3168 34.4916 1 1 1
v 4.73925 -15.6374 41.9595 1 1 1
v 5.02125 -15.1949 39.6183 1 1 1
v 5.02125 -15.1949 39.6183 1 1 1
v 5.83037 -4.35221 49.8394 1 1 1
v 4.47836 -22.5036 34.755 1 1 1
v 5.27563 -15.5267 37.8789 1 1 1
v 4.71949 -21.2362 34.8225 1 1 1
v 4.38099 -24.12 34.4352 1 1 1
v 4.38099 -24.12 34.4352 1 1 1
v 6.73305 -1.84748 45.2804 1 1 1
v 4.2985 -25.4654 34.458 1 1 1
v 4.55538 -23.4737 35.5314 1 1 1
v 6.94204 -1.73338 44.7423 1 1 1
v 5.77394 -13.3204 39.201 1 1 1
v 7.09658 -1.91657 43.3774 1 1 1
v 5.69353 -14.5958 38.8405 1 1 1
v 7.1972 -1.61087 43.8433 1 1 1
v 7.09321 -1.27435 45.9346 1 1 1
v 4.31219 -26.5478 34.8038 1 1 1
v 5.83037 -14.5659 38.9756 1 1 1
v 4.21098 -28.8249 33.5661 1 1 1
v 4.48964 -26.3113 34.8313 1 1 1
v 4.86728 -23.8868 34.653 1 1 1
v 6.1499 -12.6487 39.3779 1 1 1
v 6.1499 -12.6487 39.3779 1 1 1
v 7.23822 -2.04268 45.9473 1 1 1
v 4.93908 -23.0717 35.8959 1 1 1
v 4.5469 -26.8728 33.8442 1 1 1
v 4.53426 -26.5167 34.8213 1 1 1
v 4.56592 -26.3715 34.6017 1 1 1
v 6.42752 -11.9871 38.7281 1 1 1
v 5.12674 -22.9894 34.9218 1 1 1
v 4.40811 -28.8006 34.126 1 1 1
v 4.47396 -28.7902 33.798 1 1 1
v 4.46073 -28.9961 34.2574 1 1 1
v 6.57759 -11.8702 39.0038 1 1 1
v 4.56779 -28.8125 33.6617 1 1 1
v 6.79673 -12.0525 38.7026 1 1 1
v 7.83264 -2.0839 45.877 1 1 1
v 5.4887 -23.1169 34.6714 1 1 1
v 7.19283 -10.5084 37.0475 1 1 1
v 4.8718 -28.8175 33.9938 1 1 1
v 7.17436 -11.0447 39.0071 1 1 1
v 7.1821 -11.03 38.9161 1 1 1
v 4.9904 -28.5456 33.8828 1 1 1
v 5.23985 -26.7017 34.2957 1 1 1
v 8.05142 -3.21845 47.1756 1 1 1
v 5.32315 -26.8582 34.1301 1 1 1
v 8.04376 -3.39409 47.3045 1 1 1
v 8.15303 -3.15847 47.7647 1 1 1
v 7.38375 -11.5269 38.1464 1 1 1
v 7.38375 -11.5269 38.1464 1 1 1
v 8.28882 -2.53657 48.7935 1 1 1
v 7.64472 -8.19443 48.432 1 1 1
v 5.28789 -28.9633 34.4072 1 1 1
v 7.80802 -6.57256 52.4572 1 1 1
v 7.80802 -6.57256 52.4572 1 1 1
v 5.21556 -30.1153 35.2217 1 1 1
v 7.73806 -11.3044 40.6984 1 1 1
v 7.64647 -12.9453 38.4516 1 1 1
v 8.19071 -6.95715 51.9263 1 1 1
v 5.55256 -29.2233 34.4949 1 1 1
v 6.50863 -23.1267 34.758 1 1 1
v 8.93348 -3.87041 45.9459 1 1 1
v 5.86646 -27.9988 35.8748 1 1 1
v 5.75572 -29.7883 34.5393 1 1 1
v 5.80355 -29.4632 34.0709 1 1 1
v 10.634 5.20012 34.3035 1 1 1
v 7.89177 -14.6359 38.529 1 1 1
v 7.90832 -14.5247 38.1722 1 1 1
v 8.07796 -13.7457 38.9374 1 1 1
v 8.85738 -7.8902 50.5065 1 1 1
v 7.87558 -16.1679 37.5809 1 1 1
v 8.62541 -10.8441 43.0261 1 1 1
v 8.71244 -10.4107 43.7544 1 1 1
v 9.2252 -6.76137 52.8844 1 1 1
v 8.77944 -10.8289 42.005 1 1 1
v 6.71674 -26.8301 34.1743 1 1 1
v 9.12812 -9.14087 50.8747 1 1 1
v 9.13505 -9.17953 51.1106 1 1 1
v 6.71328 -28.466 34.2397 1 1 1
v 9.17047 -10.8937 42.474 1 1 1
v 9.17047 -10.8937 42.474 1 1 1
v 8.86199 -13.1969 40.0797 1 1 1
v 9.56518 -8.53172 51.721 1 1 1
v 7.93845 -20.7097 36.2761 1 1 1
v 6.95373 -27.9653 34.3611 1 1 1
v 9.64172 -9.31356 51.207 1 1 1
v 9.77634 -8.51664 51.5258 1 1 1
v 9.7726 -8.64242 51.1449 1 1 1
v 9.7726 -8.64242 51.1449 1 1 1
v 9.51228 -10.5112 47.6972 1 1 1
v 8.067 -21.7414 36.0014 1 1 1
v 7.51313 -26.0872 35.6559 1 1 1
v 7.11023 -29.4989 34.4326 1 1 1
v 8.38537 -20.502 36.4105 1 1 1
v 8.88399 -18.8546 37.4507 1 1 1
v 9.11949 -17.794 38.1999 1 1 1
v 8.06948 -25.0288 34.5912 1 1 1
v 10.7233 -9.33346 53.4366 1 1 1
v 8.77644 -20.8936 36.1898 1 1 1
v 8.66267 -22.2805 36.0214 1 1 1
v 7.78277 -28.8119 35.222 1 1 1
v 7.78277 -28.8119 35.222 1 1 1
v 8.86563 -21.4234 37.6709 1 1 1
v 12.0874 0.480652 43.503 1 1 1
v 9.59804 -18.0263 38.2753 1 1 1
v 9.15153 -21.1717 36.3929 1 1 1
v 10.2962 -14.9134 43.6082 1 1 1
v 10.5282 -14.7092 46.0413 1 1 1
v 9.31594 -21.3964 36.9417 1 1 1
v 10.1462 -18.1364 43.6342 1 1 1
v 10.275 -17.8308 44.2197 1 1 1
v 13.0535 6.59168 32.079 1 1 1
v 10.8499 -16.8498 47.0436 1 1 1
v 9.12965 -25.4138 35.8699 1 1 1
v 9.74576 -21.9465 37.2421 1 1 1
v 11.3412 -16.1888 49.2927 1 1 1
v 13.2786 -1.20174 47.7735 1 1 1
v 10.9385 -20.0422 47.0554 1 1 1
v 11.686 -16.5091 50.1494 1 1 1
v 11.1446 -19.812 47.2495 1 1 1
v 11.8156 -17.1643 50.2178 1 1 1
v -15.3853 10.2675 27.7611 1 1 1
v -10.1579 -4.19114 19.321 1 1 1
v -15.6519 10.1679 28.0537 1 1 1
v -10.946 -3.06457 20.4207 1 1 1
v -11.8088 0.228528 22.0037 1 1 1
v -11.0554 -2.82452 20.6166 1 1 1
v -16.8406 10.9231 29.68 1 1 1
v -15.828 -4.73365 26.2212 1 1 1
v -13.3272 -3.96152 23.6929 1 1 1
v -15.2851 -3.2504 26.0876 1 1 1
v -13.8298 -3.0409 24.6364 1 1 1
v -15.4494 -3.1335 26.5655 1 1 1
v -22.8125 -8.39682 34.0324 1 1 1
v -21.1876 -8.21867 33.4004 1 1 1
v -20.2149 -8.26927 32.3691 1 1 1
v -18.4075 -6.56975 30.7139 1 1 1
v -18.7983 -6.62559 31.1935 1 1 1
v -14.0772 -5.15425 26.02 1 1 1
v -21.9805 -8.68688 34.9338 1 1 1
v -15.3727 -4.87393 27.7262 1 1 1
v -22.4045 -8.87009 35.7889 1 1 1
v -20.2826 -8.34372 33.3891 1 1 1
v -6.92284 -7.71159 17.3907 1 1 1
v -19.5101 -8.09633 33.5876 1 1 1
v -14.0478 -5.27953 27.2883 1 1 1
v -20.9254 -8.6513 35.5816 1 1 1
v -15.345 -5.2525 29.2533 1 1 1
v -15.345 -5.2525 29.2533 1 1 1
v -16.2731 -6.9869 30.3522 1 1 1
v -14.1786 -4.62262 28.6341 1 1 1
v -12.982 -5.63191 27.7448 1 1 1
v -19.0128 -8.82181 35.9926 1 1 1
v -12.868 -4.71962 28.9464 1 1 1
v -12.8387 -5.50218 29.3201 1 1 1
v -14.1022 -5.06229 31.2523 1 1 1
v -10.2101 5.61001 28.4338 1 1 1
v -9.10691 -2.14738 25.1421 1 1 1
v -4.67691 6.53023 20.7674 1 1 1
v -12.4999 -6.10496 29.1959 1 1 1
v -11.1238 6.08286 30.1314 1 1 1
v -12.0014 -4.81827 29.0244 1 1 1
v -11.2589 -2.32181 28.948 1 1 1
v -11.1225 5.81693 31.2962 1 1 1
v -11.9999 -6.4065 29.8666 1 1 1
v -10.3056 -2.52049 28.3462 1 1 1
v -12.0537 -5.61935 30.7414 1 1 1
v -12.0537 -5.61935 30.7414 1 1 1
v -10.4284 -2.82027 29.1739 1 1 1
v -4.50355 8.51218 23.2639 1 1 1
v -4.40527 9.88199 23.5879 1 1 1
v -4.44492 9.90615 23.6778 1 1 1
v -3.22053 1.18206 19.6916 1 1 1
v -2.78403 0.923724 19.0834 1 1 1
v -2.6272 -0.663474 18.3696 1 1 1
v -11.4481 -5.77161 31.9083 1 1 1
v -2.46061 0.861679 18.7184 1 1 1
v -1.792 0.585441 17.8685 1 1 1
v -1.4883 5.02734 20.983 1 1 1
v -1.2636 5.89261 21.0336 1 1 1
v -1.37886 5.6361 21.1868 1 1 1
v -0.782098 1.69505 18.9663 1 1 1
v -1.29381 2.82756 20.9298 1 1 1
v -0.107893 -6.65922 16.4776 1 1 1
v 0.646673 -5.60975 15.3618 1 1 1
v -3.30057 7.33017 29.3896 1 1 1
v -2.77832 6.61886 28.0647 1 1 1
v 0.594743 5.48792 20.2757 1 1 1
v 0.504255 6.37424 21.0328 1 1 1
v 0.504255 6.37424 21.0328 1 1 1
v 1.26082 5.46439 19.6436 1 1 1
v 0.631984 7.68166 22.194 1 1 1
v 1.76458 2.6623 17.9435 1 1 1
v 0.323227 11.0949 24.667 1 1 1
v 1.80969 2.71075 18.1998 1 1 1
v 0.742093 -1.71626 19.6198 1 1 1
v 2.41893 12.1113 21.1246 1 1 1
v 2.41754 12.1134 21.149 1 1 1
v 2.36204 -5.02241 15.1598 1 1 1
v 2.46958 2.46873 17.9356 1 1 1
v 2.46958 2.46873 17.9356 1 1 1
v 2.33687 3.19322 18.9481 1 1 1
v 2.47013 2.27387 18.5857 1 1 1
v 2.2562 -12.6336 14.6576 1 1 1
v 3.78033 1.69982 16.6579 1 1 1
v 4.06693 1.28808 16.3912 1 1 1
v 4.64018 12.5751 20.4942 1 1 1
v 3.52032 -5.51055 15.8633 1 1 1
v 4.09479 2.95157 19.6595 1 1 1
v 4.23834 -4.1864 16.4151 1 1 1
v 4.17895 9.19881 24.5145 1 1 1
v -0.850463 -12.9978 33.5985 1 1 1
v 4.38079 3.86659 24.4351 1 1 1
v 4.36472 7.93147 27.3244 1 1 1
v 5.35234 10.1018 25.4916 1 1 1
v 6.01968 10.6299 24.4119 1 1 1
v 5.74302 9.85568 25.3562 1 1 1
v -4.19675 -31.538 49.7865 1 1 1
v -3.73056 -30.0341 50.6909 1 1 1
v -3.90053 -30.6672 51.2621 1 1 1
v -2.91587 -29.5366 47.1973 1 1 1
v -3.49905 -28.6038 51.4517 1 1 1
v -2.71743 -29.8695 47.7106 1 1 1
v 0.214265 -5.53258 50.3422 1 1 1
v 7.98964 11.4567 21.1492 1 1 1
v 7.98707 11.4591 21.1362 1 1 1
v 7.98964 11.4567 21.1492 1 1 1
v 1.36359 -23.0212 37.1445 1 1 1
v 1.62539 -21.0954 38.1628 1 1 1
v 3.11958 -1.69962 47.5146 1 1 1
v 3.11958 -1.69962 47.5146 1 1 1
v 2.19728 -17.6074 38.6556 1 1 1
v 2.3969 -16.6536 38.1423 1 1 1
v 1.24309 -24.117 39.9587 1 1 1
v 1.75947 -23.3691 37.1726 1 1 1
v 1.75947 -23.3691 37.1726 1 1 1
v 2.18453 -17.1722 42.1659 1 1 1
v 2.58779 -16.1894 40.5656 1 1 1
v 1.70004 -25.155 37.9705 1 1 1
v 3.00449 -15.903 39.0779 1 1 1
v 3.07709 -6.81613 50.632 1 1 1
v 3.03413 -6.58036 52.4039 1 1 1
v 3.41787 -5.2587 50.7877 1 1 1
v 3.20494 -16.0985 39.1335 1 1 1
v 2.26079 -25.7355 36.218 1 1 1
v 4.75192 -2.06983 44.2321 1 1 1
v 2.32229 -25.8016 36.6268 1 1 1
v 2.22513 -27.5203 35.9512 1 1 1
v 2.26046 -28.3834 37.1224 1 1 1
v 3.36618 -21.756 35.2071 1 1 1
v 3.36618 -21.756 35.2071 1 1 1
v 3.52094 -19.9414 36.4205 1 1 1
v 3.02098 -25.0372 35.4108 1 1 1
v 3.76944 -19.6451 35.9556 1 1 1
v 3.91965 -19.4802 36.1194 1 1 1
v 4.41725 -6.66792 52.387 1 1 1
v 5.46184 -3.43115 46.912 1 1 1
v 3.7131 -23.7857 34.739 1 1 1
v 3.7131 -23.7857 34.739 1 1 1
v 2.8517 -29.4558 39.0906 1 1 1
v 4.28613 -21.9826 33.9925 1 1 1
v 4.49257 -21.2821 34.4101 1 1 1
v 4.28568 -22.5983 36.2947 1 1 1
v 5.20192 -16.1054 35.8391 1 1 1
v 5.15464 -16.253 37.516 1 1 1
v 4.60886 -23.0737 32.351 1 1 1
v 6.8865 -1.50007 46.306 1 1 1
v 4.1215 -28.2078 33.2867 1 1 1
v 4.3102 -26.538 34.3158 1 1 1
v 4.90344 -23.1385 35.6381 1 1 1
v 4.2554 -28.6879 34.0212 1 1 1
v 7.3672 -4.47315 42.5872 1 1 1
v 7.49601 -2.59995 46.2752 1 1 1
v 7.49601 -2.59995 46.2752 1 1 1
v 4.59825 -27.6616 35.5545 1 1 1
v 5.24789 -23.7831 36.1276 1 1 1
v 6.65806 -12.5227 39.4038 1 1 1
v 4.75508 -28.4982 33.4448 1 1 1
v 5.61663 -22.6088 34.7391 1 1 1
v 5.09073 -26.8027 33.946 1 1 1
v 5.83918 -20.8443 35.4406 1 1 1
v 7.21658 -7.07902 53.5287 1 1 1
v 7.10996 -10.9184 39.7116 1 1 1
v 7.99208 -2.92411 48.7351 1 1 1
v 5.04252 -28.9691 34.1911 1 1 1
v 7.34901 -11.816 38.4212 1 1 1
v 7.3465 -11.8546 38.5865 1 1 1
v 5.9481 -23.0455 34.8526 1 1 1
v 5.32302 -28.591 33.4327 1 1 1
v 7.49333 -11.3417 43.1932 1 1 1
v 5.48579 -28.5645 34.4437 1 1 1
v 5.7634 -26.8445 34.399 1 1 1
v 9.29791 0.273113 44.3343 1 1 1
v 7.90035 -11.1657 44.1516 1 1 1
v 5.89247 -29.2374 34.1542 1 1 1
v 8.14361 -12.6252 40.417 1 1 1
v 8.38392 -11.0779 44.1583 1 1 1
v 9.0847 -7.85614 52.1934 1 1 1
v 9.0847 -7.85614 52.1934 1 1 1
v 8.39717 -12.2484 41.4291 1 1 1
v 9.20811 -7.62367 52.7522 1 1 1
v 7.93339 -16.5921 37.458 1 1 1
v 6.8334 -25.7556 33.9182 1 1 1
v 6.79419 -26.1642 34.1212 1 1 1
v 6.96941 -26.4758 34.5826 1 1 1
v 9.24538 -10.9129 44.0223 1 1 1
v 6.89836 -28.0122 33.8608 1 1 1
v 9.46201 -10.4303 42.457 1 1 1
v 9.31375 -12.9583 42.0451 1 1 1
v 8.27595 -19.9094 36.431 1 1 1
v 9.69738 -12.5856 43.8173 1 1 1
v 10.7709 -7.33609 53.4119 1 1 1
v 10.7461 -8.66691 56.4842 1 1 1
v 8.3549 -20.6256 35.5525 1 1 1
v 10.4028 -14.5179 53.3256 1 1 1
v 9.31498 -17.5553 39.0087 1 1 1
v 8.93958 -20.3052 36.9564 1 1 1
v 8.93958 -20.3052 36.9564 1 1 1
v 8.0125 -27.4993 35.3065 1 1 1
v 8.9848 -21.0411 35.9647 1 1 1
v 9.05706 -20.9311 36.8476 1 1 1
v 9.06093 -21.0107 37.0048 1 1 1
v 9.22761 -20.516 37.2204 1 1 1
v 10.1817 -18.7968 41.2779 1 1 1
v 10.1184 -19.2403 40.9227 1 1 1
v 10.6873 -19.543 47.0372 1 1 1
v 11.6112 -16.8385 50.877 1 1 1
v 2.67683 -5.04271 4.60455 1 1 1
v -4.60848 9.65218 21.3109 1 1 1
v -5.26469 10.5862 22.874 1 1 1
v -4.59019 7.05795 21.3381 1 1 1
v -3.88853 11.152 22.1217 1 1 1
v -4.08545 7.72774 22.0676 1 1 1
v -3.49936 -3.59297 18.4985 1 1 1
v -2.81597 6.49994 20.0199 1 1 1
v -2.80918 0.424153 18.8447 1 1 1
v -3.37138 5.55212 21.098 1 1 1
v -3.17595 0.535213 19.5866 1 1 1
v -3.50041 5.40021 21.6108 1 1 1
v -3.50041 5.40021 21.6108 1 1 1
v -2.66619 1.05748 19.0343 1 1 1
v -3.01355 1.81198 19.9802 1 1 1
v -2.32793 0.540028 18.3959 1 1 1
v -1.92165 -0.163735 17.6099 1 1 1
v -1.92165 -0.163735 17.6099 1 1 1
v -2.76167 1.80815 19.8977 1 1 1
v -2.59968 -1.53577 18.9118 1 1 1
v -2.34204 -4.01967 18.1548 1 1 1
v -3.60783 10.0384 24.1355 1 1 1
v -1.02027 -0.609144 16.4588 1 1 1
v -1.25552 -0.368406 17.0269 1 1 1
v -4.30385 9.83093 25.6074 1 1 1
v -0.964896 -1.36537 16.3315 1 1 1
v -3.97962 9.66621 25.0946 1 1 1
v -1.63857 -4.80371 16.9231 1 1 1
v -3.08862 5.35754 22.3812 1 1 1
v -1.37757 2.14148 18.2496 1 1 1
v -3.39252 9.38492 24.2331 1 1 1
v -3.24076 10.2884 24.2111 1 1 1
v -3.8005 10.2095 25.3292 1 1 1
v -1.63651 -5.57616 16.9665 1 1 1
v -1.63338 -5.56994 16.9634 1 1 1
v -1.31058 2.42003 18.5884 1 1 1
v -0.748027 1.80723 17.44 1 1 1
v -3.00573 9.35891 24.1718 1 1 1
v -2.91053 10.4204 24.5267 1 1 1
v -2.34516 5.34929 22.1472 1 1 1
v -0.631241 1.58817 17.7035 1 1 1
v -0.922922 1.7905 18.4342 1 1 1
v -2.66787 9.37985 24.2511 1 1 1
v -2.66787 9.37985 24.2511 1 1 1
v -2.50041 9.40301 23.9891 1 1 1
v -2.39011 9.25236 23.906 1 1 1
v -2.39011 9.25236 23.906 1 1 1
v -1.09486 5.07806 20.5885 1 1 1
v -1.36825 3.69216 20.9787 1 1 1
v -0.376755 1.32699 18.157 1 1 1
v -0.0795849 1.51688 17.5793 1 1 1
v -1.14156 5.0811 21.0881 1 1 1
v -1.03753 5.41147 21.171 1 1 1
v -1.14204 5.51524 21.4566 1 1 1
v -3.55239 5.39982 26.918 1 1 1
v 0.0825521 -0.496703 17.216 1 1 1
v -0.384697 -6.83196 16.5085 1 1 1
v -2.23164 6.23757 24.5828 1 1 1
v -0.510462 -6.49898 17.0263 1 1 1
v -2.82741 4.715 25.9451 1 1 1
v -2.82741 4.715 25.9451 1 1 1
v 0.0429535 -5.93879 16.1164 1 1 1
v -2.32961 3.7996 24.7292 1 1 1
v 0.310922 -5.40938 15.9016 1 1 1
v 0.395105 -5.54393 15.8377 1 1 1
v 0.464878 -5.5513 15.7965 1 1 1
v -3.33268 7.25723 28.9229 1 1 1
v 0.37419 -5.82271 15.9598 1 1 1
v -2.69218 7.64914 27.6126 1 1 1
v -0.180729 10.9845 22.7702 1 1 1
v -0.0625232 6.03675 20.9744 1 1 1
v -0.0478561 6.01541 20.931 1 1 1
v -0.238229 10.6459 23.2553 1 1 1
v 2.63285 -5.29431 11.1981 1 1 1
v -0.339992 -12.2055 17.3242 1 1 1
v 1.48848 1.68942 17.1044 1 1 1
v 1.45059 -0.662497 16.5668 1 1 1
v 1.41518 -0.64583 16.6745 1 1 1
v 5.19192 -6.44945 4.74078 1 1 1
v 1.73331 2.19393 17.1999 1 1 1
v 0.654418 -6.11705 17.4592 1 1 1
v 1.61954 2.31107 17.6555 1 1 1
v 1.34118 2.3567 18.5347 1 1 1
v 1.17925 10.718 22.024 1 1 1
v 1.74173 2.49103 17.6841 1 1 1
v 1.85442 2.48342 17.6309 1 1 1
v 1.30905 5.50097 20.3056 1 1 1
v 1.90931 2.66767 17.7169 1 1 1
v 1.05668 -1.77941 18.6375 1 1 1
v 1.78145 2.92957 18.2732 1 1 1
v 1.78588 2.4652 18.2301 1 1 1
v 1.44653 5.11361 20.26 1 1 1
v 2.07791 -0.49219 17.0137 1 1 1
v 2.38255 2.49764 17.525 1 1 1
v 2.36219 2.52069 17.6055 1 1 1
v 2.42001 2.39864 17.4406 1 1 1
v 2.30221 11.7201 21.442 1 1 1
v 1.30319 -11.3775 15.9979 1 1 1
v 1.33731 -12.9634 15.5326 1 1 1
v 2.25103 -5.24517 15.6031 1 1 1
v 2.41334 2.10918 17.9694 1 1 1
v 2.49227 11.95 21.5351 1 1 1
v 2.31485 -5.16314 15.5329 1 1 1
v 2.13143 3.32515 19.4649 1 1 1
v 2.18801 3.26804 19.2466 1 1 1
v 2.42173 -5.07528 15.3593 1 1 1
v 2.36994 -5.16091 15.5314 1 1 1
v 2.0558 3.53432 19.9737 1 1 1
v 2.46023 -5.52283 15.4516 1 1 1
v 0.608036 8.44301 27.3372 1 1 1
v 2.53067 -5.36549 15.4419 1 1 1
v 2.65316 2.73498 18.4226 1 1 1
v 2.82813 2.63335 18.011 1 1 1
v 2.8069 -4.28597 15.3846 1 1 1
v 2.79132 2.39813 18.264 1 1 1
v 2.90351 1.01905 17.4541 1 1 1
v 2.90957 2.65195 18.3107 1 1 1
v 1.45265 7.91359 25.7155 1 1 1
v 3.14413 2.45623 18.0517 1 1 1
v 3.21116 1.02718 17.3422 1 1 1
v 3.03283 6.10947 20.4028 1 1 1
v 3.28992 2.96509 18.5404 1 1 1
v 3.23248 11.2722 22.5277 1 1 1
v 3.27114 3.00465 18.6422 1 1 1
v 3.83133 11.8924 21.0455 1 1 1
v 3.83133 11.8924 21.0455 1 1 1
v 3.9135 11.6282 20.7792 1 1 1
v 3.44603 5.57803 20.0327 1 1 1
v 3.54919 6.7545 20.2704 1 1 1
v 3.51085 6.85139 20.4944 1 1 1
v 3.01651 -5.62863 16.752 1 1 1
v 3.31845 -5.52735 15.8299 1 1 1
v 3.74449 2.79 18.789 1 1 1
v 4.27602 11.8545 21.7963 1 1 1
v 3.62295 -1.07243 18.1983 1 1 1
v 3.66525 -5.24503 16.0944 1 1 1
v 3.70176 -5.36662 15.8721 1 1 1
v 3.41559 5.99723 23.5717 1 1 1
v 3.41559 5.99723 23.5717 1 1 1
v 4.09105 -1.05562 17.6616 1 1 1
v 3.89106 -5.68733 16.1856 1 1 1
v 4.16782 -1.11335 17.6373 1 1 1
v 3.83774 -5.54364 16.8433 1 1 1
v 4.16653 -2.40769 17.6718 1 1 1
v 3.91725 -4.86796 17.4838 1 1 1
v 4.28502 -2.37741 17.7581 1 1 1
v 3.69894 5.78172 26.0935 1 1 1
v 4.33464 -4.29861 16.5689 1 1 1
v 4.3007 -2.00797 18.1995 1 1 1
v 4.1355 -5.89913 16.8744 1 1 1
v 4.36961 0.7664 19.8239 1 1 1
v 4.40918 -4.20641 16.5151 1 1 1
v 4.45272 -2.36694 17.444 1 1 1
v 3.95409 5.13648 24.9836 1 1 1
v 4.3141 -2.82164 18.1988 1 1 1
v 4.32296 0.795952 20.5518 1 1 1
v 4.32296 0.795952 20.5518 1 1 1
v 4.38292 -5.55112 16.5609 1 1 1
v 5.19259 11.1681 22.959 1 1 1
v 4.17501 4.85929 24.6407 1 1 1
v 4.17202 5.06457 24.8657 1 1 1
v 4.25732 5.12396 24.5597 1 1 1
v 4.51476 -5.37947 16.233 1 1 1
v 5.18785 11.3413 23.4634 1 1 1
v 4.74341 -0.223328 18.9105 1 1 1
v 4.73437 -4.78272 15.8719 1 1 1
v 4.61736 -4.95856 16.5511 1 1 1
v 4.67737 -2.35121 18.0957 1 1 1
v 4.81267 -1.90836 17.9577 1 1 1
v 4.70717 -1.85257 18.6705 1 1 1
v 4.77248 -0.6893 19.2344 1 1 1
v 4.60855 8.36954 26.9284 1 1 1
v 4.76068 -4.88135 16.591 1 1 1
v 5.042 -2.1431 17.6644 1 1 1
v 4.74702 -2.0079 20.1768 1 1 1
v 5.97956 11.1999 23.1322 1 1 1
v 5.01111 7.55912 28.1238 1 1 1
v 5.89821 10.4531 24.7511 1 1 1
v 4.82625 -3.11823 22.5774 1 1 1
v 5.29269 8.12358 29.266 1 1 1
v 6.13853 10.5832 24.9248 1 1 1
v 6.34197 9.99518 25.6798 1 1 1
v 6.60522 10.3328 24.8436 1 1 1
v 6.58808 9.15157 26.622 1 1 1
v 6.66087 9.23061 27.1853 1 1 1
v 6.99665 9.53846 25.7458 1 1 1
v 7.02678 10.2304 27.0615 1 1 1
v 7.02678 10.2304 27.0615 1 1 1
v 7.14855 8.86055 28.1686 1 1 1
v 7.14886 8.84746 28.1336 1 1 1
v 8.31085 11.1436 23.824 1 1 1
v 7.74723 8.36477 29.3221 1 1 1
v 7.93207 8.42332 28.5898 1 1 1
v 8.33685 8.09645 29.6772 1 1 1
v 9.11882 11.928 22.4191 1 1 1
v 9.19132 11.7939 21.2477 1 1 1
v 9.3754 11.2925 23.886 1 1 1
v 9.03422 8.25959 28.4274 1 1 1
v 9.03422 8.25959 28.4274 1 1 1
v 8.9864 6.93425 32.2189 1 1 1
v 10.9657 11.0576 24.0355 1 1 1
v 11.18 11.2332 24.1135 1 1 1
v 11.18 11.2332 24.1135 1 1 1
v 12.163 5.62532 34.5028 1 1 1
v 12.0319 5.36734 33.4394 1 1 1
v 12.8667 7.12676 31.9068 1 1 1
v -10.2122 7.19594 21.4339 1 1 1
v -10.8049 7.28957 22.2343 1 1 1
v -10.5716 7.21106 22.0596 1 1 1
v -10.3097 7.12779 21.7537 1 1 1
v -6.52978 -8.3136 15.1018 1 1 1
v -7.04401 -8.05441 17.9284 1 1 1
v -9.4128 8.92488 25.6827 1 1 1
v -9.60218 9.14547 26.0143 1 1 1
v -10.7002 -2.31836 28.0954 1 1 1
v -11.2725 6.36241 31.1431 1 1 1
v -10.9186 -2.49802 29.4119 1 1 1
v -4.01586 6.00937 19.5269 1 1 1
v -4.13086 6.10901 19.7565 1 1 1
v -4.56251 6.46383 20.5812 1 1 1
v -5.51728 7.70426 22.6708 1 1 1
v -10.6391 -2.81293 29.5778 1 1 1
v -5.05565 2.93995 22.289 1 1 1
v -4.2574 7.63758 22.12 1 1 1
v -3.52503 5.99957 20.4106 1 1 1
v -4.48161 8.24511 22.6871 1 1 1
v -4.65077 9.53954 23.3488 1 1 1
v -3.459 6.07419 20.7571 1 1 1
v -4.38246 8.05688 22.9452 1 1 1
v -2.61745 1.02575 19.1674 1 1 1
v -2.15639 0.643788 18.1932 1 1 1
v -10.0928 -4.50606 33.1134 1 1 1
v -2.59359 -0.966324 18.9075 1 1 1
v -3.82552 9.13714 23.8751 1 1 1
v -2.18658 1.14049 18.9084 1 1 1
v -3.86955 8.90057 24.1129 1 1 1
v -1.70282 1.32631 17.9657 1 1 1
v -1.99057 -4.38249 17.5524 1 1 1
v -1.3077 0.973252 17.2977 1 1 1
v -1.3384 0.988002 17.372 1 1 1
v -2.02301 -4.49448 17.6557 1 1 1
v -1.71215 -4.44472 17.2657 1 1 1
v -1.71215 -4.44472 17.2657 1 1 1
v -1.68239 -5.37127 16.9976 1 1 1
v -1.4094 1.50755 17.9718 1 1 1
v -1.17487 -1.37525 16.9259 1 1 1
v -1.22625 -1.36339 17.0492 1 1 1
v -3.4093 9.42377 24.2666 1 1 1
v -1.38468 2.58983 19.0635 1 1 1
v -1.72541 4.02282 21.496 1 1 1
v -0.89967 5.97219 20.6618 1 1 1
v -1.55803 10.5131 23.6911 1 1 1
v -3.60417 7.09097 28.7976 1 1 1
v -0.00728839 -5.90643 16.4275 1 1 1
v -0.0599222 6.79538 19.9866 1 1 1
v -0.0599222 6.79538 19.9866 1 1 1
v 0.371231 -5.67329 15.6229 1 1 1
v -3.36899 7.19066 28.9427 1 1 1
v -3.27653 7.17711 28.9175 1 1 1
v -3.42759 7.46942 29.4916 1 1 1
v 0.483981 -5.47883 15.7471 1 1 1
v 0.453799 -5.4891 15.8276 1 1 1
v 0.579291 -5.63559 15.4585 1 1 1
v 0.533813 -5.46173 15.76 1 1 1
v 0.178577 1.90483 18.8031 1 1 1
v 0.464142 -5.55616 15.982 1 1 1
v -3.82805 7.65078 31.0669 1 1 1
v -0.176487 10.9903 22.7468 1 1 1
v -3.06292 6.65233 29.6513 1 1 1
v -3.66289 7.21456 31.6311 1 1 1
v 0.591199 6.47361 20.9786 1 1 1
v -1.01296 -15.7999 19.9238 1 1 1
v 1.22732 5.07159 19.7203 1 1 1
v 1.42771 2.28417 18.2535 1 1 1
v 1.62322 2.03396 17.6145 1 1 1
v 0.845595 10.6926 22.9959 1 1 1
v 1.15856 5.79168 20.7503 1 1 1
v -0.440047 -13.2968 20.2267 1 1 1
v 2.10654 -5.10371 15.0944 1 1 1
v 2.09293 -4.95161 15.7247 1 1 1
v 1.80565 11.6076 22.5627 1 1 1
v 2.308 3.0469 18.6212 1 1 1
v 2.36041 -5.43046 15.3993 1 1 1
v 2.27067 -5.55676 15.7727 1 1 1
v 2.47693 -5.17792 15.2642 1 1 1
v 2.45389 -5.36791 15.3752 1 1 1
v 2.60134 2.62246 17.862 1 1 1
v 3.12058 -6.10888 12.8183 1 1 1
v 2.71185 2.17841 17.6348 1 1 1
v 2.82645 8.45803 19.6091 1 1 1
v 0.688712 8.47043 27.8346 1 1 1
v 2.61077 2.89304 18.5022 1 1 1
v 2.60405 2.89901 18.5403 1 1 1
v 2.92065 0.985572 17.3445 1 1 1
v 4.21681 -4.87561 10.4792 1 1 1
v 3.20113 2.51665 17.9332 1 1 1
v 3.26918 0.93944 17.1195 1 1 1
v 3.52193 1.76206 17.0645 1 1 1
v 1.43645 -6.77288 22.6473 1 1 1
v 1.43152 -6.77646 22.6709 1 1 1
v 1.38739 -6.89667 23.1247 1 1 1
v 3.60312 2.89436 18.6525 1 1 1
v 3.68619 -5.27596 15.3684 1 1 1
v 3.78549 3.28661 19.2107 1 1 1
v 3.88629 -0.520254 17.8018 1 1 1
v 3.87974 -0.516537 17.8525 1 1 1
v 3.6735 -5.7666 16.6299 1 1 1
v 3.6735 -5.7666 16.6299 1 1 1
v 3.80756 -5.2824 16.333 1 1 1
v 4.0361 -0.41711 17.9082 1 1 1
v 4.01328 -4.98554 15.6755 1 1 1
v 3.85133 4.03521 21.7441 1 1 1
v 4.07416 -1.09426 17.7924 1 1 1
v 4.08482 -5.77803 15.9761 1 1 1
v 4.19945 -2.28884 17.9828 1 1 1
v 3.93828 5.19514 25.1721 1 1 1
v 4.03243 5.1746 24.5771 1 1 1
v 4.29789 -2.39701 18.2668 1 1 1
v 4.48839 0.506345 19.2472 1 1 1
v 4.03424 5.10947 25.2173 1 1 1
v 4.47551 0.525977 19.3837 1 1 1
v 4.42112 -3.76755 17.219 1 1 1
v 4.60999 -4.9654 16.6143 1 1 1
v 4.79842 -0.326572 18.9106 1 1 1
v 4.6902 -4.95149 16.5014 1 1 1
v 4.72524 -5.27455 16.9837 1 1 1
v 4.7143 -5.22813 17.1877 1 1 1
v 4.82406 -5.20825 17.2908 1 1 1
v 4.86231 -5.20742 17.4783 1 1 1
v 4.88061 -5.19032 17.3144 1 1 1
v 5.82587 9.99091 25.8038 1 1 1
v 2.16079 -18.0979 38.0558 1 1 1
v 5.70388 8.05185 27.7956 1 1 1
v 5.66164 8.69394 29.6017 1 1 1
v 2.07061 -22.8941 38.1748 1 1 1
v 2.73162 -23.3753 30.0986 1 1 1
v 6.34355 10.0946 25.8918 1 1 1
v 6.78919 10.6862 24.3488 1 1 1
v 6.08948 -0.244334 20.8383 1 1 1
v 3.07753 -22.3934 38.7704 1 1 1
v 3.27271 -23.267 38.4015 1 1 1
v 6.75895 8.02946 29.836 1 1 1
v 5.48108 -0.838537 39.2838 1 1 1
v 3.43695 -23.2433 38.3558 1 1 1
v 3.64781 -20.8529 39.2307 1 1 1
v 3.75618 -21.2296 38.4184 1 1 1
v 3.43862 -25.401 37.4729 1 1 1
v 3.81061 -22.4396 35.4924 1 1 1
v 4.03882 -19.2743 38.3433 1 1 1
v 5.41637 -5.58529 37.0134 1 1 1
v 3.63949 -23.6361 38.9779 1 1 1
v 3.63949 -23.6361 38.9779 1 1 1
v 4.16018 -18.335 39.1866 1 1 1
v 3.66789 -24.4119 37.6962 1 1 1
v 3.76968 -23.417 37.7829 1 1 1
v 6.63378 5.57438 34.9408 1 1 1
v 3.92919 -21.8705 38.3563 1 1 1
v 3.84438 -23.1448 37.7318 1 1 1
v 3.76239 -24.8223 37.8302 1 1 1
v 3.71399 -25.9774 37.3693 1 1 1
v 3.87851 -24.5188 38.1277 1 1 1
v 3.92396 -24.1022 37.8957 1 1 1
v 4.09828 -23.567 37.968 1 1 1
v 4.57478 -18.396 39.3067 1 1 1
v 4.57478 -18.396 39.3067 1 1 1
v 4.07838 -24.1641 38.0752 1 1 1
v 4.22495 -24.0104 37.5208 1 1 1
v 4.22495 -24.0104 37.5208 1 1 1
v 4.22495 -24.0104 37.5208 1 1 1
v 4.06417 -27.0102 36.8972 1 1 1
v 4.50993 -22.5888 37.4878 1 1 1
v 3.95559 -29.3125 35.6692 1 1 1
v 6.49532 -2.69025 38.4796 1 1 1
v 6.49532 -2.69025 38.4796 1 1 1
v 7.78505 8.49663 29.3625 1 1 1
v 4.38497 -26.7122 37.2831 1 1 1
v 4.76805 -22.5008 38.0926 1 1 1
v 8.47685 13.1522 21.0418 1 1 1
v 4.91462 -23.0993 35.4944 1 1 1
v 4.84477 -23.9725 37.0697 1 1 1
v 5.12153 -21.372 38.949 1 1 1
v 5.12153 -21.372 38.949 1 1 1
v 4.68507 -27.4788 36.4753 1 1 1
v 5.16916 -22.2847 38.2314 1 1 1
v 5.1005 -24.3845 37.8637 1 1 1
v 5.4463 -24.6201 38.3819 1 1 1
v 5.69262 -22.32 38.4214 1 1 1
v 7.40958 -4.06577 31.1177 1 1 1
v 8.55882 6.85297 32.0976 1 1 1
v 5.80377 -23.5562 38.2465 1 1 1
v 8.53455 5.73193 35.2447 1 1 1
v 8.51764 5.62673 34.8347 1 1 1
v 6.20686 -24.4783 37.8068 1 1 1
v 6.43746 -24.6695 37.4781 1 1 1
v 6.77759 -23.6676 37.9907 1 1 1
v 6.43304 -28.2037 36.4251 1 1 1
v 6.98543 -24.8621 37.6435 1 1 1
v 6.69421 -28.1653 36.1781 1 1 1
v 6.75359 -28.0034 36.9475 1 1 1
v 7.91936 -17.1536 40.3746 1 1 1
v 9.84597 5.74109 35.5083 1 1 1
v 6.9475 -28.269 37.2906 1 1 1
v 7.14069 -27.2249 38.0037 1 1 1
v 7.14069 -27.2249 38.0037 1 1 1
v 7.38178 -26.8795 38.1903 1 1 1
v 7.98996 -22.1674 39.3155 1 1 1
v 8.58813 -17.9679 40.4925 1 1 1
v 8.34356 -21.2275 39.346 1 1 1
v 10.7453 5.52034 35.6785 1 1 1
v 8.46069 -22.6476 39.7572 1 1 1
v 8.53814 -22.0443 39.0223 1 1 1
v 9.01966 -20.0641 40.2896 1 1 1
v 8.89931 -23.0931 40.3466 1 1 1
v 9.16212 -20.6164 40.3044 1 1 1
v 9.24748 -20.1282 40.6025 1 1 1
v 8.83274 -24.4786 39.0821 1 1 1
v 8.09063 -29.903 35.4497 1 1 1
v 9.30762 -22.8949 40.1476 1 1 1
v 9.75298 -19.1274 41.0269 1 1 1
v 9.51953 -22.9937 39.621 1 1 1
v 9.88387 -22.9966 39.3197 1 1 1
v 9.94838 -27.8223 36.9629 1 1 1
v 10.3173 -4.44261 22.9523 1 1 1
v 10.0058 -28.2657 37.0641 1 1 1
v 13.1801 5.13247 37.7876 1 1 1
v 13.1801 5.13247 37.7876 1 1 1
v 12.6524 6.90312 32.0193 1 1 1
v -10.985 7.39595 22.4875 1 1 1
v -11.0332 7.42284 22.5564 1 1 1
v -7.79635 -3.00831 17.1795 1 1 1
v -15.3272 -4.95793 27.7547 1 1 1
v -16.1146 -5.18398 29.0353 1 1 1
v -14.0351 -3.4665 26.5186 1 1 1
v -16.0686 -5.48681 30.0379 1 1 1
v -15.4194 -5.23521 29.3714 1 1 1
v -14.4708 -3.6769 28.5366 1 1 1
v -14.4708 -3.6769 28.5366 1 1 1
v -14.1878 -5.2043 27.9595 1 1 1
v -14.5238 -5.54853 29.1297 1 1 1
v -14.9353 -5.42821 29.8227 1 1 1
v -15.2154 -5.54543 30.2809 1 1 1
v -14.2089 -5.06275 29.1464 1 1 1
v -14.3364 -5.59233 29.4143 1 1 1
v -14.0273 -5.74559 29.2152 1 1 1
v -14.3012 -5.99522 29.7438 1 1 1
v -13.6256 -5.04757 29.0299 1 1 1
v -14.4051 -6.82536 30.064 1 1 1
v -13.9044 -4.98113 29.6579 1 1 1
v -13.9044 -4.98113 29.6579 1 1 1
v -14.1987 -6.20417 29.9965 1 1 1
v -14.1056 -4.26717 30.2861 1 1 1
v -14.1056 -4.26717 30.2861 1 1 1
v -13.7267 -5.28588 29.6318 1 1 1
v -14.3632 -6.73693 30.4349 1 1 1
v -14.009 -6.44784 29.9963 1 1 1
v -13.7756 -6.0933 29.8682 1 1 1
v -13.7972 -6.52366 29.9262 1 1 1
v -13.3828 -6.00996 29.4117 1 1 1
v -13.7008 -5.94787 29.9557 1 1 1
v -13.838 -4.40819 30.5202 1 1 1
v -13.1559 -6.40748 29.2258 1 1 1
v -12.966 -6.52015 29.0706 1 1 1
v -13.4138 -4.38834 30.1444 1 1 1
v -13.3876 -5.14368 30.1468 1 1 1
v -14.1158 -5.03968 31.3566 1 1 1
v -13.6757 -5.53349 30.6017 1 1 1
v -13.2669 -4.67453 30.1371 1 1 1
v -13.165 -6.29848 29.7579 1 1 1
v -13.5221 -6.04029 30.4649 1 1 1
v -13.6019 -6.05894 30.5953 1 1 1
v -13.626 -6.61446 30.5816 1 1 1
v -13.6002 -6.6897 30.5678 1 1 1
v -13.4753 -5.0598 30.7211 1 1 1
v -13.3403 -6.22331 30.4883 1 1 1
v -13.6218 -5.3362 31.2161 1 1 1
v -13.6158 -5.47564 31.3431 1 1 1
v -13.6158 -5.47564 31.3431 1 1 1
v -13.4409 -5.62446 31.1059 1 1 1
v -13.2311 -6.38565 30.69 1 1 1
v -13.2942 -6.20487 31.0794 1 1 1
v -13.1493 -5.23621 30.9842 1 1 1
v -13.4454 -5.7694 31.5367 1 1 1
v -13.0978 -5.92999 31.0446 1 1 1
v -13.6899 -5.75968 32.1708 1 1 1
v -13.0886 -5.4594 31.2496 1 1 1
v -13.0678 -4.96404 31.3486 1 1 1
v -13.3899 -6.10917 31.9364 1 1 1
v -13.6273 -5.80162 32.4484 1 1 1
v -13.3679 -5.44922 32.0794 1 1 1
v -13.45 -5.7219 32.2835 1 1 1
v -14.0061 -6.88568 33.0987 1 1 1
v -11.4867 -2.41785 29.4641 1 1 1
v -13.3558 -5.41092 32.2711 1 1 1
v -13.2319 -5.59844 32.0702 1 1 1
v -12.7349 -2.27184 31.7577 1 1 1
v -13.5726 -6.20162 32.7387 1 1 1
v -10.7657 -2.31051 28.5275 1 1 1
v -11.8164 6.66256 31.7188 1 1 1
v -13.2556 -5.61912 32.4414 1 1 1
v -14.4161 -6.99388 34.2897 1 1 1
v -10.5564 -2.52578 28.2396 1 1 1
v -12.8067 -5.70257 31.9562 1 1 1
v -12.8067 -5.70257 31.9562 1 1 1
v -13.9573 -6.70233 34.1516 1 1 1
v -3.32287 -12.9187 14.6016 1 1 1
v -12.9651 -5.67079 33.1952 1 1 1
v -12.8982 -5.78183 33.1954 1 1 1
v -10.9076 -3.05874 30.1964 1 1 1
v -12.5239 -5.72157 33.0026 1 1 1
v -12.9113 -5.68295 33.7777 1 1 1
v -13.1186 -6.34538 34.06 1 1 1
v -13.6189 -6.43339 35.0075 1 1 1
v -11.4467 6.65916 33.2926 1 1 1
v -11.6301 5.97518 33.5673 1 1 1
v -12.7696 -5.81936 33.8807 1 1 1
v -5.56899 10.6909 23.1228 1 1 1
v -13.6242 -6.36607 35.4669 1 1 1
v -5.09156 10.6236 22.2657 1 1 1
v -5.86216 11.0706 23.8073 1 1 1
v -12.876 -5.97128 34.4381 1 1 1
v -13.0875 -6.38448 35.3062 1 1 1
v -12.6116 -5.63861 34.6913 1 1 1
v -4.13041 6.69771 20.5267 1 1 1
v -5.22609 10.4777 23.467 1 1 1
v -3.80018 6.6232 20.8307 1 1 1
v -4.7383 10.8034 23.7044 1 1 1
v -4.01896 5.5964 21.7581 1 1 1
v -3.03207 6.43674 20.0442 1 1 1
v -3.97527 5.49854 22.0579 1 1 1
v -2.73438 0.305059 18.7604 1 1 1
v -3.79401 5.54307 22.049 1 1 1
v -9.87178 -3.99099 33.6698 1 1 1
v -2.57485 0.66101 18.804 1 1 1
v -2.61183 -0.512611 18.8542 1 1 1
v -2.31318 -0.510893 18.2618 1 1 1
v -3.02099 -3.76502 19.3966 1 1 1
v -2.20209 -1.48701 18.2366 1 1 1
v -3.59602 9.01738 24.0084 1 1 1
v -1.72974 1.74363 18.4335 1 1 1
v -1.3989 1.42742 17.6879 1 1 1
v -1.06969 -0.544958 16.5865 1 1 1
v -1.71159 2.08469 18.6106 1 1 1
v -1.71159 2.08469 18.6106 1 1 1
v -1.67384 -4.77433 17.2473 1 1 1
v -1.47831 -5.21844 16.729 1 1 1
v -1.60798 2.12467 18.5004 1 1 1
v -2.10874 -6.29475 18.4269 1 1 1
v -1.55326 2.60983 19.0662 1 1 1
v -1.11363 2.23195 17.9557 1 1 1
v -2.81416 10.2308 24.0041 1 1 1
v -1.37632 2.73603 19.4811 1 1 1
v -1.37632 2.73603 19.4811 1 1 1
v -1.66284 3.65742 20.789 1 1 1
v -2.1198 5.48285 22.5117 1 1 1
v -1.78974 4.03225 21.3785 1 1 1
v -0.695666 1.52352 18.2199 1 1 1
v -0.680057 -6.72608 16.5127 1 1 1
v -1.10043 6.08863 21.1323 1 1 1
v -1.11107 6.09914 21.1657 1 1 1
v 0.17021 -5.64079 15.2763 1 1 1
v -0.67796 -6.664 17.4384 1 1 1
v -1.0249 5.61092 21.1471 1 1 1
v -0.589463 -6.90364 17.6906 1 1 1
v -0.788148 -7.02886 18.3009 1 1 1
v -0.788148 -7.02886 18.3009 1 1 1
v -3.57365 7.48172 30.0154 1 1 1
v -3.23625 7.2452 29.6898 1 1 1
v -3.38418 7.40134 30.2038 1 1 1
v 0.334039 -5.85266 16.1724 1 1 1
v 0.0410175 10.6327 23.0837 1 1 1
v 0.811955 1.48302 18.2151 1 1 1
v 0.13953 6.12787 21.7391 1 1 1
v 0.832604 6.26893 21.5841 1 1 1
v 0.563347 10.5511 23.8319 1 1 1
v 0.563347 10.5511 23.8319 1 1 1
v 0.899022 -1.75252 19.2599 1 1 1
v 1.2585 5.62031 20.5406 1 1 1
v 1.87742 2.54334 17.4935 1 1 1
v 1.8558 -5.83523 15.8094 1 1 1
v 1.84879 -6.91267 15.5962 1 1 1
v 1.56454 -7.24349 16.6414 1 1 1
v 1.74311 11.6409 22.4801 1 1 1
v 2.29577 2.52568 17.5983 1 1 1
v 2.04876 11.6317 22.1425 1 1 1
v 2.47116 8.7326 20.4977 1 1 1
v 2.1442 3.68615 20.2016 1 1 1
v 3.0835 2.16586 17.7026 1 1 1
v 3.07205 12.145 21.7934 1 1 1
v 3.09013 12.0611 21.6562 1 1 1
v 2.75214 6.43896 21.1972 1 1 1
v 3.0158 2.67615 18.5608 1 1 1
v 2.87099 7.07523 21.6571 1 1 1
v 3.34463 -5.42089 15.3311 1 1 1
v 3.51558 1.95594 17.6143 1 1 1
v 3.40351 5.49003 20.1035 1 1 1
v 3.94456 -0.404612 17.9441 1 1 1
v 3.99975 -5.01583 15.5111 1 1 1
v 3.99164 -5.09915 15.6697 1 1 1
v 4.50527 11.9944 22.2548 1 1 1
v 4.02424 1.93146 20.1254 1 1 1
v 4.0976 -4.86687 15.6809 1 1 1
v 4.08351 9.40119 24.9616 1 1 1
v 4.13676 4.21838 24.1956 1 1 1
v 4.25333 5.14911 24.6243 1 1 1
v 4.42349 -3.10764 17.6815 1 1 1
v 4.4114 -3.11219 17.8618 1 1 1
v 4.46351 -2.79036 18.1973 1 1 1
v 4.45678 -2.79006 18.3069 1 1 1
v 4.709 -0.363509 17.7773 1 1 1
v 4.38614 2.73739 23.534 1 1 1
v 4.50236 -2.86032 18.2212 1 1 1
v 4.50236 -2.86032 18.2212 1 1 1
v 4.60743 -4.76672 16.2141 1 1 1
v 4.5872 -4.79793 16.484 1 1 1
v 4.45802 -5.59608 17.1806 1 1 1
v 5.17203 11.4057 23.4066 1 1 1
v 4.63162 0.53225 20.6511 1 1 1
v 4.74253 -1.83743 18.1184 1 1 1
v 4.64678 -5.39132 16.9889 1 1 1
v 1.91794 -18.8628 39.5182 1 1 1
v 1.96106 -18.7128 39.135 1 1 1
v 2.30114 -16.5931 39.9034 1 1 1
v 4.88479 -5.13692 17.4606 1 1 1
v 2.19289 -19.424 40.5444 1 1 1
v 2.17156 -21.1362 39.8109 1 1 1
v 1.775 -26.7603 39.465 1 1 1
v 2.26714 -19.2035 40.888 1 1 1
v 1.81002 -27.6714 39.269 1 1 1
v 5.25267 8.1485 29.7982 1 1 1
v 2.68141 -16.4335 41.0295 1 1 1
v 2.38809 -21.7638 39.3713 1 1 1
v 5.72333 10.1004 25.856 1 1 1
v 2.5476 -21.0248 39.7519 1 1 1
v 2.31434 -23.9953 39.9113 1 1 1
v 2.29972 -25.0588 38.8678 1 1 1
v 2.90515 -18.4213 37.3272 1 1 1
v 2.19017 -28.7925 37.717 1 1 1
v 2.16577 -29.1275 37.8129 1 1 1
v 2.48529 -25.1906 38.1715 1 1 1
v 2.48654 -25.7811 37.8476 1 1 1
v 2.92732 -19.9204 39.5012 1 1 1
v 2.98359 -20.4222 40.155 1 1 1
v 6.0741 10.6685 25.8969 1 1 1
v 2.69327 -25.8228 38.5531 1 1 1
v 2.49039 -28.6477 38.5864 1 1 1
v 2.62239 -26.9988 38.7463 1 1 1
v 2.99755 -21.0262 40.9824 1 1 1
v 2.71389 -26.1651 38.9226 1 1 1
v 2.71389 -26.1651 38.9226 1 1 1
v 2.70952 -26.9779 39.036 1 1 1
v 3.11634 -20.9557 40.4469 1 1 1
v 2.86884 -26.3288 37.6478 1 1 1
v 2.90174 -25.6616 38.3867 1 1 1
v 3.12917 -21.0065 40.973 1 1 1
v 3.18245 -21.8339 38.4371 1 1 1
v 2.92757 -25.863 38.1694 1 1 1
v 3.34297 -20.5 38.0933 1 1 1
v 3.24865 -20.5174 40.3675 1 1 1
v 2.70645 -30.997 35.5566 1 1 1
v 3.32192 -20.8454 39.4529 1 1 1
v 3.25766 -23.0556 37.3064 1 1 1
v 2.96762 -26.2979 38.5227 1 1 1
v 3.00345 -26.0176 38.5422 1 1 1
v 3.00345 -26.0176 38.5422 1 1 1
v 3.34602 -23.0709 36.884 1 1 1
v 3.0485 -26.7179 38.0152 1 1 1
v 3.0485 -26.7179 38.0152 1 1 1
v 3.00405 -27.3439 38.292 1 1 1
v 3.00405 -27.3439 38.292 1 1 1
v 3.10239 -26.1672 38.1909 1 1 1
v 3.44737 -21.131 39.273 1 1 1
v 3.20233 -25.5025 37.3653 1 1 1
v 3.31948 -25.1737 37.7392 1 1 1
v 3.24755 -26.4185 38.0395 1 1 1
v 3.51995 -22.9438 37.9313 1 1 1
v 3.56798 -22.5666 37.4909 1 1 1
v 3.7875 -19.8612 39.5848 1 1 1
v 3.38537 -26.21 37.7602 1 1 1
v 3.88326 -19.3666 39.035 1 1 1
v 3.98008 -17.2341 41.3913 1 1 1
v 3.98008 -17.2341 41.3913 1 1 1
v 3.41198 -27.563 37.6624 1 1 1
v 3.55528 -26.1508 37.1563 1 1 1
v 3.58682 -26.3231 37.137 1 1 1
v 4.1725 -18.3678 37.4457 1 1 1
v 3.77291 -24.7117 37.6254 1 1 1
v 4.15207 -18.7458 40.8814 1 1 1
v 4.03435 -20.9865 40.1282 1 1 1
v 3.74703 -26.6708 37.265 1 1 1
v 4.85555 -13.6681 35.0764 1 1 1
v 4.44648 -18.0404 38.2608 1 1 1
v 4.45164 -18.317 40.3127 1 1 1
v 3.85268 -28.2496 36.4657 1 1 1
v 4.29451 -22.3476 36.4536 1 1 1
v 4.29451 -22.3476 36.4536 1 1 1
v 4.61714 -17.8303 40.223 1 1 1
v 4.59963 -17.8803 41.144 1 1 1
v 4.15119 -25.6107 36.9189 1 1 1
v 3.89225 -29.7109 34.9997 1 1 1
v 3.86264 -30.5888 37.0669 1 1 1
v 7.02747 9.83336 26.4489 1 1 1
v 4.51175 -22.2517 35.6962 1 1 1
v 4.51175 -22.2517 35.6962 1 1 1
v 4.05965 -28.4312 37.1767 1 1 1
v 5.12979 -14.1521 37.4105 1 1 1
v 4.03791 -28.635 37.9815 1 1 1
v 4.54622 -22.8164 35.6457 1 1 1
v 4.88992 -17.585 40.0447 1 1 1
v 6.36334 2.46007 42.2106 1 1 1
v 4.046 -30.1212 35.3011 1 1 1
v 4.046 -30.1212 35.3011 1 1 1
v 4.943 -17.5881 41.4282 1 1 1
v 4.12674 -29.6282 35.279 1 1 1
v 4.28715 -27.9124 37.316 1 1 1
v 4.27536 -28.6661 38.0935 1 1 1
v 4.35447 -29.6822 35.1824 1 1 1
v 4.31263 -30.2349 35.7419 1 1 1
v 4.44579 -28.3786 37.2022 1 1 1
v 4.84656 -24.0983 37.7165 1 1 1
v 5.31367 -18.0925 39.8816 1 1 1
v 4.63488 -28.6808 33.6568 1 1 1
v 5.60889 -16.0473 41.4705 1 1 1
v 4.668 -28.7017 36.0936 1 1 1
v 4.70935 -28.4434 33.0312 1 1 1
v 5.1559 -23.5322 35.3566 1 1 1
v 6.04463 -13.2873 42.0141 1 1 1
v 4.75086 -30.1036 35.7404 1 1 1
v 4.75086 -30.1036 35.7404 1 1 1
v 4.97283 -28.2149 36.1548 1 1 1
v 4.8593 -30.5426 35.9239 1 1 1
v 5.12256 -27.9553 36.1326 1 1 1
v 7.77106 8.51575 29.7313 1 1 1
v 5.13988 -28.3749 36.3936 1 1 1
v 5.14066 -30.4412 35.9215 1 1 1
v 5.20293 -29.6787 35.3941 1 1 1
v 5.20293 -29.6787 35.3941 1 1 1
v 5.17858 -30.9316 36.296 1 1 1
v 5.85257 -24.2231 36.9454 1 1 1
v 5.42868 -30.3094 35.6188 1 1 1
v 5.48615 -30.3368 35.9663 1 1 1
v 5.66485 -28.979 37.5628 1 1 1
v 8.24527 8.58728 30.081 1 1 1
v 8.24527 8.58728 30.081 1 1 1
v 8.32232 11.1966 23.9328 1 1 1
v 5.87286 -27.8241 35.3468 1 1 1
v 5.87286 -27.8241 35.3468 1 1 1
v 8.43534 7.52835 31.7395 1 1 1
v 8.43534 7.52835 31.7395 1 1 1
v 7.38795 -11.7409 41.2472 1 1 1
v 7.38795 -11.7409 41.2472 1 1 1
v 7.3602 -11.598 39.6598 1 1 1
v 5.89988 -29.3697 33.9864 1 1 1
v 8.78045 6.09468 35.6375 1 1 1
v 7.65202 -13.0388 41.5221 1 1 1
v 6.1283 -28.1909 32.5281 1 1 1
v 6.16136 -29.4266 33.7496 1 1 1
v 6.47388 -29.4558 34.2889 1 1 1
v 9.09695 8.63013 29.4179 1 1 1
v 8.14304 -14.6729 42.2152 1 1 1
v 7.91184 -17.1137 40.2373 1 1 1
v 8.19138 -14.9826 41.8112 1 1 1
v 7.88658 -18.1626 40.6186 1 1 1
v 7.04363 -29.2082 34.0072 1 1 1
v 7.51197 -27.7392 38.2121 1 1 1
v 10.1498 5.20195 37.2126 1 1 1
v 7.51699 -29.9263 35.0664 1 1 1
v 8.80225 -21.0103 39.9337 1 1 1
v 8.91124 -21.7793 40.1181 1 1 1
v 8.94893 -20.9191 39.5128 1 1 1
v 9.16831 -18.323 39.5552 1 1 1
v 8.67721 -20.8399 35.9807 1 1 1
v 8.98736 -21.1606 38.8616 1 1 1
v 11.528 4.70996 39.3862 1 1 1
v 9.24682 -26.7355 38.0319 1 1 1
v 9.40367 -26.5809 38.0249 1 1 1
v 10.0211 -23.9784 40.6056 1 1 1
v 9.42767 -27.9555 37.4113 1 1 1
v 9.47867 -28.7546 38.075 1 1 1
v 9.51552 -29.4357 37.6709 1 1 1
v 9.69603 -28.4226 37.0488 1 1 1
v 10.09 -26.9475 38.7275 1 1 1
v 9.77139 -28.0865 36.9427 1 1 1
v 9.95432 -27.8258 37.54 1 1 1
v 10.4281 -21.6013 37.7351 1 1 1
v 9.99672 -28.015 37.8686 1 1 1
v 10.3124 -26.7372 39.1177 1 1 1
v 9.96503 -29.3355 37.6191 1 1 1
v 10.2153 -27.1044 37.3566 1 1 1
v 10.1901 -28.4496 37.6601 1 1 1
v 10.7045 -28.0179 37.5994 1 1 1
v -10.5736 -10.1188 20.3983 1 1 1
v -11.1183 -10.3655 21.1657 1 1 1
v -5.44202 8.31101 22.7167 1 1 1
v -4.73047 -3.48122 20.5007 1 1 1
v -3.73193 2.25646 19.3458 1 1 1
v -3.62479 7.2427 20.9457 1 1 1
v -4.26173 8.03768 22.6358 1 1 1
v -4.14759 5.71807 22.0959 1 1 1
v -4.56199 10.126 23.9459 1 1 1
v -3.17628 0.919277 20.2819 1 1 1
v -2.59773 -0.504811 18.8188 1 1 1
v -2.81816 -2.13775 19.1914 1 1 1
v -3.37682 -2.0555 20.6573 1 1 1
v -2.52553 1.81855 19.9307 1 1 1
v -1.97065 -4.50448 17.5652 1 1 1
v -1.97065 -4.50448 17.5652 1 1 1
v -1.53275 -4.77936 16.5231 1 1 1
v -2.60918 2.14111 20.3647 1 1 1
v -1.42688 1.14718 17.6219 1 1 1
v -1.42688 1.14718 17.6219 1 1 1
v -1.66527 2.39256 18.8794 1 1 1
v -1.13232 -1.4103 16.9969 1 1 1
v -1.6133 2.09212 18.8544 1 1 1
v -2.68856 8.84191 23.2222 1 1 1
v -1.17529 -4.30026 17.1315 1 1 1
v -1.20797 -4.30083 17.2251 1 1 1
v -2.92271 10.5691 24.8215 1 1 1
v -1.63604 3.0267 20.0758 1 1 1
v -0.75106 -6.4436 16.6377 1 1 1
v -1.09985 -11.9648 16.9228 1 1 1
v -1.59707 5.89761 21.7881 1 1 1
v -1.77465 10.5578 23.5202 1 1 1
v -0.501387 -6.65762 16.5806 1 1 1
v -1.39508 5.47564 21.5085 1 1 1
v -0.815928 -11.798 16.7706 1 1 1
v -0.649742 1.48701 18.9398 1 1 1
v -1.31646 5.95415 22.5487 1 1 1
v 0.372434 -5.39419 15.7252 1 1 1
v 0.171555 8.94076 19.6507 1 1 1
v -0.507921 4.41558 23.462 1 1 1
v 0.53101 6.33878 20.9444 1 1 1
v 0.145234 6.35488 22.8391 1 1 1
v 0.853858 5.16195 20.2207 1 1 1
v 1.14552 5.83805 20.6332 1 1 1
v 0.995017 11.266 22.7983 1 1 1
v 1.61224 4.83859 19.5141 1 1 1
v 1.87534 2.63536 17.9915 1 1 1
v 2.10358 1.68471 17.379 1 1 1
v 2.10358 1.68471 17.379 1 1 1
v 2.23914 -5.02061 15.6416 1 1 1
v 2.3225 2.8268 18.2923 1 1 1
v 2.36837 -5.59361 15.823 1 1 1
v 2.35426 -5.59776 15.9099 1 1 1
v 2.39805 2.40136 18.1895 1 1 1
v 2.59264 -5.33509 15.2131 1 1 1
v 2.30296 12.6129 22.6268 1 1 1
v 2.79666 -4.23743 15.5372 1 1 1
v 2.83368 2.80482 18.4772 1 1 1
v 3.04366 7.72739 19.416 1 1 1
v 3.07413 2.25366 17.9913 1 1 1
v 3.01307 6.07362 20.7032 1 1 1
v 3.16386 0.433709 17.6089 1 1 1
v 3.44968 2.84107 18.1179 1 1 1
v 3.39411 3.03174 18.7474 1 1 1
v 3.53112 1.58782 19.458 1 1 1
v 3.8973 -5.92327 17.5785 1 1 1
v 4.09211 -4.74363 16.9262 1 1 1
v 4.25351 5.01975 24.9735 1 1 1
v 4.38814 -4.2097 16.7271 1 1 1
v 4.51624 -3.66455 16.0362 1 1 1
v 4.54662 8.6916 27.6269 1 1 1
v 4.5641 -5.31008 16.32 1 1 1
v 4.76046 -5.11177 16.3677 1 1 1
v 4.77064 -4.87237 16.4748 1 1 1
v 4.79661 -5.1512 17.18 1 1 1
v 5.35437 10.1575 25.5714 1 1 1
v 5.35437 10.1575 25.5714 1 1 1
v 4.97539 3.10151 26.5811 1 1 1
v 4.94294 -4.95603 17.5676 1 1 1
v 5.03874 -5.05929 17.674 1 1 1
v 5.68055 8.383 28.337 1 1 1
v 6.12739 12.1235 22.5262 1 1 1
v 7.35119 8.53322 28.2385 1 1 1
v 7.00684 -3.5894 20.5808 1 1 1
v 9.11872 11.9531 22.5188 1 1 1
v -9.58893 -2.21651 25.7516 1 1 1
v -4.78321 6.64876 21.0167 1 1 1
v -5.25629 10.8345 22.5965 1 1 1
v -4.36111 7.92697 22.5097 1 1 1
v -3.95234 6.42754 21.3795 1 1 1
v -3.95234 6.42754 21.3795 1 1 1
v -3.99417 11.3579 22.4042 1 1 1
v -3.36787 5.99814 20.5083 1 1 1
v -3.67942 -0.240452 20.8307 1 1 1
v -3.56185 1.80842 20.9975 1 1 1
v -3.92646 5.67582 22.4524 1 1 1
v -2.28857 -0.519344 18.2502 1 1 1
v -2.3207 0.745892 18.555 1 1 1
v -2.77148 2.49922 20.6486 1 1 1
v -1.59825 -0.0873419 17.1156 1 1 1
v -1.88882 -4.50057 17.7654 1 1 1
v -1.37588 -5.66122 16.1512 1 1 1
v -1.52386 -5.51065 16.9042 1 1 1
v -1.58925 1.05913 18.11 1 1 1
v -2.63907 -6.63481 20.2101 1 1 1
v -3.43232 4.23421 24.2824 1 1 1
v -1.54496 2.48734 18.8162 1 1 1
v -1.25961 -4.43442 17.4935 1 1 1
v -1.81415 3.67602 20.4422 1 1 1
v -1.92702 4.00049 21.7543 1 1 1
v -0.754512 1.69505 18.0023 1 1 1
v -1.42252 5.54673 21.3044 1 1 1
v -0.354375 -6.79973 16.2834 1 1 1
v -0.998891 2.73154 20.1508 1 1 1
v -0.536979 1.34856 18.5306 1 1 1
v -1.26796 6.60866 22.127 1 1 1
v -0.83434 5.77049 20.4756 1 1 1
v -0.69428 -7.04794 18.3157 1 1 1
v -2.43407 7.32355 27.3399 1 1 1
v 0.491176 -5.48796 15.4622 1 1 1
v 0.337597 -5.56724 16.3065 1 1 1
v 0.367023 -6.55656 16.2558 1 1 1
v -0.325405 11.3701 23.4061 1 1 1
v 0.388033 11.1497 23.6122 1 1 1
v 1.07735 5.11585 19.579 1 1 1
v 1.5494 2.05389 17.817 1 1 1
v 1.55194 3.02151 18.525 1 1 1
v 1.69565 11.8802 22.7765 1 1 1
v 2.33834 2.52192 17.8928 1 1 1
v 2.37596 1.99894 18.2186 1 1 1
v 2.51409 2.48365 18.0287 1 1 1
v 2.57614 1.8743 17.9391 1 1 1
v 3.00936 8.3812 19.7299 1 1 1
v 2.9708 6.46687 21.0685 1 1 1
v 3.18738 2.37751 17.7937 1 1 1
v 3.14957 0.451865 17.7098 1 1 1
v 3.07924 6.73791 20.8201 1 1 1
v 3.23165 11.3187 22.3036 1 1 1
v 3.52872 6.53647 19.8021 1 1 1
v 3.65557 -1.11027 17.9004 1 1 1
v 3.81453 -2.10625 17.067 1 1 1
v 3.78623 -5.31072 16.3056 1 1 1
v 3.87191 8.44038 24.6372 1 1 1
v 3.91268 4.25464 23.7334 1 1 1
v 4.07225 -0.97958 18.7131 1 1 1
v 4.03262 5.62061 25.7643 1 1 1
v 4.15489 -2.41327 18.1126 1 1 1
v 4.17297 -2.03665 18.5431 1 1 1
v 4.22586 -1.98185 17.7173 1 1 1
v 4.21711 -4.20224 16.4672 1 1 1
v 4.24838 5.34471 25.2055 1 1 1
v 4.38898 -2.34906 18.4254 1 1 1
v 4.41733 2.89785 23.6035 1 1 1
v 4.54533 8.80814 27.9195 1 1 1
v 4.36472 -5.65841 17.6111 1 1 1
v 4.47221 -2.95207 18.3701 1 1 1
v 4.66472 -0.113143 19.7706 1 1 1
v 4.73789 -5.32041 17.4039 1 1 1
v 4.76 -4.92784 16.9702 1 1 1
v 5.13614 -1.19824 23.5238 1 1 1
v 5.60477 10.7295 25.2642 1 1 1
v 5.72029 10.0947 25.764 1 1 1
v 6.13278 10.174 26.3113 1 1 1
v -5.54314 -3.46459 22.6383 1 1 1
v -3.46814 0.74316 20.9024 1 1 1
v -2.54646 0.474488 18.722 1 1 1
v -2.54375 0.444817 18.6971 1 1 1
v -2.73664 1.11229 19.532 1 1 1
v -4.06304 9.35104 24.6398 1 1 1
v -1.57326 -4.10908 16.444 1 1 1
v -1.17737 -12.2556 14.5411 1 1 1
v -1.72891 -4.80292 17.4052 1 1 1
v -1.69031 2.3615 18.8031 1 1 1
v -3.08547 9.99866 24.8265 1 1 1
v -3.08547 9.99866 24.8265 1 1 1
v -3.12955 5.89292 25.479 1 1 1
v -2.11692 3.46052 21.7532 1 1 1
v -1.25841 8.84774 21.9818 1 1 1
v -0.0258524 -6.4957 15.7523 1 1 1
v 0.356891 -5.41525 15.722 1 1 1
v -0.810377 11.1047 23.5191 1 1 1
v 0.173562 6.07821 21.4719 1 1 1
v 0.858936 1.37313 17.9777 1 1 1
v 0.676641 -1.64397 20.4762 1 1 1
v 0.737606 -1.66953 20.0917 1 1 1
v 1.50993 2.48338 18.2285 1 1 1
v 1.28034 11.4044 23.53 1 1 1
v 1.25552 11.2814 24.2813 1 1 1
v 2.56095 -5.3715 15.39 1 1 1
v 2.70188 -5.50493 14.9889 1 1 1
v 2.43277 10.4422 21.9748 1 1 1
v 2.861 1.85614 17.5113 1 1 1
v 3.55324 2.55405 20.0686 1 1 1
v 3.89827 4.1942 20.1917 1 1 1
v 3.89827 4.1942 20.1917 1 1 1
v 3.88099 -5.68987 16.1879 1 1 1
v 3.95365 3.87411 22.1671 1 1 1
v 4.15022 5.08881 25.1299 1 1 1
v 4.29358 -2.67207 18.2216 1 1 1
v 4.78723 -0.320853 19.1057 1 1 1
v 4.79274 -0.306203 19.2485 1 1 1
v 4.73133 -5.22918 17.2675 1 1 1
v 5.37319 10.4398 26.0207 1 1 1
v 5.08554 -4.96756 17.3623 1 1 1
v -2.82278 0.779072 19.0951 1 1 1
v -2.49515 0.602602 18.311 1 1 1
v -2.89657 2.5659 20.2148 1 1 1
v -2.50676 1.8163 19.87 1 1 1
v -1.94986 -4.91446 17.6723 1 1 1
v -2.00518 -4.28121 17.9462 1 1 1
v -1.88432 -4.48964 17.753 1 1 1
v -2.11452 2.7968 19.7216 1 1 1
v -1.72833 2.20994 18.9444 1 1 1
v -1.61179 -6.65327 18.1873 1 1 1
v -1.08337 -4.27578 16.9231 1 1 1
v -1.31134 5.91794 20.9966 1 1 1
v -1.74793 5.34139 22.8843 1 1 1
v -0.60917 1.77732 17.8244 1 1 1
v -1.38379 5.40522 21.4205 1 1 1
v -1.08808 6.04425 21.0379 1 1 1
v -0.456177 -6.90825 17.6138 1 1 1
v 0.460903 5.84752 21.2851 1 1 1
v 0.878317 5.91229 20.6068 1 1 1
v 0.329213 11.3972 25.6232 1 1 1
v 0.980495 6.35677 21.8253 1 1 1
v 1.40685 -7.51128 16.9013 1 1 1
v 1.69737 2.62219 16.7525 1 1 1
v 1.6099 2.2072 17.9308 1 1 1
v 1.05766 4.53626 23.6751 1 1 1
v 2.06191 -4.76785 14.0642 1 1 1
v 2.26812 -4.99226 15.6419 1 1 1
v 2.37991 -5.14924 15.3058 1 1 1
v 2.37246 -5.16889 15.4112 1 1 1
v 2.35793 2.74873 17.996 1 1 1
v 2.24747 11.7802 21.5677 1 1 1
v 2.19721 9.77454 22.6502 1 1 1
v 3.15181 0.680191 17.5998 1 1 1
v 3.14991 0.460224 17.7636 1 1 1
v 3.47123 5.64792 20.2386 1 1 1
v 3.56618 1.45741 18.4769 1 1 1
v 3.68461 12.7778 20.7012 1 1 1
v 3.60281 2.82424 18.4228 1 1 1
v 4.54283 8.74566 27.7312 1 1 1
v 4.45544 -22.1405 33.1899 1 1 1
v 4.38751 -3.92216 18.5084 1 1 1
v 5.51803 8.55742 30.3274 1 1 1
v 5.71716 8.86204 29.3547 1 1 1
v 6.4359 10.5516 26.8899 1 1 1
v 6.13857 12.2486 22.8358 1 1 1
v 6.77799 8.16383 30.1556 1 1 1
v 6.04842 -0.723919 22.4864 1 1 1
v 6.93422 10.6574 30.391 1 1 1
v 6.78978 9.50217 27.1041 1 1 1
v 9.18292 8.84912 29.96 1 1 1
v 9.18292 8.84912 29.96 1 1 1
v 10.3448 6.84949 34.1783 1 1 1
v 0.107729 -5.98156 16.1897 1 1 1
v 0.107729 -5.98156 16.1897 1 1 1
v 0.408448 -5.85611 16.0625 1 1 1
v 0.344987 -5.71525 16.5271 1 1 1
v 0.407825 -5.58208 16.1816 1 1 1
v 0.438694 -5.58309 16.3552 1 1 1
v 0.438694 -5.58309 16.3552 1 1 1
v 1.61479 -7.16708 16.4504 1 1 1
v 2.21982 -5.33982 16.0731 1 1 1
v 2.25298 -5.60609 15.9438 1 1 1
v 2.23631 -5.64116 16.5396 1 1 1
v 2.31384 -5.16019 15.3805 1 1 1
v 2.31536 -5.39487 15.4588 1 1 1
v 2.33816 -5.26603 15.995 1 1 1
v 2.38729 -5.54073 15.5934 1 1 1
v 2.41507 -5.38935 15.7415 1 1 1
v 2.44732 -5.37916 15.3785 1 1 1
v 2.58131 -5.78908 16.4527 1 1 1
v 3.0186 -5.78266 16.762 1 1 1
v 3.33105 -5.81856 17.2801 1 1 1
v 3.33105 -5.81856 17.2801 1 1 1
v 3.73311 -5.73519 16.6366 1 1 1
v 3.89132 -5.58308 16.4512 1 1 1
v 3.92826 -5.12436 15.9553 1 1 1
v 3.97636 -2.3291 17.8197 1 1 1
v 3.97999 -5.08847 16.2351 1 1 1
v 3.97999 -5.08847 16.2351 1 1 1
v 4.03156 -1.01128 17.5521 1 1 1
v 4.17762 -2.41573 17.9835 1 1 1
v 4.22877 -2.7102 17.8257 1 1 1
v 4.2952 -2.61366 18.0862 1 1 1
v 4.31143 -4.31394 16.6615 1 1 1
v 4.41653 -4.24825 17.1133 1 1 1
v 4.53865 -4.59505 17.8196 1 1 1
v 4.62227 -2.55408 18.3982 1 1 1
v 4.56244 -2.22442 17.1193 1 1 1
v 4.53652 -4.89944 14.8818 1 1 1
v 4.89487 -5.16981 17.6464 1 1 1
v 4.89487 -5.16981 17.6464 1 1 1
v 0.849694 -4.38414 2.784 1 1 1
v 1.92861 -3.29455 0.937071 1 1 1
v 2.66411 -2.07298 0.117912 1 1 1
v 3.79118 -3.60614 3.18767 1 1 1

# Camera centers
# Regular cameras: blue (0.2 0.4 1.0)
# Loop closure cameras: green (0.2 1.0 0.3)
v -0.0114102 0.0397746 0.0275524 0.2 0.4 1.0
v -0.996699 -0.0232301 -0.101346 0.2 0.4 1.0
v -2.51688 -0.203296 -0.0388118 0.2 0.4 1.0
v -3.95242 -0.477128 -0.109749 0.2 0.4 1.0
v -5.25829 -0.674525 -0.190497 0.2 0.4 1.0
v -7.04199 -1.01012 -0.173396 0.2 0.4 1.0
v -8.95942 -1.47952 0.0345852 0.2 0.4 1.0
v -10.2984 -2.24285 0.20487 0.2 0.4 1.0
v -11.4241 -4.19041 -0.476234 0.2 0.4 1.0
v -12.4727 -5.55933 -1.03284 0.2 0.4 1.0
v -13.1329 -7.24663 -1.84641 0.2 0.4 1.0
v -13.2248 -8.17435 -2.38616 0.2 0.4 1.0
v -13.2169 -8.51178 -2.58174 0.2 0.4 1.0
v -12.8101 -9.39017 -3.08729 0.2 0.4 1.0
v -11.6807 -10.4048 -3.77215 0.2 0.4 1.0
v -9.24587 -10.9029 -4.59762 0.2 0.4 1.0
v -7.72117 -10.7552 -4.79597 0.2 0.4 1.0
v -6.30793 -10.7652 -5.05749 0.2 0.4 1.0
v -5.03009 -10.5234 -5.33371 0.2 0.4 1.0
v -4.18645 -10.2772 -5.57101 0.2 0.4 1.0
v -3.32151 -9.98553 -5.87486 0.2 0.4 1.0
v -2.19339 -9.48876 -6.10141 0.2 0.4 1.0
v -1.34317 -9.18923 -6.20803 0.2 0.4 1.0
v -0.665648 -8.93612 -6.35679 0.2 0.4 1.0
v -0.12811 -8.67513 -6.49107 0.2 0.4 1.0
v 0.733948 -8.22024 -6.83454 0.2 0.4 1.0
v 1.02814 -7.98269 -7.0339 0.2 0.4 1.0
v 1.32598 -7.13335 -7.49293 0.2 0.4 1.0
v 1.76733 -6.84785 -7.42995 0.2 0.4 1.0
v 2.74975 -6.72582 -7.33857 0.2 0.4 1.0
v 3.04549 -6.66515 -7.18155 0.2 0.4 1.0
v 3.99169 -6.50492 -6.85129 0.2 0.4 1.0
v 5.79208 -6.46801 -6.3867 0.2 0.4 1.0
v 7.66972 -6.42201 -5.93772 0.2 0.4 1.0
v 9.67972 -6.25511 -5.13207 0.2 0.4 1.0
v 10.9568 -5.97139 -4.41879 0.2 0.4 1.0
v 11.8493 -5.74277 -3.91634 0.2 0.4 1.0
v 12.9547 -5.38842 -3.09546 0.2 0.4 1.0
v 14.0675 -4.93765 -2.19804 0.2 0.4 1.0
v 15.0336 -4.26021 -1.27868 0.2 0.4 1.0
v 15.5392 -3.32087 -0.511243 0.2 0.4 1.0
v 15.9247 -1.55498 0.603142 0.2 0.4 1.0
v 16.3501 1.29936 2.13913 0.2 0.4 1.0
v 16.4244 1.93703 2.4725 0.2 0.4 1.0
v 16.4388 2.43752 2.71569 0.2 0.4 1.0
v 16.3546 2.75813 2.94628 0.2 0.4 1.0
v 16.193 3.68957 3.20659 0.2 0.4 1.0
v 15.6783 2.37338 1.9596 0.2 0.4 1.0
v 15.1832 0.714083 0.976608 0.2 0.4 1.0
v 14.825 -0.0244734 0.511281 0.2 0.4 1.0
v 14.3566 -0.718834 0.192566 0.2 0.4 1.0
v 13.953 -1.32364 -0.135143 0.2 0.4 1.0
v 13.3208 -1.99222 -0.57314 0.2 0.4 1.0
v 12.7669 -2.3101 -0.707131 0.2 0.4 1.0
v 12.0541 -2.47243 -0.886036 0.2 0.4 1.0
v 11.4192 -2.5543 -1.13283 0.2 0.4 1.0
v 10.9869 -2.69117 -1.11926 0.2 0.4 1.0
v 10.0704 -2.88356 -1.41486 0.2 0.4 1.0
v 9.04779 -3.00523 -1.5662 0.2 0.4 1.0
v 7.92361 -2.99539 -1.61173 0.2 0.4 1.0
v 7.30252 -2.98367 -1.5816 0.2 0.4 1.0
v 6.48318 -2.99462 -1.47799 0.2 0.4 1.0
v 5.66577 -2.8601 -1.43728 0.2 0.4 1.0
v 5.05321 -2.79811 -1.57821 0.2 0.4 1.0
v 4.50148 -2.74527 -1.60543 0.2 0.4 1.0
v 3.95907 -2.67275 -1.67983 0.2 0.4 1.0
v 3.34896 -2.412 -1.24891 0.2 0.4 1.0
v 3.06715 -2.26263 -1.03681 0.2 0.4 1.0
v 2.99253 -2.21838 -0.887131 0.2 0.4 1.0

# Camera axes (Optional small lines)
v 0.0885896 0.0395721 0.0276102
v -0.0112077 0.139774 0.0274647
v -0.0114679 0.0398623 0.127552
v -0.897126 -0.0275117 -0.0931617
v -0.992698 0.0766263 -0.0977835
v -1.00502 -0.0264502 -0.00174543
v -2.41772 -0.209189 -0.027251
v -2.51151 -0.103555 -0.0340331
v -2.52869 -0.207414 0.0604027
v -3.85384 -0.484761 -0.0948019
v -3.94562 -0.377541 -0.103744
v -3.96777 -0.482032 -0.0110546
v -5.16024 -0.683536 -0.173044
v -5.25045 -0.575098 -0.183237
v -5.2763 -0.680275 -0.0923004
v -6.94463 -1.02059 -0.153124
v -7.03316 -0.910898 -0.164594
v -7.06303 -1.0169 -0.0758691
v -8.86297 -1.49161 0.0580292
v -8.94955 -1.38056 0.0450108
v -8.98389 -1.48727 0.131238
v -10.2029 -2.2569 0.231176
v -10.2874 -2.14428 0.217617
v -10.3261 -2.25212 0.300503
v -11.3292 -4.20589 -0.448563
v -11.4125 -4.09226 -0.460974
v -11.4536 -4.20169 -0.381358
v -12.378 -5.57569 -1.00533
v -12.461 -5.46163 -1.01503
v -12.5025 -5.57299 -0.938365
v -13.039 -7.26531 -1.81763
v -13.12 -7.1497 -1.82546
v -13.1647 -7.2626 -1.75296
v -13.1307 -8.19398 -2.35853
v -13.2116 -8.07809 -2.36248
v -13.256 -8.193 -2.29301
v -13.1226 -8.53165 -2.55513
v -13.2039 -8.41593 -2.55638
v -13.2474 -8.53224 -2.48874
v -12.7153 -9.4107 -3.06277
v -12.7968 -9.29511 -3.05926
v -12.8392 -9.41346 -2.99449
v -11.585 -10.4248 -3.75098
v -11.6677 -10.3105 -3.74153
v -11.7068 -10.4313 -3.67933
v -9.14876 -10.9203 -4.58131
v -9.23431 -10.8087 -4.56591
v -9.26675 -10.9318 -4.5042
v -7.62313 -10.7701 -4.78305
v -7.71098 -10.6608 -4.7645
v -7.73806 -10.7847 -4.70194
v -6.20924 -10.7778 -5.04733
v -6.29904 -10.6705 -5.02678
v -6.32141 -10.7946 -4.96287
v -4.93089 -10.5335 -5.32623
v -5.02257 -10.4281 -5.30442
v -5.04019 -10.5519 -5.23839
v -4.08694 -10.2855 -5.56557
v -4.18001 -10.1813 -5.5434
v -4.19395 -10.3043 -5.47506
v -3.22175 -9.99158 -5.87159
v -3.31652 -9.88908 -5.84894
v -3.32623 -10.0112 -5.77834
v -2.09349 -9.49285 -6.09994
v -2.18978 -9.39179 -6.07722
v -2.19581 -9.51287 -6.0044
v -1.2432 -9.19166 -6.20866
v -1.34066 -9.09188 -6.18529
v -1.34311 -9.21198 -6.11065
v -0.565679 -8.9369 -6.35918
v -0.664383 -8.83839 -6.33565
v -0.663476 -8.95728 -6.25908
v -0.0281792 -8.67437 -6.49472
v -0.128132 -8.57713 -6.47119
v -0.12438 -8.69499 -6.39314
v 0.833806 -8.21803 -6.83938
v 0.732612 -8.12179 -6.81705
v 0.739098 -8.23764 -6.7362
v 1.12788 -7.9793 -7.04015
v 1.0258 -7.88402 -7.01782
v 1.03485 -7.99858 -6.9354
v 1.42511 -7.12698 -7.50445
v 1.32095 -7.03414 -7.48143
v 1.33814 -7.14417 -7.39426
v 1.86616 -6.84069 -7.4434
v 1.76152 -6.74854 -7.41973
v 1.78142 -6.85716 -7.33138
v 2.84815 -6.71775 -7.3545
v 2.74278 -6.62633 -7.33129
v 2.76619 -6.73187 -7.24012
v 3.14345 -6.65603 -7.1995
v 3.03751 -6.56572 -7.17456
v 3.06398 -6.67057 -7.08343
v 4.0886 -6.49392 -6.87336
v 3.98188 -6.40561 -6.84486
v 4.01432 -6.50898 -6.75397
v 5.8878 -6.4554 -6.41275
v 5.78048 -6.36883 -6.38128
v 5.8186 -6.47018 -6.29031
v 7.76423 -6.40786 -5.9672
v 7.65622 -6.32302 -5.93349
v 7.69951 -6.42202 -5.84226
v 9.77265 -6.23925 -5.16542
v 9.66382 -6.15641 -5.12945
v 9.71305 -6.25224 -5.03783
v 11.0482 -5.95422 -4.45552
v 10.9388 -5.87303 -4.41766
v 10.9932 -5.9658 -4.32579
v 11.9393 -5.72469 -3.95591
v 11.8295 -5.64475 -3.91659
v 11.8881 -5.73471 -3.8245
v 13.0429 -5.36922 -3.13858
v 12.9327 -5.29088 -3.097
v 12.9965 -5.37758 -3.00525
v 14.1539 -4.9178 -2.24431
v 14.0435 -4.84064 -2.20136
v 14.1118 -4.92364 -2.10945
v 15.1182 -4.24017 -1.32799
v 15.0075 -4.16385 -1.28434
v 15.08 -4.24253 -1.19187
v 15.6224 -3.30089 -0.562998
v 15.5113 -3.22517 -0.519177
v 15.5872 -3.29982 -0.426046
v 16.007 -1.53575 0.549607
v 15.8954 -1.46001 0.592202
v 15.9735 -1.53028 0.686894
v 16.432 1.3164 2.08425
v 16.3195 1.39309 2.12253
v 16.3988 1.32978 2.22106
v 16.5056 1.95414 2.41662
v 16.3931 2.03049 2.45563
v 16.4738 1.96823 2.5537
v 16.5194 2.45478 2.65904
v 16.407 2.53083 2.69891
v 16.4888 2.46905 2.79637
v 16.4357 2.77574 2.89053
v 16.3234 2.85184 2.93054
v 16.4041 2.78827 3.02779
v 16.2744 3.70763 3.15144
v 16.1622 3.78356 3.19188
v 16.2422 3.71854 3.2887
v 15.7604 2.3926 1.90577
v 15.6486 2.46818 1.94815
v 15.7271 2.39877 2.04309
v 15.2665 0.734134 0.925038
v 15.1549 0.809615 0.968052
v 15.2307 0.7358 1.06186
v 14.9095 -0.00427115 0.461756
v 14.7979 0.0715138 0.50416
v 14.8711 -0.00502296 0.597864
v 14.4422 -0.698585 0.145135
v 14.3308 -0.622352 0.187247
v 14.4012 -0.702063 0.280441
v 14.0398 -1.30374 -0.18061
v 13.9285 -1.22676 -0.139429
v 13.9962 -1.3088 -0.0461802
v 13.4089 -1.97324 -0.616505
v 13.2981 -1.89491 -0.576793
v 13.3623 -1.97913 -0.483106
v 12.856 -2.29174 -0.748736
v 12.7454 -2.21247 -0.710019
v 12.807 -2.29859 -0.616243
v 12.1442 -2.45497 -0.925855
v 12.0342 -2.37447 -0.888214
v 12.0928 -2.46253 -0.794332
v 11.5103 -2.53803 -1.17067
v 11.4009 -2.456 -1.13467
v 11.4561 -2.54569 -1.04028
v 11.0789 -2.67591 -1.15556
v 10.97 -2.59262 -1.12075
v 11.0225 -2.68364 -1.02609
v 10.1637 -2.8701 -1.44822
v 10.0557 -2.78465 -1.41601
v 10.1032 -2.87759 -1.3206
v 9.14146 -2.99242 -1.59879
v 9.0341 -2.90617 -1.5666
v 9.08002 -3.0004 -1.47166
v 8.01845 -2.98442 -1.64147
v 7.91216 -2.89605 -1.6116
v 7.95317 -2.99211 -1.51625
v 7.39827 -2.97437 -1.60889
v 7.29289 -2.88414 -1.58146
v 7.32969 -2.98118 -1.4854
v 6.57979 -2.98722 -1.5027
v 6.47552 -2.89491 -1.47803
v 6.50782 -2.99268 -1.38109
v 5.76314 -2.85485 -1.45946
v 5.66021 -2.76026 -1.43806
v 5.68787 -2.85811 -1.33977
v 5.15103 -2.79447 -1.59864
v 5.04904 -2.69822 -1.5804
v 5.07353 -2.79512 -1.48035
v 4.59961 -2.74292 -1.62454
v 4.4984 -2.64538 -1.60897
v 4.52049 -2.74121 -1.50734
v 4.05738 -2.67153 -1.6981
v 3.9569 -2.5729 -1.68484
v 3.97724 -2.66743 -1.58164
v 3.44764 -2.41248 -1.2651
v 3.34857 -2.31214 -1.25425
v 3.36515 -2.40667 -1.15038
v 3.16593 -2.26369 -1.05233
v 3.06749 -2.16274 -1.04139
v 3.0827 -2.25816 -0.938124
v 3.09151 -2.22041 -0.901252
v 2.99386 -2.11852 -0.892145
v 3.00673 -2.21361 -0.78826
